can_smiles,bde_gnn,NHOHCount,NOCount,NumAliphaticCarbocycles,NumAliphaticHeterocycles,NumAliphaticRings,NumAromaticCarbocycles,NumAromaticRings,NumHAcceptors,NumHDonors,NumHeteroatoms,RingCount,NumRotatableBonds,fr_aryl_methyl,fr_NH1,fr_NH2,fr_nitro,fr_nitro_arom,fr_nitro_arom_nonortho,MaxPartialCharge,MinPartialCharge,MinEStateIndex,TPSA,0,1,2,3,4,5,6,7,8,9,10,11,12,13,14,15,16,17,18,19,20,21,22,23,24,25,26,27,28,29,30,31,32,33,34,35,36,37,38,39,40,41,42,43,44,45,46,47,48,49,50,51,52,53,54,55,56,57,58,59,60,61,62,63,64,65,66,67,68,69,NPR1,NPR2,PMI3,PBF,Nper,OB,C,H,O,N,N_NO2,O_NO2,c_3NO2,c_2NO2,NO2_content,benzene,ring_content,Td
[N-]=[N+]=C1C(n2nc([N+](=O)[O-])c(N)c2[N+](=O)[O-])=NN=C1n1nc([N+](=O)[O-])c(N)c1[N+](=O)[O-],273.44293,4,22,0,1,1,0,2,16,2,22,3,4,0,0,2,4,0,0,0.4587038680253381,-0.38460838,-1.16341716,321.36,0,0,0,0,0,0,0,0,0,3,6,0,0,0,2,0,0,0,0,0,0,2,2,0,4,2,0,0,4,0,0,0,0,0,0,0,0,0,0,0,0,0,0,0,-2.563851096,-6.579642464,0,0,0,10.733615128124509,0,0,0,0,0,0,6.789346182917612,6.611474237843286,0,-4.614465918,0.3732602670697904,0,0,44.58930731592709,0,0,0,0,0,0,0.2064377836654041,0.8701653317754559,8163.597342748461,0.5727693595796438,0.4493135360287559,-0.440143872,9,4,8,14,0,0,0,0,0.5161290322580645,0,0.4838709677419355,278
[N-]=[N+]=NC(=O)C(=O)N=[N+]=[N-],145.1848,0,8,0,0,0,0,0,2,0,8,0,0,0,0,0,0,0,0,0.2909848477365133,-0.283432302,-1.416388889,131.66000000000005,0,0,0,0,0,0,0,0,0,2,0,0,0,0,0,0,0,0,0,0,0,2,0,0,0,0,0,0,2,0,0,0,0,0,0,0,0,0,0,0,0,0,0,0,-2.832777778,0,0,0,0,0,0,0,0,0,0,0,4.7407407407407405,0,0,0,0,0,0,20.196296296296296,0,0,0,0,0,0,0.2370476328523502,0.7629523671476958,788.6520538580223,2.787410828181125e-07,0.5997344033356657,-0.228470249,2,0,2,6,0,0,0,0,0,0,0,46
[N-]=[N+]=NC(=O)C(=O)OCC([N+](=O)[O-])([N+](=O)[O-])[N+](=O)[O-],137.4246,0,15,0,0,0,0,0,9,0,15,0,5,0,0,0,3,0,0,0.7336469284690686,-0.434763389,-4.049308036,221.55,0,0,1,0,0,0,0,0,0,2,0,0,1,0,0,0,0,0,0,0,0,1,0,0,3,0,0,0,5,1,0,0,0,0,0,0,0,-1.952855253,0,0,0,0,0,0,-3.875769558,0,0,-4.049308036,0,0,0,0,0,0,0,0,2.217289304610733,0,0,-5.713342309,0,0,0,52.4375141723356,3.727453703703704,0,0,0,0,0,0.2133181253814309,0.9753263318211598,2885.9867566361945,0.6165151776790558,0.3020572254605474,0,4,2,9,6,0,0,1,0,0.5263157894736842,0,0,50
[N-]=[N+]=NC(=O)CCC([N+](=O)[O-])([N+](=O)[O-])[N+](=O)[O-],137.9376,0,13,0,0,0,0,0,7,0,13,0,6,0,0,0,3,0,0,0.699734451122082,-0.292600066,-3.707702664,195.25000000000003,0,0,2,0,0,0,0,0,0,1,0,0,1,0,0,0,0,0,0,0,0,1,0,0,3,0,0,0,4,0,0,0,0,0,0,0,0,-2.286851852,0,0,0,0,0,0,-1.261643519,0,0,-3.707702664,0,0,0,0,0,0,0,0,2.4795096371882086,0,0,-5.135807823,0,0,0,41.81610166288738,0,0,0,0,0,0,0.3673599727773725,0.9527429730400024,1617.8948762058285,0.8935800533143247,0.3385581453462361,-0.193461797,4,4,7,6,0,0,1,0,0.5882352941176471,0,0,85
[N-]=[N+]=NC(=O)CCN(CC([N+](=O)[O-])([N+](=O)[O-])[N+](=O)[O-])[N+](=O)[O-],145.62772,0,17,0,0,0,0,0,9,0,17,0,9,0,0,0,4,0,0,0.7228472244559235,-0.29253791,-4.074787691,241.63,0,0,3,0,0,0,0,0,0,1,0,0,1,0,0,0,0,0,0,0,0,1,0,1,4,0,0,0,5,0,0,0,0,0,0,0,0,-3.632009873,0,0,0,0,0,0,-1.191426682,0,0,-4.074787691,0,0,0,0,0,0,0,0,2.548444349962207,0,-0.25079932,-7.050717593,0,0,0,53.45796909389712,0,0,0,0,0,0,0.390570295684026,0.807877214266386,3095.061828636589,0.8370305937946965,0.347664131615707,-0.198665218,5,6,9,8,1,0,1,0,0.6363636363636364,0,0,65
[N-]=[N+]=NC(=O)CN(CC([N+](=O)[O-])([N+](=O)[O-])[N+](=O)[O-])[N+](=O)[O-],145.62772,0,17,0,0,0,0,0,9,0,17,0,8,0,0,0,4,0,0,0.7228660395066362,-0.290315679,-4.149099702,241.63,0,0,2,0,0,0,0,0,0,1,0,0,1,0,0,0,0,0,0,0,0,1,0,1,4,0,0,0,5,0,0,0,0,0,0,0,0,-3.380933957,0,0,0,0,0,0,-1.515607521,0,0,-4.149099702,0,0,0,0,0,0,0,0,2.397335600907029,0,-0.466851852,-7.332683296,0,0,0,53.17875330687831,0,0,0,0,0,0,0.2934647318308162,0.9245455112685848,2916.7410449134204,0.8461756481488208,0.3634912031883372,-0.051927315,4,4,9,8,1,0,1,0,0.6666666666666666,0,0,89
[N-]=[N+]=NC(=O)NC(=O)Nn1ncnn1,147.6952,2,11,0,0,0,0,1,6,2,11,1,1,0,2,0,0,0,0,0.3428564009196071,-0.270976743,-1.134152494,150.56,0,0,0,0,0,1,0,0,0,2,0,0,0,0,0,0,0,2,0,0,0,1,3,0,0,1,0,0,2,0,0,0,0,0,0,0,0,0,0,0,1.0789014865205342,0,0,0,-2.078226568,0,0,0,0,0,0,0,3.670099206349206,0,0,0,2.597847222222222,9.978806689342404,0,0,0.7209344293272864,0,0,21.36457624716553,0,0,0,0,0,0,0.1184132180363046,0.9218024867477432,1880.890800594399,0.3652352773491745,0.639211030956077,-0.446433101,3,3,2,9,0,0,0,0,0,0,0.3571428571428571,145
[N-]=[N+]=NC(=O)NC(=O)OC1COC1,152.716,1,8,0,1,1,0,0,4,1,8,1,1,0,1,0,0,0,0,0.4139351718608738,-0.441004133,-1.090053855,113.39,0,0,2,0,0,0,1,0,0,2,0,0,0,0,0,0,0,1,0,0,0,1,0,0,0,0,0,0,2,2,0,0,0,0,0,0,0,0.6450958994708995,0,0,0,-0.320495087,0,0,-2.029220522,0,0,0,0,0,0,0,1.7038888888888888,0,0,0,2.614152730536659,0,0,0,0,0,0,21.216159533257745,9.34046091584782,0,0,0,0,0,0.0722237003277199,0.9659657412397908,1961.6720856302677,0.4934731853738993,0.3008698361871195,-0.773665293,5,6,4,4,0,0,0,0,0,0,0,135
[N-]=[N+]=NC(=O)NNC(=O)N=[N+]=[N-],143.9296,2,10,0,0,0,0,0,2,2,10,0,0,0,2,0,0,0,0,0.3260220676089018,-0.265821686,-1.112046485,155.72000000000003,0,0,0,0,0,0,0,0,0,2,0,0,0,0,0,0,0,2,0,0,0,2,0,0,0,0,0,0,2,0,0,0,0,0,0,0,0,0,0,0,0,0,0,0,-2.224092971,0,0,0,0,0,0,0,3.2887962962962964,0,0,0,5.0754166666666665,0,0,0,0,0,0,20.541459750566894,0,0,0,0,0,0,0.1267164423820284,0.9102319083808011,1446.2513332841054,0.3101819749004715,0.6584671824659596,-0.282200221,2,2,2,8,0,0,0,0,0,0,0,154
[N-]=[N+]=NC(N)=O,334.3016,2,5,0,0,0,0,0,1,1,5,0,0,0,0,1,0,0,0,0.3050839005109068,-0.36410873,-1.002314815,91.85,0,0,0,0,0,0,0,0,0,1,0,0,0,0,1,0,0,0,0,0,0,1,0,0,0,0,0,0,1,0,0,0,0,0,0,0,0,0,0,0,0,0,0,0,-1.002314815,0,0,0,0,4.343611111111111,0,0,0,0,0,0,2.4444444444444446,0,0,0,0,0,0,9.401111111111112,0,0,0,0,0,0,0.2015850807653617,0.798414919234888,258.6185881418578,1.1990031918413656e-06,0.6507541776094081,-0.37185953,1,2,1,4,0,0,0,0,0,0,0,133
[N-]=[N+]=NC1([N+](=O)[O-])COCN([N+](=O)[O-])C1,140.50287,0,11,0,1,1,0,0,6,0,11,1,3,0,0,0,2,0,0,0.3461033964629989,-0.347642725,-2.124930556,147.51000000000002,0,0,3,0,0,0,0,0,0,0,0,0,1,0,0,0,0,0,0,0,0,1,0,1,2,0,0,0,2,1,0,0,0,0,0,0,0,-1.463295068,0,0,0,0,0,0,0,0,0,-2.124930556,0,0,0,0,0,0,0,0,2.957638888888889,0,0.4731944444444445,-1.729479875,0,0,0,21.00892431972789,4.650972222222222,0,0,0,0,0,0.3537355898492731,0.92185456749932,1388.5272788027096,0.802701183110998,0.3850932246514676,-0.440106542,4,6,5,6,1,0,0,0,0.5333333333333333,0,0.4,158
[N-]=[N+]=Nc1[nH]c(-c2nc([N+](=O)[O-])c(N=[N+]=[N-])[nH]2)nc1[N+](=O)[O-],239.08199,2,16,0,0,0,0,2,8,2,16,2,5,0,2,0,2,0,0,0.3917836322981397,-0.357747974,-0.920923879,241.16,0,0,0,0,0,0,0,0,0,0,6,0,0,0,0,0,0,0,2,0,0,2,2,0,2,0,0,0,2,0,0,0,0,0,0,0,0,0,0,0,0,0,0,0,0,-3.220991014,0,0,0,0,0,0,0,4.555184712773999,0,0,6.076081191735954,7.003700869236583,0,-1.841847758,0,0,0,21.51687662025324,0,0,0,0,0,0,0.1920094786181193,0.8183561607553399,4732.812570289932,0.1554459183027863,0.5487291041997373,-0.470339232,6,2,4,12,0,0,0,0,0.3636363636363636,0,0.4545454545454545,82
[N-]=[N+]=Nc1c([N+](=O)[O-])c([N+](=O)[O-])nn1CN(Cn1nc([N+](=O)[O-])c([N+](=O)[O-])c1N=[N+]=[N-])[N+](=O)[O-],193.0046,0,26,0,0,0,0,2,16,0,26,2,11,0,0,0,5,0,0,0.4678305931450106,-0.357561935,-1.434414506,352.1,0,0,2,0,0,0,0,0,0,0,6,0,0,0,0,0,0,0,0,0,0,2,2,1,5,2,0,0,5,0,0,0,0,0,0,0,0,-2.485721372,0,0,0,0,0,0,0,-7.887388435,0,0,0,0,0,0,0,0,0,0,5.759876045204328,6.376397077349458,-0.006258503,-6.577763487,0.3856075207860923,0,0,55.88239530480374,0,0,0,0,0,0,0.4295592920435108,0.9142062434334088,6275.718154367249,1.1019666894414162,0.4625977340971701,-0.264341562,8,4,10,16,1,0,0,0,0.5882352941176471,0,0.2941176470588235,169
[N-]=[N+]=Nc1c([N+](=O)[O-])c([N+](=O)[O-])nn1N,244.42072,2,12,0,0,0,0,1,8,1,12,1,3,0,0,1,2,0,0,0.4699634209372594,-0.357561015,-1.099317838,178.88000000000002,0,0,0,0,0,0,0,0,0,0,3,0,0,0,1,0,0,0,0,0,0,1,1,0,2,1,0,0,2,0,0,0,0,0,0,0,0,0,0,0,0,0,0,0,0,-2.847777778,0,0,0,5.035648148148148,0,0,0,0,0,0,2.8403703703703704,3.0387962962962964,0,-2.198021542,0.2737962962962963,0,0,20.77507322373394,0,0,0,0,0,0,0.4192082297321414,0.6230382050827261,1425.7038413279745,0.1941606264411175,0.5231175940327228,-0.224193255,3,2,4,8,0,0,0,0,0.5333333333333333,0,0.3333333333333333,121
[N-]=[N+]=Nc1c([N+](=O)[O-])c([N+](=O)[O-])nn1NCC([N+](=O)[O-])([N+](=O)[O-])[N+](=O)[O-],115.37693,1,21,0,0,0,0,1,14,1,21,1,9,0,1,0,5,0,0,0.7184836831830625,-0.357561015,-4.052443429,294.31,0,0,1,0,0,0,0,0,0,0,3,0,1,0,0,0,0,1,0,0,0,1,1,0,5,1,0,0,5,0,0,0,0,0,0,0,0,-1.759982993,0,0,0,0,0,0,0,-4.151701625,0,-4.052443429,0,0,0,0,1.5603703703703704,0,0,0,2.7289559712774,2.962750377928949,0,-8.386683201,-0.082106481,0,0,53.969984646636426,0,0,0,0,0,0,0.3301163416067289,0.830406199417802,4392.089486818185,0.805578454472587,0.4083299305839117,-0.063635833,5,3,10,11,0,0,1,0,0.6923076923076923,0,0.1923076923076923,117
[N-]=[N+]=Nc1c([N+](=O)[O-])c(N=[N+]=[N-])[n+]([O-])c(N=[N+]=[N-])[n+]1[O-],253.18996,0,16,0,0,0,0,1,7,0,16,1,4,0,0,0,1,0,0,0.5043818148293641,-0.710179198,-1.331027967,243.30000000000004,0,0,0,0,0,0,0,0,0,0,4,0,0,0,0,0,0,0,0,0,0,3,0,0,1,2,0,0,1,0,0,0,0,0,0,0,0,0,0,0,0,0,0,0,0,-5.019268707,0,0,0,0,0,0,0,0,0,0,8.13401738473167,0,0,-1.267167423,-1.109191232,0,0,10.796924288233813,0,0,0,0,0,0,0.468054378903753,0.567702881742063,2664.4540300045187,0.2200156105819649,0.5997344033356656,-0.228470249,4,0,4,12,0,0,0,0,0.2,0,0.3,181
[N-]=[N+]=Nc1c([N+](=O)[O-])n[nH]c1[N+](=O)[O-],214.23936,1,11,0,0,0,0,1,6,1,11,1,3,0,1,0,2,0,0,0.4294471700846429,-0.357796323,-0.992546296,163.72000000000003,0,0,0,0,0,0,0,0,0,0,3,0,0,0,0,0,0,0,1,0,0,1,1,0,2,0,0,0,2,0,0,0,0,0,0,0,0,0,0,0,0,0,0,0,0,-2.424537037,0,0,0,0,0,0,0,1.7843518518518515,0,0,2.812546296296296,3.024907407407408,0,-1.960787037,0,0,0,20.51058484504913,0,0,0,0,0,0,0.332460257336954,0.6968091623048936,1325.7391315441007,0.1995144552582897,0.4922495805832655,-0.200918196,3,1,4,7,0,0,0,0,0.5714285714285714,0,0.3571428571428571,160
[N-]=[N+]=Nc1c([N+](=O)[O-])nc2c3nc([N+](=O)[O-])c(N=[N+]=[N-])n3nnn12,261.28467,0,18,0,0,0,0,3,12,0,18,3,4,0,0,0,2,0,0,0.3942856874096901,-0.357746969,-0.943562768,244.18,0,0,0,0,0,0,0,0,0,0,4,2,0,0,0,0,0,0,0,0,0,2,4,0,2,2,0,0,2,0,0,0,0,0,0,0,0,0,0,0,0,0,0,0,0,-2.898749895,-0.719278156,0,0,0,0,0,0,0,0,0,6.214970080624843,14.174258314436884,0,-1.887125535,1.3686130007558577,0,0,21.962772311863223,0,0,0,0,0,0,0.2132805849413187,0.7982400590889397,4747.087835480192,0.1637431223978547,0.5900770712909441,-0.385356455,6,0,4,14,0,0,0,0,0.3333333333333333,0,0.6666666666666666,111
[N-]=[N+]=Nc1c([N+](=O)[O-])ncn1N=Nn1cnc([N+](=O)[O-])c1N=[N+]=[N-],215.35611,0,18,0,0,0,0,2,12,0,18,2,6,0,0,0,2,0,0,0.3933289251537027,-0.357747257,-0.913199907,244.16,0,0,0,0,0,2,0,0,0,0,4,0,0,0,0,0,0,0,0,0,0,4,2,0,2,2,0,0,2,0,0,0,0,0,0,0,0,0,0,0,1.6472659989921892,0,0,0,0,-2.713277169,0,0,0,0,0,0,0,0,0,0,13.006875787351976,6.737892416225749,0,-1.826399815,1.284831821617536,0,0,21.461087848005235,0,0,0,0,0,0,0.1369611436794985,0.8714847317525996,6036.934559242771,0.1472232968528888,0.5865172843052762,-0.430910658,6,2,4,14,0,0,0,0,0.3333333333333333,0,0.4166666666666667,154
[N-]=[N+]=Nc1c([N+](=O)[O-])nn(Cc2nnn[nH]2)c1[N+](=O)[O-],269.32486,1,15,0,0,0,0,2,10,1,15,2,5,0,1,0,2,0,0,0.4296495000731275,-0.357793071,-0.993899282,207.32,0,0,1,0,0,0,0,0,0,0,4,0,0,0,0,0,0,0,1,0,0,1,4,0,2,1,0,0,2,0,0,0,0,0,0,0,0,-0.32827192,0,0,0,0,0,0,0,-2.457560941,0,0,0,0,0,0,0,2.312781005920887,0,0,2.9510374149659864,13.38005889392794,0,-1.944484127,0.657083333333333,0,0,21.72165162824389,0,0,0,0,0,0,0.4167971861263271,0.7215810031710255,2592.471353032774,0.7481384555904157,0.5477464147507398,-0.426815388,5,3,4,11,0,0,0,0,0.4,0,0.5,148
[N-]=[N+]=Nc1c([N+](=O)[O-])nn(CCn2nnnc2N)c1[N+](=O)[O-],289.50406,2,16,0,0,0,0,2,12,1,16,2,6,2,0,1,2,0,0,0.4296328492414147,-0.366638149,-0.98720679,222.48,0,0,2,0,0,0,0,0,0,0,4,0,0,0,1,0,0,0,0,0,0,1,4,0,2,2,0,0,2,0,0,0,0,0,0,0,0,-0.23456609,0,0,0,0,0,0,0,-2.548982899,0,0,0,5.422100137116371,0,0,0,0,0,0,2.974358780549257,13.6564712667283,0,-1.924747417,1.82712285840262,0,0,21.88666325480809,0,0,0,0,0,0,0.1995352162148165,0.8281540910110815,4284.440114783004,0.4467003873026824,0.541596549256272,-0.567386861,6,6,4,12,0,0,0,0,0.3636363636363636,0,0.4545454545454545,159
[N-]=[N+]=Nc1c([N+](=O)[O-])nn(CN(Cn2nc([N+](=O)[O-])c(N=[N+]=[N-])c2[N+](=O)[O-])[N+](=O)[O-])c1[N+](=O)[O-],192.98897,0,26,0,0,0,0,2,16,0,26,2,11,0,0,0,5,0,0,0.4297263520680608,-0.357792244,-1.34068045,352.0999999999999,0,0,2,0,0,0,0,0,0,0,6,0,0,0,0,0,0,0,0,0,0,2,2,1,5,2,0,0,5,0,0,0,0,0,0,0,0,-2.653244048,0,0,0,0,0,0,0,-7.725252981,0,0,0,0,0,0,0,0,0,0,5.590377559477765,6.355838078267732,-0.076201814,-6.461427471,0.1449115016376918,0,0,56.22663057160637,0,0,0,0,0,0,0.2891686555066783,0.8455967999781825,8444.863987080835,0.975159015718162,0.4625977340971701,-0.264341562,8,4,10,16,1,0,0,0,0.5882352941176471,0,0.2941176470588235,166
[N-]=[N+]=Nc1c(I)c([N+](=O)[O-])c(I)c([N+](=O)[O-])c1I,234.20679,0,9,0,0,0,1,1,5,0,12,1,3,0,0,0,2,2,0,0.302916735133957,-0.258239902,-0.733114135,135.04000000000002,0,0,0,0,0,0,0,0,0,0,6,0,0,0,0,0,0,0,0,0,0,1,0,0,2,0,0,0,2,0,0,0,0,0,3,0,0,0,0,0,0,0,0,0,0,-0.882557596,0,0,0,0,0,0,0,0,0,0,3.286296296296296,0,0,-1.466228269,0,0,0,21.842647127739983,0,0,0,0,0,4.804337358276644,0.5044755409366097,0.5316976303681228,6489.896840911795,0.4393446075283391,0.1192892406217355,-0.218128897,6,0,4,5,0,0,0,0,0.4444444444444444,1,0.3333333333333333,170
[N-]=[N+]=Nc1c(-n2cncn2)c(N=[N+]=[N-])c([N+](=O)[O-])c(N=[N+]=[N-])c1[N+](=O)[O-],256.92545,0,18,0,0,0,1,2,10,0,18,2,6,0,0,0,2,2,0,0.2973474852853239,-0.258283996,-1.171583522,263.27,0,0,0,0,0,2,0,0,0,0,6,0,0,0,0,0,0,0,0,0,0,3,2,0,2,1,0,0,2,0,0,0,0,0,0,0,0,0,0,0,1.932097190728143,0,0,0,0,-5.675245654,0,0,0,0,0,0,0,0,0,0,9.204933390022676,7.208630952380952,0,-2.302928949,0.7578325774754346,0,0,22.851334404132025,0,0,0,0,0,0,0.4987847405577529,0.579461278985275,4075.374956096903,0.5308629515784379,0.5471834013590249,-0.580684426,8,2,4,14,0,0,0,0,0.3076923076923077,1,0.4230769230769231,132
[N-]=[N+]=Nc1c(-n2nc3c4no[n+]([O-])c4c4no[n+]([O-])c4c3n2)c(N=[N+]=[N-])c([N+](=O)[O-])c(N=[N+]=[N-])c1[N+](=O)[O-],275.13898,0,26,0,0,0,2,5,16,0,26,5,6,0,0,0,2,2,0,0.3058411520458335,-0.358947505,-1.376349469,369.21,0,0,0,0,0,0,0,0,0,0,6,6,0,0,0,0,0,0,0,0,0,3,4,0,2,3,0,0,2,0,2,0,0,0,0,0,0,0,0,0,0,0,0,0,0,-7.128837255,-2.54282113,0,0,0,0,0,0,0,0,0,9.27657377301497,14.817042205860886,0,-2.540499041,0.0511251788412123,0,0,23.78377203978214,0,8.99959936780186,0,0,0,0,0.2754745408118629,0.8585310237910505,9983.25591166204,0.8711991706338247,0.4806866952789697,-0.488316643,12,0,8,18,0,0,0,0,0.2105263157894736,2,0.7105263157894737,153
[N-]=[N+]=Nc1cc(N=[N+]=[N-])c2n[n+]3[n-]c4c([N+](=O)[O-])cc([N+](=O)[O-])cc4n3c2n1,277.8153,0,17,0,0,0,1,4,9,0,17,4,4,0,0,0,2,2,2,0.2922771888648737,-0.258305549,-0.810755095,232.18999999999997,0,0,0,0,0,3,0,0,0,0,4,4,0,0,0,0,0,0,0,0,0,2,3,0,2,2,0,0,2,0,0,0,0,0,0,0,0,0,0,0,3.023039941259638,0,0,0,0,-1.35712963,-0.212924645,0,0,0,0,0,0,0,0,0,6.789085411942555,12.10170162509448,0,-1.603122058,2.0483900226757368,0,0,22.47137686561208,0,0,0,0,0,0,0.3017839126096965,0.6982160876009301,6635.597205468377,3.050656445195027e-05,0.4773995887018926,-0.818399295,11,3,4,13,0,0,0,0,0.2857142857142857,1,0.7857142857142857,181
[N-]=[N+]=Nc1cc(N=[N+]=[N-])nc(N=[N+]=[N-])n1,138.072,0,11,0,0,0,0,1,5,0,11,1,3,0,0,0,0,0,0,0.2167943541319597,-0.225142097,-0.287222222,172.06,0,0,0,0,0,1,0,0,0,0,3,0,0,0,0,0,0,0,0,0,0,3,2,0,0,0,0,0,0,0,0,0,0,0,0,0,0,0,0,0,1.1486451247165534,0,0,0,0,-0.486666667,0,0,0,0,0,0,0,0,0,0,9.394875283446712,7.1197732426303855,0,0,0,0,0,0,0,0,0,0,0,0,0.3374796861849043,0.6625203138151506,1899.1401081541337,3.850577738884197e-07,0.7581389166490259,-0.669525277,4,1,0,11,0,0,0,0,0,0,0.4,154
[N-]=[N+]=Nc1n[n+]([O-])nc2c([N+](=O)[O-])n[nH]c12,273.11826,1,12,0,0,0,0,2,7,1,12,2,2,0,1,0,1,0,0,0.4220974638194484,-0.56928563,-0.827676682,173.29999999999998,0,0,0,0,0,0,0,0,0,0,2,2,0,0,0,0,0,0,1,0,0,1,3,0,1,1,0,0,1,0,0,0,0,0,0,0,0,0,0,0,0,0,0,0,0,-1.000472411,-0.394444444,0,0,0,0,0,0,2.216388888888889,0,0,3.0830772864701435,9.747248677248676,0,-0.827676682,-0.185648148,0,0,10.504407281431092,0,0,0,0,0,0,0.3593091204455969,0.6424371006009842,1808.105739449352,0.0654095106053412,0.5647387859012514,-0.394420739,4,1,3,9,0,0,0,0,0.25,0,0.6875,0.32
[N-]=[N+]=Nc1n[nH]c(N)c1[N+](=O)[O-],241.94864,3,9,0,0,0,0,1,5,2,9,1,2,0,1,1,1,0,0,0.339738940671478,-0.378314713,-0.774953704,146.6,0,0,0,0,0,0,0,0,0,0,3,0,0,0,1,0,0,0,1,0,0,1,1,0,1,0,0,0,1,0,0,0,0,0,0,0,0,0,0,0,0,0,0,0,0,-1.101666667,0,0,0,5.129554043839757,0,0,0,2.12462962962963,0,0,2.965231481481481,3.3146296296296294,0,-0.774953704,0,0,0,10.260778533635676,0,0,0,0,0,0,0.3264677113898906,0.673532288627576,1022.1258271202196,4.9769295497538924e-06,0.579525026019491,-0.520389819,3,3,2,7,0,0,0,0,0.3333333333333333,0,0.4166666666666667,157
[N-]=[N+]=Nc1n[nH]c(N[N+](=O)[O-])n1,220.4746,2,10,0,0,0,0,1,5,2,10,1,3,0,2,0,1,0,0,0.2808251333552101,-0.240504785,-0.819065571,145.5,0,0,0,0,0,0,0,0,0,0,2,0,0,0,0,0,0,1,1,0,0,1,2,0,1,0,0,0,1,0,0,0,0,0,0,0,0,0,0,0,0,0,0,0,0,-0.398842593,0,0,0,0,0,0,1.693293650793651,2.143148148148148,0,0,2.999095804988662,6.735787037037037,0,-0.819065571,0,0,0,9.839070924666164,0,0,0,0,0,0,0.1317532778871626,0.8899487369820279,1325.5728120275076,0.2031027587340472,0.6584671824659595,-0.282200221,2,2,2,8,1,0,0,0,0.3333333333333333,0,0.4166666666666667,143
[N-]=[N+]=Nc1n[nH]nc1[N+](=O)[O-],225.0519,1,9,0,0,0,0,1,5,1,9,1,2,0,1,0,1,0,0,0.4195573452086803,-0.357693104,-0.798101852,133.47,0,0,0,0,0,0,0,0,0,0,2,0,0,0,0,0,0,0,1,0,0,1,2,0,1,0,0,0,1,0,0,0,0,0,0,0,0,0,0,0,0,0,0,0,0,-0.944166667,0,0,0,0,0,0,0,1.957962962962963,0,0,2.921898148148148,6.363240740740741,0,-0.798101852,0,0,0,10.057445200302343,0,0,0,0,0,0,0.3045478340382384,0.6954521659626324,854.2295281795724,1.2434128382359336e-06,0.6319441309800936,-0.25793638,2,1,2,7,0,0,0,0,0.3636363636363636,0,0.4545454545454545,149
[N-]=[N+]=Nc1n[nH]nc1-c1nnn[nH]1,148.532,2,10,0,0,0,0,2,6,2,10,2,2,0,2,0,0,0,0,0.2016302213366049,-0.237390473,0.0981944444444449,144.79,0,0,0,0,0,0,0,0,0,0,3,0,0,0,0,0,0,0,2,0,0,1,5,0,0,0,0,0,0,0,0,0,0,0,0,0,0,0,0,0,0,0,0,0,0,0.6666666666666679,0,0,0,0,0,0,0,4.751349206349206,0,0,3.2827314814814814,17.555719954648527,0,0,0,0,0,0,0,0,0,0,0,0,0.2809027974798901,0.719097202521585,1227.3283321627894,2.2381268295133355e-06,0.7859913877800795,-0.62879311,3,2,0,10,0,0,0,0,0,0,0.7692307692307693,152
[N-]=[N+]=Nc1nc(-c2nnn[nH]2)n[nH]1,147.2768,2,10,0,0,0,0,2,6,2,10,2,2,0,2,0,0,0,0,0.2201552074404301,-0.257159003,0.0637962962962965,144.79,0,0,0,0,0,0,0,0,0,0,3,0,0,0,0,0,0,0,2,0,0,1,5,0,0,0,0,0,0,0,0,0,0,0,0,0,0,0,0,0,0,0,0,0,0,0.6082775888133036,0,0,0,0,0,0,0,4.854738047996976,0,0,3.206111111111111,17.718958333333333,0,0,0,0,0,0,0,0,0,0,0,0,0.1733386927276896,0.826661307322734,1411.2473858347237,1.3018219724137784e-05,0.7859913877800795,-0.62879311,3,2,0,10,0,0,0,0,0,0,0.7692307692307693,164
[N-]=[N+]=Nc1nc(-c2nnnn2O)n[nH]1,158.992,2,11,0,0,0,0,2,8,2,11,2,2,0,1,0,0,0,0,0.2607192051354555,-0.408644284,-0.054963152,154.16,0,0,0,0,0,0,0,0,0,0,3,0,0,0,0,0,0,0,1,0,0,1,5,0,0,1,0,1,0,0,0,0,0,0,0,0,0,0,0,0,0,0,0,0,0,-0.063852041,0,0,0,0,0,0,0,2.320648148148148,0,0,3.158775510204081,17.06923611111111,0,0,0.4057955404383975,0,9.02634023053666,0,0,0,0,0,0,0,0.1840069799275059,0.8159930200864418,1619.6317380473151,7.114715839076287e-06,0.7212108099197394,-0.494544555,3,2,1,10,0,0,0,0,0,0,0.7142857142857143,144
[N-]=[N+]=Nc1nc(N=[N+]=[N-])n(N=Nn2nc(N=[N+]=[N-])nc2N=[N+]=[N-])n1,125.9384,0,20,0,0,0,0,2,12,0,20,2,6,0,0,0,0,0,0,0.2417209766393387,-0.201921627,-0.398732468,281.18,0,0,0,0,0,0,0,0,0,0,4,0,0,0,0,0,0,0,0,0,0,6,4,0,0,2,0,0,0,0,0,0,0,0,0,0,0,0,0,0,0,0,0,0,0,-1.570651967,0,0,0,0,0,0,0,0,0,0,19.45507006348096,14.248330834629536,0,0,1.219277840765936,0,0,0,0,0,0,0,0,0,0.2437934402159913,0.7562065598505694,5893.902153423805,1.933831215235442e-05,0.8531799234575723,-0.390025108,4,0,0,20,0,0,0,0,0,0,0.4166666666666667,168.8
[N-]=[N+]=Nc1nc(N=[N+]=[N-])nc(NNc2nnc(NNc3nc(N=[N+]=[N-])nc(N=[N+]=[N-])n3)nn2)n1,135.98,4,26,0,0,0,0,3,18,4,26,3,10,0,4,0,0,0,0,0.2802224302881297,-0.265311953,-0.363372676,372.06,0,0,0,0,0,0,0,0,0,0,8,0,0,0,0,0,0,4,0,0,0,4,10,0,0,0,0,0,0,0,0,0,0,0,0,0,0,0,0,0,0,0,0,0,0,-2.163030974,0,0,0,0,0,0,9.79190863249048,0,0,0,12.754810467033243,36.94928293698815,0,0,0,0,0,0,0,0,0,0,0,0,0.083990500585985,0.9266050515315664,20154.621326239,0.3465932841185646,0.7839725006568999,-0.620285935,8,4,0,26,0,0,0,0,0,0,0.5294117647058824,193.9
[N-]=[N+]=Nc1nc(N=Nc2nnc(N=Nc3nc(N=[N+]=[N-])nc(N=[N+]=[N-])n3)nn2)nc(N=[N+]=[N-])n1,220.4968,0,26,0,0,0,0,3,18,0,26,3,8,0,0,0,0,0,0,0.3062926331943117,-0.204984734,-0.423754907,373.38,0,0,0,0,0,0,0,0,0,0,8,0,0,0,0,0,0,0,0,0,0,8,10,0,0,0,0,0,0,0,0,0,0,0,0,0,0,0,0,0,0,0,0,0,0,-3.222530578,0,0,0,0,0,0,0,0,0,0,26.84954100984876,35.922160449486874,0,0,0,0,0,0,0,0,0,0,0,0,0.1729075794166884,0.8677194259906978,12447.399070963393,0.6300174558261024,0.7908401590370867,-0.556195277,8,0,0,26,0,0,0,0,0,0,0.5294117647058824,188.6
[N-]=[N+]=Nc1nc(OCC([N+](=O)[O-])([N+](=O)[O-])[N+](=O)[O-])nc(OCC([N+](=O)[O-])([N+](=O)[O-])[N+](=O)[O-])n1,161.58833,0,26,0,0,0,0,1,18,0,26,1,13,0,0,0,6,0,0,0.7336434629628872,-0.438283257,-4.162386029,364.7299999999999,0,0,2,0,0,0,0,0,0,0,3,0,2,0,0,0,0,0,0,0,0,1,3,0,6,0,0,0,6,2,0,0,0,0,0,0,0,-3.940888842,0,0,0,0,0,0,0,-3.668715986,0,-8.324772058,0,0,0,0,0,0,0,0,2.782585978835979,9.371622260015116,0,-11.58602938,0,0,0,65.23587665461042,8.81051351095994,0,0,0,0,0,0.3316828599646733,0.7941916980885141,8452.593004296272,0.8354329627673749,0.3498695278219163,-0.066641815,7,4,14,12,0,0,2,0,0.6060606060606061,0,0.1818181818181818,169.9
[N-]=[N+]=Nc1ncn(-c2c([N+](=O)[O-])cc([N+](=O)[O-])cc2C(F)(F)F)n1,230.83473,0,12,0,0,0,1,2,8,0,15,2,4,0,0,0,2,2,1,0.4185005466915864,-0.258305777,-5.156028715,165.75000000000006,0,0,0,0,0,3,0,0,0,0,5,0,1,0,0,0,0,0,0,0,0,1,2,0,2,1,0,0,2,0,0,3,0,0,0,0,0,0,0,0,1.1430108339632143,0,0,0,0,-5.674885204,0,-5.156028715,0,0,0,0,0,0,0,0,2.9431501952632906,6.743887156714538,0,-2.425347943,0.3558489229024941,0,0,21.77141548750405,0,0,39.56111347316705,0,0,0,0.3722230927509196,0.7762805881175311,3887.375797460184,0.7114583647171514,0.3254215225659487,-0.720576229,9,3,4,8,0,0,0,0,0.3333333333333333,1,0.4583333333333333,213
[N-]=[N+]=Nc1ncnn1-c1n[n+]([O-])c(N)[n+]([O-])n1,152.716,2,13,0,0,0,0,2,9,1,13,2,2,0,0,1,0,0,0,0.5812812999568742,-0.653630062,-0.750740951,185.15,0,0,0,0,0,1,0,0,0,0,3,0,0,0,1,0,0,0,0,0,0,1,4,0,0,3,0,0,0,0,0,0,0,0,0,0,0,0,0,0,1.0357303476946331,0,0,0,0,-1.402248887,0,0,0,5.049539556563365,0,0,0,0,0,0,3.1608205782312924,13.749537509448224,0,0,0.5235355253212395,0,0,0,0,0,0,0,0,0,0.2514913993995174,0.7485086006070865,2264.0103816236287,4.966780964635319e-06,0.6493971991583137,-0.506023792,4,3,2,11,0,0,0,0,0,0,0.6470588235294118,161
[N-]=[N+]=Nc1nn(CCn2nnnc2N)c(N=[N+]=[N-])c1[N+](=O)[O-],286.25687,2,16,0,0,0,0,2,11,1,16,2,6,2,0,1,1,0,0,0.3261695109741146,-0.36663934,-0.858225309,228.1,0,0,2,0,0,0,0,0,0,0,4,0,0,0,1,0,0,0,0,0,0,2,4,0,1,2,0,0,1,0,0,0,0,0,0,0,0,0.0899860638699923,0,0,0,0,0,0,0,-1.579926041,0,0,0,5.472894890202791,0,0,0,0,0,0,6.322801240866717,14.099195819512378,0,-0.858225309,2.2119074389014863,0,0,11.020671821197617,0,0,0,0,0,0,0.2886369618944651,0.7398353024993579,4295.087000622202,0.4409451981240361,0.6400836027562785,-0.679272395,6,6,2,14,0,0,0,0,0.1818181818181818,0,0.4545454545454545,127
[N-]=[N+]=Nc1nn(N)nc1[N+](=O)[O-],215.32796,2,10,0,0,0,0,1,7,1,10,1,2,0,0,1,1,0,0,0.4221039558803096,-0.357692069,-0.846851852,148.63000000000002,0,0,0,0,0,0,0,0,0,0,2,0,0,0,1,0,0,0,0,0,0,1,2,0,1,1,0,0,1,0,0,0,0,0,0,0,0,0,0,0,0,0,0,0,0,-1.124722222,0,0,0,4.954183673469387,0,0,0,0,0,0,2.913148148148148,6.391018518518518,0,-0.846851852,0.4604629629629631,0,0,10.160778533635677,0,0,0,0,0,0,0.4330107085225379,0.5669892914784624,1052.4210969352043,1.5767161271314617e-06,0.6584671824659596,-0.282200221,2,2,2,8,0,0,0,0,0.3333333333333333,0,0.4166666666666667,141
[N-]=[N+]=Nc1nn2c([N+](=O)[O-])nnc2c([N+](=O)[O-])c1N,248.09637,2,14,0,0,0,0,2,10,1,14,2,3,0,0,1,2,0,0,0.4830115670863821,-0.39122422,-0.951602419,204.14,0,0,0,0,0,0,0,0,0,0,4,1,0,0,1,0,0,0,0,0,0,1,3,0,2,1,0,0,2,0,0,0,0,0,0,0,0,0,0,0,0,0,0,0,0,-2.784548375,-0.522139078,0,0,5.401788548752835,0,0,0,0,0,0,3.0204383975812545,9.90125,0,-1.881020408,0.4707407407407404,0,0,21.53233245149912,0,0,0,0,0,0,0.4434855043723905,0.5706008689492713,2503.5103611399845,0.1049652062527561,0.5260448565964148,-0.420835885,5,2,4,10,0,0,0,0,0.4210526315789473,0,0.5789473684210527,217
[N-]=[N+]=Nc1nn2nnc([N+](=O)[O-])c2nc1N,243.3757,2,12,0,0,0,0,2,9,1,12,2,2,0,0,1,1,0,0,0.4389486744185292,-0.381882629,-0.774119583,173.89,0,0,0,0,0,0,0,0,0,0,3,1,0,0,1,0,0,0,0,0,0,1,4,0,1,1,0,0,1,0,0,0,0,0,0,0,0,0,0,0,0,0,0,0,0,-1.044272959,-0.222787226,0,0,5.370976946334089,0,0,0,0,0,0,3.1339266817838247,13.79254865835223,0,-0.774119583,0.7624074074074072,0,0,10.497135928445452,0,0,0,0,0,0,0.1983275741565094,0.8016724258603931,2006.139695968076,8.028496058646302e-06,0.6302672333069221,-0.504213787,4,2,2,10,0,0,0,0,0.25,0,0.6875,166
[N-]=[N+]=Nc1nn2nnnc2c([N+](=O)[O-])c1N,254.41275,2,12,0,0,0,0,2,9,1,12,2,2,0,0,1,1,0,0,0.3417957967425865,-0.391316247,-0.77866969,173.89,0,0,0,0,0,0,0,0,0,0,3,1,0,0,1,0,0,0,0,0,0,1,4,0,1,1,0,0,1,0,0,0,0,0,0,0,0,0,0,0,0,0,0,0,0,-1.290277778,-0.222787226,0,0,5.417685185185185,0,0,0,0,0,0,3.102592592592593,13.52243291761149,0,-0.77866969,0.7624074074074072,0,0,10.74429469009826,0,0,0,0,0,0,0.3789710540992069,0.658557995922606,1655.8614001357046,0.283379186799004,0.630267233306922,-0.504213787,4,2,2,10,0,0,0,0,0.25,0,0.6875,163
[N-]=[N+]=Nc1nnc([N+](=O)[O-])c(N)n1,223.26044,2,10,0,0,0,0,1,7,1,10,1,2,0,0,1,1,0,0,0.4324855155750598,-0.376437266,-0.838093348,156.59000000000003,0,0,0,0,0,0,0,0,0,0,3,0,0,0,1,0,0,0,0,0,0,1,3,0,1,0,0,0,1,0,0,0,0,0,0,0,0,0,0,0,0,0,0,0,0,-1.467694633,0,0,0,5.113998488284203,0,0,0,0,0,0,2.961179138321996,9.568425925925926,0,-0.838093348,0,0,0,10.170552406147644,0,0,0,0,0,0,0.178554187196151,0.8393754102068444,1382.6997163954632,0.1307301086417167,0.6150365452518628,-0.439311818,3,2,2,8,0,0,0,0,0.3076923076923077,0,0.4615384615384615,162
[N-]=[N+]=Nc1nnc2nnc(/N=N\c3nnc4nnc(N=[N+]=[N-])nn34)n2n1,140.5824,0,20,0,0,0,0,4,16,0,20,4,4,0,0,0,0,0,0,0.2920826707806441,-0.155284755,-0.2637727,259.96,0,0,0,0,0,0,0,0,0,0,4,2,0,0,0,0,0,0,0,0,0,4,10,0,0,2,0,0,0,0,0,0,0,0,0,0,0,0,0,0,0,0,0,0,0,-0.752870839,-0.006339819,0,0,0,0,0,0,0,0,0,14.019219532471698,36.75383438257023,0,0,2.0880484446609984,0,0,0,0,0,0,0,0,0,0.0756853844674773,0.9602346605151886,7747.530099535151,0.5338245519571886,0.7949892960369782,-0.545135517,6,0,0,20,0,0,0,0,0,0,0.8461538461538461,183
[N-]=[N+]=Nc1nnc2nnc(N)n2n1,163.5944,2,10,0,0,0,0,2,8,1,10,2,1,0,0,1,0,0,0,0.2918878719205565,-0.366343085,-0.1375,143.64,0,0,0,0,0,0,0,0,0,0,2,1,0,0,1,0,0,0,0,0,0,1,5,0,0,1,0,0,0,0,0,0,0,0,0,0,0,0,0,0,0,0,0,0,0,-0.082602041,0.1475831443688589,0,0,5.365547052154195,0,0,0,0,0,0,3.141388888888889,17.72375,0,0,1.1220370370370372,0,0,0,0,0,0,0,0,0,0.269009960718682,0.7309900394982429,1160.1695468906644,2.386662954692402e-05,0.7859913877800794,-0.62879311,3,2,0,10,0,0,0,0,0,0,0.8461538461538461,165
[N-]=[N+]=Nc1nnc2nnc(N[N+](=O)[O-])n2n1,137.23189,1,13,0,0,0,0,2,9,1,13,2,3,0,1,0,1,0,0,0.3079175024040847,-0.234422883,-0.841472191,172.79000000000002,0,0,0,0,0,0,0,0,0,0,2,1,0,0,0,0,0,1,0,0,0,1,5,0,1,1,0,0,1,0,0,0,0,0,0,0,0,0,0,0,0,0,0,0,0,-0.578252079,-0.068296485,0,0,0,0,0,1.743580640589569,0,0,0,3.0784637188208617,17.317559523809525,0,-0.841472191,0.8887037037037038,0,0,10.188562610229278,0,0,0,0,0,0,0.2845735529577883,0.7154264470543167,2055.607174886135,5.956161100596982e-06,0.6902239193961884,-0.322702092,3,1,2,11,1,0,0,0,0.25,0,0.6875,150
[N-]=[N+]=Nc1nnn(/N=N/n2nnc(N=[N+]=[N-])n2)n1,135.98,0,16,0,0,0,0,2,12,0,16,2,4,0,0,0,0,0,0,0.2628543272717659,-0.104408262,-0.224287939,209.44,0,0,0,0,0,0,0,0,0,0,2,0,0,0,0,0,0,0,0,0,0,4,6,0,0,2,0,0,0,0,0,0,0,0,0,0,0,0,0,0,0,0,0,0,0,-0.448575878,0,0,0,0,0,0,0,0,0,0,12.936428046527253,20.40166416796287,0,0,1.3345386117409923,0,0,0,0,0,0,0,0,0,0.038398791191572,0.96160120882606,4499.8354959293765,9.419408044312553e-06,0.9027380367059732,-0.257925153,2,0,0,16,0,0,0,0,0,0,0.5555555555555556,114
[N-]=[N+]=Nc1nnn(N)n1,156.0632,2,8,0,0,0,0,1,6,1,8,1,1,0,0,1,0,0,0,0.262688826724608,-0.304392049,-0.083333333,118.38,0,0,0,0,0,0,0,0,0,0,1,0,0,0,1,0,0,0,0,0,0,1,3,0,0,1,0,0,0,0,0,0,0,0,0,0,0,0,0,0,0,0,0,0,0,-0.083333333,0,0,0,4.957517006802721,0,0,0,0,0,0,3.0225,9.81787037037037,0,0,0.7123148148148148,0,0,0,0,0,0,0,0,0,0.1940714442847289,0.8059285557173341,593.3959655020532,1.9555796371379843e-06,0.8883037364275913,-0.380701601,1,2,0,8,0,0,0,0,0,0,0.5555555555555556,142
[N-]=[N+]=Nc1nnn[nH]1,145.6032,1,7,0,0,0,0,1,4,1,7,1,1,0,1,0,0,0,0,0.2355633951144518,-0.237399848,0.076388888888889,103.22,0,0,0,0,0,0,0,0,0,0,1,0,0,0,0,0,0,0,1,0,0,1,3,0,0,0,0,0,0,0,0,0,0,0,0,0,0,0,0,0,0,0,0,0,0,0.076388888888889,0,0,0,0,0,0,0,2.2454166666666664,0,0,3.055555555555556,9.579074074074072,0,0,0,0,0,0,0,0,0,0,0,0,0.1529801192254934,0.8470198807747905,429.11695852750887,6.56402572567178e-07,0.8823423488313464,-0.360139734,1,1,0,7,0,0,0,0,0,0,0.625,165
[N-]=[N+]=Nc1nnnn1CCO[N+](=O)[O-],130.71017,0,11,0,0,0,0,1,8,0,11,1,5,0,0,0,0,0,0,0.294062406375608,-0.311945386,-0.932945169,144.73000000000002,0,0,2,0,0,0,0,0,0,0,1,0,0,0,0,0,0,0,0,0,0,1,3,0,1,1,0,0,1,1,0,0,0,0,0,0,0,-0.186188587,0,0,0,0,0,0,0,-0.069955593,0,0,0,0,0,0,0,0,0,0,3.1463803854875283,9.990652872260016,0,-0.932945169,1.086527777777778,0,0,9.778886684303352,4.019336026077098,0,0,0,0,0,0.402175592637389,0.7456951948259732,1409.082532500342,0.7552241731877019,0.5596697948210554,-0.399764139,3,4,3,8,0,1,0,0,0.2857142857142857,0,0.3571428571428571,166
[N-]=[N+]=Nc1nnnn1N=C1CCC(=Nn2nnnc2N=[N+]=[N-])CC1,138.072,0,16,1,0,1,0,2,12,0,16,3,4,0,0,0,0,0,0,0.2627137290379928,-0.156572219,-0.030406696,209.44000000000003,0,0,4,0,0,0,0,0,0,2,2,0,0,0,0,0,0,0,0,0,0,4,6,0,0,2,0,0,0,0,0,0,0,0,0,0,0,2.473722600151171,0,0,0,0,0,0,1.6715264130343497,-0.060813392,0,0,0,0,0,0,0,0,0,0,15.148623370376615,21.171731142896647,0,0,2.163230879536796,0,0,0,0,0,0,0,0,0,0.113997734495185,0.9305050749848102,6668.271279224574,0.6874596868526318,0.6823775985182658,-0.974825141,8,8,0,16,0,0,0,0,0,0,0.4166666666666667,185
[N-]=[N+]=Nc1nnnn1N=C1CCCC=C1Nn1nnnc1N=[N+]=[N-],134.3064,1,16,1,0,1,0,2,12,1,16,3,5,0,1,0,0,0,0,0.2627284014663313,-0.273449187,-0.090633786,209.11,0,0,3,0,1,0,0,0,0,2,2,0,0,0,0,0,0,1,0,0,0,3,6,0,0,2,0,0,0,0,0,0,0,0,0,0,0,2.286035525321239,0,1.8764614827412447,0,0,0,0,1.176531557067272,-0.145712016,0,0,0,0,0,0,2.8889209341143864,0,0,0,10.94594949399513,21.26657524967951,0,0,2.1291162761400857,0,0,0,0,0,0,0,0,0,0.3573590032970877,0.696832548491906,5059.568573941724,0.5823666848152897,0.682377598518266,-0.974825141,8,8,0,16,0,0,0,0,0,0,0.4166666666666667,154
[N-]=[N+]=Nc1no[n+]([O-])c1-c1c([N+](=O)[O-])no[n+]1[O-],98.07014,0,14,0,0,0,0,2,9,0,14,2,3,0,0,0,1,0,0,0.444510262159338,-0.358886781,-1.069343348,197.84,0,0,0,0,0,0,0,0,0,0,4,0,0,0,0,0,0,0,0,0,0,1,2,0,1,2,0,0,1,0,2,0,0,0,0,0,0,0,0,0,0,0,0,0,0,-3.384268707,0,0,0,0,0,0,0,0,0,0,2.9355772864701435,5.847267101284959,0,-1.069343348,-0.75654006,0,0,10.575835852859662,0,8.045599253590325,0,0,0,0,0.530216117881107,0.6561731647304326,1842.0854472875087,0.6780615575050651,0.4373394144337626,-0.124954118,4,0,6,8,0,0,0,0,0.2222222222222222,0,0.5555555555555556,113
[N-]=[N+]=Nc1no[n+]([O-])c1-c1n[nH]c(/N=N/c2nc(-c3c(N=[N+]=[N-])no[n+]3[O-])n[nH]2)n1,153.9712,2,22,0,0,0,0,4,14,2,22,4,6,0,2,0,0,0,0,0.3155291533432373,-0.358910812,-0.383947981,311.32,0,0,0,0,0,0,0,0,0,0,8,0,0,0,0,0,0,0,2,0,0,4,6,0,0,2,0,0,0,0,2,0,0,0,0,0,0,0,0,0,0,0,0,0,0,-2.329203929,0,0,0,0,0,0,0,4.711650923097531,0,0,13.706194585961937,21.63620915882581,0,0,-0.12050063,0,0,0,0,8.64140405339361,0,0,0,0,0.1129235889317872,0.9009199797148932,11017.745868757347,0.3520426409850419,0.6083635503324271,-0.502141343,8,2,4,18,0,0,0,0,0,0,0.6666666666666666,197
[N-]=[N+]=Nc1no[n+]([O-])c1-c1n[nH]c(N)n1,158.5736,3,11,0,0,0,0,2,7,2,11,2,2,0,1,1,0,0,0,0.315529136101825,-0.368154972,-0.25787037,169.32,0,0,0,0,0,0,0,0,0,0,4,0,0,0,1,0,0,0,1,0,0,1,3,0,0,1,0,0,0,0,1,0,0,0,0,0,0,0,0,0,0,0,0,0,0,-0.51714144,0,0,0,5.263877708490804,0,0,0,2.3136732331821617,0,0,3.1332492441421014,10.472050264550266,0,0,0.0204629629629629,0,0,0,0,4.223407029478458,0,0,0,0,0.2855537546431735,0.7144462453581041,1727.491158072035,1.84857863677788e-06,0.6024989360633866,-0.573808511,4,3,2,9,0,0,0,0,0,0,0.6666666666666666,133
[N-]=[N+]=Nc1no[n+]([O-])c1-c1no[n+]([O-])c1[N+](=O)[O-],98.16657,0,14,0,0,0,0,2,9,0,14,2,3,0,0,0,1,0,0,0.4997811926903152,-0.358859034,-1.169268707,197.84,0,0,0,0,0,0,0,0,0,0,4,0,0,0,0,0,0,0,0,0,0,1,2,0,1,2,0,0,1,0,2,0,0,0,0,0,0,0,0,0,0,0,0,0,0,-3.270194633,0,0,0,0,0,0,0,0,0,0,2.952833522297808,6.043877551020408,0,-1.133232237,-0.836241497,0,0,10.598335852859664,0,8.059170682161753,0,0,0,0,0.4687359106950932,0.7117551894998538,1759.574673336671,0.6317240742654592,0.4373394144337626,-0.124954118,4,0,6,8,0,0,0,0,0.2222222222222222,0,0.5555555555555556,119
[N-]=[N+]=Nc1no[n+]([O-])c1-c1noc(/N=N/c2nc(-c3c(N=[N+]=[N-])no[n+]3[O-])no2)n1,157.3184,0,22,0,0,0,0,4,16,0,22,4,6,0,0,0,0,0,0,0.3663788963105859,-0.358909993,-0.475487548,306.02,0,0,0,0,0,0,0,0,0,0,8,0,0,0,0,0,0,0,0,0,0,4,6,0,0,2,0,0,0,0,4,0,0,0,0,0,0,0,0,0,0,0,0,0,0,-3.433183836,0,0,0,0,0,0,0,0,0,0,13.28341680818416,20.74205949896187,0,0,-0.225191988,0,0,0,0,18.05669337552997,0,0,0,0,0.1417424095545657,0.8787745939507083,10900.36950668228,0.3741214407966809,0.5382105460434315,-0.384436104,8,0,6,16,0,0,0,0,0,0,0.6666666666666666,155
[N-]=[N+]=Nc1no[n+]([O-])c1-c1noc(N)n1,157.3184,2,11,0,0,0,0,2,8,1,11,2,2,0,0,1,0,0,0,0.3188065635216765,-0.358909993,-0.29787037,166.67000000000002,0,0,0,0,0,0,0,0,0,0,4,0,0,0,1,0,0,0,0,0,0,1,3,0,0,1,0,0,0,0,2,0,0,0,0,0,0,0,0,0,0,0,0,0,0,-0.980752551,0,0,0,5.152766597379692,0,0,0,0,0,0,3.105471466364324,10.083161375661374,0,0,-0.019537037,0,0,0,0,8.632280092592593,0,0,0,0,0.387086259607137,0.6577076242368546,1416.93634496228,0.3265166270922162,0.5330465035480907,-0.456897003,4,2,3,8,0,0,0,0,0,0,0.6666666666666666,150
[N-]=[N+]=Nc1nonc1-c1noc(CO[N+](=O)[O-])n1,138.20335,0,13,0,0,0,0,2,10,0,13,2,5,0,0,0,0,0,0,0.2945095965738334,-0.33675597,-1.007011303,178.97000000000003,0,0,1,0,0,0,0,0,0,0,4,0,0,0,0,0,0,0,0,0,0,1,4,0,1,0,0,0,1,1,2,0,0,0,0,0,0,-0.511774613,0,0,0,0,0,0,0,-0.485062148,0,0,0,0,0,0,0,0,0,0,3.1785250535399343,13.860623661501638,0,-1.007011303,0,0,0,9.948343712497753,4.020852072310406,8.97126346371882,0,0,0,0,0.2388700438573618,0.8334964515493514,2598.104594067001,0.5943854773386257,0.4407331911444109,-0.377771307,5,2,5,8,0,1,0,0,0.2222222222222222,0,0.5555555555555556,175
[N-]=[N+]=NCC1(Cn2nc([N+](=O)[O-])c(N)c2[N+](=O)[O-])COC1,259.20282,2,13,0,1,1,0,1,9,1,13,2,6,0,0,1,2,0,0,0.4430545705357544,-0.384624525,-0.892647786,188.11,0,0,4,0,0,0,0,0,0,0,3,0,1,0,1,0,0,0,0,0,0,1,1,0,2,1,0,0,2,1,0,0,0,0,0,0,0,0.3770469576719581,0,0,0,0,0,0,0,-2.042625136,0,-0.677263322,0,5.404585144242882,0,0,0,0,0,0,3.425462648022172,3.5660185185185185,0,-1.729833318,0.8500803099017382,0,0,21.78061770040125,5.032955719324767,0,0,0,0,0,0.32026673978635,0.7845377783609196,2996.371885026541,0.7010495133444232,0.3755629252327989,-0.858429543,8,10,5,8,0,0,0,0,0.3809523809523809,0,0.238095238095238,238
[N-]=[N+]=NCc1nc(-c2no[n+]([O-])c2-c2noc(CN=[N+]=[N-])n2)no1,272.7968,0,16,0,0,0,0,3,11,0,16,3,6,0,0,0,0,0,0,0.3000278317207245,-0.358898743,-0.234192859,228.33,0,0,2,0,0,0,0,0,0,0,6,0,0,0,0,0,0,0,0,0,0,2,5,0,0,1,0,0,0,0,3,0,0,0,0,0,0,-0.366989127,0,0,0,0,0,0,0,-0.642333195,0,0,0,0,0,0,0,0,0,0,6.513332063158903,18.462340996545542,0,0,0.0287619677500625,0,0,0,0,14.158004006775652,0,0,0,0,0.3114373899506298,0.7894933632978666,4788.244909886326,0.7384092188615423,0.5057194461167972,-0.674292595,8,4,4,12,0,0,0,0,0,0,0.625,210
[N-]=[N+]=NCc1nc(-c2noc(CN=[N+]=[N-])n2)no1,169.8704,0,12,0,0,0,0,2,8,0,12,2,5,0,0,0,0,0,0,0.2433238957896119,-0.338729101,-0.062565177,175.36,0,0,2,0,0,0,0,0,0,0,4,0,0,0,0,0,0,0,0,0,0,2,4,0,0,0,0,0,0,0,2,0,0,0,0,0,0,-0.125130354,0,0,0,0,0,0,0,0.4412458007894526,0,0,0,0,0,0,0,0,0,0,6.519282407407408,14.91134731670446,0,0,0,0,0,0,0,9.563862591332828,0,0,0,0,0.1962985886300975,0.9785644761613842,2889.354615443175,0.7976173204154123,0.5641385201840702,-0.773675685,6,4,2,10,0,0,0,0,0,0,0.5555555555555556,209
[N-]=[N+]=NCc1nc(-c2nonc2[N+](=O)[O-])no1,256.87827,0,12,0,0,0,0,2,9,0,12,2,4,0,0,0,1,0,0,0.4456229080296727,-0.357639441,-0.796331412,169.74,0,0,1,0,0,0,0,0,0,0,4,0,0,0,0,0,0,0,0,0,0,1,4,0,1,0,0,0,1,0,2,0,0,0,0,0,0,-0.164109505,0,0,0,0,0,0,0,-1.05253753,0,0,0,0,0,0,0,0,0,0,3.1851931374401614,13.501748866213152,0,-0.796331412,0,0,0,10.52533826918432,0,8.873703782438902,0,0,0,0,0.2402811815233874,0.8989651825213321,2210.693387058988,0.6991987421743691,0.4703451577546058,-0.470345158,5,2,4,8,0,0,0,0,0.2352941176470588,0,0.5882352941176471,157.7
[N-]=[N+]=NCc1nc(-c2nonc2-c2noc(CN=[N+]=[N-])n2)no1,181.5856,0,15,0,0,0,0,3,11,0,15,3,6,0,0,0,0,0,0,0.2323850452653623,-0.338789363,-0.108496335,214.28,0,0,2,0,0,0,0,0,0,0,6,0,0,0,0,0,0,0,0,0,0,2,6,0,0,0,0,0,0,0,3,0,0,0,0,0,0,-0.21699267,0,0,0,0,0,0,0,0.4847510835524924,0,0,0,0,0,0,0,0,0,0,6.589181615942979,22.588138426628685,0,0,0,0,0,0,0,14.397765911537558,0,0,0,0,0.3599685424774974,0.7965127622894546,4142.392779872717,0.8192287800530133,0.5313076176229677,-0.759010882,8,4,3,12,0,0,0,0,0,0,0.6521739130434783,193
[N-]=[N+]=NCc1onc(-c2noc(CN=[N+]=[N-])c2CN=[N+]=[N-])c1CN=[N+]=[N-],178.2384,0,16,0,0,0,0,2,8,0,16,2,9,0,0,0,0,0,0,0.1460779461194792,-0.360289538,-0.157839412,247.1,0,0,4,0,0,0,0,0,0,0,6,0,0,0,0,0,0,0,0,0,0,4,2,0,0,0,0,0,0,0,2,0,0,0,0,0,0,-0.611086042,0,0,0,0,0,0,0,1.3614235323759156,0,0,0,0,0,0,0,0,0,0,13.676389088004347,7.704500188964475,0,0,0,0,0,0,0,10.267978395061728,0,0,0,0,0.2503907347911146,0.7985272936772738,6101.656724935978,0.6951765301924041,0.5501445532882366,-0.988014708,10,8,2,14,0,0,0,0,0,0,0.3846153846153846,192
[N-]=[N+]=NCCCn1nnc(N[N+](=O)[O-])n1,232.96484,1,11,0,0,0,0,1,7,1,11,1,6,1,1,0,1,0,0,0.3230294560103401,-0.234422187,-0.776461023,147.53000000000003,0,0,3,0,0,0,0,0,0,0,1,0,0,0,0,0,0,1,0,0,0,1,3,0,1,1,0,0,1,0,0,0,0,0,0,0,0,1.2358894715293522,0,0,0,0,0,0,0,-0.177051419,0,0,0,0,0,0,1.7614228237591332,0,0,0,3.3094523966994207,10.576527777777777,0,-0.776461023,1.1792932728647014,0,0,9.999419261544531,0,0,0,0,0,0,0.2190604118759703,0.8589763902434409,2367.6643016948005,0.623099434722368,0.5911024999882716,-0.713076032,4,7,2,9,1,0,0,0,0.2666666666666666,0,0.3333333333333333,93
[N-]=[N+]=NCCn1nn[nH]c1=N[N+](=O)[O-],204.01134,1,11,0,0,0,0,1,6,1,11,1,4,0,1,0,1,0,0,0.3145724403920616,-0.232595422,-0.875739953,150.76000000000002,0,0,2,0,0,0,0,0,0,0,0,0,0,0,0,0,0,0,1,0,0,2,2,0,1,1,0,0,1,0,0,0,0,0,0,0,0,0.2928250188964476,0,0,0,0,0,0,0,0,0,0,0,0,0,0,0,2.222747307256236,0,0,6.201449829931973,6.779585695389267,0,-0.875739953,1.1225,0,0,10.016905391786343,0,0,0,0,0,0,0.3273869050477677,0.7463391493786793,1422.188514501379,0.5129222172676692,0.6327397631745456,-0.522261392,3,5,2,9,1,0,0,0,0.2857142857142857,0,0.3571428571428571,140
[N-]=[N+]=NCCn1nnc(/N=N/c2nnn(CCN=[N+]=[N-])n2)n1,171.9624,0,16,0,0,0,0,2,12,0,16,2,8,0,0,0,0,0,0,0.3074097440723084,-0.162056797,0.0058960653310404,209.44000000000003,0,0,4,0,0,0,0,0,0,0,2,0,0,0,0,0,0,0,0,0,0,4,6,0,0,2,0,0,0,0,0,0,0,0,0,0,0,0.9542191061719448,0,0,0,0,0,0,0,0.0117921306620811,0,0,0,0,0,0,0,0,0,0,14.062118835034912,22.378685439001373,0,0,2.430967192595148,0,0,0,0,0,0,0,0,0,0.1096654861450719,0.910506424428057,6978.533502604023,0.5801943385094088,0.7362560067314838,-0.841435436,6,8,0,16,0,0,0,0,0,0,0.4545454545454545,140
[N-]=[N+]=NCCn1nnnc1/N=N/c1nnnn1CCN=[N+]=[N-],177.4016,0,16,0,0,0,0,2,12,0,16,2,8,0,0,0,0,0,0,0.2876417605505992,-0.208576099,0.1090143403040233,209.44000000000003,0,0,4,0,0,0,0,0,0,0,2,0,0,0,0,0,0,0,0,0,0,4,6,0,0,2,0,0,0,0,0,0,0,0,0,0,0,0.863491929639532,0,0,0,0,0,0,0,0.2180286806080469,0,0,0,0,0,0,0,0,0,0,14.39206694600093,21.56459453455395,0,0,2.623593449700051,0,0,0,0,0,0,0,0,0,0.4211585299926152,0.6053492810829587,3959.7836627952834,0.5531139759027515,0.7362560067314837,-0.841435436,6,8,0,16,0,0,0,0,0,0,0.4545454545454545,188
[N-]=[N+]=NCN1c2nonc2N(CN=[N+]=[N-])c2nonc21,161.9208,0,14,0,1,1,0,2,10,0,14,3,4,0,0,0,0,0,0,0.2238578252447945,-0.292999735,-0.102892337,181.84,0,0,2,0,0,0,0,0,0,0,4,0,0,0,0,0,0,0,0,0,0,2,4,2,0,0,0,0,0,0,2,0,0,0,0,0,0,-0.205784675,0,0,0,0,0,0,0,0.9768140589569176,0,0,0,0,0,0,0,0,0,0,6.85344671201814,14.794083522297807,2.8134429327286465,0,0,0,0,0,0,9.29882558578987,0,0,0,0,0.3721365402541886,0.7950831724979601,2693.165795633554,0.7425901182594647,0.608298935476863,-0.695198783,6,4,2,12,0,0,0,0,0,0,0.8,188
[N-]=[N+]=NCn1nc([N+](=O)[O-])c2c1c([N+](=O)[O-])nn2CN=[N+]=[N-],281.62775,0,16,0,0,0,0,2,10,0,16,2,6,0,0,0,2,0,0,0.4178862231576885,-0.357685641,-0.882027589,219.44000000000008,0,0,2,0,0,0,0,0,0,0,2,2,0,0,0,0,0,0,0,0,0,2,2,0,2,2,0,0,2,0,0,0,0,0,0,0,0,-1.010136527,0,0,0,0,0,0,0,-1.478000756,-0.6162226,0,0,0,0,0,0,0,0,0,6.307052154195011,7.10162037037037,0,-1.764055178,1.5652947845804988,0,0,22.038143109095493,0,0,0,0,0,0,0.3308187930096273,0.7664356663288785,3413.765541188377,0.6776225262870255,0.5451394973035065,-0.519180474,6,4,4,12,0,0,0,0,0.3636363636363636,0,0.4545454545454545,196
[N-]=[N+]=NCn1nnc(-c2nnn(CN=[N+]=[N-])n2)n1,156.0632,0,14,0,0,0,0,2,10,0,14,2,5,0,0,0,0,0,0,0.2453858158563417,-0.157749433,-0.086941594,184.72000000000003,0,0,2,0,0,0,0,0,0,0,2,0,0,0,0,0,0,0,0,0,0,2,6,0,0,2,0,0,0,0,0,0,0,0,0,0,0,-0.173883189,0,0,0,0,0,0,0,0.2413463718820865,0,0,0,0,0,0,0,0,0,0,6.5129166666666665,22.2447940287226,0,0,2.1452075459813558,0,0,0,0,0,0,0,0,0,0.1392702275126583,0.9106288356282328,3658.2154866411656,0.6570534610266567,0.7897684688968222,-0.644708954,4,4,0,14,0,0,0,0,0,0,0.5555555555555556,177
[NH2+]=c1[nH]nc([C-]([N+](=O)[O-])[N+](=O)[O-])o1,264.05786,3,10,0,0,0,0,1,6,2,10,1,3,0,1,1,2,0,0,0.4698711029973791,-0.390583232,-1.367638889,153.69,0,0,0,0,0,0,0,0,0,0,1,0,0,0,0,0,0,0,1,0,0,0,1,0,2,0,0,0,2,0,1,0,0,0,0,0,0,0,0,0,0,0,0,0,0,-0.770833333,0,0,0,0,0,0,0,1.9902314814814812,0,0,0,3.121574074074074,0,-2.446203704,0,0,0,20.245597127739984,0,4.358981481481481,0,0,0,0,0.2959412789584659,0.7187486210210985,1197.2687394562088,0.1584888575512928,0.3701999608645756,-0.211542835,3,3,5,5,0,0,0,1,0.5384615384615384,0,0.3846153846153846,138
[O-]/[N+](=N/c1nonc1Nc1nncnn1)c1nonc1Nc1nncnn1,146.8584,2,19,0,0,0,0,4,18,2,19,4,6,0,2,0,0,0,0,0.4426990285508117,-0.69025778,-0.365094902,243.44999999999996,0,0,0,0,0,2,0,0,0,0,6,0,0,0,0,0,0,2,0,0,0,1,12,0,0,0,0,0,0,0,2,0,0,0,0,0,0,0,0,0,2.2504453306988275,0,0,0,0,-0.893124437,0,0,0,0,0,0,5.111703574170205,0,0,0,3.6368595679012343,42.527609923879766,0,0,0,0,0,0,0,9.044100837100476,0,0,0,0,0.0841358758103297,0.9652908934209548,8393.680497198817,0.5952848524330625,0.6017800869894607,-0.644764379,8,4,3,16,0,0,0,0,0,0,0.8148148148148148,232
[O-][N+](=O)Nc1nonc1-c1n[nH]c(=N[N+]([O-])=O)[nH]1,105.37458,3,14,0,0,0,0,2,8,3,14,2,4,0,3,0,2,0,0,0.2944685552158818,-0.30067818,-0.953350813,194.06,0,0,0,0,0,0,0,0,0,0,3,0,0,0,0,0,0,1,2,0,0,1,3,0,2,0,0,0,2,0,1,0,0,0,0,0,0,0,0,0,0,0,0,0,0,-0.509860166,0,0,0,0,0,0,1.7183491591080875,4.545396352985639,0,0,2.896118827160494,10.155113536155202,0,-1.830340136,0,0,0,20.33950814121945,0,4.285971828546233,0,0,0,0,0.1540341481044906,0.8514571456888274,3367.437153461354,0.111080693191313,0.4900321243281504,-0.280018357,4,3,5,9,2,0,0,0,0.4444444444444444,0,0.5555555555555556,128.7
[O-][N+]1=C2C(=NC1)c1nonc1N(O)c1nonc12,205.016,1,11,0,2,2,0,2,10,1,11,4,0,0,0,0,0,0,0,0.2740150360276816,-0.621859189,-0.102484883,139.74,0,0,1,0,0,0,0,0,0,2,4,0,0,0,0,0,0,0,0,0,0,1,4,1,0,0,0,1,0,0,2,0,0,0,0,0,0,-0.102484883,0,0,0,0,0,0,0.3421296296296303,0.111203703703705,0,0,0,0,0,0,0,0,0,0,4.008518518518518,14.242681405895691,0.5826851851851851,0,0,0,9.932169312169313,0,0,9.052868480725625,0,0,0,0,0.4415653870336646,0.5628382820888732,1940.433591766856,0.2206769609667637,0.3933436619492185,-0.738522794,7,3,4,7,0,0,0,0,0,0,0.8333333333333334,160.6
[O-][n+]1nc2nc3nonc3[nH]c-2n1,278.6544,1,9,0,2,2,0,1,7,1,9,3,0,0,1,0,0,0,0,0.2752995042871325,-0.569190444,0.1708229402872263,120.32,0,0,0,0,0,0,0,0,0,0,2,2,0,0,0,0,0,0,1,0,0,0,5,0,0,1,0,0,0,0,1,0,0,0,0,0,0,0,0,0,0,0,0,0,0,0.4272222222222228,0.5842592592592599,0,0,0,0,0,0,2.6857407407407408,0,0,0,17.737290249433105,0,0,0.1708229402872263,0,0,0,0,4.401526596749811,0,0,0,0,0.1386815345753181,0.8613184654469702,1141.5181735631377,6.25822664599469e-06,0.5471834013590249,-0.580684426,4,1,2,7,0,0,0,0,0,0,1.2307692307692308,281
[O-][n+]1nc2nonc2[nH]1,281.5832,1,7,0,0,0,0,2,5,1,7,2,0,0,1,0,0,0,0,0.315358093242151,-0.570971574,0.1851851851851853,94.54,0,0,0,0,0,0,0,0,0,0,0,2,0,0,0,0,0,0,1,0,0,0,3,0,0,1,0,0,0,0,1,0,0,0,0,0,0,0,0,0,0,0,0,0,0,0,0.4398148148148151,0,0,0,0,0,0,2.221064814814815,0,0,0,9.91611111111111,0,0,0.2640740740740739,0,0,0,0,4.213935185185186,0,0,0,0,0.2224643889574147,0.8250987810864294,419.09812696558913,0.2238563173947491,0.5509078173819286,-0.314804467,2,1,2,5,0,0,0,0,0,0,1.1111111111111112,89
[O-][n+]1ncnn2cnnc21,295.3904,0,7,0,0,0,0,2,6,0,7,2,0,0,0,0,0,0,0,0.4669733661283693,-0.721376806,0.0717592592592595,82.91,0,0,0,0,0,2,0,0,0,0,0,1,0,0,0,0,0,0,0,0,0,0,4,0,0,2,0,0,0,0,0,0,0,0,0,0,0,0,0,0,2.453148148148148,0,0,0,0,0,0.0717592592592595,0,0,0,0,0,0,0,0,0,0,13.87638888888889,0,0,1.583333333333333,0,0,0,0,0,0,0,0,0,0.4080221859982207,0.5919778140310915,510.3424378053345,6.790762344979262e-06,0.6082989354768628,-0.695198783,3,2,1,6,0,0,0,0,0,0,1.1,220
[O-][n+]1onc(/C=N/O)c1/C=N/O,263.1736,2,8,0,0,0,0,1,7,2,8,1,2,0,0,0,0,0,0,0.2712973488230184,-0.410736055,-0.15712963,118.15,0,0,0,0,2,0,0,0,0,0,2,0,0,0,0,0,0,0,0,0,0,2,1,0,0,1,0,2,0,0,1,0,0,0,0,0,0,0,0,1.6760185185185184,0,0,0,0,0,-0.193888889,0,0,0,0,0,0,0,0,0,0,5.211902872260016,3.18787037037037,0,0,0.0106481481481479,0,16.18704081632653,0,0,4.10712962962963,0,0,0,0,0.421844498752293,0.5781555012606585,1196.7028337732932,6.431887419724429e-06,0.325392213829169,-0.557815224,4,4,4,4,0,0,0,0,0,0,0.4166666666666667,168
[O-][n+]1onc(-c2ncon2)c1-c1ncon1,214.2208,0,10,0,0,0,0,3,9,0,10,3,2,0,0,0,0,0,0,0.3000186132410093,-0.358898744,-0.046157407,130.81,0,0,0,0,0,2,0,0,0,0,4,0,0,0,0,0,0,0,0,0,0,0,5,0,0,1,0,0,0,0,3,0,0,0,0,0,0,0,0,0,2.1681552343159485,0,0,0,0,0.1476851851851868,0,0,0,0,0,0,0,0,0,0,0,17.940260770975055,0,0,0.1354629629629624,0,0,0,0,13.461818310657597,0,0,0,0,0.3673719254200329,0.6326280745868776,1705.6161673500694,3.782855583982328e-06,0.3781739600216099,-0.648298217,6,2,4,6,0,0,0,0,0,0,0.9375,214
[O-][n+]1onc(-c2no[n+]([O-])c2-c2no[n+]([O-])c2-c2nnn[nH]2)c1-c1nnn[nH]1,259.8264,2,20,0,0,0,0,5,15,2,20,5,4,0,2,0,0,0,0,0.3107704504818654,-0.358899444,-0.451505102,267.83,0,0,0,0,0,0,0,0,0,0,8,0,0,0,0,0,0,0,2,0,0,0,9,0,0,3,0,0,0,0,3,0,0,0,0,0,0,0,0,0,0,0,0,0,0,-2.420334362,0,0,0,0,0,0,0,4.662425497198676,0,0,0,31.06645187314289,0,0,-0.164812138,0,0,0,0,13.625525636180395,0,0,0,0,0.2506324770968273,0.8659538414640393,5488.244906316812,0.7960897979801832,0.5023116587561123,-0.451055367,8,2,6,14,0,0,0,0,0,0,0.8928571428571429,188.9
[O-][n+]1onc2c1-c1no[n+]([O-])c1-c1c(no[n+]1[O-])/N=N\2,265.2656,0,14,0,1,1,0,3,11,0,14,4,0,0,0,0,0,0,0,0.3635375264148937,-0.358876471,-0.426898148,183.63,0,0,0,0,0,0,0,0,0,0,6,0,0,0,0,0,0,0,0,0,0,2,3,0,0,3,0,0,0,0,3,0,0,0,0,0,0,0,0,0,0,0,0,0,0,-2.050835223,0,0,0,0,0,0,0,0,0,0,7.106793272864701,10.01516439909297,0,0,-0.242881708,0,0,0,0,13.033699452003024,0,0,0,0,0.4527642076573002,0.7124236561262782,2107.6348220525774,0.6270395947765368,0.3998343543389167,-0.342715161,6,0,6,8,0,0,0,0,0,0,0.75,161.1
[O-][n+]1onc2c3nc[nH]c3c3no[n+]([O-])c3c21,256.8976,1,10,0,0,0,1,4,7,1,10,4,0,0,1,0,0,0,0,0.2832553592910923,-0.358878704,-0.059398148,134.62,0,0,0,0,0,1,0,0,0,0,0,6,0,0,0,0,0,0,1,0,0,0,3,0,0,2,0,0,0,0,2,0,0,0,0,0,0,0,0,0,1.3999924414210128,0,0,0,0,0,1.1182407407407422,0,0,0,0,0,0,2.798487339380197,0,0,0,11.12906179138322,0,0,0.2509259259259253,0,0,0,0,8.927037037037039,0,0,0,0,0.4268745029644413,0.5731254972045183,1645.163016663288,2.0631635087290584e-05,0.3587735071391656,-0.75171592,7,2,4,6,0,0,0,0,0,1,1.2352941176470589,199
[O-]c1n[n+](-c2nnn[nH]2)no1,391.6224,1,9,0,0,0,0,2,7,1,9,2,1,0,1,0,0,0,0,0.4861209005618663,-0.525566487,-0.804259259,120.32000000000002,0,0,0,0,0,0,0,0,0,0,2,0,0,0,0,0,0,0,1,0,0,0,5,0,0,1,0,0,0,0,1,0,0,0,0,0,0,0,0,0,0,0,0,0,0,-0.683101852,0,0,0,0,0,0,0,2.333611111111111,0,0,0,16.3723828420257,0,0,0.849537037037037,0,0,0,0,4.119027777777777,0,0,0,0,0.1335391701365911,0.8664608338611088,887.7013217749184,0.0001012860590373,0.6319441309800936,-0.25793638,2,1,2,7,0,0,0,0,0,0,0.9090909090909092,160
C/N=[N+](\[O-])c1nonc1N(CN(c1nonc1/[N+]([O-])=N/C)[N+](=O)[O-])[N+](=O)[O-],117.177605,0,20,0,0,0,0,2,14,0,20,2,8,0,0,0,2,0,0,0.4481079319187963,-0.690618712,-1.210778534,247.46,2,0,1,0,0,0,0,0,0,0,4,0,0,0,0,0,0,0,0,0,0,2,4,2,2,0,0,0,2,0,2,0,0,0,0,2.1025940796683944,0,-1.210778534,0,0,0,0,0,0,0,-3.093293493,0,0,0,0,0,0,0,0,0,0,6.333329476826952,12.629696757567428,0.0583427815570669,-2.286948224,0,0,0,22.67032108213656,0,8.511989785507101,0,0,0,0,0.3084406760071154,0.9336842711592468,4662.075184460477,1.0516253051056803,0.4327476643217582,-0.412140633,7,8,8,12,2,0,0,0,0.2962962962962963,0,0.3703703703703703,162
C/N=[N+](\[O-])c1nonc1N[N+](=O)[O-],117.39498,1,10,0,0,0,0,1,7,1,10,1,3,0,1,0,1,0,0,0.4477286999539913,-0.690618835,-0.896296296,132.52,1,0,0,0,0,0,0,0,0,0,2,0,0,0,0,0,0,1,0,0,0,1,2,0,1,0,0,0,1,0,1,0,0,0,0,1.1920833333333334,0,0,0,0,0,0,0,0,0,-0.801111111,0,0,0,0,0,0,1.6217592592592591,0,0,0,3.1515495086923657,6.191435185185185,0,-0.896296296,0,0,0,9.963646541950112,0,4.100879629629629,0,0,0,0,0.505332414779277,0.6035179420500578,1030.8779277713738,0.5051158497518436,0.4465638506562893,-0.340239124,3,4,4,6,1,0,0,0,0.3076923076923077,0,0.3846153846153846,141
C[C@@]1(OO)CC[C@@](C)(OO)OO1,180.7488,2,6,0,1,1,0,0,6,2,6,1,2,0,0,0,0,0,0,0.2308311578451219,-0.248729276,-1.1825,77.38000000000001,2,0,2,0,0,0,0,0,0,0,0,0,2,0,0,0,0,0,0,0,0,0,0,0,0,0,0,2,0,4,0,0,0,0,0,3.007845804988662,0,0.6955555555555559,0,0,0,0,0,0,0,0,0,-2.365,0,0,0,0,0,0,0,0,0,0,0,0,0,0,16.769750566893425,0,17.391848072562357,0,0,0,0,0,0.265253063453581,0.976863284408567,916.2211399725998,0.8916768105625993,0,-1.065743023,6,12,6,0,0,0,0,0,0,0,0,124
C[C@]1(O)C[C@](C)(OO)OO1,188.28,2,5,0,1,1,0,0,5,2,5,1,1,0,0,0,0,0,0,0.2358329076908993,-0.363305238,-1.3775,68.15,2,0,1,0,0,0,0,0,0,0,0,0,2,0,0,0,0,0,0,0,0,0,0,0,0,0,0,2,0,3,0,0,0,0,0,2.866805555555556,0,0.0659722222222223,0,0,0,0,0,0,0,0,0,-2.624027778,0,0,0,0,0,0,0,0,0,0,0,0,0,0,17.36423611111111,0,12.827013888888889,0,0,0,0,0,0.3983465885305514,0.8995460971883891,542.8358917197779,0.6703727958066037,0,-1.065743023,5,10,5,0,0,0,0,0,0,0,0,82
C[C@]1(OO)C[C@](C)(OO)OO1,176.9832,2,6,0,1,1,0,0,6,2,6,1,2,0,0,0,0,0,0,0.235952505885751,-0.248725624,-1.280277778,77.38000000000001,2,0,1,0,0,0,0,0,0,0,0,0,2,0,0,0,0,0,0,0,0,0,0,0,0,0,0,2,0,4,0,0,0,0,0,2.883472222222222,0,0.0625,0,0,0,0,0,0,0,0,0,-2.560555556,0,0,0,0,0,0,0,0,0,0,0,0,0,0,16.621666666666666,0,16.992916666666666,0,0,0,0,0,0.3071440673031703,0.9493838857390772,722.7790164918096,0.6781820136132202,0,-0.866796285,5,10,6,0,0,0,0,0,0,0,0,96
C[C@]12C[C@](C)(OO1)OO2,417.5632,0,4,0,2,2,0,0,4,0,4,2,0,0,0,0,0,0,0,0.2363614124172213,-0.194948891,-0.671875,36.92,2,0,1,0,0,0,0,0,0,0,0,0,2,0,0,0,0,0,0,0,0,0,0,0,0,0,0,0,0,4,0,0,0,0,0,3.5381944444444446,0,0.6250000000000001,0,0,0,0,0,0,0,0,0,-1.34375,0,0,0,0,0,0,0,0,0,0,0,0,0,0,0,0,19.18055555555556,0,0,0,0,0,0.4589249588695462,0.931966615381288,332.07631068831074,0.589817729223542,0,-1.211066117,5,8,4,0,0,0,0,0,0,0,0,121
C=C1N[N+]([O-])=Nc2n[nH]cc21,299.5744,2,6,0,1,1,0,1,4,2,6,2,0,0,2,0,0,0,0,0.2529789851263386,-0.571020449,0.3249074074074072,79.13999999999999,0,1,0,0,0,1,0,0,0,1,2,0,0,0,0,0,0,1,1,0,0,1,1,0,0,0,0,0,0,0,0,0,0,0,0,0,3.6053703703703706,0,0,0,1.6261574074074074,0,0,0,0.4988425925925928,1.084120370370371,0,0,0,0,0,0,2.3781481481481483,2.5810185185185186,0,0,3.519675925925926,3.723425925925926,0,0,0,0,0,0,0,0,0,0,0,0,0.3501557077661972,0.6498442923131981,736.3098183396729,1.6115283250219795e-05,0.4631804617247516,-1.217502928,5,5,1,5,0,0,0,0,0,0,1,275
C=CCn1nnc(CCc2nnn(CC=C)n2)n1,288.696,0,8,0,0,0,0,2,8,0,8,2,7,2,0,0,0,0,0,0.1747770964252111,-0.160324681,0.556316716692799,87.2,0,2,4,0,2,0,0,0,0,0,2,0,0,0,0,0,0,0,0,0,0,0,6,0,0,2,0,0,0,0,0,0,0,0,0,0,7.222625286382709,2.384310965509559,0,3.4323167016103246,0,0,0,0,0,1.3276309103888473,0,0,0,0,0,0,0,0,0,0,0,23.98564499874024,0,0,2.9808044707016568,0,0,0,0,0,0,0,0,0,0.1035035949909768,0.9648007198424856,3833.930480616745,0.762935330672239,0.4547706250659821,-1.754115268,10,14,0,8,0,0,0,0,0,0,0.5555555555555556,225
C=CCn1nnc(CCc2nnnn2CC=C)n1,296.2272,0,8,0,0,0,0,2,8,0,8,2,7,2,0,0,0,0,0,0.1747756513509647,-0.225810855,0.5567482415372028,87.2,0,2,4,0,2,0,0,0,0,0,2,0,0,0,0,0,0,0,0,0,0,0,6,0,0,2,0,0,0,0,0,0,0,0,0,0,7.271008876168057,2.4676591342459853,0,3.4668293335852858,0,0,0,0,0,1.4583090304022843,0,0,0,0,0,0,0,0,0,0,0,23.478838655832703,0,0,3.190688303099017,0,0,0,0,0,0,0,0,0,0.3124230975638523,0.9793525422223772,2182.9445614461247,0.989563021829026,0.4547706250659821,-1.754115268,10,14,0,8,0,0,0,0,0,0,0.5555555555555556,230
C=Cn1nnc(CCc2nnn(C=C)n2)n1,295.3904,0,8,0,0,0,0,2,8,0,8,2,5,2,0,0,0,0,0,0.1751927870972175,-0.138875839,0.6078136810279668,87.2,0,2,2,0,2,0,0,0,0,0,2,0,0,0,0,0,0,0,0,0,0,0,6,0,0,2,0,0,0,0,0,0,0,0,0,0,7.051642304304642,1.2156273620559337,0,2.9498851585323447,0,0,0,0,0,1.2404686318972038,0,0,0,0,0,0,0,0,0,0,0,23.257944381456284,0,0,2.617765495086924,0,0,0,0,0,0,0,0,0,0.0643383926574409,0.9560840401930244,3172.6730985181725,0.4293184656305014,0.5132341080724392,-1.539702324,8,10,0,8,0,0,0,0,0,0,0.625,190
C=Cn1nnc(CCc2nnnn2C=C)n1,300.4112,0,8,0,0,0,0,2,8,0,8,2,5,2,0,0,0,0,0,0.1751915687209003,-0.205233984,0.6131481481481482,87.2,0,2,2,0,2,0,0,0,0,0,2,0,0,0,0,0,0,0,0,0,0,0,6,0,0,2,0,0,0,0,0,0,0,0,0,0,7.125570042831948,1.2399896069538927,0,3.021480221718317,0,0,0,0,0,1.336541950113379,0,0,0,0,0,0,0,0,0,0,0,22.78660178886369,0,0,2.823149722852104,0,0,0,0,0,0,0,0,0,0.3503127448350843,0.8739085313907623,1631.1241639951088,0.7807180363983888,0.5132341080724392,-1.539702324,8,10,0,8,0,0,0,0,0,0,0.625,186
C=NN/C(N)=N\[N+](=O)[O-],259.7872,3,7,0,0,0,0,0,3,2,7,0,2,0,1,1,1,0,0,0.2860425453448731,-0.363220965,-0.936990741,105.91,0,1,0,0,0,0,0,0,0,1,0,0,0,0,1,0,0,1,0,0,0,2,0,0,1,0,0,0,1,0,0,0,0,0,0,0,2.9634013605442178,0,0,0,0,0,0,0,-0.393518519,0,0,0,0,4.848611111111111,0,0,1.9768055555555557,0,0,0,5.667314814814815,0,0,-0.936990741,0,0,0,9.520521541950114,0,0,0,0,0,0,0.4934595939894368,0.6110450331503556,545.9256326412423,0.3708793208061592,0.5339639192951675,-0.549220031,2,5,2,5,1,0,0,0,0.4444444444444444,0,0,170.9
c1cn(/N=N/n2cnnn2)nn1,235.5592,0,9,0,0,0,0,2,9,0,9,2,2,0,0,0,0,0,0,0.1655764688511671,-0.137051068,1.0988888888888888,99.03,0,0,0,0,0,3,0,0,0,0,0,0,0,0,0,0,0,0,0,0,0,2,5,0,0,2,0,0,0,0,0,0,0,0,0,0,0,0,0,0,4.326284013605442,0,0,0,0,0,0,0,0,0,0,0,0,0,0,0,7.171944444444445,17.220660430839,0,0,2.281111111111111,0,0,0,0,0,0,0,0,0,0.0738699662158256,0.9261300337988522,1372.7745764519686,7.089899363953932e-06,0.763081395348837,-0.726744186,3,3,0,9,0,0,0,0,0,0,0.8333333333333334,194
c1nc(-c2nonc2/N=N\c2nonc2-c2ncon2)no1,212.9656,0,14,0,0,0,0,4,14,0,14,4,4,0,0,0,0,0,0,0.2487908624852374,-0.342358787,0.0170944349962209,180.4,0,0,0,0,0,2,0,0,0,0,6,0,0,0,0,0,0,0,0,0,0,2,8,0,0,0,0,0,0,0,4,0,0,0,0,0,0,0,0,0,2.251655657620665,0,0,0,0,0.6211043923742356,0,0,0,0,0,0,0,0,0,0,7.644945200302343,29.138532631423143,0,0,0,0,0,0,0,18.343762118279614,0,0,0,0,0.3641187171481896,0.8929826257804582,2713.105021271684,0.7832586288003162,0.4633153522851375,-0.688354238,8,2,4,10,0,0,0,0,0,0,0.9090909090909092,259
c1nnc(N(c2nncnn2)c2nncnn2)nn1,418.8184,0,13,0,0,0,0,3,13,0,13,3,3,0,0,0,0,0,0,0.2782163480025553,-0.205167014,0.0343518518518519,157.91999999999996,0,0,0,0,0,3,0,0,0,0,3,0,0,0,0,0,0,0,0,0,0,0,12,1,0,0,0,0,0,0,0,0,0,0,0,0,0,0,0,0,3.5189909297052155,0,0,0,0,0.1030555555555567,0,0,0,0,0,0,0,0,0,0,0,44.16962018140589,1.2083333333333333,0,0,0,0,0,0,0,0,0,0,0,0.5194484089275883,0.5194491885528162,2360.2415881986058,0.2850511875868903,0.7076728063115081,-0.839875418,6,3,0,13,0,0,0,0,0,0,0.9473684210526316,231
c1nnc(Nc2nonc2/N=N\c2nonc2Nc2nncnn2)nn1,218.4048,2,18,0,0,0,0,4,18,2,18,4,6,0,2,0,0,0,0,0.267371222438799,-0.299974609,-0.02250231,229.73999999999995,0,0,0,0,0,2,0,0,0,0,6,0,0,0,0,0,0,2,0,0,0,2,12,0,0,0,0,0,0,0,2,0,0,0,0,0,0,0,0,0,2.3342030467482098,0,0,0,0,0.2339598415833326,0,0,0,0,0,0,5.314203574170205,0,0,0,7.662608024691359,43.2762024534842,0,0,0,0,0,0,0,9.1788230593227,0,0,0,0,0.3086990863788139,0.798898229691499,5287.085776393561,0.7025543805787687,0.6288072312831597,-0.718636836,8,4,2,16,0,0,0,0,0,0,0.8461538461538461,219
c1nnc2nnc(/N=N\c3nnc4nncnn34)n2n1,207.108,0,14,0,0,0,0,4,14,0,14,4,2,0,0,0,0,0,0,0.2920716123214631,-0.155755162,0.1191345427059717,162.44,0,0,0,0,0,2,0,0,0,0,2,2,0,0,0,0,0,0,0,0,0,2,10,0,0,2,0,0,0,0,0,0,0,0,0,0,0,0,0,0,2.470229808738106,0,0,0,0,0.2382690854119435,0.4102649701856058,0,0,0,0,0,0,0,0,0,7.719074074074074,37.28724174161044,0,0,2.5415869866465104,0,0,0,0,0,0,0,0,0,0.1089182427917993,0.938319352632315,3331.3611174246817,0.4803126744944446,0.725442297727441,-0.769857132,6,2,0,14,0,0,0,0,0,0,1.1,193
c1nnc2nncn2n1,468.608,0,6,0,0,0,0,2,6,0,6,2,0,0,0,0,0,0,0,0.2900421724079202,-0.181386154,0.4143518518518521,68.86,0,0,0,0,0,2,0,0,0,0,0,1,0,0,0,0,0,0,0,0,0,0,5,0,0,1,0,0,0,0,0,0,0,0,0,0,0,0,0,0,2.792037037037037,0,0,0,0,0,0.4143518518518521,0,0,0,0,0,0,0,0,0,0,18.022777777777776,0,0,1.4375,0,0,0,0,0,0,0,0,0,0.2874303252362322,0.7125696750843066,393.5814494855584,2.1120549357972345e-05,0.6880114013317935,-0.917348535,3,2,0,6,0,0,0,0,0,0,1.2222222222222223,243
c1nnnn1/N=N/n1cnnn1,238.0696,0,10,0,0,0,0,2,10,0,10,2,2,0,0,0,0,0,0,0.1655764764521686,-0.114906673,1.0711111111111111,111.92,0,0,0,0,0,2,0,0,0,0,0,0,0,0,0,0,0,0,0,0,0,2,6,0,0,2,0,0,0,0,0,0,0,0,0,0,0,0,0,0,2.571145124716553,0,0,0,0,0,0,0,0,0,0,0,0,0,0,0,7.069444444444445,20.21718820861678,0,0,2.1422222222222222,0,0,0,0,0,0,0,0,0,0.0723733962507915,0.9276266037505868,1377.4963191619802,2.3078496369342246e-06,0.8428251499024729,-0.481614371,2,2,0,10,0,0,0,0,0,0,0.8333333333333334,80
c1nnnn1Nc1nncn1/N=N/n1cnnc1Nn1cnnn1,188.28,2,18,0,0,0,0,4,18,2,18,4,6,0,2,0,0,0,0,0.2669094717629271,-0.240721592,0.230657333921223,197.4,0,0,0,0,0,4,0,0,0,0,2,0,0,0,0,0,0,2,0,0,0,2,10,0,0,4,0,0,0,0,0,0,0,0,0,0,0,0,0,0,5.331584363382287,0,0,0,0,0.4613146678424464,0,0,0,0,0,0,5.485932966544438,0,0,0,7.866834845049131,36.239288008727456,0,0,4.9483784817875724,0,0,0,0,0,0,0,0,0,0.4065095139724985,0.6680960640314769,3576.1128307452245,0.4818479768103669,0.7630813953488373,-0.726744186,6,6,0,18,0,0,0,0,0,0,0.8333333333333334,170
c1nnnn1Nc1nncn1-n1cnnn1,267.776,1,12,0,0,0,0,3,12,1,12,3,3,0,1,0,0,0,0,0.2655628454920828,-0.240763559,0.3607407407407415,129.94,0,0,0,0,0,3,0,0,0,0,1,0,0,0,0,0,0,1,0,0,0,0,8,0,0,3,0,0,0,0,0,0,0,0,0,0,0,0,0,0,4.204154383975813,0,0,0,0,0.3607407407407415,0,0,0,0,0,0,2.774305555555556,0,0,0,0,28.744885676492817,0,0,4.082580309901738,0,0,0,0,0,0,0,0,0,0.2236289044506011,0.7955036863953987,1989.573048826477,0.2999834075766894,0.7630813953488369,-0.726744186,4,4,0,12,0,0,0,0,0,0,0.9375,183
CC(C)(C)COOC(N=[N+]=[N-])c1ccc(C(N=[N+]=[N-])OOCC(C)(C)C)cc1,134.3064,0,10,0,0,0,1,1,6,0,10,1,10,0,0,0,0,0,0,0.1963141386819062,-0.235429749,-0.94687313,134.44,6,0,2,0,0,4,2,0,0,0,2,0,2,0,0,0,0,0,0,0,0,2,0,0,0,0,0,0,0,4,0,0,0,0,0,11.948256426067363,0,0.6675516481823371,0,0,6.67516298185941,-1.893746259,0,0,0,1.149548742336441,0,-0.199050186,0,0,0,0,0,0,0,0,7.193745946113371,0,0,0,0,0,0,0,20.85754412925908,0,0,0,0,0,0.2499784781124534,0.8912528197786178,8319.520944347603,1.080812036902979,0.2140345512918516,-1.875350354,18,28,4,6,0,0,0,0,0,1,0.2142857142857142,129
CC(C)(C)COOC(N=[N+]=[N-])c1cccc(C(N=[N+]=[N-])OOCC(C)(C)C)c1,132.6328,0,10,0,0,0,1,1,6,0,10,1,10,0,0,0,0,0,0,0.1963252226292826,-0.235429748,-1.00508443,134.44,6,0,2,0,0,4,2,0,0,0,2,0,2,0,0,0,0,0,0,0,0,2,0,0,0,0,0,0,0,4,0,0,0,0,0,11.910522072940072,0,0.6294531374817764,0,0,6.739277919501133,-2.010168861,0,0,0,1.0310562326782569,0,-0.234931394,0,0,0,0,0,0,0,0,7.225354445037887,0,0,0,0,0,0,0,20.96774938625588,0,0,0,0,0,0.2237595325599625,0.9222802206052544,7862.607255333311,1.0817028087433065,0.2140345512918516,-1.875350354,18,28,4,6,0,0,0,0,0,1,0.2142857142857142,104
CC(C)(C)COOC(N=[N+]=[N-])c1ccccc1C(N=[N+]=[N-])OOCC(C)(C)C,134.3064,0,10,0,0,0,1,1,6,0,10,1,10,0,0,0,0,0,0,0.1966756500035338,-0.235429565,-1.091519471,134.44,6,0,2,0,0,4,2,0,0,0,2,0,2,0,0,0,0,0,0,0,0,2,0,0,0,0,0,0,0,4,0,0,0,0,0,11.862725154589125,0,0.5785439220071253,0,0,6.7998941798941805,-2.183038942,0,0,0,0.8721626984126993,0,-0.28180712,0,0,0,0,0,0,0,0,7.277727544721593,0,0,0,0,0,0,0,21.136251228529368,0,0,0,0,0,0.6211941664062163,0.7359135317996507,4752.193447510935,1.155924135822605,0.2140345512918516,-1.875350354,18,28,4,6,0,0,0,0,0,1,0.2142857142857142,119
CC(C)(C)COOC1(N=[N+]=[N-])CCC(C2CCC(N=[N+]=[N-])(OOCC(C)(C)C)CC2)CC1,126.3568,0,10,2,0,2,0,0,6,0,10,2,9,0,0,0,0,0,0,0.1816570518113423,-0.235491449,-0.926653277,134.44,6,0,10,0,0,0,2,0,0,0,0,0,4,0,0,0,0,0,0,0,0,2,0,0,0,0,0,0,0,4,0,0,0,0,0,12.362142820891991,0,7.003107525454605,0,0,0,1.0051718264466278,0,0,0,0,0,-1.920926014,0,0,0,0,0,0,0,0,7.913619380690227,0,0,0,0,0,0,0,22.1905178333679,0,0,0,0,0,0.099907995977601,0.9550877957466396,13304.553365393263,1.0185872401121747,0.1855943437914275,-2.121078215,22,40,4,6,0,0,0,0,0,0,0,115
CC(C)(C)COOC1(N=[N+]=[N-])CCC(N=[N+]=[N-])(OOCC(C)(C)C)CC1,139.3272,0,10,1,0,1,0,0,6,0,10,1,8,0,0,0,0,0,0,0.1818522493381185,-0.235491423,-1.150929705,134.44,6,0,6,0,0,0,0,0,0,0,0,0,4,0,0,0,0,0,0,0,0,2,0,0,0,0,0,0,0,4,0,0,0,0,0,12.02691953604541,0,1.8067161631257944,0,0,0,0,0,0,0,0,0,-2.486420924,0,0,0,0,0,0,0,0,7.5642090262030734,0,0,0,0,0,0,0,21.54548970169641,0,0,0,0,0,0.2249620691338878,0.8659975780040751,6103.989139911277,0.9926496496236464,0.2267488001209329,-1.857180649,16,30,4,6,0,0,0,0,0,0,0,143
CC[C@]1(O)C[C@](CC)(OO)OO1,176.5648,2,5,0,1,1,0,0,5,2,5,1,3,0,0,0,0,0,0,0.2383320642819733,-0.36310461,-1.334583333,68.15,2,0,3,0,0,0,0,0,0,0,0,0,2,0,0,0,0,0,0,0,0,0,0,0,0,0,0,2,0,3,0,0,0,0,0,3.521284013605442,0,0.9101388888888892,0,0,0,0,0,0,0,0,0,-2.538194444,0,0,0,0,0,0,0,0,0,0,0,0,0,0,18.08767431972789,0,13.519097222222223,0,0,0,0,0,0.4523942505428608,0.8734857918227577,793.2010450666024,0.9060358739393256,0,-1.436717101,7,14,5,0,0,0,0,0,0,0,0,95
CC[C@]1(OO)C[C@](CC)(OO)OO1,170.7072,2,6,0,1,1,0,0,6,2,6,1,4,0,0,0,0,0,0,0.2384517016872936,-0.248714859,-1.237361111,77.38000000000001,2,0,3,0,0,0,0,0,0,0,0,0,2,0,0,0,0,0,0,0,0,0,0,0,0,0,0,2,0,4,0,0,0,0,0,3.505345804988662,0,0.8781944444444447,0,0,0,0,0,0,0,0,0,-2.474722222,0,0,0,0,0,0,0,0,0,0,0,0,0,0,17.195209750566896,0,17.89597222222222,0,0,0,0,0,0.3977181169190313,0.8168966730100767,1006.1509641644024,0.7131114342031923,0,-1.235947534,7,14,6,0,0,0,0,0,0,0,0,129
CC1(C)[C@@](C)(O)OO[C@@]1(C)OO,172.7992,2,5,0,1,1,0,0,5,2,5,1,1,0,0,0,0,0,0,0.2408028418294359,-0.362900993,-1.481666667,68.15,4,0,0,0,0,0,0,0,0,0,0,0,3,0,0,0,0,0,0,0,0,0,0,0,0,0,0,2,0,3,0,0,0,0,0,6.248194444444444,0,0,0,0,0,0,0,0,0,0,0,-3.698680556,0,0,0,0,0,0,0,0,0,0,0,0,0,0,18.22763888888889,0,13.472847222222224,0,0,0,0,0,0.5275879428059295,0.9349868699525624,655.6785654520642,0.8919639175336223,0,-1.436717101,7,14,5,0,0,0,0,0,0,0,0,67
CC1(C)[C@@](C)(OO)OO[C@@]1(C)OO,168.1968,2,6,0,1,1,0,0,6,2,6,1,2,0,0,0,0,0,0,0.2409230913530016,-0.248703861,-1.384444444,77.38000000000001,4,0,0,0,0,0,0,0,0,0,0,0,3,0,0,0,0,0,0,0,0,0,0,0,0,0,0,2,0,4,0,0,0,0,0,6.257361111111111,0,0,0,0,0,0,0,0,0,0,0,-3.654305556,0,0,0,0,0,0,0,0,0,0,0,0,0,0,17.292916666666667,0,17.854027777777777,0,0,0,0,0,0.4880075136668437,0.9281600218955444,825.8234195541801,1.1073484973486782,0,-1.235947534,7,14,6,0,0,0,0,0,0,0,0,64
CC1(O[N+](=O)[O-])COC1,138.88083,0,5,0,1,1,0,0,4,0,5,1,2,0,0,0,0,0,0,0.2947153008942961,-0.376071542,-0.789166667,61.60000000000001,1,0,2,0,0,0,0,0,0,0,0,0,1,0,0,0,0,0,0,0,0,0,0,0,1,0,0,0,1,2,0,0,0,0,0,1.6381944444444445,0,0.6269444444444447,0,0,0,0,0,0,0,0,0,-0.677083333,0,0,0,0,0,0,0,0,0,0,0,-0.789166667,0,0,0,9.735486111111111,8.980138888888888,0,0,0,0,0,0.3179416401435828,0.9594865504828166,491.35016697249887,0.830745615058444,0.1051817013891497,-0.90155744,4,7,4,1,0,1,0,0,0.4444444444444444,0,0,141
CC1[C@](C)(O)OO[C@@]1(C)OO,181.1672,2,5,0,1,1,0,0,5,2,5,1,1,0,0,0,0,0,0,0.2383231670534052,-0.363103507,-1.419166667,68.15,3,0,0,0,0,0,1,0,0,0,0,0,2,0,0,0,0,0,0,0,0,0,0,0,0,0,0,2,0,3,0,0,0,0,0,4.545925925925927,0,0,0,0,0,-0.472222222,0,0,0,0,0,-2.707361111,0,0,0,0,0,0,0,0,0,0,0,0,0,0,17.8031712962963,0,13.163819444444444,0,0,0,0,0,0.4450682464817185,0.869219581749039,624.1175909634545,0.8469931586859135,0,-1.267079686,6,12,5,0,0,0,0,0,0,0,0,133
CC1[C@](C)(OO)OO[C@@]1(C)OO,176.5648,2,6,0,1,1,0,0,6,2,6,1,2,0,0,0,0,0,0,0.2384430958215953,-0.248714779,-1.321944444,77.38000000000001,3,0,0,0,0,0,1,0,0,0,0,0,2,0,0,0,0,0,0,0,0,0,0,0,0,0,0,2,0,4,0,0,0,0,0,4.558842592592592,0,0,0,0,0,-0.486111111,0,0,0,0,0,-2.643888889,0,0,0,0,0,0,0,0,0,0,0,0,0,0,16.9625,0,17.441990740740742,0,0,0,0,0,0.4810642981724846,0.9576773919411572,696.0154706328301,0.9054771970739838,0,-1.065743023,6,12,6,0,0,0,0,0,0,0,0,118
CC1[C@]2(C)OO[C@@]1(C)OO2,399.9904,0,4,0,2,2,0,0,4,0,4,2,0,0,0,0,0,0,0,0.2388522242951429,-0.194639364,-0.713541667,36.92,3,0,0,0,0,0,1,0,0,0,0,0,2,0,0,0,0,0,0,0,0,0,0,0,0,0,0,0,0,4,0,0,0,0,0,5.533564814814815,0,0,0,0,0,0.0972222222222218,0,0,0,0,0,-1.427083333,0,0,0,0,0,0,0,0,0,0,0,0,0,0,0,0,19.62962962962963,0,0,0,0,0,0.5897290339280907,0.8171940562794309,405.1129940364347,0.6012235886989399,0,-1.423273255,6,10,4,0,0,0,0,0,0,0,0,136
Cc1[nH][nH]c(=O)c1[N+](=O)[O-],274.77466,2,6,0,0,0,0,1,3,2,6,1,1,1,2,0,1,0,0,0.3549060171314239,-0.295569261,-0.717592593,91.79,1,0,0,0,0,0,0,0,0,0,2,0,0,0,0,0,0,0,2,0,0,0,0,0,1,0,0,0,2,0,0,0,0,0,0,1.454398148148148,0,0,0,0,0,0,0,0,0,-0.171296296,0,0,0,0,0,0,0,4.435092592592593,0,0,0,0,0,-0.717592593,0,0,0,20.62226851851852,0,0,0,0,0,0,0.4482880099647401,0.557130495439236,612.4815514304646,0.1209743452435039,0.2934969462341545,-0.838562704,4,5,3,3,0,0,0,0,0.4,0,0.5,235
Cc1[nH]c2c([N+](=O)[O-])c([N+](=O)[O-])nn2c1[N+](=O)[O-],257.2258,1,12,0,0,0,0,2,8,1,12,2,3,1,1,0,3,0,0,0.4959986569414613,-0.357747743,-1.071396447,162.51,1,0,0,0,0,0,0,0,0,0,4,1,0,0,0,0,0,0,1,0,0,0,1,0,3,1,0,0,3,0,0,0,0,0,0,1.3079091080876797,0,0,0,0,0,0,0,0,0,-2.521066704,-0.392685185,0,0,0,0,0,0,2.346296296296296,0,0,0,3.278472222222222,0,-2.919196901,0.547222222222222,0,0,32.09319113756614,0,0,0,0,0,0,0.3217838614469295,0.7141591184665194,2224.270571992227,0.3453449392793821,0.3279533369252032,-0.499738418,6,4,6,6,0,0,0,0,0.6666666666666666,0,0.5555555555555556,239.2
CC1=Nn2c(N)nnc2C1N,322.168,4,6,0,1,1,0,1,6,2,6,2,0,0,0,2,0,0,0,0.2426489953731209,-0.366391303,-0.250185185,95.11,1,0,0,0,0,0,1,0,0,1,2,0,0,0,2,0,0,0,0,0,0,1,2,0,0,1,0,0,0,0,0,0,0,0,0,1.8321296296296297,0,0,0,0,0,-0.250185185,0,0,0.8070370370370372,0.8956481481481486,0,0,0,11.136574074074074,0,0,0,0,0,0,4.050925925925926,7.402870370370371,0,0,1.4583333333333333,0,0,0,0,0,0,0,0,0,0.3569988025840461,0.7373246547745749,677.0028883997613,0.551461919949947,0.5520468451179997,-1.47212492,5,8,0,6,0,0,0,0,0,0,0.9090909090909092,289
Cc1c(/C=N/n2nn[nH]/c2=N\[N+](=O)[O-])no[n+]1[O-],188.77925,1,13,0,0,0,0,2,9,1,13,2,3,0,1,0,1,0,0,0.3362424635890916,-0.359311033,-0.936345427,167.33,1,0,0,0,1,0,0,0,0,0,2,0,0,0,0,0,0,0,1,0,0,2,3,0,1,2,0,0,1,0,1,0,0,0,0,1.4589524281934996,0,0,0,1.1197609599395313,0,0,0,0,0,0.3223731313513065,0,0,0,0,0,0,0,2.162173091458806,0,0,6.616960112748803,10.068108229402872,0,-0.936345427,0.9476060563114131,0,0,10.176711598219534,0,4.295072751322751,0,0,0,0,0.2014510594948234,0.825985869764834,3102.3177550662517,0.4292646331105955,0.4938194188607663,-0.533011436,5,5,4,9,1,0,0,0,0.2222222222222222,0,0.5555555555555556,146
Cc1c(/C=N/n2nnnc2N)no[n+]1[O-],246.0192,2,10,0,0,0,0,2,9,1,10,2,2,0,0,1,0,0,0,0.2634104352032652,-0.365087681,0.0299981103552535,134.95,1,0,0,0,1,0,0,0,0,0,3,0,0,0,1,0,0,0,0,0,0,1,4,0,0,2,0,0,0,0,1,0,0,0,0,1.5355149281934997,0,0,0,1.2638425925925925,0,0,0,0,0,0.5904572940287234,0,0,0,5.350284155328798,0,0,0,0,0,0,3.766018518518519,13.591161344167295,0,0,1.2575018896447463,0,0,0,0,4.323116732804233,0,0,0,0,0.1375452982916116,0.902067586504268,2078.3449283495265,0.5262394070247723,0.532934901050167,-0.83746913,5,6,2,8,0,0,0,0,0,0,0.6666666666666666,205
Cc1c(/N=N/c2no[n+]([O-])c2C)no[n+]1[O-],209.2,0,10,0,0,0,0,2,8,0,10,2,2,0,0,0,0,0,0,0.3538101151247523,-0.359259219,0.0091194255479971,130.66,2,0,0,0,0,0,0,0,0,0,4,0,0,0,0,0,0,0,0,0,0,2,2,0,0,2,0,0,0,0,2,0,0,0,0,2.9192165847820606,0,0,0,0,0,0,0,0,0,0.3236054421768723,0,0,0,0,0,0,0,0,0,0,7.191203703703703,6.677150415721844,0,0,0.3844943625598387,0,0,0,0,8.531457231040566,0,0,0,0,0.1175935838345175,0.8850679227746633,2603.692691488219,0.1941650508462851,0.371431603523294,-0.778237645,6,6,4,6,0,0,0,0,0,0,0.625,145
Cc1c([N+](=O)[O-])c2cc(c1[N+](=O)[O-])Oc1cc(c([N+](=O)[O-])cc1[N+](=O)[O-])Oc1cc(c([N+](=O)[O-])c(C)c1[N+](=O)[O-])Oc1cc(c([N+](=O)[O-])cc1[N+](=O)[O-])O2,259.0103,0,28,0,1,1,4,4,20,0,28,5,8,0,0,0,8,8,0,0.321118544391083,-0.442553731,-1.29445441,382.04,2,0,0,0,0,6,0,0,0,0,18,0,0,0,0,0,0,0,0,0,0,0,0,0,8,0,0,0,8,4,0,0,0,0,0,1.553506417434433,0,0,0,0,1.870428702089957,0,0,0,0,-20.94662484,0,0,0,0,0,0,0,0,0,0,0,0,0,-10.01054276,0,0,0,96.9144294061513,21.704373672129805,0,0,0,0,0,0.729877000902019,0.7640907902043883,14252.52080245564,1.9833893853288151,0.1480662808129895,-0.803788382,26,12,20,8,0,0,0,0,0.5925925925925926,4,0.4444444444444444,358.23
Cc1c([N+](=O)[O-])cc([N+](=O)[O-])cc1[N+](=O)[O-],239.92387,0,9,0,0,0,1,1,6,0,9,1,3,0,0,0,3,3,1,0.2855637870442924,-0.258302312,-0.917222222,129.42000000000002,1,0,0,0,0,2,0,0,0,0,4,0,0,0,0,0,0,0,0,0,0,0,0,0,3,0,0,0,3,0,0,0,0,0,0,1.1666591080876794,0,0,0,0,1.3935185185185184,0,0,0,0,-2.160740741,0,0,0,0,0,0,0,0,0,0,0,0,0,-2.704259259,0,0,0,31.48574452003023,0,0,0,0,0,0,0.4945577408229753,0.5383294371880264,1906.2626887097524,0.2695979417325248,0.1849144990578165,-0.739657996,7,5,6,3,0,0,0,0,0.75,1,0.375,295
Cc1c([N+](=O)[O-])no[n+]1[O-],257.08017,0,7,0,0,0,0,1,5,0,7,1,1,0,0,0,1,0,0,0.4348927404854916,-0.359185049,-0.784490741,96.11,1,0,0,0,0,0,0,0,0,0,2,0,0,0,0,0,0,0,0,0,0,0,1,0,1,1,0,0,1,0,1,0,0,0,0,1.2516203703703703,0,0,0,0,0,0,0,0,0,-0.694444444,0,0,0,0,0,0,0,0,0,0,0,2.891203703703704,0,-0.784490741,-0.015740741,0,0,9.965925925925928,0,3.9260185185185184,0,0,0,0,0.2816186632931735,0.723399349833641,660.4434113579211,0.139486338027948,0.2895074237975101,-0.386009898,3,3,4,3,0,0,0,0,0.4,0,0.5,188
Cc1c(-c2nc(N[N+](=O)[O-])n[nH]2)no[n+]1[O-],151.87474,2,11,0,0,0,0,2,7,2,11,2,3,0,2,0,1,0,0,0.3035342467513382,-0.359309833,-0.809141708,149.71,1,0,0,0,0,0,0,0,0,0,4,0,0,0,0,0,0,1,1,0,0,0,3,0,1,1,0,0,1,0,1,0,0,0,0,1.4602743134290752,0,0,0,0,0,0,0,0,0,0.1692129629629646,0,0,0,0,0,0,1.746585648148148,2.3787962962962963,0,0,0,10.624006991685564,0,-0.809141708,0.192913202317964,0,0,10.097825018896447,0,4.309092576845553,0,0,0,0,0.1450032937004211,0.8593057786642249,2419.406610968683,0.2041916372383787,0.4314519679492822,-0.59874967,5,5,4,7,1,0,0,0,0.25,0,0.625,180.5
Cc1c(-c2no[n+]([O-])c2[N+](=O)[O-])no[n+]1[O-],201.07645,0,11,0,0,0,0,2,8,0,11,2,2,0,0,0,1,0,0,0.4998813110607822,-0.359308951,-0.997920446,149.07999999999998,1,0,0,0,0,0,0,0,0,0,4,0,0,0,0,0,0,0,0,0,0,0,2,0,1,2,0,0,1,0,2,0,0,0,0,1.2979979213907784,0,0,0,0,0,0,0,0,0,-1.717685185,0,0,0,0,0,0,0,0,0,0,0,6.378703703703703,0,-0.997920446,-0.359644747,0,0,10.536528722600153,0,8.241322751322752,0,0,0,0,0.2864230870740501,0.8139357124180489,1654.486291672504,0.5939842643692903,0.3055327618415769,-0.384098329,5,3,6,5,0,0,0,0,0.25,0,0.625,129
Cc1c(N(CN(c2no[n+]([O-])c2C)[N+](=O)[O-])[N+](=O)[O-])no[n+]1[O-],140.34076,0,16,0,0,0,0,2,10,0,16,2,6,0,0,0,2,0,0,0.3727496725164927,-0.359258225,-1.039663171,198.7,2,0,1,0,0,0,0,0,0,0,4,0,0,0,0,0,0,0,0,0,0,0,2,2,2,2,0,0,2,0,2,0,0,0,0,2.3309202569916856,0,-1.027037037,0,0,0,0,0,0,0,-1.678223052,0,0,0,0,0,0,0,0,0,0,0,6.3405377614008565,0.3597146636432349,-2.079326342,-0.203801965,0,0,22.238845899470903,0,8.38077664399093,0,0,0,0,0.3372869491819755,0.8023703856527374,3626.072185041905,0.8071923337577925,0.3371574615655546,-0.481653517,7,8,8,8,2,0,0,0,0.3478260869565217,0,0.4347826086956521,125
Cc1cc([N+](=O)[O-])c(C)c([N+](=O)[O-])c1[N+](=O)[O-],251.2301,0,9,0,0,0,1,1,6,0,9,1,3,1,0,0,3,3,0,0.3555588689494907,-0.258297058,-0.978703704,129.42000000000002,2,0,0,0,0,1,0,0,0,0,5,0,0,0,0,0,0,0,0,0,0,0,0,0,3,0,0,0,3,0,0,0,0,0,0,2.333611111111111,0,0,0,0,0.9587962962962964,0,0,0,0,-2.476018519,0,0,0,0,0,0,0,0,0,0,0,0,0,-2.697700302,0,0,0,32.1073223733938,0,0,0,0,0,0,0.3638202951636081,0.705507038658752,1923.850987904999,0.4084209464519988,0.1741589573683752,-0.895674638,8,7,6,3,0,0,0,0,0.7058823529411765,1,0.3529411764705882,140.9
Cc1cc(C(F)(F)F)n2nc([N+](=O)[O-])nc2n1,304.1651,0,7,0,0,0,0,2,6,0,10,2,1,1,0,0,1,0,0,0.4930374938297598,-0.389690461,-4.686985544,86.22,1,0,0,0,0,1,0,0,0,0,3,1,1,0,0,0,0,0,0,0,0,0,3,0,1,1,0,0,1,0,0,3,0,0,0,1.3291203703703705,0,0,0,0,0.7414739229024943,0,0,0,0,-2.026552816,-0.454606481,-4.686985544,0,0,0,0,0,0,0,0,0,10.070393518518518,0,-0.981976568,0.310648148148148,0,0,10.374666477702192,0,0,37.86581916099773,0,0,0,0.3728054624395728,0.6753541698380718,2070.149229894407,0.198383053845617,0.2832448530363847,-0.90638353,7,4,2,5,0,0,0,0,0.2352941176470588,0,0.6470588235294118,242
Cc1cc(C)n(-c2n[n+]([O-])c(N)[n+]([O-])n2)n1,254.8056,2,9,0,0,0,0,2,7,1,9,2,1,2,0,1,0,0,0,0.5812812861152328,-0.653630068,-0.633998961,123.5,2,0,0,0,0,1,0,0,0,0,4,0,0,0,1,0,0,0,0,0,0,0,3,0,0,3,0,0,0,0,0,0,0,0,0,3.5290713970773493,0,0,0,0,1.767859977324263,0,0,0,0,0.6853476946334096,0,0,0,5.118343568909045,0,0,0,0,0,0,0,11.003943688586546,0,0,1.3007407407407403,0,0,0,0,0,0,0,0,0,0.2233576628464121,0.779939022019238,2038.426926203764,0.1653352068418219,0.4390759691033887,-1.182816896,7,9,2,7,0,0,0,0,0,0,0.6875,252
Cc1cc(C)n(-c2nnc(Nc3c([N+](=O)[O-])cc([N+](=O)[O-])cc3[N+](=O)[O-])nn2)n1,272.64453,1,16,0,0,0,1,3,13,1,16,3,6,2,1,0,3,3,1,0.3062780458748613,-0.310103505,-1.00651058,210.83,2,0,0,0,0,3,0,0,0,0,8,0,0,0,0,0,0,1,0,0,0,0,5,0,3,1,0,0,3,0,0,0,0,0,0,3.506202299013204,0,0,0,0,2.9305453614080053,0,0,0,0,-2.253361526,0,0,0,0,0,0,2.285633109725372,0,0,0,0,19.073799534081893,0,-2.992594817,1.357034202569917,0,0,33.46303758462239,0,0,0,0,0,0,0.2253160804378013,0.9258659199201128,7306.636414925462,0.8991439218866972,0.3480102513876909,-0.994315004,13,10,6,10,0,0,0,0,0.4137931034482758,1,0.5862068965517241,220
Cc1cc(C)n(-c2nnc(Nc3nncn3N)nn2)n1,239.3248,3,11,0,0,0,0,3,11,2,11,3,3,2,1,1,0,0,0,0.288915024470847,-0.335051768,0.1620195578231296,138.14,2,0,0,0,0,2,0,0,0,0,5,0,0,0,1,0,0,1,0,0,0,0,7,0,0,2,0,0,0,0,0,0,0,0,0,3.778544541260541,0,0,0,0,3.2498570348836404,0,0,0,0,2.4961630114881395,0,0,0,5.550650208277373,0,0,2.73814917170572,0,0,0,0,27.267163820660397,0,0,2.7528055450575293,0,0,0,0,0,0,0,0,0,0.1345594960894738,0.911517222463709,3864.061827040157,0.5460471369783204,0.5635575853387205,-1.37595878,9,11,0,11,0,0,0,0,0,0,0.8,276.5
Cc1cc(C)n2nc([N+](=O)[O-])nc2n1,312.1558,0,7,0,0,0,0,2,6,0,7,2,1,2,0,0,1,0,0,0.4930320934030681,-0.389690461,-0.635462963,86.22,2,0,0,0,0,1,0,0,0,0,3,1,0,0,0,0,0,0,0,0,0,0,3,0,1,1,0,0,1,0,0,0,0,0,0,3.5908720710506428,0,0,0,0,1.783140589569161,0,0,0,0,1.107961073318216,0.2585185185185188,0,0,0,0,0,0,0,0,0,0,11.396851851851851,0,-0.635462963,1.3523148148148143,0,0,10.406235355253212,0,0,0,0,0,0,0.2194778108933953,0.7850286179851674,1480.3313718507975,0.1973015390751602,0.362382613917563,-1.283869832,7,7,2,5,0,0,0,0,0.2857142857142857,0,0.7857142857142857,269
Cc1nc(C([N+](=O)[O-])([N+](=O)[O-])[N+](=O)[O-])no1,110.288445,0,12,0,0,0,0,1,9,0,12,1,4,1,0,0,3,0,0,0.7661401107273302,-0.338754174,-3.835555556,168.33999999999995,1,0,0,0,0,0,0,0,0,0,2,0,1,0,0,0,0,0,0,0,0,0,2,0,3,0,0,0,3,0,1,0,0,0,0,1.1816439909297052,0,0,0,0,0,0,0,0,0,-1.490810185,0,-3.835555556,0,0,0,0,0,0,0,0,0,5.985092592592592,0,-5.091388889,0,0,0,31.543900226757373,0,4.246550925925926,0,0,0,0,0.4993704903032862,0.9730701083993848,1199.2214523484272,0.7095903192850028,0.3003054535470364,-0.171603116,4,3,7,5,0,0,1,0,0.625,0,0.3125,148
Cc1nc(-c2nonc2/N=N\c2nonc2-c2n[nH]c(C)n2)n[nH]1,214.6392,2,14,0,0,0,0,4,12,2,14,4,4,2,2,0,0,0,0,0.2487272857526602,-0.262890659,0.0778866160661797,185.7,2,0,0,0,0,0,0,0,0,0,8,0,0,0,0,0,0,0,2,0,0,2,8,0,0,0,0,0,0,0,2,0,0,0,0,3.494856769572193,0,0,0,0,0,0,0,0,0,2.4048280283642165,0,0,0,0,0,0,0,5.373067005034551,0,0,7.845507369614513,30.89380275518533,0,0,0,0,0,0,0,9.32127140556253,0,0,0,0,0.2316843425796545,0.8465709755155522,5181.886894417829,0.7001892492755826,0.5117956716708911,-1.072333788,10,8,2,12,0,0,0,0,0,0,0.8333333333333334,350
Cc1nc(-c2nonc2/N=N\c2nonc2-c2noc(C)n2)no1,214.6392,0,14,0,0,0,0,4,14,0,14,4,4,2,0,0,0,0,0,0.2487910198533246,-0.339243904,0.0222616160661799,180.4,2,0,0,0,0,0,0,0,0,0,8,0,0,0,0,0,0,0,0,0,0,2,8,0,0,0,0,0,0,0,4,0,0,0,0,3.260800227823344,0,0,0,0,0,0,0,0,0,1.3877755592284142,0,0,0,0,0,0,0,0,0,0,7.749135487528345,29.958275768143192,0,0,0,0,0,0,0,18.97734629061004,0,0,0,0,0.1949792129562539,0.8715974742430802,5430.953080369055,0.6129059087444452,0.4239546489655507,-0.920587238,10,6,4,10,0,0,0,0,0,0,0.8333333333333334,271
Cc1nc(-c2nonc2N(CC([N+](=O)[O-])([N+](=O)[O-])[N+](=O)[O-])[N+](=O)[O-])no1,104.64476,0,19,0,0,0,0,2,14,0,19,2,8,1,0,0,4,0,0,0.7234284356288407,-0.339243893,-4.156289683,253.64,1,0,1,0,0,0,0,0,0,0,4,0,1,0,0,0,0,0,0,0,0,0,4,1,4,0,0,0,4,0,2,0,0,0,0,1.35336438037872,0,-1.939437594,0,0,0,0,0,0,0,-1.92634027,0,-4.156289683,0,0,0,0,0,0,0,0,0,13.364234693877552,-0.341342593,-7.040899313,0,0,0,44.11441699253929,0,8.874543060279667,0,0,0,0,0.4568932221860249,0.7440668346858401,3775.9676168804262,0.7521961681792773,0.335847749020444,-0.277207666,7,5,10,9,1,0,1,0,0.5384615384615384,0,0.3846153846153846,172
Cc1nc(-c2nonc2N[N+](=O)[O-])no1,122.78485,1,10,0,0,0,0,2,8,1,10,2,3,1,1,0,1,0,0,0.2645081607964614,-0.339243894,-0.795661376,133.01000000000002,1,0,0,0,0,0,0,0,0,0,4,0,0,0,0,0,0,1,0,0,0,0,4,0,1,0,0,0,1,0,2,0,0,0,0,1.5740224237843286,0,0,0,0,0,0,0,0,0,0.2106509826152693,0,0,0,0,0,0,1.794278155706727,0,0,0,0,14.029386810279666,0,-0.795661376,0,0,0,10.17616268266566,0,9.001664304610733,0,0,0,0,0.2900571344985989,0.7134792443454888,1822.395558200717,0.1601465550877064,0.3959929286977017,-0.603417796,5,4,4,6,1,0,0,0,0.2666666666666666,0,0.6666666666666666,159
Cc1nc(-c2nonc2NCC([N+](=O)[O-])([N+](=O)[O-])[N+](=O)[O-])no1,108.95171,1,16,0,0,0,0,2,13,1,16,2,7,1,1,0,3,0,0,0.7167853412822854,-0.344613305,-3.704970238,219.29,1,0,1,0,0,0,0,0,0,0,4,0,1,0,0,0,0,1,0,0,0,0,4,0,3,0,0,0,3,0,2,0,0,0,0,1.466617088869524,0,-1.321382039,0,0,0,0,0,0,0,-0.517731993,0,-3.704970238,0,0,0,0,2.071917044595616,0,0,0,0,13.94812641723356,0,-4.899751827,0,0,0,32.41561542098474,0,9.042611370937266,0,0,0,0,0.2674139887284291,0.8622396519003477,3799.579640258112,0.705123331161425,0.3392161079191818,-0.436134996,7,6,8,8,0,0,1,0,0.4347826086956521,0,0.4347826086956521,200
Cc1nn(-c2n[n+]([O-])c(N)[n+]([O-])n2)c(C)c1[N+](=O)[O-],340.04895,2,12,0,0,0,0,2,9,1,12,2,2,1,0,1,1,0,0,0.5812812863581842,-0.653630068,-0.764091816,166.64,2,0,0,0,0,0,0,0,0,0,5,0,0,0,1,0,0,0,0,0,0,0,3,0,1,3,0,0,1,0,0,0,0,0,0,2.8031454711514234,0,0,0,0,0,0,0,0,0,-1.214723902,0,0,0,5.0882432602670695,0,0,0,0,0,0,0,10.539172335600908,0,-0.62304784,0.6437962962962964,0,0,10.832766334929032,0,0,0,0,0,0,0.1742743103830079,0.8343649086461803,3183.4028900059416,0.2952663400401147,0.4176097064427485,-0.835219413,7,8,4,8,0,0,0,0,0.2105263157894736,0,0.5789473684210527,211
Cc1nn(-c2nnn[nH]2)c2c(C)nn(-c3nnn[nH]3)c12,358.5688,2,12,0,0,0,0,4,10,2,12,4,2,2,2,0,0,0,0,0.2678374498393407,-0.223288972,0.4180045351473924,144.55999999999997,2,0,0,0,0,0,0,0,0,0,4,2,0,0,0,0,0,0,2,0,0,0,8,0,0,2,0,0,0,0,0,0,0,0,0,3.730253212396069,0,0,0,0,0,0,0,0,0,2.351564625850341,1.5786111111111114,0,0,0,0,0,0,5.346475025195264,0,0,0,30.78417312295289,0,0,3.208922902494331,0,0,0,0,0,0,0,0,0,0.1676328671069097,0.8696797270971034,2977.5080760772503,0.5017862092444717,0.6171116237382274,-1.175450712,8,8,0,12,0,0,0,0,0,0,1,281
Cc1nn2/c(=N\[N+](=O)[O-])[nH]nc2[nH]1,158.52199,2,9,0,0,0,0,2,5,2,9,2,1,1,2,0,1,0,0,0.3194188995663284,-0.309661192,-0.815509259,117.27,1,0,0,0,0,0,0,0,0,0,1,1,0,0,0,0,0,0,2,0,0,1,2,0,1,1,0,0,1,0,0,0,0,0,0,1.7129166666666666,0,0,0,0,0,0,0,0,0,0.6076832955404385,0.38712962962963,0,0,0,0,0,0,5.142113567649282,0,0,3.045555555555556,7.609583333333333,0,-0.815509259,1.22037037037037,0,0,10.056953420256992,0,0,0,0,0,0,0.3435515464363265,0.7196457965533346,1055.9615750409826,0.3680917739467396,0.5351360501498925,-0.742637784,4,5,2,7,1,0,0,0,0.3076923076923077,0,0.7692307692307693,119
Cc1no[n+]([O-])c1[N+](=O)[O-],257.17694,0,7,0,0,0,0,1,5,0,7,1,1,1,0,0,1,0,0,0.4898533360006892,-0.323156665,-0.84837963,96.11,1,0,0,0,0,0,0,0,0,0,2,0,0,0,0,0,0,0,0,0,0,0,1,0,1,1,0,0,1,0,1,0,0,0,0,1.3155092592592592,0,0,0,0,0,0,0,0,0,-0.694444444,0,0,0,0,0,0,0,0,0,0,0,3.071203703703704,0,-0.84837963,-0.240740741,0,0,9.988425925925926,0,3.9260185185185184,0,0,0,0,0.4667267492330915,0.538784196241052,601.8157851685374,0.139540789707345,0.2895074237975102,-0.386009898,3,3,4,3,0,0,0,0,0.4,0,0.5,176
Cc1nonc1-c1c([N+](=O)[O-])c([N+](=O)[O-])nn1C([N+](=O)[O-])([N+](=O)[O-])[N+](=O)[O-],124.79932,0,20,0,0,0,0,2,15,0,20,2,7,1,0,0,5,0,0,0.8379160778223647,-0.357561688,-4.569699074,272.44,1,0,0,0,0,0,0,0,0,0,5,0,1,0,0,0,0,0,0,0,0,0,3,0,5,1,0,0,5,0,1,0,0,0,0,1.0604091080876794,0,0,0,0,0,0,0,0,0,-5.938039966,0,-4.569699074,0,0,0,0,0,0,0,0,0,9.09391723356009,0,-9.096579743,-0.684722222,0,0,56.00395030234316,0,4.210147392290249,0,0,0,0,0.552835222230744,0.688032259717491,3582.7400281268738,0.9460264519940048,0.3237801070530099,-0.185017204,7,3,11,9,0,0,1,0,0.6666666666666666,0,0.3703703703703703,141
CCC1(CC)[C@]2(C)OO[C@@]1(C)OO2,359.4056,0,4,0,2,2,0,0,4,0,4,2,2,0,0,0,0,0,0,0.241847817921728,-0.194304555,-0.758680556,36.92,4,0,2,0,0,0,0,0,0,0,0,0,3,0,0,0,0,0,0,0,0,0,0,0,0,0,0,0,0,4,0,0,0,0,0,7.905416666666666,0,1.7986111111111112,0,0,0,0,0,0,0,0,0,-1.725694444,0,0,0,0,0,0,0,0,0,0,0,0,0,0,0,0,20.77166666666667,0,0,0,0,0,0.8375647024929017,0.9472591934934728,620.1118839495434,1.1526455854453956,0,-1.870122142,9,16,4,0,0,0,0,0,0,0,0,116
CCC1[C@]2(C)OO[C@@]1(C)OO2,372.7944,0,4,0,2,2,0,0,4,0,4,2,1,0,0,0,0,0,0,0.2391093826440118,-0.194627381,-0.704861111,36.92,3,0,1,0,0,0,1,0,0,0,0,0,2,0,0,0,0,0,0,0,0,0,0,0,0,0,0,0,0,4,0,0,0,0,0,5.690555555555555,0,0.9097222222222224,0,0,0,0.1481481481481479,0,0,0,0,0,-1.409722222,0,0,0,0,0,0,0,0,0,0,0,0,0,0,0,0,19.994629629629628,0,0,0,0,0,0.5889621848282668,0.7370952901401312,561.7967070351889,0.6410286503800288,0,-1.598311783,7,12,4,0,0,0,0,0,0,0,0,108
CCOC(=O)CN(C(=O)OCC([N+](=O)[O-])([N+](=O)[O-])[N+](=O)[O-])[N+](=O)[O-],141.43152,0,17,0,0,0,0,0,12,0,17,0,9,0,0,0,4,0,0,0.7336959884910272,-0.464488581,-4.150936476,228.4,1,0,3,0,0,0,0,0,0,2,0,0,1,0,0,0,0,0,0,0,0,0,0,1,4,0,0,0,6,2,0,0,0,0,0,1.3534963939279416,0,-3.527200219,0,0,0,0,0,0,-3.32109253,0,0,-4.150936476,0,0,0,0,0,0,0,0,0,0,-0.525207861,-7.293855348,0,0,0,64.9195789062679,8.221754180839003,0,0,0,0,0,0.2838234922002123,0.8881770658904043,4350.2616379263,0.8383239716181826,0.1970876082574077,-0.292815875,7,9,12,5,1,0,1,0,0.5833333333333334,0,0,190
CCOC(=O)CNC(=O)OCC([N+](=O)[O-])([N+](=O)[O-])[N+](=O)[O-],150.06247,1,14,0,0,0,0,0,10,1,14,0,8,0,1,0,3,0,0,0.7336921510421558,-0.464670304,-3.915409266,194.05,1,0,3,0,0,0,0,0,0,2,0,0,1,0,0,0,0,1,0,0,0,0,0,0,3,0,0,0,5,2,0,0,0,0,0,1.4958575050390528,0,-2.396460423,0,0,0,0,0,0,-2.350444381,0,0,-3.915409266,0,0,0,0,1.753099962207105,0,0,0,0,0,0,-5.399920163,0,0,0,53.427222046857466,8.455643069727891,0,0,0,0,0,0.1842931338190721,0.9582165352319648,4499.51716559688,0.7048841846605166,0.1805432417183848,-0.46425405,7,10,10,4,0,0,1,0,0.4761904761904761,0,0,177
CCOC(=O)CNCC([N+](=O)[O-])([N+](=O)[O-])[N+](=O)[O-],140.6326,1,12,0,0,0,0,0,9,1,12,0,8,0,1,0,3,0,0,0.7119324891266561,-0.465032126,-3.618556902,167.75000000000003,1,0,3,0,0,0,0,0,0,1,0,0,1,0,0,0,0,1,0,0,0,0,0,0,3,0,0,0,4,1,0,0,0,0,0,1.5072006094104309,0,-1.796340467,0,0,0,0,0,0,-0.83199641,0,0,-3.618556902,0,0,0,0,1.9553703703703704,0,0,0,0,0,0,-4.901327239,0,0,0,42.25972482048375,4.427045068027211,0,0,0,0,0,0.2517617369841789,0.9759987225426006,2559.232052154829,0.7600028562701999,0.2103950166437488,-0.541015757,6,10,8,4,0,0,1,0,0.5555555555555556,0,0,123
Cln1nc2c3nn(Cl)nc3c3nn(Cl)nc3c2n1,282.0016,0,9,0,0,0,1,4,9,0,12,4,0,0,0,0,0,0,0,0.1465956995319241,-0.133948375,0.4273765432098766,92.13,0,0,0,0,0,0,0,0,0,0,0,6,0,0,0,0,0,0,0,0,0,0,6,0,0,3,0,0,0,0,0,0,3,0,0,0,0,0,0,0,0,0,0,0,0,0,2.564259259259261,0,0,0,0,0,0,0,0,0,0,23.94246409674981,0,0,2.678718820861678,0,0,0,0,0,0,17.147891156462585,0,0,0.4999996592494568,0.5000003407615944,3784.7867340870994,7.562830802352792e-06,0.4138094112083234,-0.630566722,6,0,0,9,0,0,0,0,0,1,1.1666666666666667,207
CN(C)/C=N/c1no[n+]([O-])c1-c1c([N+](=O)[O-])no[n+]1[O-],102.44992,0,13,0,0,0,0,2,9,0,13,2,4,0,0,0,1,0,0,0.4445967215425427,-0.368597378,-0.986435185,164.68,2,0,0,0,1,0,0,0,0,0,4,0,0,0,0,0,0,0,0,0,0,1,2,1,1,2,0,0,1,0,2,0,0,0,0,3.2859920634920634,0,0,0,1.259762849584278,0,0,0,0,0,-2.609343348,0,0,0,0,0,0,0,0,0,0,3.755021730914588,6.232922178130512,1.514765762786596,-0.986435185,-0.496018519,0,0,10.740843568909046,0,8.377880054799698,0,0,0,0,0.4480979924294013,0.7299439151785669,2512.507183649884,0.6240503647530431,0.3436474317614387,-0.645215586,7,7,6,7,0,0,0,0,0.2,0,0.5,133
CN(C)/C=N/c1no[n+]([O-])c1-c1c[n+]([O-])on1,264.0104,0,10,0,0,0,0,2,7,0,10,2,3,0,0,0,0,0,0,0.3464350624013078,-0.368597378,-0.09587963,121.54,2,0,0,0,1,1,0,0,0,0,3,0,0,0,0,0,0,0,0,0,0,1,2,1,0,2,0,0,0,0,2,0,0,0,0,3.492473544973545,0,0,0,1.4232997921390778,0.9678703703703704,0,0,0,0,-0.105364701,0,0,0,0,0,0,0,0,0,0,3.89443216175359,6.805210695389267,1.643033273494583,0,0.1963888888888887,0,0,0,0,8.628521589191234,0,0,0,0,0.3157548823264508,0.686867623897954,2518.3279636364828,0.1448055459384896,0.3497391528818089,-0.932637741,7,8,4,6,0,0,0,0,0,0,0.5882352941176471,127
CN(c1c([N+](=O)[O-])n[nH]c1[N+](=O)[O-])[N+](=O)[O-],129.98022,1,12,0,0,0,0,1,7,1,12,1,4,0,1,0,3,0,0,0.4494899252720384,-0.357747142,-1.056712963,161.34000000000003,1,0,0,0,0,0,0,0,0,0,3,0,0,0,0,0,0,0,1,0,0,0,1,1,3,0,0,0,3,0,0,0,0,0,0,0.8381481481481481,0,0,0,0,0,0,0,0,0,-2.697407407,0,0,0,0,0,0,0,1.754074074074074,0,0,0,3.0285185185185184,0.1525462962962962,-3.125972222,0,0,0,31.275046296296296,0,0,0,0,0,0,0.4890479598911745,0.6503539984036214,1525.9045940249673,0.6132917697979539,0.3618942579444406,-0.275728958,4,4,6,6,1,0,0,0,0.75,0,0.3125,178
CN(c1c([N+](=O)[O-])nn(/N=N/n2nc([N+](=O)[O-])c(N(C)[N+](=O)[O-])c2[N+](=O)[O-])c1[N+](=O)[O-])[N+](=O)[O-],138.16904,0,26,0,0,0,0,2,18,0,26,2,10,0,0,0,6,0,0,0.4527321951297606,-0.357679243,-1.498525972,325.67999999999995,2,0,0,0,0,0,0,0,0,0,6,0,0,0,0,0,0,0,0,0,0,2,2,2,6,2,0,0,6,0,0,0,0,0,0,1.1942755018401596,0,0,0,0,0,0,0,0,0,-8.426238899,0,0,0,0,0,0,0,0,0,0,5.9687566137566135,6.115122826908541,-0.276513536,-8.028040644,-0.496836105,0,0,66.974737120605,0,0,0,0,0,0,0.1711570018252814,0.8892885356809,10697.281117593406,0.6440173195613528,0.3998188575788111,-0.228467919,8,6,12,14,2,0,0,0,0.7058823529411765,0,0.2941176470588235,195
CN(c1c([N+](=O)[O-])nn(N)c1[N+](=O)[O-])[N+](=O)[O-],138.16997,2,13,0,0,0,0,1,9,1,13,1,4,0,0,1,3,0,0,0.4525495238973535,-0.357681303,-1.105462963,176.49999999999997,1,0,0,0,0,0,0,0,0,0,3,0,0,0,1,0,0,0,0,0,0,0,1,1,3,1,0,0,3,0,0,0,0,0,0,0.8025925925925925,0,0,0,0,0,0,0,0,0,-3.012222222,0,0,0,5.0290325018896445,0,0,0,0,0,0,0,3.0424074074074072,0.1037962962962961,-3.279722222,0.1046296296296296,0,0,31.60474300831444,0,0,0,0,0,0,0.5380645842252756,0.6005110341038717,1692.675923348385,0.6034959074171368,0.3965572357532766,-0.291348173,4,5,6,7,1,0,0,0,0.7058823529411765,0,0.2941176470588235,176
CN(c1nn2nnnc2c(N)c1[N+](=O)[O-])[N+](=O)[O-],123.436264,2,13,0,0,0,0,2,10,1,13,2,3,0,0,1,2,0,0,0.345492958874804,-0.389807744,-0.883964475,171.51,1,0,0,0,0,0,0,0,0,0,3,1,0,0,1,0,0,0,0,0,0,0,4,1,2,1,0,0,2,0,0,0,0,0,0,0.9910355253212396,0,0,0,0,0,0,0,0,0,-1.69212963,-0.15074263,0,0,5.508847316704459,0,0,0,0,0,0,0,13.602021919879064,0.3567592592592592,-1.766557067,0.775462962962963,0,0,21.52098450491308,0,0,0,0,0,0,0.4106719588338189,0.6903356658370297,1996.4998950147087,0.5819498794478588,0.4938194188607663,-0.533011436,5,5,4,9,1,0,0,0,0.4444444444444444,0,0.6111111111111112,200.7
CN(CC#N)[N+](=O)[O-],170.37416,0,5,0,0,0,0,0,3,0,5,0,2,0,0,0,1,0,0,0.1647037908489032,-0.234632927,-0.635694444,70.17,1,0,1,0,0,0,0,0,1,0,0,0,0,0,0,0,0,0,0,1,0,0,0,1,1,0,0,0,1,0,0,0,0,0,0,1.2393055555555557,0,-0.173611111,0,0,0,0,0,1.6330555555555557,0,0,0,0,0,0,0,0,0,0,7.889444444444445,0,0,0,0.7083333333333333,-0.635694444,0,0,0,9.669583333333334,0,0,0,0,0,0,0.4024259759811516,0.7539207588218241,413.1952608926957,0.5750648801852142,0.364925450943593,-0.903624926,3,5,2,3,1,0,0,0,0.5,0,0,193
CN(CC(=O)N[N+](=O)[O-])[N+](=O)[O-],190.59123,1,9,0,0,0,0,0,5,1,9,0,4,0,1,0,2,0,0,0.3049190796895699,-0.266746394,-1.073294596,118.62,1,0,1,0,0,0,0,0,0,1,0,0,0,0,0,0,0,1,0,0,0,0,0,1,2,0,0,0,3,0,0,0,0,0,0,1.0273072562358276,0,-0.65875,0,0,0,0,0,0,-1.042407407,0,0,0,0,0,0,0,1.2656944444444445,0,0,0,0,0,0.4293981481481481,-1.920987339,0,0,0,30.017928004535147,0,0,0,0,0,0,0.2683571603738086,0.855719932512164,1140.2789419030255,0.660773759060887,0.3144230337330997,-0.35934061,3,6,5,4,2,0,0,0,0.6666666666666666,0,0,113
CN(CC(=O)N=[N+]=[N-])[N+](=O)[O-],189.64807,0,8,0,0,0,0,0,3,0,8,0,3,0,0,0,1,0,0,0.2435307037847255,-0.290316137,-0.882685185,112.21,1,0,1,0,0,0,0,0,0,1,0,0,0,0,0,0,0,0,0,0,0,1,0,1,1,0,0,0,2,0,0,0,0,0,0,1.1019784580498866,0,-0.516805556,0,0,0,0,0,0,-0.882685185,0,0,0,0,0,0,0,0,0,0,0,2.6425,0,0.5248148148148148,-0.773021542,0,0,0,20.274896541950117,0,0,0,0,0,0,0.3988976296469241,0.7356666422311913,789.5370012327318,0.7079414480309852,0.4399610320228778,-0.553093869,3,5,3,5,1,0,0,0,0.3636363636363636,0,0,56
CN(CC(=O)NC(=O)OCC([N+](=O)[O-])([N+](=O)[O-])[N+](=O)[O-])[N+](=O)[O-],158.55736,1,17,0,0,0,0,0,11,1,17,0,8,0,1,0,4,0,0,0.7336924015078318,-0.423920885,-4.043635322,231.2,1,0,2,0,0,0,0,0,0,2,0,0,1,0,0,0,0,1,0,0,0,0,0,1,4,0,0,0,6,1,0,0,0,0,0,0.8771329618853971,0,-2.836170714,0,0,0,0,0,0,-3.078905423,0,0,-4.043635322,0,0,0,0,1.341062925170068,0,0,0,0,0,0.2618765353363566,-6.656746926,0,0,0,64.02126724430971,3.9199050453514737,0,0,0,0,0,0.1573086096452773,0.968010065924937,5480.819704764675,0.8422285837136833,0.2469418892818401,-0.235182752,6,8,11,6,1,0,1,0,0.6086956521739131,0,0,150
CN(CC(=O)NN)[N+](=O)[O-],180.91467,3,7,0,0,0,0,0,4,2,7,0,3,0,1,1,1,0,0,0.258891702123823,-0.292522778,-0.699166667,101.5,1,0,1,0,0,0,0,0,0,1,0,0,0,0,1,0,0,1,0,0,0,0,0,1,1,0,0,0,2,0,0,0,0,0,0,1.1758333333333333,0,-0.34375,0,0,0,0,0,0,-0.597962963,0,0,0,0,4.671671390778534,0,0,1.7656944444444445,0,0,0,0,0,0.627175925925926,-0.699166667,0,0,0,20.20580782312925,0,0,0,0,0,0,0.3322159129438128,0.8046211467347955,727.0208773891729,0.6428770459551599,0.3780667287776291,-0.756133458,3,8,3,4,1,0,0,0,0.4,0,0,116
CN(CC(=O)NNC(=O)CN(C)[N+](=O)[O-])[N+](=O)[O-],186.82101,2,12,0,0,0,0,0,6,2,12,0,6,0,2,0,2,0,0,0.2633949251354987,-0.270925536,-0.827494331,150.96000000000004,2,0,2,0,0,0,0,0,0,2,0,0,0,0,0,0,0,2,0,0,0,0,0,2,2,0,0,0,4,0,0,0,0,0,0,2.142691185978524,0,-1.14215199,0,0,0,0,0,0,-1.654988662,0,0,0,0,0,0,0,3.7572826908541193,0,0,0,0,0,1.009196900982615,-1.607308814,0,0,0,42.47690238293052,0,0,0,0,0,0,0.150451134153936,0.950587308719986,3563.1775974177667,0.8109348357751799,0.3179433606613223,-0.726727682,6,12,6,6,2,0,0,0,0.4444444444444444,0,0,201
CN(CC(=O)NNCC([N+](=O)[O-])([N+](=O)[O-])[N+](=O)[O-])[N+](=O)[O-],154.048,2,16,0,0,0,0,0,10,2,16,0,9,0,2,0,4,0,0,0.7137846158916813,-0.289046046,-3.789399487,216.93,1,0,2,0,0,0,0,0,0,1,0,0,1,0,0,0,0,2,0,0,0,0,0,1,4,0,0,0,5,0,0,0,0,0,0,0.9394228316326532,0,-2.253659297,0,0,0,0,0,0,-1.085051965,0,0,-3.789399487,0,0,0,0,3.28051634542706,0,0,0,0,0,0.346000566893424,-6.157892928,0,0,0,52.88038485764676,0,0,0,0,0,0,0.2757221642166172,0.9395310205896592,3278.6135216181638,0.9047219205834202,0.3149434226637145,-0.282806339,5,9,9,7,1,0,1,0,0.6666666666666666,0,0,108
CN(CC(=O)O)[N+](=O)[O-],188.18147,1,6,0,0,0,0,0,3,1,6,0,3,0,0,0,1,0,0,0.3286597031009081,-0.479763547,-1.213703704,83.68,1,0,1,0,0,0,0,0,0,1,0,0,0,0,0,0,0,0,0,0,0,0,0,1,1,0,0,1,2,0,0,0,0,0,0,1.091388888888889,0,-0.576388889,0,0,0,0,0,0,-1.213703704,0,0,0,0,0,0,0,0,0,0,0,0,0,0.4884259259259258,-0.783611111,0,0,7.986666666666666,19.470972222222223,0,0,0,0,0,0,0.3861984359027925,0.768270871541026,535.2469938206189,0.6840331193956684,0.208813417753615,-0.596609765,3,6,4,2,1,0,0,0,0.4444444444444444,0,0,153
CN(CC(=O)OCC([N+](=O)[O-])([N+](=O)[O-])[N+](=O)[O-])[N+](=O)[O-],142.99832,0,15,0,0,0,0,0,10,0,15,0,8,0,0,0,4,0,0,0.7336370752056132,-0.439256439,-3.955508078,202.1,1,0,2,0,0,0,0,0,0,1,0,0,1,0,0,0,0,0,0,0,0,0,0,1,4,0,0,0,5,1,0,0,0,0,0,0.8502135298563869,0,-2.804949924,0,0,0,0,0,0,-1.473032407,0,0,-3.955508078,0,0,0,0,0,0,0,0,0,0,0.2167592592592593,-6.532240174,0,0,0,52.57472611961451,4.002222222222222,0,0,0,0,0,0.3217152274479807,0.9349704326325,2611.20208435748,0.874639638608606,0.2355823595929138,-0.188465888,5,7,10,5,1,0,1,0,0.7,0,0,178
CN(CC(N)=O)[N+](=O)[O-],187.83835,2,6,0,0,0,0,0,3,1,6,0,3,0,0,1,1,0,0,0.2424534709503104,-0.36793998,-0.713703704,89.47,1,0,1,0,0,0,0,0,0,1,0,0,0,0,1,0,0,0,0,0,0,0,0,1,1,0,0,0,2,0,0,0,0,0,0,1.1713888888888888,0,-0.354166667,0,0,0,0,0,0,-0.713703704,0,0,0,0,4.646111111111111,0,0,0,0,0,0,0,0,0.6134259259259258,-0.703611111,0,0,0,19.74875,0,0,0,0,0,0,0.3928276889333657,0.7526511936128956,536.5773559223736,0.6090998081371876,0.315535621717866,-0.781326301,3,7,3,3,1,0,0,0,0.4444444444444444,0,0,186
CN(Cn1c([N+](=O)[O-])n[nH]c1=O)[N+](=O)[O-],171.52115,1,11,0,0,0,0,1,7,1,11,1,4,0,1,0,2,0,0,0.4606286215123896,-0.389769812,-0.911026077,140.20000000000002,1,0,1,0,0,0,0,0,0,0,1,0,0,0,0,0,0,0,1,0,0,0,1,1,2,1,0,0,3,0,0,0,0,0,0,1.0725850340136054,0,-0.556898148,0,0,0,0,0,0,0,-0.769722222,0,0,0,0,0,0,0,1.829335789871504,0,0,0,3.1047439531368104,0.5177777777777777,-1.713441043,0.5444444444444445,0,0,31.58875850340136,0,0,0,0,0,0,0.5561706849735776,0.6763740507586126,1227.8068391649645,0.7396889453734025,0.3850932246514676,-0.440106542,4,6,5,6,1,0,0,0,0.5333333333333333,0,0.3333333333333333,151
CN(Cn1cc([N+](=O)[O-])c([N+](=O)[O-])n1)[N+](=O)[O-],169.50983,0,12,0,0,0,0,1,8,0,12,1,5,0,0,0,3,0,0,0.46727670252932,-0.357562069,-1.026990741,150.48000000000002,1,0,1,0,0,1,0,0,0,0,2,0,0,0,0,0,0,0,0,0,0,0,1,1,3,1,0,0,3,0,0,0,0,0,0,1.096574074074074,0,-0.442777778,0,0,0.7620370370370371,0,0,0,0,-1.765281557,0,0,0,0,0,0,0,0,0,0,0,3.283148148148148,0.569892290249433,-2.783796296,0.749074074074074,0,0,31.18223167044596,0,0,0,0,0,0,0.3137482337484957,0.8156101196270134,2154.523118427572,0.65735536650296,0.34127058288203,-0.455027444,5,6,6,6,1,0,0,0,0.7058823529411765,0,0.2941176470588235,234
CN(Cn1cc([N+](=O)[O-])nc1[N+](=O)[O-])[N+](=O)[O-],174.6627,0,12,0,0,0,0,1,8,0,12,1,5,0,0,0,3,0,0,0.440128424361644,-0.389815085,-0.957553855,150.48000000000002,1,0,1,0,0,1,0,0,0,0,2,0,0,0,0,0,0,0,0,0,0,0,1,1,3,1,0,0,3,0,0,0,0,0,0,1.0650387377173092,0,-0.523657407,0,0,0.7620370370370371,0,0,0,0,-1.570511149,0,0,0,0,0,0,0,0,0,0,0,3.137151360544218,0.5261961451247164,-2.688487339,0.7092592592592593,0,0,31.2081533446712,0,0,0,0,0,0,0.4342704773011749,0.6479579628702815,2189.2913006786043,0.6881308018392565,0.34127058288203,-0.455027444,5,6,6,6,1,0,0,0,0.7058823529411765,0,0.2941176470588235,183
CN(Cn1cnc([N+](=O)[O-])c1[N+](=O)[O-])[N+](=O)[O-],178.92142,0,12,0,0,0,0,1,8,0,12,1,5,0,0,0,3,0,0,0.4620370702869358,-0.357669901,-1.026990741,150.48000000000002,1,0,1,0,0,1,0,0,0,0,2,0,0,0,0,0,0,0,0,0,0,0,1,1,3,1,0,0,3,0,0,0,0,0,0,1.0650387377173092,0,-0.523657407,0,0,0.801851851851852,0,0,0,0,-1.851437075,0,0,0,0,0,0,0,0,0,0,0,3.22224395313681,0.5261961451247164,-2.851913265,0.7092592592592593,0,0,31.36787556689342,0,0,0,0,0,0,0.2557815253983394,0.8545919112039426,2159.1114430694265,0.7557659176673566,0.34127058288203,-0.455027444,5,6,6,6,1,0,0,0,0.7058823529411765,0,0.2941176470588235,190
CN(Cn1nc([N+](=O)[O-])c([N+](=O)[O-])c1Cl)[N+](=O)[O-],181.19966,0,12,0,0,0,0,1,8,0,13,1,5,0,0,0,3,0,0,0.4690535161203273,-0.357561345,-1.090601852,150.48000000000002,1,0,1,0,0,0,0,0,0,0,3,0,0,0,0,0,0,0,0,0,0,0,1,1,3,1,0,0,3,0,0,0,1,0,0,1.0512654320987656,0,-0.568935185,0,0,0,0,0,0,0,-2.72170131,0,0,0,0,0,0,0,0,0,0,0,3.2507407407407407,0.5062811791383219,-2.987623457,0.5978395061728397,0,0,31.48041698160745,0,0,0,5.5224102418745264,0,0,0.315832286376511,0.7828003795698123,2565.892499327788,0.7235390106423512,0.2993755880591909,-0.37065549,5,5,6,6,1,0,0,0,0.6666666666666666,0,0.2777777777777778,214
CN(Cn1nc([N+](=O)[O-])c(N)c1[N+](=O)[O-])[N+](=O)[O-],176.30844,2,13,0,0,0,0,1,9,1,13,1,5,0,0,1,3,0,0,0.4431490466522779,-0.384623304,-1.008935185,176.5,1,0,1,0,0,0,0,0,0,0,3,0,0,0,1,0,0,0,0,0,0,0,1,1,3,1,0,0,3,0,0,0,0,0,0,1.0212594482237338,0,-0.651435185,0,0,0,0,0,0,0,-2.531855631,0,0,0,5.202790060468631,0,0,0,0,0,0,0,3.2576851851851854,0.4614739229024942,-2.859581444,0.4824074074074074,0,0,31.55862811791383,0,0,0,0,0,0,0.441097563886303,0.6350046756316347,2314.152606867337,0.6587011198567115,0.3752575108939555,-0.459498993,5,7,6,7,1,0,0,0,0.6666666666666666,0,0.2777777777777778,165
CN(Cn1nc([N+](=O)[O-])cc1[N+](=O)[O-])[N+](=O)[O-],169.98251,0,12,0,0,0,0,1,8,0,12,1,5,0,0,0,3,0,0,0.4198653453774123,-0.357801514,-0.920972222,150.48000000000002,1,0,1,0,0,1,0,0,0,0,2,0,0,0,0,0,0,0,0,0,0,0,1,1,3,1,0,0,3,0,0,0,0,0,0,1.052816515495087,0,-0.572268519,0,0,0.6327239229024944,0,0,0,0,-1.43162226,0,0,0,0,0,0,0,0,0,0,0,3.283148148148148,0.5036961451247164,-2.65209845,0.5703703703703704,0,0,31.22328373015873,0,0,0,0,0,0,0.260988661089556,0.8429803355303777,2193.1582143770734,0.7655376278723485,0.34127058288203,-0.455027444,5,6,6,6,1,0,0,0,0.7058823529411765,0,0.2941176470588235,210
CN(Cn1nc([N+](=O)[O-])n(CN(C)[N+](=O)[O-])c1=O)[N+](=O)[O-],162.22888,0,15,0,0,0,0,1,10,0,15,1,7,0,0,0,3,0,0,0.4609087096540703,-0.389769727,-1.079537037,175.71999999999997,2,0,2,0,0,0,0,0,0,0,1,0,0,0,0,0,0,0,0,0,0,0,1,2,3,2,0,0,4,0,0,0,0,0,0,2.02489134542706,0,-1.382760771,0,0,0,0,0,0,0,-0.953288927,0,0,0,0,0,0,0,0,0,0,0,3.316688397581255,0.9001158982111359,-2.741134732,0.8941515495086922,0,0,43.61252047115142,0,0,0,0,0,0,0.2303753026104953,0.8883200394929903,3440.5945265781997,0.8497077187730232,0.3657799768121624,-0.522542824,6,10,7,8,2,0,0,0,0.5714285714285714,0,0.238095238095238,211
CN(Cn1nc([N+](=O)[O-])nc1[N+](=O)[O-])[N+](=O)[O-],158.02754,0,13,0,0,0,0,1,9,0,13,1,5,0,0,0,3,0,0,0.5079967875648043,-0.389743187,-1.032083333,163.37000000000003,1,0,1,0,0,0,0,0,0,0,2,0,0,0,0,0,0,0,0,0,0,0,2,1,3,1,0,0,3,0,0,0,0,0,0,1.0250387377173091,0,-0.634768519,0,0,0,0,0,0,0,-1.93162226,0,0,0,0,0,0,0,0,0,0,0,6.198077286470143,0.4636961451247163,-2.90209845,0.4592592592592592,0,0,31.077875566893425,0,0,0,0,0,0,0.4062387381077946,0.7314481383427992,1928.7992321686145,0.6731998498019705,0.3965572357532766,-0.291348173,4,5,6,7,1,0,0,0,0.7058823529411765,0,0.2941176470588235,165
CN(Cn1nc([N+](=O)[O-])nc1-c1nc([N+](=O)[O-])nn1CN(C)[N+](=O)[O-])[N+](=O)[O-],165.31804,0,20,0,0,0,0,2,14,0,20,2,9,0,0,0,4,0,0,0.4913742008852329,-0.389691183,-0.995608151,240.46,2,0,2,0,0,0,0,0,0,0,4,0,0,0,0,0,0,0,0,0,0,0,4,2,4,2,0,0,4,0,0,0,0,0,0,2.0654453431969664,0,-1.287884228,0,0,0,0,0,0,0,-2.908648484,0,0,0,0,0,0,0,0,0,0,0,14.053784328546234,1.0003426555807506,-3.675770958,1.3835959939531366,0,0,43.51790100768907,0,0,0,0,0,0,0.5849239421136723,0.9185726562328544,4471.656655014878,1.53677847567186,0.4176569445411244,-0.517099074,8,10,8,12,2,0,0,0,0.5714285714285714,0,0.3571428571428571,228
CN(Cn1nc([N+](=O)[O-])nc1N)[N+](=O)[O-],159.4545,2,11,0,0,0,0,1,8,1,11,1,4,0,0,1,2,0,0,0.4926406176177431,-0.389690603,-0.834305556,146.25,1,0,1,0,0,0,0,0,0,0,2,0,0,0,1,0,0,0,0,0,0,0,2,1,2,1,0,0,2,0,0,0,0,0,0,1.1735648148148148,0,-0.319768519,0,0,0,0,0,0,0,-0.944770408,0,0,0,5.263245464852608,0,0,0,0,0,0,0,6.670855064247922,0.6614739229024942,-1.535740741,0.8620370370370369,0,0,20.501218348450493,0,0,0,0,0,0,0.2943619271197804,0.828552347425417,1632.471545575169,0.6367744731904398,0.4513113357433972,-0.552626125,4,7,4,7,1,0,0,0,0.5333333333333333,0,0.3333333333333333,224
CN(Cn1ncc([N+](=O)[O-])c1-n1cc([N+](=O)[O-])c([N+](=O)[O-])n1)[N+](=O)[O-],178.65105,0,17,0,0,0,0,2,12,0,17,2,7,0,0,0,4,0,0,0.4677315476455826,-0.357561891,-1.143815928,211.44,1,0,1,0,0,2,0,0,0,0,4,0,0,0,0,0,0,0,0,0,0,0,2,1,4,2,0,0,4,0,0,0,0,0,0,1.046906651549509,0,-0.585685941,0,0,1.3266591080876795,0,0,0,0,-3.37194308,0,0,0,0,0,0,0,0,0,0,0,6.94468820861678,0.5203880070546736,-3.961047808,1.260486583522298,0,0,43.49310746829596,0,0,0,0,0,0,0.5233266232576078,0.6310589747598041,3844.113816381163,0.810023129476922,0.3527445485569669,-0.515119023,8,7,8,9,1,0,0,0,0.64,0,0.4,264
CN(Cn1nnc(C([N+](=O)[O-])([N+](=O)[O-])[N+](=O)[O-])n1)[N+](=O)[O-],127.61076,0,17,0,0,0,0,1,12,0,17,1,7,0,0,0,4,0,0,0.7664361319428625,-0.252188173,-4.036271967,219.40000000000003,1,0,1,0,0,0,0,0,0,0,1,0,1,0,0,0,0,0,0,0,0,0,3,1,4,1,0,0,4,0,0,0,0,0,0,0.9769727891156464,0,-0.691247166,0,0,0,0,0,0,0,-1.43125189,0,-4.036271967,0,0,0,0,0,0,0,0,0,9.032452286470145,0.4143055555555555,-6.298119803,0.3644675925925928,0,0,42.54267963435374,0,0,0,0,0,0,0.3030333002961141,0.9875612240805496,2801.960118726466,0.9340182728247718,0.4102377099619391,-0.130234194,4,5,8,9,1,0,1,0,0.6666666666666666,0,0.238095238095238,134
CN(Cn1nnc(C(F)([N+](=O)[O-])[N+](=O)[O-])n1)[N+](=O)[O-],134.57307,0,14,0,0,0,0,1,10,0,15,1,6,0,0,0,3,0,0,0.6813541972683758,-0.255508894,-4.258494189,176.26,1,0,1,0,0,0,0,0,0,0,1,0,1,0,0,0,0,0,0,0,0,0,3,1,3,1,0,0,3,0,0,1,0,0,0,1.006679579239103,0,-0.633424036,0,0,0,0,0,0,0,-1.43125189,0,-4.258494189,0,0,0,0,0,0,0,0,0,8.904674508692366,0.4481065759637188,-4.551715482,0.4022453703703705,0,0,30.987556649974803,0,0,13.55473293020912,0,0,0,0.2629267152848399,0.9717276093525684,2559.73902261391,0.8532717481368138,0.3998115174274985,-0.25702169,4,5,6,8,1,0,0,1,0.5789473684210527,0,0.2631578947368421,184
CN(CNC(=O)NCN(C)[N+](=O)[O-])[N+](=O)[O-],169.9862,2,11,0,0,0,0,0,5,2,11,0,6,0,2,0,2,0,0,0.3174136031846686,-0.315338165,-0.733888889,133.89,2,0,2,0,0,0,0,0,0,1,0,0,0,0,0,0,0,2,0,0,0,0,0,2,2,0,0,0,3,0,0,0,0,0,0,2.3401303854875284,0,-0.609103364,0,0,0,0,0,0,-0.733888889,0,0,0,0,0,0,0,4.285986394557823,0,0,0,0,0,1.2991975308641974,-1.409869615,0,0,0,31.23530155580751,0,0,0,0,0,0,0.1617705440746477,0.9920229994417404,3001.2638394914825,0.838131727691976,0.3556488898673936,-0.745169103,5,12,5,6,2,0,0,0,0.5,0,0,162
CN(CNC(=O)OCN(C)[N+](=O)[O-])[N+](=O)[O-],173.1087,1,11,0,0,0,0,0,6,1,11,0,6,0,1,0,2,0,0,0.410139199553544,-0.422445128,-0.983888889,131.09000000000003,2,0,2,0,0,0,0,0,0,1,0,0,0,0,0,0,0,1,0,0,0,0,0,2,2,0,0,0,3,1,0,0,0,0,0,2.2498526077097507,0,-0.921603364,0,0,0,0,0,0,-0.983888889,0,0,0,0,0,0,0,2.0318820861678004,0,0,0,0,0,1.1480864197530862,-1.500147392,0,0,0,31.06378228143109,4.380198412698412,0,0,0,0,0,0.1643736217659757,0.962783222905538,2719.811529806546,0.8496050860128089,0.2951444521275698,-0.640885096,5,11,6,5,2,0,0,0,0.5,0,0,180
CN/C(=N\Cl)C(Cl)([N+](=O)[O-])[N+](=O)[O-],140.26804,1,8,0,0,0,0,0,5,1,10,0,3,0,1,0,2,0,0,0.5962195046777533,-0.361910776,-3.059027778,110.67000000000002,1,0,0,0,0,0,0,0,0,1,0,0,1,0,0,0,0,1,0,0,0,1,0,0,2,0,0,0,2,0,0,0,2,0,0,1.1719675925925928,0,0,0,0,0,0,0,0,-0.758487654,0,0,-3.059027778,0,0,0,0,2.057777777777778,0,0,0,2.783611111111111,0,0,-2.626450617,0,0,0,20.54882716049383,0,0,0,9.971844135802469,0,0,0.5189772877630218,0.8697611473379825,1184.242412653523,0.6000638883979046,0.2424294898157968,-0.277062274,3,4,4,4,0,0,0,1,0.5384615384615384,0,0,141
Cn1c([N+](=O)[O-])c([N+](=O)[O-])c([N+](=O)[O-])c1[N+](=O)[O-],253.79387,0,13,0,0,0,0,1,9,0,13,1,4,0,0,0,4,0,0,0.4467032514416149,-0.357708632,-1.51462963,177.48999999999998,1,0,0,0,0,0,0,0,0,0,4,0,0,0,0,0,0,0,0,0,0,0,0,0,4,1,0,0,4,0,0,0,0,0,0,0.7601851851851853,0,0,0,0,0,0,0,0,0,-5.671111111,0,0,0,0,0,0,0,0,0,0,0,0,0,-5.386111111,0.1907407407407406,0,0,42.38648148148148,0,0,0,0,0,0,0.4551789730719988,0.6072563698405116,2014.2293509304736,0.3233837178095823,0.2680903541090592,-0.214472283,5,3,8,5,0,0,0,0,0.8888888888888888,0,0.2777777777777778,196
Cn1c(C([N+](=O)[O-])([N+](=O)[O-])[N+](=O)[O-])noc1=O,123.005394,0,13,0,0,0,0,1,10,0,13,1,4,0,0,0,3,0,0,0.7644299860296861,-0.294858522,-3.971319444,177.45,1,0,0,0,0,0,0,0,0,0,1,0,1,0,0,0,0,0,0,0,0,0,1,0,3,1,0,0,4,0,1,0,0,0,0,0.8188657407407407,0,0,0,0,0,0,0,0,0,-1.331018519,0,-3.971319444,0,0,0,0,0,0,0,0,0,2.702037037037037,0,-5.320555556,0.2166666666666663,0,0,42.59472222222222,0,3.8958564814814816,0,0,0,0,0.527006718127967,0.9284276931762332,1292.9047376984029,0.6740941857384113,0.2810172825628776,-0.096348783,4,3,8,5,0,0,1,0,0.5882352941176471,0,0.2941176470588235,119
Cn1nc(/N=N/c2nn(C)nc2[N+](=O)[O-])c([N+](=O)[O-])n1,293.7498,0,14,0,0,0,0,2,12,0,14,2,4,2,0,0,2,0,0,0.4381848253317768,-0.357643286,-0.799168714,172.42000000000002,2,0,0,0,0,0,0,0,0,0,4,0,0,0,0,0,0,0,0,0,0,2,4,0,2,2,0,0,2,0,0,0,0,0,0,2.715858528596624,0,0,0,0,0,0,0,0,0,-2.027325208,0,0,0,0,0,0,0,0,0,0,6.887037037037037,14.139372323003276,0,-1.598337428,1.8562922020660115,0,0,21.34688460569413,0,0,0,0,0,0,0.2463687953144838,0.7862164999553114,3366.1865217612635,0.370118962509835,0.4961372173789781,-0.623715359,6,6,4,10,0,0,0,0,0.4,0,0.5,297
Cn1nc(/N=N/Nc2nn(C)nc2[N+](=O)[O-])c([N+](=O)[O-])n1,293.74878,1,15,0,0,0,0,2,12,1,15,2,5,2,1,0,2,0,0,0.4382512186157452,-0.357644306,-0.785589254,184.45,2,0,0,0,0,0,0,0,0,0,4,0,0,0,0,0,0,1,0,0,0,2,4,0,2,2,0,0,2,0,0,0,0,0,0,2.745832037998344,0,0,0,0,0,0,0,0,0,-1.790622323,0,0,0,0,0,0,2.1619009826152684,0,0,0,6.790476190476191,14.221914525069288,0,-1.553817397,1.900812232300328,0,0,21.34508520926991,0,0,0,0,0,0,0.1904113178041342,0.8109915078351224,4892.571668306438,0.1635178430832591,0.5181783004424706,-0.619122125,6,7,4,11,0,0,0,0,0.3809523809523809,0,0.4761904761904761,181
Cn1nc([N+](=O)[O-])c([N+](=O)[O-])c1[N+](=O)[O-],265.6393,0,11,0,0,0,0,1,8,0,11,1,3,1,0,0,3,0,0,0.4981141036393152,-0.357621399,-1.215277778,147.24,1,0,0,0,0,0,0,0,0,0,3,0,0,0,0,0,0,0,0,0,0,0,1,0,3,1,0,0,3,0,0,0,0,0,0,1.012037037037037,0,0,0,0,0,0,0,0,0,-3.381111111,0,0,0,0,0,0,0,0,0,0,0,3.086851851851852,0,-3.451851852,0.4824074074074074,0,0,31.125833333333333,0,0,0,0,0,0,0.388151192238558,0.6536240328008576,1437.5172389934355,0.2836066742632632,0.3224365145534024,-0.257949212,4,3,6,5,0,0,0,0,0.8,0,0.3333333333333333,285
Cn1nc([N+](=O)[O-])c(N)c1[N+](=O)[O-],286.13742,2,9,0,0,0,0,1,7,1,9,1,2,1,0,1,2,0,0,0.4430402933633712,-0.384624709,-0.872685185,130.12,1,0,0,0,0,0,0,0,0,0,3,0,0,0,1,0,0,0,0,0,0,0,1,0,2,1,0,0,2,0,0,0,0,0,0,1.209814814814815,0,0,0,0,0,0,0,0,0,-1.807037037,0,0,0,5.139351851851852,0,0,0,0,0,0,0,3.281851851851852,0,-1.696759259,0.7574074074074073,0,0,20.557685185185186,0,0,0,0,0,0,0.2796959802501836,0.7347556230573137,1212.463576406111,0.1969788267814731,0.374101488389493,-0.555807926,4,5,4,5,0,0,0,0,0.6153846153846154,0,0.3846153846153846,270
Cn1nc([N+](=O)[O-])c(N=[N+]=[N-])c1[N+](=O)[O-],256.4353,0,11,0,0,0,0,1,7,0,11,1,3,1,0,0,2,0,0,0.4296175750464595,-0.357793376,-0.961296296,152.86,1,0,0,0,0,0,0,0,0,0,3,0,0,0,0,0,0,0,0,0,0,1,1,0,2,1,0,0,2,0,0,0,0,0,0,1.1404043839758125,0,0,0,0,0,0,0,0,0,-2.26712963,0,0,0,0,0,0,0,0,0,0,2.883796296296296,3.2610185185185188,0,-1.873981481,0.6687962962962961,0,0,20.90072373393802,0,0,0,0,0,0,0.3986282202675457,0.6397824538751876,1477.416299589158,0.2667025936344477,0.4598499387648805,-0.412926476,4,3,4,7,0,0,0,0,0.5333333333333333,0,0.3333333333333333,161
Cn1nc([N+](=O)[O-])c2c(N)n[n+]([O-])nc21,314.20932,2,10,0,0,0,0,2,8,1,10,2,1,1,0,1,1,0,0,0.4033316212298291,-0.56919303,-0.71111489,139.7,1,0,0,0,0,0,0,0,0,0,2,2,0,0,1,0,0,0,0,0,0,0,3,0,1,2,0,0,1,0,0,0,0,0,0,1.4184259259259258,0,0,0,0,0,0,0,0,0,-0.735740741,-0.015,0,0,5.379259259259259,0,0,0,0,0,0,0,10.207314814814817,0,-0.71111489,1.0862887377173092,0,0,10.599077853363568,0,0,0,0,0,0,0.3612253771196487,0.6601202711462283,1473.908664886363,0.2387776487732421,0.4641448131817126,-0.719898078,5,5,3,7,0,0,0,0,0.2666666666666666,0,0.7333333333333333,347.7
Cn1nc(N[N+](=O)[O-])c([N+](=O)[O-])n1,105.768425,1,10,0,0,0,0,1,7,1,10,1,3,1,1,0,2,0,0,0.4398771253148586,-0.357642504,-0.947407407,129.01999999999998,1,0,0,0,0,0,0,0,0,0,2,0,0,0,0,0,0,1,0,0,0,0,2,0,2,1,0,0,2,0,0,0,0,0,0,1.3175850340136053,0,0,0,0,0,0,0,0,0,-1.169722222,0,0,0,0,0,0,1.5616203703703704,0,0,0,0,6.68587962962963,0,-1.809675926,0.8650462962962964,0,0,20.19130007558579,0,0,0,0,0,0,0.3893995201537105,0.6204314708234423,1281.8435252379106,0.2119441385023675,0.4465638506562893,-0.340239124,3,4,4,6,1,0,0,0,0.6153846153846154,0,0.3846153846153846,112
Cn1nc2c(=O)[nH][nH]c(=O)c2n1,343.9248,2,7,0,0,0,0,2,5,2,7,2,0,1,2,0,0,0,0,0.2922352708945521,-0.265446389,-0.446574074,96.43,1,0,0,0,0,0,0,0,0,0,0,2,0,0,0,0,0,0,2,0,0,0,2,0,0,1,0,0,2,0,0,0,0,0,0,1.5405555555555557,0,0,0,0,0,0,0,0,0,0,0.1134259259259264,0,0,0,0,0,0,4.293981481481481,0,0,0,7.430648148148148,0,0,1.1757407407407403,0,0,22.00546296296297,0,0,0,0,0,0,0.3824839762351755,0.6213653323157505,876.3722058584106,0.1330312473291691,0.4188406490833372,-1.005217558,5,5,2,5,0,0,0,0,0,0,0.9166666666666666,256
Cn1nnc(/N=N/N(/N=N/c2nnn(C)n2)c2nnn(C)n2)n1,165.6864,0,17,0,0,0,0,3,16,0,17,3,5,3,0,0,0,0,0,0.3104931317463654,-0.165314364,0.0210931594860168,183.48,3,0,0,0,0,0,0,0,0,0,3,0,0,0,0,0,0,0,0,0,0,4,9,1,0,3,0,0,0,0,0,0,0,0,0,4.762252365439595,0,0,0,0,0,0,0,0,0,0.0659414630049566,0,0,0,0,0,0,0,0,0,0,15.02937956664147,33.57024101386295,0.9024999999999996,0,3.669685591051031,0,0,0,0,0,0,0,0,0,0.3001710050532468,0.7051517242306348,5696.245839362798,0.2892523761829583,0.7454809134960239,-0.826920005,6,9,0,17,0,0,0,0,0,0,0.6521739130434783,141
Cn1nnc(N=[N+]=[N-])n1,151.4608,0,7,0,0,0,0,1,5,0,7,1,1,1,0,0,0,0,0,0.2605284390152984,-0.167139671,0.0416666666666669,92.36,1,0,0,0,0,0,0,0,0,0,1,0,0,0,0,0,0,0,0,0,0,1,3,0,0,1,0,0,0,0,0,0,0,0,0,1.5867006802721089,0,0,0,0,0,0,0,0,0,0.0416666666666669,0,0,0,0,0,0,0,0,0,0,3.1025,10.387314814814816,0,0,1.2123148148148148,0,0,0,0,0,0,0,0,0,0.1981135031591894,0.807581073087169,590.106467202044,0.1820650326016259,0.7834046124945042,-0.703465366,2,3,0,7,0,0,0,0,0,0,0.5555555555555556,162
Cn1nnnc1N=[N+]=[N-],150.624,0,7,0,0,0,0,1,5,0,7,1,1,1,0,0,0,0,0,0.237896058163902,-0.227114171,0.164351851851852,92.36,1,0,0,0,0,0,0,0,0,0,1,0,0,0,0,0,0,0,0,0,0,1,3,0,0,1,0,0,0,0,0,0,0,0,0,1.5873148148148148,0,0,0,0,0,0,0,0,0,0.164351851851852,0,0,0,0,0,0,0,0,0,0,3.173611111111111,10.051296296296297,0,0,1.2775,0,0,0,0,0,0,0,0,0,0.2581308112370504,0.7485012143328653,503.2367929167065,0.1516354623222428,0.7834046124945042,-0.703465366,2,3,0,7,0,0,0,0,0,0,0.5555555555555556,160
CNC(=N)C(Cl)([N+](=O)[O-])[N+](=O)[O-],147.94853,2,8,0,0,0,0,0,5,2,9,0,3,0,2,0,2,0,0,0.5945305157838826,-0.36331531,-3.102430556,122.16,1,0,0,0,0,0,0,0,0,1,0,0,1,0,0,0,1,1,0,0,0,0,0,0,2,0,0,0,2,0,0,0,1,0,0,1.131412037037037,0,0,0,0,0,0,0,0,-0.986882716,0,0,-3.102430556,0,0,0,6.825833333333334,1.93625,0,0,0,0,0,0,-2.707561728,0,0,0,20.22833333333333,0,0,0,4.97449074074074,0,0,0.6367721066233311,0.9106468980565504,778.1375081887962,0.7146632453958581,0.28491477995421,-0.366319003,3,5,4,4,0,0,0,1,0.5833333333333334,0,0,136
CNn1nnnc1N,276.9808,3,6,0,0,0,0,1,6,2,6,1,1,0,1,1,0,0,0,0.2598129215347067,-0.365171752,0.2569444444444446,81.65,1,0,0,0,0,0,0,0,0,0,1,0,0,0,1,0,0,1,0,0,0,0,3,0,0,1,0,0,0,0,0,0,0,0,0,1.6733333333333331,0,0,0,0,0,0,0,0,0,0.2569444444444446,0,0,0,5.215416666666666,0,0,2.630787037037037,0,0,0,0,10.126296296296296,0,0,1.2638888888888888,0,0,0,0,0,0,0,0,0,0.349531932762308,0.6586650017891676,404.3545780154697,0.1295289017733474,0.7361189007291083,-0.981491868,2,6,0,6,0,0,0,0,0,0,0.625,195
COC(=O)Nn1nnnc1-c1nnnn1NC(=O)OC,237.6512,2,14,0,0,0,0,2,12,2,14,2,3,0,2,0,0,0,0,0.4270686745649791,-0.451625334,-0.806942975,163.86,2,0,0,0,0,0,0,0,0,2,2,0,0,0,0,0,0,2,0,0,0,0,6,0,0,2,0,0,2,2,0,0,0,0,0,2.337760081228696,0,0,0,0,0,0,0,0,-1.613885949,-0.08925359,0,0,0,0,0,0,4.379113914084152,0,0,0,0,20.905815066767445,0,0,1.7360827664399092,0,0,22.22415566152489,8.786878716388095,0,0,0,0,0,0.2795410941927048,0.8357520433656384,3142.723489107296,0.6828093391675724,0.4926177708342131,-0.675590086,6,8,4,10,0,0,0,0,0,0,0.5,191
COc1c([N+](=O)[O-])c(F)c([N+](=O)[O-])c(F)c1[N+](=O)[O-],249.3711,0,10,0,0,0,1,1,7,0,12,1,4,0,0,0,3,3,0,0.3605249665971892,-0.485195481,-2.157453704,138.65,1,0,0,0,0,0,0,0,0,0,6,0,0,0,0,0,0,0,0,0,0,0,0,0,3,0,0,0,3,1,0,2,0,0,0,0.6944907407407408,0,0,0,0,0,0,0,0,0,-10.99601852,0,0,0,0,0,0,0,0,0,0,0,0,0,-4.591944444,0,0,0,31.592070578231294,4.2095502645502645,0,26.99978080120937,0,0,0,0.4910760782740079,0.5541877388297557,2372.518716733271,0.4398844074835619,0.150477766909939,-0.48726134,7,3,7,3,0,0,0,0,0.631578947368421,1,0.3157894736842105,300
COc1c([N+](=O)[O-])cc(-n2cc([N+](=O)[O-])c([N+](=O)[O-])n2)cc1[N+](=O)[O-],249.85284,0,15,0,0,0,1,2,11,0,15,2,6,0,0,0,4,2,0,0.4676584565239299,-0.48536341,-1.124025731,199.61,1,0,0,0,0,3,0,0,0,0,6,0,0,0,0,0,0,0,0,0,0,0,1,0,4,1,0,0,4,1,0,0,0,0,0,0.9847236038839576,0,0,0,0,2.1864720332577474,0,0,0,0,-4.73373504,0,0,0,0,0,0,0,0,0,0,0,3.34750141723356,0,-4.140593663,0.5651851851851852,0,0,43.812280346584096,4.6658857709750565,0,0,0,0,0,0.2387724012993265,0.7850855623664109,5769.159989588957,0.4393179061939044,0.2371601762890643,-0.632427137,10,6,9,6,0,0,0,0,0.64,1,0.44,276
COc1ccc([N+](=O)[O-])cc1[N+](=O)[O-],240.69759,0,7,0,0,0,1,1,5,0,7,1,3,0,0,0,2,2,1,0.3172730647772342,-0.490129855,-0.730324074,95.51,1,0,0,0,0,3,0,0,0,0,3,0,0,0,0,0,0,0,0,0,0,0,0,0,2,0,0,0,2,1,0,0,0,0,0,1.258101851851852,0,0,0,0,3.1953703703703704,0,0,0,0,-0.750185185,0,0,0,0,0,0,0,0,0,0,0,0,0,-1.432268519,0,0,0,20.77594246031746,4.677096560846561,0,0,0,0,0,0.2957760755634449,0.7100037081262592,1551.1824695062655,0.1317465840304382,0.1413185016201156,-0.969041154,7,6,5,2,0,0,0,0,0.5714285714285714,1,0.4285714285714285,315
COc1n[n+]([O-])c([N+](=O)[O-])c(OC)c1[N+](=O)[O-],262.0171,0,11,0,0,0,0,1,8,0,11,1,4,0,0,0,2,0,0,0.5885377225397964,-0.589055503,-1.180555556,144.57000000000002,2,0,0,0,0,0,0,0,0,0,4,0,0,0,0,0,0,0,0,0,0,0,1,0,2,1,0,0,2,2,0,0,0,0,0,1.9815277777777776,0,0,0,0,0,0,0,0,0,-3.552685185,0,0,0,0,0,0,0,0,0,0,0,3.018240740740741,0,-2.122083333,-0.412037037,0,0,21.295386904761905,8.98672619047619,0,0,0,0,0,0.4122860638482609,0.6392963376824482,1898.8986174625456,0.4616151431820396,0.2275174193024153,-0.520039816,6,6,7,4,0,0,0,0,0.4705882352941176,0,0.3529411764705882,151
COc1nc(N(CCO[N+](=O)[O-])[N+](=O)[O-])c([N+](=O)[O-])nc1[N+](=O)[O-],137.53197,0,17,0,0,0,0,1,12,0,17,1,9,0,0,0,3,0,0,0.4308749308944417,-0.474901386,-1.305274943,220.04,1,0,2,0,0,0,0,0,0,0,4,0,0,0,0,0,0,0,0,0,0,0,2,1,4,0,0,0,4,2,0,0,0,0,0,0.9295386202001464,0,-1.656168115,0,0,0,0,0,0,0,-4.263763779,0,0,0,0,0,0,0,0,0,0,0,6.426322908793146,0.0147609599395317,-4.769026055,0,0,0,42.78777305409972,8.409456018518519,0,0,0,0,0,0.5194588718985601,0.9613052664931117,3222.1894147767216,1.0349038403460329,0.2806639707651244,-0.343670168,7,7,10,7,1,1,0,0,0.6666666666666666,0,0.25,162.5
COc1nc(OCC([N+](=O)[O-])([N+](=O)[O-])[N+](=O)[O-])nc(OCC([N+](=O)[O-])([N+](=O)[O-])[N+](=O)[O-])n1,167.82213,0,24,0,0,0,0,1,18,0,24,1,13,0,0,0,6,0,0,0.7336434788103656,-0.466550472,-4.098323135,325.19999999999993,1,0,2,0,0,0,0,0,0,0,3,0,2,0,0,0,0,0,0,0,0,0,3,0,6,0,0,0,6,3,0,0,0,0,0,0.8964382558578983,0,-3.787225293,0,0,0,0,0,0,0,-3.153530801,0,-8.196646271,0,0,0,0,0,0,0,0,0,9.694513416477704,0,-11.31883031,0,0,0,65.20925284071387,13.446775321239606,0,0,0,0,0,0.1891729576037229,0.9155988018645396,10535.948353771462,0.6954644032521666,0.2685467782911899,-0.153455302,8,7,15,9,0,0,2,0,0.625,0,0.1875,173.7
COn1nn[nH]/c1=N\[N+](=O)[O-],146.29732,1,9,0,0,0,0,1,6,1,9,1,2,0,1,0,1,0,0,0.3511977942037089,-0.395647762,-0.884212963,111.23000000000002,1,0,0,0,0,0,0,0,0,0,0,0,0,0,0,0,0,0,1,0,0,1,2,0,1,1,0,0,1,1,0,0,0,0,0,1.279251700680272,0,0,0,0,0,0,0,0,0,0,0,0,0,0,0,0,0,2.156527777777778,0,0,2.869861111111111,6.489212962962963,0,-0.884212963,0.7805555555555554,0,0,9.829263038548753,4.499814814814815,0,0,0,0,0,0.356868362961123,0.6703554092628757,830.6498033135797,0.2327248314432391,0.5246950210190325,-0.299825726,2,4,3,6,1,0,0,0,0.3636363636363636,0,0.4545454545454545,116
CS(=O)(=O)Oc1c([N+](=O)[O-])cc([N+](=O)[O-])cc1[N+](=O)[O-],244.05273,0,12,0,0,0,1,1,9,0,13,1,5,0,0,0,3,3,1,0.3263591016490986,-0.367641695,-4.301055603,172.79,1,0,0,0,0,2,0,0,0,0,4,0,0,0,0,0,0,0,0,0,0,0,0,0,3,0,0,0,5,1,0,0,0,0,0,0.5157382212144119,0,0,0,0,0.7371296296296295,0,0,0,0,-4.523147203,0,0,0,0,0,0,0,0,0,0,0,0,0,-3.536455971,0,0,0,53.96956109063996,4.18760582010582,0,0,0,0,0,0.4060800375187558,0.7241294854788184,2818.259443701231,0.7445744168234354,0.1367205302152372,-0.390630086,7,5,9,3,0,0,0,0,0.6,1,0.3,237.4
FC(F)(F)c1nc(-c2conc2/N=N\c2nonc2-c2noc(C(F)(F)F)n2)no1,202.5056,0,13,0,0,0,0,4,13,0,19,4,4,0,0,0,0,0,0,0.47118311136892,-0.361675384,-4.903202581,167.51,0,0,0,0,0,1,0,0,0,0,8,0,2,0,0,0,0,0,0,0,0,2,7,0,0,0,0,0,0,0,4,6,0,0,0,0,0,0,0,0,0.8572559970192544,0,0,0,0,-6.126087667,0,-9.786891847,0,0,0,0,0,0,0,0,7.066564862055933,22.392395448532334,0,0,0,0,0,0,0,17.0768925339937,75.35320400547486,0,0,0,0.188159192431202,0.8715933006813984,10460.161547838892,0.6450864384601732,0.28821344264095,-0.677072849,11,1,4,9,0,0,0,0,0,0,0.6666666666666666,240
FC(F)(F)c1nc(-c2nnn[nH]2)c(-c2nnn[nH]2)[nH]1,381.1624,3,10,0,0,0,0,3,7,3,13,3,2,0,3,0,0,0,0,0.4490704389632998,-0.33107649,-4.644940476,137.6,0,0,0,0,0,0,0,0,0,0,5,0,1,0,0,0,0,0,3,0,0,0,7,0,0,0,0,0,0,0,0,3,0,0,0,0,0,0,0,0,0,0,0,0,0,-1.481851852,0,-4.644940476,0,0,0,0,0,6.7302513227513225,0,0,0,23.538743386243382,0,0,0,0,0,0,0,0,37.94113095238096,0,0,0,0.3747341150100726,0.679164860558119,2719.454401703288,0.3772877342209512,0.5144146328916718,-0.793668291,6,3,0,10,0,0,0,0,0,0,0.7894736842105263,271
Ic1n[nH]nc1I,266.5208,1,3,0,0,0,0,1,2,1,5,1,0,0,1,0,0,0,0,0.1563105373615006,-0.19584773,0.928888888888889,41.57,0,0,0,0,0,0,0,0,0,0,2,0,0,0,0,0,0,0,1,0,0,0,2,0,0,0,0,0,0,0,0,0,0,0,2,0,0,0,0,0,0,0,0,0,0,1.8577777777777784,0,0,0,0,0,0,0,2.482685185185185,0,0,0,7.518518518518519,0,0,0,0,0,0,0,0,0,0,0,4.214351851851852,0.2883613381078896,0.7116386618957737,1464.9558900864174,4.273867485865426e-06,0.1308986190195693,-0.224397633,2,1,0,3,0,0,0,0,0,0,0.7142857142857143,190
N#[N+]c1c([N+](=O)[O-])nn(CC2(CO[N+](=O)[O-])COC2)c1[O-],133.81506,0,13,0,1,1,0,1,10,0,13,2,6,0,0,0,1,0,0,0.4948793182782907,-0.851666761,-0.987895566,173.76999999999998,0,0,4,0,0,0,0,0,0,0,3,0,1,0,0,0,0,0,0,1,0,0,1,0,2,1,0,0,2,2,0,0,0,0,0,0,0,-0.408918887,0,0,0,0,0,0,0,-2.671063922,0,-0.890035431,0,0,0,0,0,0,8.63566833754469,0,0,3.444412792894936,0,-1.955732395,0.707353552532124,0,0,20.911620655595677,9.205396195515243,0,0,0,0,0,0.1598642891241601,0.9257975231165496,4195.165648165732,0.7643496232659137,0.2798255753913395,-0.692901425,8,8,7,6,0,1,0,0,0.3809523809523809,0,0.238095238095238,184
N#[N+]c1c([O-])cc(-n2cc([N+](=O)[O-])cn2)cc1[N+](=O)[O-],289.3738,0,11,0,0,0,1,2,8,0,11,2,3,0,0,0,2,1,0,0.4531719451343501,-0.866795103,-0.907543462,155.31,0,0,0,0,0,4,0,0,0,0,5,0,0,0,0,0,0,0,0,1,0,0,1,0,2,1,0,0,2,0,0,0,0,0,0,0,0,0,0,0,3.764740016376921,0,0,0,0,-2.748484977,0,0,0,0,0,0,0,0,8.595322348840568,0,0,3.6251374716553286,0,-1.605841837,0.9381821617535904,0,0,21.309833865262256,0,0,0,0,0,0,0.1781799322856779,0.8297413143701186,3814.0526528476857,0.1874494014930518,0.3041626835839055,-0.869036239,9,4,5,6,0,0,0,0,0.4,1,0.55,180
N#[N+]C1C(=O)N(Cc2noc(N)n2)[N-]C1[N+](=O)[O-],205.43689,2,12,0,1,1,0,1,8,1,12,2,3,0,0,1,1,0,0,0.4360421124023889,-0.490670813,-1.660418556,170.64,0,0,1,0,0,0,2,0,0,1,2,0,0,0,1,0,0,0,0,1,0,0,2,1,1,0,0,0,2,0,1,0,0,0,0,0,0,-0.254074074,0,0,0,-3.225929705,0,0,-0.830952381,-0.170226285,0,0,0,5.175411470143613,0,0,0,0,8.587010477030319,0,0,7.019010770975056,0.7382407407407408,-0.826514629,0,0,0,22.229720070126817,0,4.467824703955657,0,0,0,0,0.3577305075498199,0.9276891666075354,1977.341299489516,0.9436268938570306,0.440656893526278,-0.692460833,6,6,4,8,0,0,0,0,0.2222222222222222,0,0.5555555555555556,120.6
N#[N+]c1nc(C([N+](=O)[O-])([N+](=O)[O-])[N+](=O)[O-])n[n-]1,116.731224,0,14,0,0,0,0,1,9,0,14,1,4,0,0,0,3,0,0,0.7646816893647682,-0.252189148,-3.97625,197.45,0,0,0,0,0,0,0,0,0,0,2,0,1,0,0,0,0,0,0,1,0,0,3,0,3,0,0,0,3,0,0,0,0,0,0,0,0,0,0,0,0,0,0,0,0,-2.277569444,0,-3.97625,0,0,0,0,0,0,8.182907218442933,0,0,8.541226851851853,0,-5.359620181,0,0,0,31.57121740362812,0,0,0,0,0,0,0.4133910824683737,0.9735316211504392,1495.685225317329,0.6761189910480807,0.4588603057156787,0,3,0,6,8,0,0,1,0,0.5882352941176471,0,0.2941176470588235,127
N#Cc1c(/N=N/c2no[n+]([O-])c2C#N)no[n+]1[O-],193.7192,0,12,0,0,0,0,2,10,0,12,2,2,0,0,0,0,0,0,0.3697191614727574,-0.358337782,-0.531710601,178.23999999999995,0,0,0,0,0,0,0,0,2,0,4,0,0,0,0,0,0,0,0,2,0,2,2,0,0,2,0,0,0,0,2,0,0,0,0,0,0,0,0,0,0,0,0,2.957208837238599,0,-1.902608655,0,0,0,0,0,0,0,0,17.154247291509197,0,6.682037037037037,6.2604922524565385,0,0,-0.341007181,0,0,0,0,8.191603835978835,0,0,0,0,0.1754641580895077,0.8245358423068954,2900.2766736281023,4.191728868852191e-05,0.4513981250856447,-0.515883572,6,0,4,8,0,0,0,0,0,0,0.5555555555555556,168
N#Cc1c([N+](=O)[O-])c([N+](=O)[O-])nn1N,280.49265,2,10,0,0,0,0,1,8,1,10,1,2,0,0,1,2,0,0,0.4709899870992084,-0.357560535,-1.081018519,153.91,0,0,0,0,0,0,0,0,1,0,3,0,0,0,1,0,0,0,0,1,0,0,1,0,2,1,0,0,2,0,0,0,0,0,0,0,0,0,0,0,0,0,0,1.3498148148148148,0,-2.712268519,0,0,0,5.002453703703704,0,0,0,0,8.425387377173092,0,0,3.0333796296296294,0,-2.157361111,0.3018518518518518,0,0,20.628371126228277,0,0,0,0,0,0,0.4055688954308505,0.6172071419047701,1273.3608699795034,0.1274982644324304,0.4240325495461842,-0.403840523,4,2,4,6,0,0,0,0,0.5714285714285714,0,0.3571428571428571,217
N#Cc1c([N+](=O)[O-])no[n+]1[O-],94.04725,0,8,0,0,0,0,1,6,0,8,1,1,0,0,0,1,0,0,0.4507793725350782,-0.358261492,-0.975740741,119.9,0,0,0,0,0,0,0,0,1,0,2,0,0,0,0,0,0,0,0,1,0,0,1,0,1,1,0,0,1,0,1,0,0,0,0,0,0,0,0,0,0,0,0,1.2777314814814815,0,-1.627314815,0,0,0,0,0,0,0,0,8.16175925925926,0,0,2.739953703703704,0,-0.975740741,-0.321296296,0,0,9.973703703703704,0,3.7947685185185183,0,0,0,0,0.3771191952734354,0.6228808047303322,778.0427028116801,2.469484567232537e-06,0.3588432431739685,-0.205053282,3,0,4,4,0,0,0,0,0.3636363636363636,0,0.4545454545454545,133
N#Cc1c(-c2noc(/N=N/c3nc(-c4no[n+]([O-])c4C#N)no3)n2)no[n+]1[O-],197.9032,0,18,0,0,0,0,4,16,0,18,4,4,0,0,0,0,0,0,0.3663807074834061,-0.358389833,-0.483932297,256.0799999999999,0,0,0,0,0,0,0,0,2,0,8,0,0,0,0,0,0,0,0,2,0,2,6,0,0,2,0,0,0,0,4,0,0,0,0,0,0,0,0,0,0,0,0,3.127228675987764,0,-2.809115066,0,0,0,0,0,0,0,0,17.727981249900893,0,7.052398589065255,21.087356383775244,0,0,-0.254263978,0,0,0,0,18.032211328275125,0,0,0,0,0.0512787850678146,0.948721215277718,12307.089350738008,5.8419302080208345e-05,0.4372859121055315,-0.583047883,10,0,6,12,0,0,0,0,0,0,0.7142857142857143,223
N#Cc1c(-c2noc(N)n2)no[n+]1[O-],265.2656,2,9,0,0,0,0,2,8,1,9,2,1,0,0,1,0,0,0,0.3188083743937162,-0.358389833,-0.355740741,141.7,0,0,0,0,0,0,0,0,1,0,4,0,0,0,1,0,0,0,0,1,0,0,3,0,0,1,0,0,0,0,2,0,0,0,0,0,0,0,0,0,0,0,0,1.5833229402872258,0,-0.726399282,0,0,0,5.147766912320483,0,0,0,0,8.56802059712774,0,0,10.230601851851851,0,0,-0.053686697,0,0,0,0,8.618272864701435,0,0,0,0,0.2123079437218841,0.7876920563409311,1490.475913809869,1.313060927181771e-05,0.4327443202307969,-0.659419917,5,2,3,6,0,0,0,0,0,0,0.7142857142857143,195
N#Cc1n[n+]([O-])c(N)[n+]([O-])n1,254.8056,2,8,0,0,0,0,1,6,1,8,1,0,0,0,1,0,0,0,0.5812166618494443,-0.653656573,-0.718518519,129.47,0,0,0,0,0,0,0,0,1,0,2,0,0,0,1,0,0,0,0,1,0,0,2,0,0,2,0,0,0,0,0,0,0,0,0,0,0,0,0,0,0,0,0,1.416388888888889,0,-1.242407407,0,0,0,4.871961451247166,0,0,0,0,8.157112622826908,0,0,5.990185185185185,0,0,-0.336203704,0,0,0,0,0,0,0,0,0,0.3136508108905683,0.6863491891098287,828.1598810708496,9.149914758480276e-07,0.5451394973035063,-0.519180474,3,2,2,6,0,0,0,0,0,0,0.5454545454545454,191
N#Cc1nn(C([N+](=O)[O-])([N+](=O)[O-])[N+](=O)[O-])nc1C#N,123.2542,0,14,0,0,0,0,1,11,0,14,1,4,0,0,0,3,0,0,0.8359978323336339,-0.250632666,-4.138194444,207.71,0,0,0,0,0,0,0,0,2,0,2,0,1,0,0,0,0,0,0,2,0,0,2,0,3,1,0,0,3,0,0,0,0,0,0,0,0,0,0,0,0,0,0,2.5420332577475437,0,-1.61587963,0,-4.138194444,0,0,0,0,0,0,17.035814436885865,0,0,5.865462962962963,0,-5.555629252,-0.495925926,0,0,31.97282596371882,0,0,0,0,0,0,0.3975941675869498,0.9018364416531424,1984.826821239243,0.6148326102038171,0.4177467783144664,-0.238712445,5,0,6,8,0,0,1,0,0.5263157894736842,0,0.2631578947368421,142
N#Cc1nn2nnc([N+](=O)[O-])c2nc1N,282.63324,2,10,0,0,0,0,2,9,1,10,2,1,0,0,1,1,0,0,0.438950054016385,-0.381142822,-0.761407785,148.92000000000002,0,0,0,0,0,0,0,0,1,0,3,1,0,0,1,0,0,0,0,1,0,0,4,0,1,1,0,0,1,0,0,0,0,0,0,0,0,0,0,0,0,0,0,1.668792044595616,0,-0.920011338,-0.197685185,0,0,5.337782501889645,0,0,0,0,8.565987024439405,0,0,13.772618102796674,0,-0.761407785,0.7847685185185183,0,0,10.457911391408416,0,0,0,0,0,0,0.2046753655347589,0.7953246344699685,1652.8968167167109,3.0388365173206103e-06,0.5433596118859915,-0.698605215,5,2,2,8,0,0,0,0,0.2666666666666666,0,0.7333333333333333,196
N#Cc1nnc2c([N+](=O)[O-])c([N+](=O)[O-])nn2c1N,271.13525,2,12,0,0,0,0,2,10,1,12,2,2,0,0,1,2,0,0,0.4703834764715776,-0.379483759,-1.04335223,179.17000000000002,0,0,0,0,0,0,0,0,1,0,4,1,0,0,1,0,0,0,0,1,0,0,3,0,2,1,0,0,2,0,0,0,0,0,0,0,0,0,0,0,0,0,0,1.575408163265306,0,-2.645115268,-0.497037037,0,0,5.442277966742252,0,0,0,0,8.631006550768456,0,0,9.994466175359031,0,-2.056611867,0.6406944444444442,0,0,21.374122102544725,0,0,0,0,0,0,0.2485874383035157,0.7638257745617556,2360.946997639924,0.1066884789960609,0.4477600006396571,-0.575691429,6,2,4,8,0,0,0,0,0.4444444444444444,0,0.6111111111111112,280
N#Cc1nnc2c([N+](=O)[O-])c(N)nn2c1N,285.85406,4,10,0,0,0,0,2,9,2,10,2,1,0,0,2,1,0,0,0.3585257255417534,-0.381094698,-0.738259637,162.05,0,0,0,0,0,0,0,0,1,0,4,1,0,0,2,0,0,0,0,1,0,0,3,0,1,1,0,0,1,0,0,0,0,0,0,0,0,0,0,0,0,0,0,1.6752168367346938,0,-1.137057823,-0.19537037,0,0,10.843996598639457,0,0,0,0,8.624447908793147,0,0,10.522175925925929,0,-0.738259637,0.915694444444444,0,0,10.66124472474175,0,0,0,0,0,0,0.2239401362172735,0.7764765344452396,1866.3586930164035,0.0191001553547318,0.5087394164032122,-0.872124714,6,4,2,8,0,0,0,0,0.25,0,0.6875,370
N#Cc1nonc1/N=N\c1nonc1C#N,203.3424,0,10,0,0,0,0,2,10,0,10,2,2,0,0,0,0,0,0,0.2555285964635189,-0.240845318,-0.126192838,150.14,0,0,0,0,0,0,0,0,2,0,4,0,0,0,0,0,0,0,0,2,0,2,4,0,0,0,0,0,0,0,2,0,0,0,0,0,0,0,0,0,0,0,0,3.377347726127488,0,-0.484997166,0,0,0,0,0,0,0,0,17.104555933484505,0,7.019259259259259,13.12594954648526,0,0,0,0,0,0,0,8.524551366843033,0,0,0,0,0.2231772000474425,0.8732236412992775,1915.0171411063025,0.5317686760736251,0.518230612622617,-0.740329447,6,0,2,8,0,0,0,0,0,0,0.625,234
N#Cc1nonc1N(CN(c1nonc1C#N)[N+](=O)[O-])[N+](=O)[O-],105.207214,0,16,0,0,0,0,2,12,0,16,2,6,0,0,0,2,0,0,0.2768069096760765,-0.240769517,-1.091481481,218.18,0,0,1,0,0,0,0,0,2,0,4,0,0,0,0,0,0,0,0,2,0,0,4,2,2,0,0,0,2,0,2,0,0,0,0,0,0,-1.091481481,0,0,0,0,0,2.940069916855631,0,-2.466492294,0,0,0,0,0,0,0,0,17.5155884143781,0,0,12.505721844293271,0.2096976568405137,-2.173745276,0,0,0,22.17414525069287,0,8.379017384731672,0,0,0,0,0.5740105899051509,0.8871256800249528,2415.170104024172,1.0659356064619243,0.4345707217288464,-0.446987028,7,2,6,10,2,0,0,0,0.3478260869565217,0,0.4347826086956521,132
N#CN=C(N)N,369.4472,4,4,0,0,0,0,0,2,2,4,0,0,0,0,2,0,0,0,0.2086533385842972,-0.369229845,-0.196759259,88.19,0,0,0,0,0,0,0,0,1,1,0,0,0,0,2,0,0,0,0,1,0,1,0,0,0,0,0,0,0,0,0,0,0,0,0,0,0,0,0,0,0,0,0,1.4050925925925926,-0.196759259,0,0,0,0,9.41638888888889,0,0,0,0,7.639166666666666,0,2.9027777777777777,0,0,0,0,0,0,0,0,0,0,0,0,0,0.1947157672325219,0.8052842327675055,275.2582962011774,3.907560382078457e-07,0.6660165076948693,-1.141742585,2,4,0,4,0,0,0,0,0,0,0,252
N(=c1\[nH]nnn1-c1nn[nH]n1)\n1nnnc1Nc1nn[nH]n1,382.4176,4,18,0,0,0,0,4,15,4,18,4,4,0,4,0,0,0,0,0.2943310453635848,-0.287229112,0.132640358612581,223.41,0,0,0,0,0,0,0,0,0,0,3,0,0,0,0,0,0,1,3,0,0,1,11,0,0,2,0,0,0,0,0,0,0,0,0,0,0,0,0,0,0,0,0,0,0,0.4342071628033939,0,0,0,0,0,0,2.702578577727387,7.137041164453232,0,0,4.090157785336356,39.91777669478923,0,0,2.24151455026455,0,0,0,0,0,0,0,0,0,0.2517629104299336,0.8957449403884143,3736.755033844287,0.8892834156321546,0.8283969204673212,-0.525966299,4,4,0,18,0,0,0,0,0,0,0.9090909090909092,211
N(=N/c1nnc2nnc(Nc3nnn[nH]3)nn12)\c1nnc2nnc(Nc3nnn[nH]3)nn12,212.1288,4,24,0,0,0,0,6,22,4,24,6,6,0,4,0,0,0,0,0.2921428309849567,-0.289052805,-0.029173157,295.42,0,0,0,0,0,0,0,0,0,0,6,2,0,0,0,0,0,2,2,0,0,2,16,0,0,2,0,0,0,0,0,0,0,0,0,0,0,0,0,0,0,0,0,0,0,0.4505971999848293,0.1434092707139111,0,0,0,0,0,5.4217363707305015,4.9871929693766806,0,0,7.936504314688839,60.026864978732426,0,0,2.3670282291061517,0,0,0,0,0,0,0,0,0,0.125491393685979,0.9089807600867652,12510.922538735023,0.6179081023124373,0.7701334898048994,-0.66011442,8,4,0,24,0,0,0,0,0,0,1,240
N(=N/c1nnnn1-c1nn[nH]n1)\c1nnnn1-c1nn[nH]n1,250.6216,2,18,0,0,0,0,4,16,2,18,4,4,0,2,0,0,0,0,0.2952067063071948,-0.175214505,-0.010127787,220.84,0,0,0,0,0,0,0,0,0,0,4,0,0,0,0,0,0,0,2,0,0,2,12,0,0,2,0,0,0,0,0,0,0,0,0,0,0,0,0,0,0,0,0,0,0,0.16809581548669,0,0,0,0,0,0,0,4.558734207411155,0,0,7.631704459561602,43.09486309879527,0,0,2.2132690854119423,0,0,0,0,0,0,0,0,0,0.195533467799975,0.8044665322950882,4377.909403022889,2.5039065754321396e-05,0.8339234775932705,-0.476527701,4,2,0,18,0,0,0,0,0,0,0.9090909090909092,202
N(=N\c1nonc1-c1nnn[nH]1)\c1nonc1-c1nnn[nH]1,200.832,2,16,0,0,0,0,4,14,2,16,4,4,0,2,0,0,0,0,0.2487088182700827,-0.241471993,0.0307360166288741,211.47999999999996,0,0,0,0,0,0,0,0,0,0,6,0,0,0,0,0,0,0,2,0,0,2,10,0,0,0,0,0,0,0,2,0,0,0,0,0,0,0,0,0,0,0,0,0,0,0.8415125556395431,0,0,0,0,0,0,0,4.9849589596577335,0,0,7.664537037037038,35.359910759835,0,0,0,0,0,0,0,9.149080687830688,0,0,0,0,0.1888872734288798,0.8875521098928002,4194.456408044747,0.6077197833710682,0.6486243207645825,-0.582438166,6,2,2,14,0,0,0,0,0,0,0.9090909090909092,258
N/C(=N/[N+](=O)[O-])C(Cl)([N+](=O)[O-])[N+](=O)[O-],158.66028,2,11,0,0,0,0,0,6,1,12,0,4,0,0,1,3,0,0,0.6012185788560968,-0.368135737,-3.506875,167.8,0,0,0,0,0,0,0,0,0,1,0,0,1,0,1,0,0,0,0,0,0,1,0,0,3,0,0,0,3,0,0,0,1,0,0,0,0,0,0,0,0,0,0,0,-1.528549383,0,0,-3.506875,0,4.648055555555556,0,0,0,0,0,0,2.1933333333333334,0,0,-4.631705247,0,0,0,30.004135802469133,0,0,0,4.845246913580246,0,0,0.6295748687520364,0.9544303615725808,944.8773313995137,0.7454568836809194,0.3076652601969057,0.070323488045007,2,2,6,5,1,0,0,1,0.7857142857142857,0,0,147
N/C(=N/[N+](=O)[O-])NNc1nc(/N=N\c2nc(NN/C(N)=N\[N+](=O)[O-])nc(NN/C(N)=N/[N+](=O)[O-])n2)nc(NN/C(N)=N/[N+](=O)[O-])n1,162.55034,16,36,0,0,0,0,2,20,12,36,2,14,0,8,4,4,0,0,0.2843749210290828,-0.363275146,-1.120713044,524.3799999999998,0,0,0,0,0,0,0,0,0,4,6,0,0,0,4,0,0,8,0,0,0,6,6,0,4,0,0,0,4,0,0,0,0,0,0,0,0,0,0,0,0,0,0,0,-2.985804203,-3.014129463,0,0,0,21.18449992495023,0,0,17.15548307898139,0,0,0,18.370785011126717,22.782096077888063,0,-4.482852174,0,0,0,41.82829420693498,0,0,0,0,0,0,0.3993244524988186,0.8868445876557426,16368.83615560006,1.696136712862159,0.5971731771745783,-0.487488308,10,16,8,28,4,0,0,0,0.3478260869565217,0,0.2608695652173913,201
N/C(=N/[N+](=O)[O-])NNc1nc(N)nc(N)n1,164.13806,8,12,0,0,0,0,1,8,5,12,1,3,0,2,3,1,0,0,0.2843749209705824,-0.367589962,-0.972081759,196.29,0,0,0,0,0,0,0,0,0,1,3,0,0,0,3,0,0,2,0,0,0,1,3,0,1,0,0,0,1,0,0,0,0,0,0,0,0,0,0,0,0,0,0,0,-0.483745276,-0.268823276,0,0,0,15.633261684303353,0,0,4.45587962962963,0,0,0,2.746643990929705,10.718914556563366,0,-0.972081759,0,0,0,9.918308557991098,0,0,0,0,0,0,0.254534798796267,0.8643743917663984,2242.6627322891445,0.6709581942960404,0.6135614613280974,-0.701213099,4,8,2,10,1,0,0,0,0.25,0,0.375,260
N/C(=N/[N+](=O)[O-])NNc1nc(NN/C(N)=N/[N+](=O)[O-])nc(NN/C(N)=N/[N+](=O)[O-])n1,167.39241,12,24,0,0,0,0,1,12,9,24,1,9,0,6,3,3,0,0,0.2843749210091676,-0.363275146,-1.083242563,355.41,0,0,0,0,0,0,0,0,0,3,3,0,0,0,3,0,0,6,0,0,0,3,3,0,3,0,0,0,3,0,0,0,0,0,0,0,0,0,0,0,0,0,0,0,-2.026660728,-1.056469829,0,0,0,15.610477755538945,0,0,12.902912602368772,0,0,0,8.205650230994262,11.230077003023432,0,-3.249727688,0,0,0,30.691870326612253,0,0,0,0,0,0,0.4911870370132741,0.5560223228363269,11468.461271512931,0.461576545958716,0.5829527947034575,-0.44415451,6,12,6,18,3,0,0,0,0.4,0,0.2,195
N/C(=N/Br)C(Br)([N+](=O)[O-])[N+](=O)[O-],137.59134,2,8,0,0,0,0,0,5,1,10,0,3,0,0,1,2,0,0,0.5681063396142627,-0.373316379,-2.753472222,124.66,0,0,0,0,0,0,0,0,0,1,0,0,1,0,1,0,0,0,0,0,0,1,0,0,2,0,0,0,2,0,0,0,0,2,0,0,0,0,0,0,0,0,0,0,-0.793981481,0,0,-2.753472222,0,4.92625,0,0,0,0,0,0,2.9797916666666664,0,0,-2.402592593,0,0,0,20.39680555555556,0,0,0,0,4.667060185185186,0,0.5270873441257791,0.8965089973961504,1307.646976593733,0.6277980311757022,0.1830843168666427,-0.052309805,2,2,4,4,0,0,0,1,0.5833333333333334,0,0,128
N/C(=N/n1nnnc1C(Cl)([N+](=O)[O-])[N+](=O)[O-])C(Cl)([N+](=O)[O-])[N+](=O)[O-],112.32885,2,18,0,0,0,0,1,13,1,20,1,7,0,0,1,4,0,0,0.6011966623724198,-0.371860194,-3.679141156,254.54,0,0,0,0,0,0,0,0,0,1,1,0,2,0,1,0,0,0,0,0,0,1,3,0,4,1,0,0,4,0,0,0,2,0,0,0,0,0,0,0,0,0,0,0,-1.557009952,-1.367750693,0,-7.326476757,0,5.045198412698412,0,0,0,0,0,0,2.9308564814814813,8.608932665658855,0,-6.520281557,-0.168587963,0,0,43.02380835152991,0,0,0,10.363058215055569,0,0,0.3123231088774836,0.948155619363824,3792.477963765564,0.7613843725089073,0.359871268906094,-0.041128145,4,2,8,10,0,0,0,2,0.5833333333333334,0,0.2083333333333333,121.9
N/C(=N\[N+](=O)[O-])Nc1nnc2nnc(C(F)(F)F)n2n1,140.45288,3,12,0,0,0,0,2,8,2,15,2,2,0,1,1,1,0,0,0.4531197847002836,-0.364322343,-4.812311272,162.41000000000005,0,0,0,0,0,0,0,0,0,1,2,1,1,0,1,0,0,1,0,0,0,1,5,0,1,1,0,0,1,0,0,3,0,0,0,0,0,0,0,0,0,0,0,0,-0.738163738,-1.985058841,-0.506794953,-4.812311272,0,5.0765864748677245,0,0,1.9914597505668932,0,0,0,2.646580333522298,15.91089600655077,0,-1.116858781,0.2587037037037036,0,0,10.024210086416977,0,0,37.64320780860554,0,0,0,0.1489441432557103,0.8843078805489509,3946.759881003002,0.2327505793690277,0.4792206503024226,-0.520296706,5,3,2,10,1,0,0,0,0.2,0,0.55,232.1
N/C(=N\[N+](=O)[O-])NNC(=O)NN/C(N)=N/[N+](=O)[O-],185.33171,8,15,0,0,0,0,0,5,6,15,0,2,0,4,2,2,0,0,0.3516760066778242,-0.363274533,-1.09534032,228.23,0,0,0,0,0,0,0,0,0,3,0,0,0,0,2,0,0,4,0,0,0,2,0,0,2,0,0,0,3,0,0,0,0,0,0,0,0,0,0,0,0,0,0,0,-2.400780528,0,0,0,0,9.882714516323825,0,0,7.28203939909297,0,0,0,5.177652066948604,0,0,-2.19068064,0,0,0,30.5822628534885,0,0,0,0,0,0,0.1388284777982114,0.8721729166877119,4887.281943075355,0.1458276101020749,0.529977816642818,-0.302844467,3,8,5,10,2,0,0,0,0.4444444444444444,0,0,206
N/C(=N\[N+](=O)[O-])NNC(=O)NNC(=O)NN/C(N)=N/[N+](=O)[O-],214.56711,10,18,0,0,0,0,0,6,8,18,0,2,0,6,2,2,0,0,0.351717589244768,-0.363274533,-1.114909216,269.36,0,0,0,0,0,0,0,0,0,4,0,0,0,0,2,0,0,6,0,0,0,2,0,0,2,0,0,0,4,0,0,0,0,0,0,0,0,0,0,0,0,0,0,0,-3.613681573,0,0,0,0,9.925060206240277,0,0,10.702419959055964,0,0,0,5.17650642191518,0,0,-2.229818431,0,0,0,41.90866512390342,0,0,0,0,0,0,0.0581470720923651,0.9470961145843312,9742.124428235367,0.1227371063678165,0.5214120334448578,-0.347608022,4,10,6,12,2,0,0,0,0.3636363636363636,0,0,200
N/C(=N\[N+](=O)[O-])NNc1nnc(NN/C(N)=N/[N+](=O)[O-])nn1,167.39246,8,18,0,0,0,0,1,10,6,18,1,6,0,4,2,2,0,0,0.2843761484090281,-0.363275138,-1.016918144,262.72,0,0,0,0,0,0,0,0,0,2,2,0,0,0,2,0,0,4,0,0,0,2,4,0,2,0,0,0,2,0,0,0,0,0,0,0,0,0,0,0,0,0,0,0,-1.108826971,-0.390780528,0,0,0,10.2139868880241,0,0,8.65423921453593,0,0,0,5.449308135193084,13.895956790123456,0,-2.033836288,0,0,0,19.99330971322064,0,0,0,0,0,0,0.1516824700795668,0.9131193176466208,6029.803777062462,0.6686403622237632,0.6198569269011583,-0.404804524,4,8,4,14,2,0,0,0,0.3636363636363636,0,0.2727272727272727,201
N/C(=N\Cl)C(Cl)([N+](=O)[O-])[N+](=O)[O-],140.27058,2,8,0,0,0,0,0,5,1,10,0,3,0,0,1,2,0,0,0.5960191112963428,-0.372451525,-3.178819444,124.66,0,0,0,0,0,0,0,0,0,1,0,0,1,0,1,0,0,0,0,0,0,1,0,0,2,0,0,0,2,0,0,0,2,0,0,0,0,0,0,0,0,0,0,0,-1.096450617,0,0,-3.178819444,0,4.756111111111111,0,0,0,0,0,0,2.5544444444444445,0,0,-2.813950617,0,0,0,20.15104938271605,0,0,0,9.61545524691358,0,0,0.4966817534213215,0.9360476290885024,1040.3904418459383,0.5170593958462868,0.2581025773385937,-0.073743594,2,2,4,4,0,0,0,1,0.5833333333333334,0,0,127
N/C(=N\N=C\C=N\N=C(/N)C([N+](=O)[O-])[N+](=O)[O-])C([N+](=O)[O-])[N+](=O)[O-],112.9207,4,18,0,0,0,0,0,12,2,18,0,9,0,0,2,4,0,0,0.5083470551024857,-0.373547015,-2.491949041,274.04,0,0,0,0,2,0,2,0,0,2,0,0,0,0,2,0,0,0,0,0,0,4,0,0,4,0,0,0,4,0,0,0,0,0,0,0,0,0,0,1.3768216175359034,0,-4.983898083,0,0,-2.05660675,0,0,0,0,10.000054456993489,0,0,0,0,0,0,12.078361048122954,0,0,-5.211184484,0,0,0,41.39822609701814,0,0,0,0,0,0,0.0990831761719298,0.993645332026024,8177.846457312897,0.810624896982168,0.4020770149802409,-0.367613271,6,8,8,10,0,0,0,2,0.5833333333333334,0,0,225.6
N/C(=N\N=C\c1c([N+](=O)[O-])cc([N+](=O)[O-])cc1[N+](=O)[O-])n1ncc2c([N+](=O)[O-])cc([N+](=O)[O-])cc21,239.35464,2,20,0,0,0,2,3,14,1,20,3,7,0,0,1,5,5,3,0.2915644818161373,-0.366430468,-1.103474248,284.26,0,0,0,0,1,5,0,0,0,1,6,2,0,0,1,0,0,0,0,0,0,2,1,0,5,1,0,0,5,0,0,0,0,0,0,0,0,0,0,0.545082199546485,3.594076572939585,0,0,0,-0.626607668,-4.972041511,-0.334239654,0,0,5.7215365119621975,0,0,0,0,0,0,6.875716175359033,3.7554816459794815,0,-5.026315578,0.7414032009089728,0,0,55.862954051889695,0,0,0,0,0,0,0.1685586913972927,0.8506105563870531,12844.792059355164,0.3666073379328011,0.2867154492523894,-0.786419518,15,8,10,10,0,0,0,0,0.5714285714285714,2,0.4857142857142857,189
N/N=C(/C1=NNC(/C(=N/N)c2ncn[nH]2)=NN1)c1ncn[nH]1,286.604,8,14,0,1,1,0,2,12,6,14,3,4,0,4,2,0,0,0,0.1977481320839058,-0.322442258,0.2332790060468632,208.68,0,0,0,0,0,2,0,0,0,4,2,0,0,0,2,0,0,2,2,0,0,4,4,0,0,0,0,0,0,0,0,0,0,0,0,0,0,0,0,0,2.629201019505853,0,0,0,0.9363774985302772,0.6613888888888895,0,0,0,10.657453472920643,0,0,5.327314814814815,5.234026465524481,0,0,15.271040564373898,15.28319727544114,0,0,0,0,0,0,0,0,0,0,0,0,0.1509697668314502,0.8759942000569771,4763.934462479393,0.4542843781866005,0.6484354839776888,-1.111603687,8,10,0,14,0,0,0,0,0,0,0.7272727272727273,240
N/N=C(\N)c1nonc1N,297.064,6,7,0,0,0,0,1,6,3,7,1,1,0,0,3,0,0,0,0.1991932172541289,-0.380266694,-0.001157407,129.34,0,0,0,0,0,0,0,0,0,1,2,0,0,0,3,0,0,0,0,0,0,1,2,0,0,0,0,0,0,0,1,0,0,0,0,0,0,0,0,0,0,0,0,0,-0.001157407,0.2446296296296299,0,0,0,15.285416666666666,0,0,0,0,0,0,3.143703703703704,6.600555555555555,0,0,0,0,0,0,0,4.226851851851852,0,0,0,0,0.2832765255339049,0.7194177665550207,713.5466066823082,0.1230216223729259,0.5910414995567187,-0.900634666,3,6,1,6,0,0,0,0,0,0,0.5,198.4
N/N=C(\N)c1nonc1N(CCN(c1nonc1/C(N)=N/N)[N+](=O)[O-])[N+](=O)[O-],114.44479,8,20,0,0,0,0,2,14,4,20,2,9,0,0,4,2,0,0,0.2675110973574341,-0.380263155,-0.92795942,299.3999999999999,0,0,2,0,0,0,0,0,0,2,4,0,0,0,4,0,0,0,0,0,0,2,4,2,2,0,0,0,2,0,2,0,0,0,0,0,0,-1.251949641,0,0,0,0,0,0,-0.825646688,-1.645021837,0,0,0,20.907271326770093,0,0,0,0,0,0,6.264570905505943,13.38882475982945,0.7379689468379944,-1.85591884,0,0,0,22.742044049892176,0,8.795812967162174,0,0,0,0,0.2888250688136932,0.9863769099096126,4849.641164447366,0.8871240745118711,0.4896621331281418,-0.639558704,8,12,6,14,2,0,0,0,0.2857142857142857,0,0.3571428571428571,145
N/N=C(\N)c1nonc1N(CN(c1nonc1/C(N)=N/N)[N+](=O)[O-])[N+](=O)[O-],114.44479,8,20,0,0,0,0,2,14,4,20,2,8,0,0,4,2,0,0,0.2699151569364039,-0.380263143,-1.099077853,299.3999999999999,0,0,1,0,0,0,0,0,0,2,4,0,0,0,4,0,0,0,0,0,0,2,4,2,2,0,0,0,2,0,2,0,0,0,0,0,0,-1.099077853,0,0,0,0,0,0,-0.955454828,-2.118422619,0,0,0,20.814459493061584,0,0,0,0,0,0,6.195138475908678,13.168989729373028,0.3073658352229778,-2.117274817,0,0,0,22.79327932098765,0,8.717717942497885,0,0,0,0,0.3513075386618089,0.9016333969663776,4485.884051769337,1.2016722842777807,0.507444679468426,-0.538512721,7,10,6,14,2,0,0,0,0.2962962962962963,0,0.3703703703703703,138
N/N=C(\N)c1nonc1NN,271.5416,7,8,0,0,0,0,1,7,4,8,1,2,0,1,3,0,0,0,0.2157143576761986,-0.380265824,-0.000740741,141.37,0,0,0,0,0,0,0,0,0,1,2,0,0,0,3,0,0,1,0,0,0,1,2,0,0,0,0,0,0,0,1,0,0,0,0,0,0,0,0,0,0,0,0,0,-0.000740741,0.3812037037037041,0,0,0,15.177499999999998,0,0,2.207037037037037,0,0,0,3.175925925925926,6.758472222222222,0,0,0,0,0,0,0,4.300601851851852,0,0,0,0,0.3918260071928076,0.6666338115685059,802.1460205051816,0.4751170551590782,0.6236596091308856,-0.865486805,3,7,1,7,0,0,0,0,0,0,0.4545454545454545,198.8
N=C(N)Nc1[n+]([O-])nc([N+](=O)[O-])n[n+]1[O-],195.63788,4,12,0,0,0,0,1,7,3,12,1,2,0,2,1,1,0,0,0.6172618907517403,-0.641424719,-1.158238851,184.7,0,0,0,0,0,0,0,0,0,1,2,0,0,0,1,0,1,1,0,0,0,0,2,0,1,2,0,0,1,0,0,0,0,0,0,0,0,0,0,0,0,0,0,0,-0.706802721,-2.011849962,0,0,0,4.838406084656085,0,6.736075050390526,1.8218820861678005,0,0,0,0,5.603796296296296,0,-1.110766723,-0.778703704,0,0,10.12763920382968,0,0,0,0,0,0,0.2101437485502348,0.8415076737564336,1754.7745464903635,0.4880638487708632,0.5182378063733996,-0.296135889,3,4,4,8,0,0,0,0,0.2666666666666666,0,0.4,134
N=C(N)Nc1c([N+](=O)[O-])n[nH]c1[N+](=O)[O-],257.4642,5,11,0,0,0,0,1,6,4,11,1,3,0,3,1,2,0,0,0.443538125643209,-0.369862912,-0.935740741,176.86,0,0,0,0,0,0,0,0,0,1,3,0,0,0,1,0,1,1,1,0,0,0,1,0,2,0,0,0,2,0,0,0,0,0,0,0,0,0,0,0,0,0,0,0,-0.664259259,-2.063611111,0,0,0,4.907046485260771,0,6.82562358276644,1.9686574074074077,1.855046296296296,0,0,0,3.109490740740741,0,-1.847175926,0,0,0,20.787924225245654,0,0,0,0,0,0,0.4296146565288816,0.6405293476939765,1503.9836489292147,0.4688483190857109,0.4555406291109055,-0.483430872,4,5,4,7,0,0,0,0,0.5333333333333333,0,0.3333333333333333,308
N=C(N/N=C/c1c([N+](=O)[O-])cc([N+](=O)[O-])cc1[N+](=O)[O-])N/N=C/c1c([N+](=O)[O-])cc([N+](=O)[O-])cc1[N+](=O)[O-],248.4397,3,23,0,0,0,2,2,15,3,23,2,10,0,3,0,6,6,2,0.2915629830588765,-0.266404625,-1.139656051,331.47,0,0,0,0,2,4,0,0,0,1,8,0,0,0,0,0,1,2,0,0,0,2,0,0,6,0,0,0,6,0,0,0,0,0,0,0,0,0,0,1.0117837224021315,1.802486907833228,0,0,0,-0.863948518,-7.617186497,0,0,0,0,0,7.58984087768359,3.755250702847204,0,0,0,6.688588008512251,0,0,-6.732435181,0,0,0,66.68280998838499,0,0,0,0,0,0,0.1378431283501698,0.930744470460068,18221.973062083,0.8156427498952005,0.2876880714064206,-0.67251757,15,9,12,11,0,0,0,0,0.631578947368421,2,0.3157894736842105,180
N=C(Nc1c([N+](=O)[O-])n[nH]c1[N+](=O)[O-])N[N+](=O)[O-],128.13515,4,14,0,0,0,0,1,8,4,14,1,4,0,4,0,3,0,0,0.4435409255809853,-0.357749776,-1.117973356,206.01,0,0,0,0,0,0,0,0,0,1,3,0,0,0,0,0,1,2,1,0,0,0,1,0,3,0,0,0,3,0,0,0,0,0,0,0,0,0,0,0,0,0,0,0,-0.992962963,-2.613383409,0,0,0,0,0,7.019790249433106,3.1274215797430083,1.766292044595616,0,0,0,3.0465655706727137,0,-3.194315949,0,0,0,31.003629771352983,0,0,0,0,0,0,0.3410978120162368,0.7218531457264625,2556.310353733328,0.530621696442142,0.4305605744908238,-0.246034614,4,4,6,8,1,0,0,0,0.6666666666666666,0,0.2777777777777778,233
N=C(Nc1nnc(N)[n+]([O-])n1)N[N+](=O)[O-],129.55896,5,12,0,0,0,0,1,8,4,12,1,2,0,3,1,1,0,0,0.4323601067393002,-0.721385896,-0.966951373,182.68,0,0,0,0,0,0,0,0,0,1,2,0,0,0,1,0,1,2,0,0,0,0,3,0,1,1,0,0,1,0,0,0,0,0,0,0,0,0,0,0,0,0,0,0,-0.716137566,-0.867716627,0,0,0,5.009289572310406,0,6.966446995464853,3.480065901360544,0,0,0,0,9.602627551020408,0,-0.966951373,-0.046851852,0,0,9.891215409003108,0,0,0,0,0,0,0.1143058607856654,0.905726023262228,2333.839055025445,0.2180971869722943,0.5856842046547948,-0.409049286,3,5,3,9,1,0,0,0,0.2666666666666666,0,0.4,177
N=C(NN)c1nonc1N(CCN(c1nonc1C(=N)NN)[N+](=O)[O-])[N+](=O)[O-],124.651344,8,20,0,0,0,0,2,14,6,20,2,9,0,4,2,2,0,0,0.2674800659670912,-0.306906521,-0.948021148,294.4,0,0,2,0,0,0,0,0,0,2,4,0,0,0,2,0,2,2,0,0,0,0,4,2,2,0,0,0,2,0,2,0,0,0,0,0,0,-1.300135582,0,0,0,0,0,0,-1.083911151,-1.840978627,0,0,0,10.12172491391793,0,15.0516320451162,3.8264861761589337,0,0,0,0,13.268060297019533,0.6823439468379944,-1.896042297,0,0,0,22.71163588662687,0,8.747548504352256,0,0,0,0,0.4985493484367166,0.882084400899983,4172.635868910994,1.2576850446378498,0.4896621331281418,-0.639558704,8,12,6,14,2,0,0,0,0.2857142857142857,0,0.3571428571428571,145
N=C(NN)c1nonc1N(CN(c1nonc1C(=N)NN)[N+](=O)[O-])[N+](=O)[O-],124.651375,8,20,0,0,0,0,2,14,6,20,2,8,0,4,2,2,0,0,0.2698841261888973,-0.30690651,-1.126855631,294.4,0,0,1,0,0,0,0,0,0,2,4,0,0,0,2,0,2,2,0,0,0,0,4,2,2,0,0,0,2,0,2,0,0,0,0,0,0,-1.126855631,0,0,0,0,0,0,-1.215454828,-2.320004409,0,0,0,10.078937643111528,0,15.017640761181523,3.74654343718918,0,0,0,0,13.044144050360682,0.2469576719576718,-2.160677595,0,0,0,22.76052548,0,8.667717942497884,0,0,0,0,0.6854339689410767,0.8427181060947331,3164.443075269908,1.1609765681854725,0.507444679468426,-0.538512721,7,10,6,14,2,0,0,0,0.2962962962962963,0,0.3703703703703703,138
N=c1nc(NC(N)=O)nc(N)n1O,219.66,7,9,0,0,0,0,1,7,5,9,1,1,0,2,2,0,0,0,0.318505973119446,-0.422159957,-0.880102041,155.93,0,0,0,0,0,0,0,0,0,1,2,0,0,0,2,0,1,1,0,0,0,0,2,0,0,1,0,1,1,0,0,0,0,0,0,0,0,0,0,0,0,0,0,0,-0.880102041,-0.607361111,0,0,0,9.908211451247166,0,7.035239984882842,2.0058333333333334,0,0,0,0,6.7716666666666665,0,0,0.2561243386243386,0,8.900078892668178,10.336002928949355,0,0,0,0,0,0,0.2179482684262017,0.782051731573958,1381.7931545147674,8.385764308460062e-07,0.5293091435453988,-0.820969284,4,7,2,7,0,0,0,0,0,0,0.4615384615384615,275
n1n[nH]c(-c2nc(-c3nnn[nH]3)c(-c3nnn[nH]3)nc2-c2nnn[nH]2)n1,410.032,4,18,0,0,0,0,5,14,4,18,5,4,0,4,0,0,0,0,0.1999777067717819,-0.237438254,0.2359901738473167,243.61999999999995,0,0,0,0,0,0,0,0,0,0,8,0,0,0,0,0,0,0,4,0,0,0,14,0,0,0,0,0,0,0,0,0,0,0,0,0,0,0,0,0,0,0,0,0,0,1.985347694633412,0,0,0,0,0,0,0,10.461334404132025,0,0,0,52.88665123456789,0,0,0,0,0,0,0,0,0,0,0,0,0.3458814521106795,0.6858215563206318,4840.238748114713,0.3806704175675386,0.715409117491753,-0.81761042,8,4,0,18,0,0,0,0,0,0,1,260
n1n[nH]c(-c2nnn[nH]2)n1,441.412,2,8,0,0,0,0,2,6,2,8,2,1,0,2,0,0,0,0,0.2182725312692304,-0.236100908,0.4212962962962965,108.92,0,0,0,0,0,0,0,0,0,0,2,0,0,0,0,0,0,0,2,0,0,0,6,0,0,0,0,0,0,0,0,0,0,0,0,0,0,0,0,0,0,0,0,0,0,0.842592592592593,0,0,0,0,0,0,0,4.98712962962963,0,0,0,20.503611111111116,0,0,0,0,0,0,0,0,0,0,0,0,0.1524622476820767,0.8475377546217937,666.5945186452722,5.942456477279918e-05,0.8110417541674511,-0.579315539,2,2,0,8,0,0,0,0,0,0,1,255
n1n[nH]c(-c2nonc2Oc2nonc2-c2nn[nH]n2)n1,348.1088,2,15,0,0,0,0,4,13,2,15,4,4,0,2,0,0,0,0,0.2938497516407599,-0.410333304,-0.054792139,195.98999999999995,0,0,0,0,0,0,0,0,0,0,6,0,0,0,0,0,0,0,2,0,0,0,10,0,0,0,0,0,0,1,2,0,0,0,0,0,0,0,0,0,0,0,0,0,0,0.4858124947509896,0,0,0,0,0,0,0,4.771566151534586,0,0,0,35.691438042426945,0,0,0,0,0,0,5.396296296296296,9.154887014991182,0,0,0,0,0.3593948647758912,0.8576238837404385,2734.8287449853465,0.7598705847229177,0.5789849153751513,-0.551414205,6,2,3,12,0,0,0,0,0,0,0.9523809523809524,240
n1n[nH]c(Nc2nc(Nc3nnn[nH]3)nc(Nc3nnn[nH]3)n2)n1,366.1,6,18,0,0,0,0,4,15,6,18,4,6,0,6,0,0,0,0,0.2466113026707054,-0.291411872,0.1328694255479969,238.14,0,0,0,0,0,0,0,0,0,0,6,0,0,0,0,0,0,3,3,0,0,0,12,0,0,0,0,0,0,0,0,0,0,0,0,0,0,0,0,0,0,0,0,0,0,1.1090635235575734,0,0,0,0,0,0,8.29891439909297,7.54228127362056,0,0,0,44.0497408037289,0,0,0,0,0,0,0,0,0,0,0,0,0.2909137006927184,0.7090862997418945,5360.989475508669,5.382556180879111e-05,0.7630813953488373,-0.726744186,6,6,0,18,0,0,0,0,0,0,0.875,289.85
n1nc(Nc2nnnn2-c2nn[nH]n2)n(-c2nn[nH]n2)n1,379.4888,3,17,0,0,0,0,4,15,3,17,4,4,0,3,0,0,0,0,0.2942929701645007,-0.289487819,0.1398940749139166,208.15,0,0,0,0,0,0,0,0,0,0,4,0,0,0,0,0,0,1,2,0,0,0,12,0,0,2,0,0,0,0,0,0,0,0,0,0,0,0,0,0,0,0,0,0,0,0.6056120349374337,0,0,0,0,0,0,2.7880555555555557,4.609319101479996,0,0,0,43.77728022034749,0,0,2.386399754346183,0,0,0,0,0,0,0,0,0,0.791301873321087,0.8064149833125791,1681.256239981278,1.1522598465707856,0.8229968843689377,-0.525611456,4,3,0,17,0,0,0,0,0,0,0.9523809523809524,198
n1nc2c([nH]1)c1nn[nH]c1c1nn[nH]c21,380.744,3,9,0,0,0,1,4,6,3,9,4,0,0,3,0,0,0,0,0.1421878077056625,-0.255083132,0.6633333333333333,124.70999999999998,0,0,0,0,0,0,0,0,0,0,0,6,0,0,0,0,0,0,3,0,0,0,6,0,0,0,0,0,0,0,0,0,0,0,0,0,0,0,0,0,0,0,0,0,0,0,4.149166666666668,0,0,0,0,0,0,8.314305555555556,0,0,0,23.036527777777778,0,0,0,0,0,0,0,0,0,0,0,0,0.4999999898323139,0.5000000102354307,1231.692992647908,1.2820445118820948e-05,0.6263888681749712,-1.073809488,6,3,0,9,0,0,0,0,0,1,1.4,356
NC(=[NH2+])C(c1nnn[n-]1)([N+](=O)[O-])[N+](=O)[O-],113.63934,4,12,0,0,0,0,1,7,2,12,1,4,0,0,2,2,0,0,0.587145597215814,-0.321498803,-3.107638889,190.66,0,0,0,0,0,0,0,0,0,1,1,0,1,0,1,0,0,0,0,0,0,0,4,0,2,0,0,0,2,0,0,0,0,0,0,0,0,0,0,0,0,0,0,0,-1.076574074,-0.891203704,0,-3.107638889,0,4.940277777777777,0,0,0,0,0,0,0,11.813935185185189,0,-2.636851852,0,0,0,21.300555555555555,0,0,0,0,0,0,0.6670159508930246,0.9596497624483148,921.7419968375108,0.854227620255879,0.5182378063733994,-0.296135889,3,4,4,8,0,0,0,1,0.4666666666666667,0,0.3333333333333333,120
NC(=O)c1c(/N=N/c2no[n+]([O-])c2C(N)=O)no[n+]1[O-],192.464,4,14,0,0,0,0,2,10,2,14,2,4,0,0,2,0,0,0,0.3644156418720563,-0.362123763,-1.176512582,216.84,0,0,0,0,0,0,0,0,0,2,4,0,0,0,2,0,0,0,0,0,0,2,2,0,0,2,0,0,2,0,2,0,0,0,0,0,0,0,0,0,0,0,0,0,-2.353025164,-2.618075397,0,0,0,9.774487066431512,0,0,0,0,0,0,6.581759259259259,6.176172524565382,0,0,-0.578854403,0,0,21.863324934912235,0,8.164775132275132,0,0,0,0,0.2086008462132004,0.8278651714202862,3337.5648670223627,0.3291900942258833,0.3941607894477526,-0.450469474,6,4,6,8,0,0,0,0,0,0,0.5,188
NC(=O)c1c([N+](=O)[O-])no[n+]1[O-],202.72794,2,9,0,0,0,0,1,6,1,9,1,2,0,0,1,1,0,0,0.4455068164013168,-0.362040335,-1.265787037,139.2,0,0,0,0,0,0,0,0,0,1,2,0,0,0,1,0,0,0,0,0,0,0,1,0,1,1,0,0,2,0,1,0,0,0,0,0,0,0,0,0,0,0,0,0,-1.265787037,-1.905092593,0,0,0,4.633425925925926,0,0,0,0,0,0,0,2.712037037037037,0,-1.043657407,-0.416203704,0,0,20.467685185185186,0,3.786851851851852,0,0,0,0,0.4131138619413717,0.6219357677542163,899.6840097660685,0.2406827687597518,0.3217059607518727,-0.183831978,3,2,5,4,0,0,0,0,0.3333333333333333,0,0.4166666666666667,114
NC(=O)CCC([N+](=O)[O-])([N+](=O)[O-])[N+](=O)[O-],137.86125,2,11,0,0,0,0,0,7,1,11,0,6,0,0,1,3,0,0,0.6998093695745962,-0.369666094,-3.602152778,172.51,0,0,2,0,0,0,0,0,0,1,0,0,1,0,1,0,0,0,0,0,0,0,0,0,3,0,0,0,4,0,0,0,0,0,0,0,0,-2.001712963,0,0,0,0,0,0,-1.092662037,0,0,-3.602152778,0,4.593347505668935,0,0,0,0,0,0,0,0,0,-4.970416667,0,0,0,41.129229024943314,0,0,0,0,0,0,0.4615762044137114,0.9546667032705782,1288.8505521442758,0.8397359269613134,0.2521239189061423,-0.288141622,4,6,7,4,0,0,1,0,0.6666666666666666,0,0,120
NC(=O)Nc1nonc1[N+](=O)[O-],263.4917,3,9,0,0,0,0,1,6,2,9,1,2,0,1,1,1,0,0,0.4587285960388038,-0.357600085,-0.977962963,137.18,0,0,0,0,0,0,0,0,0,1,2,0,0,0,1,0,0,1,0,0,0,0,2,0,1,0,0,0,2,0,1,0,0,0,0,0,0,0,0,0,0,0,0,0,-0.977962963,-1.096018519,0,0,0,4.670606575963719,0,0,1.8645370370370369,0,0,0,0,5.951157407407408,0,-0.859351852,0,0,0,20.335854119425548,0,3.9958796296296297,0,0,0,0,0.2966559679462922,0.7112673639843712,1082.7526947142765,0.1314699706690578,0.4044185616564983,-0.323534849,3,3,4,5,0,0,0,0,0.3333333333333333,0,0.4166666666666667,182
NC(=O)Nc1nonc1NC(N)=O,399.1536,6,9,0,0,0,0,1,5,4,9,1,2,0,2,2,0,0,0,0.3174847874539117,-0.351330476,-0.858129252,149.16,0,0,0,0,0,0,0,0,0,2,2,0,0,0,2,0,0,2,0,0,0,0,2,0,0,0,0,0,2,0,1,0,0,0,0,0,0,0,0,0,0,0,0,0,-1.716258503,-0.210555556,0,0,0,9.559821428571428,0,0,4.119907407407407,0,0,0,0,6.48212962962963,0,0,0,0,0,20.724770408163263,0,4.206851851851852,0,0,0,0,0.2146917881035424,0.7853082119979168,1534.2627631268444,1.8858585316849836e-05,0.4512950556328606,-0.687687704,4,6,3,6,0,0,0,0,0,0,0.3846153846153846,239
NC(=O)NNc1nnc(-n2cccn2)nn1,282.8384,4,10,0,0,0,0,2,8,3,10,2,3,0,2,1,0,0,0,0.330378325797109,-0.350230342,-0.764117798,136.53000000000003,0,0,0,0,0,3,0,0,0,1,2,0,0,0,1,0,0,2,0,0,0,0,5,0,0,1,0,0,1,0,0,0,0,0,0,0,0,0,0,0,4.932327224826774,0,0,0,-0.764117798,0.2401214096749817,0,0,0,4.824329424683862,0,0,4.392619205089443,0,0,0,0,18.616136595070127,0,0,1.394140054169816,0,0,10.364443884838906,0,0,0,0,0,0,0.1309535366348426,0.905656312661406,2387.626489854641,0.3691546049732447,0.5696614583333331,-1.048900463,6,7,1,9,0,0,0,0,0,0,0.6875,230.5
NC(N)=C([N+](=O)[O-])[N+](=O)[O-],277.68787,4,8,0,0,0,0,0,6,2,8,0,2,0,0,2,2,0,0,0.5983396234766841,-0.374050711,-1.388888889,138.32000000000002,0,0,0,0,0,0,0,0,0,2,0,0,0,0,2,0,0,0,0,0,0,0,0,0,2,0,0,0,2,0,0,0,0,0,0,0,0,0,0,0,0,0,0,0,-2.296296296,0,0,0,0,9.225185185185186,0,0,0,0,0,0,0,0,0,-2.509259259,0,0,0,19.45685185185185,0,0,0,0,0,0,0.5585740807574086,0.5780193118058392,603.7403853254795,0.2984563788063154,0.3781790677885978,-0.216102324,2,4,4,4,0,0,0,1,0.7,0,0,220
NC(N)=C(c1ncn[nH]1)[N+](=O)[O-],272.5177,5,8,0,0,0,0,1,6,3,8,1,2,0,1,2,1,0,0,0.3516965731021446,-0.379857443,-0.726342593,136.75000000000003,0,0,0,0,0,1,0,0,0,2,1,0,0,0,2,0,0,0,1,0,0,0,2,0,1,0,0,0,1,0,0,0,0,0,0,0,0,0,0,0,1.1267592592592592,0,0,0,-0.871064815,-0.055555556,0,0,0,10.113518518518518,0,0,0,2.279259259259259,0,0,0,6.954907407407408,0,-0.726342593,0,0,0,10.33925925925926,0,0,0,0,0,0,0.390420037599585,0.6869885193388628,907.0754687351296,0.4259658634033048,0.4937342769143957,-0.846401618,4,6,2,6,0,0,0,0,0.3333333333333333,0,0.4166666666666667,267
NC(N)=C(c1ncnc(N)n1)[N+](=O)[O-],282.594,6,9,0,0,0,0,1,8,3,9,1,2,0,0,3,1,0,0,0.352354476457986,-0.379857112,-0.787592593,159.87,0,0,0,0,0,1,0,0,0,2,2,0,0,0,3,0,0,0,0,0,0,0,3,0,1,0,0,0,1,0,0,0,0,0,0,0,0,0,0,0,1.0318518518518518,0,0,0,-1.069722222,-0.404537037,0,0,0,15.39605253212396,0,0,0,0,0,0,0,10.502307256235827,0,-0.787592593,0,0,0,10.49915343915344,0,0,0,0,0,0,0.3472400581933317,0.79720333862411,1296.7249746338505,0.617346383135977,0.4970632690532464,-0.933261648,5,7,2,7,0,0,0,0,0.2857142857142857,0,0.4285714285714285,276
NC(N)=C(c1nnn[nH]1)[N+](=O)[O-],272.5177,5,9,0,0,0,0,1,7,3,9,1,2,0,1,2,1,0,0,0.3536284602959113,-0.379856369,-0.766342593,149.64,0,0,0,0,0,0,0,0,0,2,1,0,0,0,2,0,0,0,1,0,0,0,3,0,1,0,0,0,1,0,0,0,0,0,0,0,0,0,0,0,0,0,0,0,-0.973564815,-0.166666667,0,0,0,10.057962962962964,0,0,0,2.1681481481481484,0,0,0,9.5575,0,-0.766342593,0,0,0,10.31148148148148,0,0,0,0,0,0,0.3868989334168713,0.6867563192415262,910.8243735328978,0.3719944761753914,0.5726975222066384,-0.607760636,3,5,2,7,0,0,0,0,0.3333333333333333,0,0.4166666666666667,275
NC(N)=N[N+](=O)[O-],259.79248,4,6,0,0,0,0,0,2,2,6,0,1,0,0,2,1,0,0,0.2630149639862358,-0.364865969,-0.962962963,107.54000000000002,0,0,0,0,0,0,0,0,0,1,0,0,0,0,2,0,0,0,0,0,0,1,0,0,1,0,0,0,1,0,0,0,0,0,0,0,0,0,0,0,0,0,0,0,-0.537037037,0,0,0,0,9.158888888888889,0,0,0,0,0,0,2.4722222222222223,0,0,-0.962962963,0,0,0,9.267777777777775,0,0,0,0,0,0,0.2469004299121092,0.8030793367289534,358.9435473964606,0.1696699237314279,0.5381045268043319,-0.307488301,1,4,2,4,1,0,0,0,0.5714285714285714,0,0,254
NC(N)=Nc1nc([N+](=O)[O-])no1,128.83072,4,9,0,0,0,0,1,6,2,9,1,2,0,0,2,1,0,0,0.5116971702377405,-0.389657097,-0.824178949,146.45999999999998,0,0,0,0,0,0,0,0,0,1,2,0,0,0,2,0,0,0,0,0,0,1,2,0,1,0,0,0,1,0,1,0,0,0,0,0,0,0,0,0,0,0,0,0,-0.311529667,-1.030833333,0,0,0,9.879873393801963,0,0,0,0,0,0,3.29,6.190925925925926,0,-0.824178949,0,0,0,10.009630574452004,0,4.286481481481482,0,0,0,0,0.1175823262773955,0.8910172492294756,1329.3979360645155,0.1708225509402287,0.4880769767117555,-0.464835216,3,4,3,6,0,0,0,0,0.3333333333333333,0,0.4166666666666667,290
Nc1[n+]([O-])nc(-n2cccn2)n[n+]1[O-],259.408,2,9,0,0,0,0,2,7,1,9,2,1,0,0,1,0,0,0,0.5812812835598431,-0.653630069,-0.638049887,123.5,0,0,0,0,0,3,0,0,0,0,2,0,0,0,1,0,0,0,0,0,0,0,3,0,0,3,0,0,0,0,0,0,0,0,0,0,0,0,0,0,4.555088813303099,0,0,0,0,-0.782309146,0,0,0,5.0503911564625845,0,0,0,0,0,0,0,10.506073318216176,0,0,1.135185185185185,0,0,0,0,0,0,0,0,0,0.2079147813850472,0.7920852187016312,1492.3067844062518,1.7945213712989636e-05,0.5021983991144908,-0.860911541,5,5,2,7,0,0,0,0,0,0,0.7857142857142857,237
Nc1[n+]([O-])nc(-n2cncn2)n[n+]1[O-],258.1528,2,10,0,0,0,0,2,8,1,10,2,1,0,0,1,0,0,0,0.5812812976932558,-0.653630063,-0.65845805,136.39,0,0,0,0,0,2,0,0,0,0,2,0,0,0,1,0,0,0,0,0,0,0,4,0,0,3,0,0,0,0,0,0,0,0,0,0,0,0,0,0,2.4538955026455027,0,0,0,0,-0.865217309,0,0,0,5.0347661564625845,0,0,0,0,0,0,0,13.913282785336357,0,0,0.968518518518518,0,0,0,0,0,0,0,0,0,0.2055883399542902,0.7944116600639572,1498.5313383821972,1.2629411587742393e-05,0.5710498138989444,-0.652628359,4,4,2,8,0,0,0,0,0,0,0.7857142857142857,221
Nc1[nH]c2c([N+](=O)[O-])cnn2c(=O)c1[N+](=O)[O-],254.34135,3,11,0,0,0,0,2,8,2,11,2,2,0,1,1,2,0,0,0.3750883235707435,-0.379301397,-1.130231481,162.46,0,0,0,0,0,1,0,0,0,0,3,1,0,0,1,0,0,0,1,0,0,0,1,0,2,1,0,0,3,0,0,0,0,0,0,0,0,0,0,0,0.8019831821617536,0,0,0,0,-1.962688964,-0.302685185,0,0,5.255699168556312,0,0,0,2.205324074074074,0,0,0,3.394861111111111,0,-1.773148148,0.5204629629629629,0,0,32.693313492063496,0,0,0,0,0,0,0.2263234019711665,0.79259038682217,2109.7214354897988,0.1075830624767366,0.34980323567993,-0.59966269,6,4,5,6,0,0,0,0,0.4705882352941176,0,0.6470588235294118,291
Nc1[nH+]nc(/N=N/c2n[nH+]c(N)n2[N-][N+](=O)[O-])n1[N-][N+](=O)[O-],173.1774,6,18,0,0,0,0,2,12,2,18,2,6,0,2,2,2,0,0,0.3966072174432379,-0.373364109,-1.04198131,255.16,0,0,0,0,0,0,0,0,0,0,4,0,0,0,2,0,0,0,2,0,0,2,2,0,2,2,0,0,2,0,0,0,0,0,0,0,0,0,0,0,0,0,0,0,0,-1.419496777,0,0,0,10.69748943863843,0,0,0,4.356651234567901,0,0,6.9150434618291765,6.985262030738221,0,-2.083962621,1.0724118165784828,0,0,20.689385599970016,0,0,0,0,0,0,0.2711156994306021,0.7683727600329145,4101.8044283400495,0.2821413061896993,0.623834289242678,-0.356476737,4,6,4,14,2,0,0,0,0.3636363636363636,0,0.4545454545454545,173
Nc1[nH+]nc2nnc(=O)[n-]n12,373.2128,3,8,0,0,0,0,2,6,1,8,2,0,0,1,1,0,0,0,0.3811584413332663,-0.309137655,-0.698518519,114.41,0,0,0,0,0,0,0,0,0,0,1,1,0,0,1,0,0,0,1,0,0,0,4,0,0,1,0,0,1,0,0,0,0,0,0,0,0,0,0,0,0,0,0,0,0,0.1453703703703708,0.1686111111111112,0,0,5.320833333333333,0,0,0,2.390648148148148,0,0,0,13.56351851851852,0,0,1.0787037037037035,0,0,10.530833333333334,0,0,0,0,0,0,0.2937891059704596,0.7062108940307509,714.9688937012825,2.1160084621142247e-06,0.6400836027562783,-0.679272395,3,3,1,7,0,0,0,0,0,0,1,227
NC1=C([N+](=O)[O-])C(N[N+](=O)[O-])=NN2N=NNC12,120.264175,4,13,0,2,2,0,0,10,3,13,2,2,0,2,1,2,0,0,0.3413021489385109,-0.392948576,-0.989501134,176.68000000000004,0,0,0,0,0,0,1,0,0,3,0,0,0,0,1,0,0,2,0,0,0,3,0,1,2,0,0,0,2,0,0,0,0,0,0,0,0,0,0,0,0,-0.909533258,0,0,-1.584722222,0,0,0,0,5.501578798185941,0,0,3.936986489040061,0,0,0,10.296677059712774,0,0.8831018518518519,-1.862510393,0,0,0,21.03587750377929,0,0,0,0,0,0,0.4149935195141047,0.6424642520131263,1960.863757783839,0.4057741396477187,0.51821356156665,-0.427731829,4,5,4,9,1,0,0,0,0.4705882352941176,0,0.6470588235294118,175.4
NC1=NC(c2n[nH]cc2[N+](=O)[O-])N(N)N1,279.35764,6,10,0,1,1,0,1,8,4,10,2,2,0,2,2,1,0,0,0.3132075515961808,-0.368788105,-0.794768519,151.49,0,0,0,0,0,1,1,0,0,1,2,0,0,0,2,0,0,1,1,0,0,1,1,1,1,0,0,0,1,0,0,0,0,0,0,0,0,0,0,0,1.1599244142101286,-0.794768519,0,0,0.0831462585034019,-0.077638889,0,0,0,10.83799036281179,0,0,2.4835950491307632,2.3802210884353743,0,0,3.852314814814815,3.713333333333333,1.040185185185185,-0.572714475,0,0,0,10.613872354497357,0,0,0,0,0,0,0.3802257015708784,0.694641270626172,1438.7116901878353,0.5301046250905994,0.5278711240355746,-0.904921927,5,8,2,8,0,0,0,0,0.2666666666666666,0,0.6666666666666666,281
NC1=NN=C(N)C1=NO,274.8888,5,6,0,1,1,0,0,6,3,6,1,0,0,0,2,0,0,0,0.1898215259657381,-0.410155951,0.0370370370370372,109.35,0,0,0,0,0,0,0,0,0,3,0,0,0,0,2,0,0,0,0,0,0,3,0,0,0,0,0,1,0,0,0,0,0,0,0,0,0,0,0,0,0,0,0,0,0.111111111111112,0,0,0,0,10.289074074074074,0,0,0,0,0,0,9.426666666666666,0,0,0,0,0,8.173148148148147,0,0,0,0,0,0,0,0.4119607234209728,0.5880392765955326,522.4491616860365,8.612286597975097e-06,0.5507171123541584,-0.944086478,3,5,1,5,0,0,0,0,0,0,0.5555555555555556,285
NC1=NON=C1C1=NNC(NN(=O)=O)=N1,120.90456,4,11,0,0,0,0,2,8,3,11,2,3,0,2,1,1,0,0,0.2810293392628992,-0.378858724,-0.783038313,161.68,0,0,0,0,0,0,0,0,0,0,4,0,0,0,1,0,0,1,1,0,0,0,4,0,1,0,0,0,1,0,1,0,0,0,0,0,0,0,0,0,0,0,0,0,0,0.0275935374149673,0,0,0,5.367556689342404,0,0,1.7799792139077852,2.273703703703704,0,0,0,14.050203294280674,0,-0.783038313,0,0,0,10.06689909297052,0,4.316870354623331,0,0,0,0,0.1895879243136273,0.810412076241062,1910.4983332583708,3.749399031418329e-05,0.5279806155688282,-0.527980616,4,4,3,8,1,0,0,0,0.2666666666666666,0,0.6666666666666666,195.5
Nc1c([N+](=O)[O-])c([N+](=O)[O-])nn1-c1nnn[nH]1,263.95404,3,13,0,0,0,0,2,10,2,13,2,3,0,1,1,2,0,0,0.4702683814807943,-0.375875338,-1.019057067,184.58,0,0,0,0,0,0,0,0,0,0,4,0,0,0,1,0,0,0,1,0,0,0,4,0,2,1,0,0,2,0,0,0,0,0,0,0,0,0,0,0,0,0,0,0,0,-2.602546296,0,0,0,5.37287037037037,0,0,0,2.215708616780045,0,0,0,13.111907596371882,0,-2.01829932,0.6768518518518516,0,0,21.205086923658357,0,0,0,0,0,0,0.2682775647211436,0.75222534283812,2159.578399732275,0.2049460848725871,0.5225462100884595,-0.364952909,4,3,4,9,0,0,0,0,0.4705882352941176,0,0.5882352941176471,222
Nc1c([N+](=O)[O-])c([N+](=O)[O-])nn1Cc1no/c(=N/[N+](=O)[O-])[nH]1,162.51611,3,16,0,0,0,0,2,11,2,16,2,5,0,1,1,3,0,0,0.4696745557396188,-0.376371124,-1.064479867,227.44,0,0,1,0,0,0,0,0,0,0,4,0,0,0,1,0,0,0,1,0,0,1,2,0,3,1,0,0,3,0,1,0,0,0,0,0,0,-0.391619426,0,0,0,0,0,0,0,-2.689485439,0,0,0,5.428648746535651,0,0,0,2.265176681783825,0,0,2.7834994646006552,6.730175894431847,0,-3.152052488,0.7227777777777777,0,0,31.61341567343191,0,4.455929862685816,0,0,0,0,0.3276630202304761,0.8688700364354549,3625.079130170501,0.9778084152695128,0.3997943914558228,-0.380756563,6,5,7,9,1,0,0,0,0.5454545454545454,0,0.4545454545454545,201
Nc1c([N+](=O)[O-])c([N+](=O)[O-])nn1N,278.11362,4,10,0,0,0,0,1,8,2,10,1,2,0,0,2,2,0,0,0.471881481320519,-0.374549531,-1.029907407,156.14,0,0,0,0,0,0,0,0,0,0,3,0,0,0,2,0,0,0,0,0,0,0,1,0,2,1,0,0,2,0,0,0,0,0,0,0,0,0,0,0,0,0,0,0,0,-2.422037037,0,0,0,10.060185185185183,0,0,0,0,0,0,0,3.059629629629629,0,-2.04,0.3851851851851851,0,0,20.47851851851852,0,0,0,0,0,0,0.4491591524197221,0.5868898114779854,1089.908163057147,0.1406791785403355,0.4465638506562893,-0.340239124,3,4,4,6,0,0,0,0,0.6153846153846154,0,0.3846153846153846,254
Nc1c([N+](=O)[O-])c([N+](=O)[O-])nn1NCC([N+](=O)[O-])([N+](=O)[O-])[N+](=O)[O-],123.69918,3,19,0,0,0,0,1,14,2,19,1,8,0,1,1,5,0,0,0.7184847919580666,-0.374542188,-3.970288171,271.56999999999994,0,0,1,0,0,0,0,0,0,0,3,0,1,0,1,0,0,1,0,0,0,0,1,0,5,1,0,0,5,0,0,0,0,0,0,0,0,-1.666479592,0,0,0,0,0,0,0,-3.725960884,0,-3.970288171,0,5.182819349962207,0,0,1.6150925925925927,0,0,0,0,2.9835837112622827,0,-8.094863001,0.0292824074074076,0,0,53.44840679327287,0,0,0,0,0,0,0.2216310471520571,0.9061108972720135,4845.559950218287,0.5337749366181076,0.3588230603620126,-0.113912083,5,5,10,9,0,0,1,0,0.75,0,0.2083333333333333,106
Nc1c([N+](=O)[O-])c([N+](=O)[O-])nn2nnnc12,262.18112,2,12,0,0,0,0,2,10,1,12,2,2,0,0,1,2,0,0,0.4702460165447917,-0.389580398,-1.03212963,168.26999999999998,0,0,0,0,0,0,0,0,0,0,3,1,0,0,1,0,0,0,0,0,0,0,4,0,2,1,0,0,2,0,0,0,0,0,0,0,0,0,0,0,0,0,0,0,0,-2.438611111,-0.210833333,0,0,5.353518518518518,0,0,0,0,0,0,0,13.024346182917611,0,-2.036944444,0.6532407407407406,0,0,21.160975056689345,0,0,0,0,0,0,0.3719021635827199,0.6747855343046253,1575.533521530098,0.1755498116290242,0.4953297480894423,-0.353806963,4,2,4,8,0,0,0,0,0.5,0,0.6875,202
Nc1c([N+](=O)[O-])c(Cl)nc2c([N+](=O)[O-])cnn12,279.0885,2,10,0,0,0,0,2,8,1,11,2,2,0,0,1,2,0,0,0.3476941622600923,-0.377750808,-0.835694444,142.48999999999998,0,0,0,0,0,1,0,0,0,0,4,1,0,0,1,0,0,0,0,0,0,0,2,0,2,1,0,0,2,0,0,0,1,0,0,0,0,0,0,0,0.887646762408667,0,0,0,0,-2.020960569,-0.24712963,0,0,5.445976946334088,0,0,0,0,0,0,0,7.089475308641975,0,-1.574845679,0.7937962962962961,0,0,21.26495559334845,0,0,0,5.5405738221214405,0,0,0.284321454843511,0.7372130950337855,2318.7673237550275,0.119722670086286,0.3248498536242029,-0.587823545,6,3,4,6,0,0,0,0,0.4705882352941176,0,0.6470588235294118,284
Nc1c([N+](=O)[O-])c(N(CCN(c2nn3nnnc3c(N)c2[N+](=O)[O-])[N+](=O)[O-])[N+](=O)[O-])nn2nnnc12,123.47849,4,26,0,0,0,0,4,20,2,26,4,9,0,0,2,4,0,0,0.3455088467859608,-0.389807742,-1.176757002,343.0199999999999,0,0,2,0,0,0,0,0,0,0,6,2,0,0,2,0,0,0,0,0,0,0,8,2,4,2,0,0,4,0,0,0,0,0,0,0,0,-2.025246599,0,0,0,0,0,0,0,-5.452211501,-0.767203424,0,0,11.35499057656206,0,0,0,0,0,0,0,27.219152118349864,0.0770930964978584,-4.534356733,1.135268382477978,0,0,46.66292370838894,0,0,0,0,0,0,0.2433885467565259,0.9565222715220424,9172.980692634732,0.971438920534385,0.4957780173601,-0.50364751,10,8,8,18,2,0,0,0,0.4444444444444444,0,0.6111111111111112,199.1
Nc1c([N+](=O)[O-])c(N(CCO[N+](=O)[O-])[N+](=O)[O-])nn2nnnc12,139.12744,2,17,0,0,0,0,2,13,1,17,2,7,0,0,1,2,0,0,0.3455087400014162,-0.389807742,-1.167792528,223.88,0,0,2,0,0,0,0,0,0,0,3,1,0,0,1,0,0,0,0,0,0,0,4,1,3,1,0,0,3,1,0,0,0,0,0,0,0,-1.449151077,0,0,0,0,0,0,0,-2.262596634,-0.272880107,0,0,5.546260471781305,0,0,0,0,0,0,0,13.486531586348956,0.1657870370370371,-3.231805818,0.6552828168304357,0,0,32.29104213755954,3.94715411627614,0,0,0,0,0,0.2412689878929299,0.851837408914824,3841.5083929397065,0.6426136348630135,0.4240149980162156,-0.387670855,6,6,7,10,1,1,0,0,0.5217391304347826,0,0.4782608695652174,161
Nc1c([N+](=O)[O-])c(N)[n+]([O-])c(=O)n1O,279.4673,5,10,0,0,0,0,1,8,3,10,1,1,0,0,2,1,0,0,0.4816726292783811,-0.737296297,-1.508703704,164.35,0,0,0,0,0,0,0,0,0,0,3,0,0,0,2,0,0,0,0,0,0,0,0,0,1,2,0,1,2,0,0,0,0,0,0,0,0,0,0,0,0,0,0,0,0,-2.880092593,0,0,0,9.951574074074074,0,0,0,0,0,0,0,0,0,-1.078148148,-0.878981481,0,8.839629629629629,21.09101851851852,0,0,0,0,0,0,0.4122078768457912,0.6418362137370218,1235.2667858490138,0.1884932139131118,0.3446340478745925,-0.433254232,4,5,5,5,0,0,0,0,0.2857142857142857,0,0.4285714285714285,271
Nc1c([N+](=O)[O-])c(N)[n+]([O-])c(N)[n+]1[O-],305.11768,6,10,0,0,0,0,1,7,3,10,1,1,0,0,3,1,0,0,0.4513857275672629,-0.706296459,-1.034814815,175.07999999999998,0,0,0,0,0,0,0,0,0,0,4,0,0,0,3,0,0,0,0,0,0,0,0,0,1,2,0,0,1,0,0,0,0,0,0,0,0,0,0,0,0,0,0,0,0,-3.468518519,0,0,0,15.072180650037794,0,0,0,0,0,0,0,0,0,-1.034814815,-0.524814815,0,0,10.358631897203326,0,0,0,0,0,0,0.4020221342498071,0.6477492417599701,1251.510279538963,0.1282032326767023,0.4155741354573788,-0.554098847,4,6,4,6,0,0,0,0,0.2857142857142857,0,0.4285714285714285,276
Nc1c([N+](=O)[O-])c(N)c([N+](=O)[O-])c(-c2c([N+](=O)[O-])c(N)c([N+](=O)[O-])c(N)c2[N+](=O)[O-])c1[N+](=O)[O-],273.45142,8,22,0,0,0,2,2,16,4,22,2,7,0,0,4,6,6,0,0.3285708042723536,-0.387400331,-1.771802721,362.92,0,0,0,0,0,0,0,0,0,0,12,0,0,0,4,0,0,0,0,0,0,0,0,0,6,0,0,0,6,0,0,0,0,0,0,0,0,0,0,0,0,0,0,0,0,-19.34277988,0,0,0,21.61376732174351,0,0,0,0,0,0,0,0,0,-9.125925647,0,0,0,69.42746910109824,0,0,0,0,0,0,0.4047208266787861,0.9983663696803792,5628.235866078494,1.3648690386457203,0.2891044782283677,-0.528648189,12,8,12,10,0,0,0,0,0.7058823529411765,2,0.3529411764705882,268
Nc1c([N+](=O)[O-])c(N)c([N+](=O)[O-])c(N)c1[N+](=O)[O-],284.83835,6,12,0,0,0,1,1,9,3,12,1,3,0,0,3,3,3,0,0.3286999771199757,-0.387349179,-1.148703704,207.48,0,0,0,0,0,0,0,0,0,0,6,0,0,0,3,0,0,0,0,0,0,0,0,0,3,0,0,0,3,0,0,0,0,0,0,0,0,0,0,0,0,0,0,0,0,-6.102222222,0,0,0,15.569875283446711,0,0,0,0,0,0,0,0,0,-3.446111111,0,0,0,31.98922902494331,0,0,0,0,0,0,0.5470104475696335,0.5475970691023101,2100.202576203737,0.3151519261423038,0.3253922138291691,-0.557815224,6,6,6,6,0,0,0,0,0.6666666666666666,1,0.3333333333333333,324
Nc1c([N+](=O)[O-])c(N)c([N+](=O)[O-])c(N2c3nonc3-c3no[n+]([O-])c3-c3nonc32)c1[N+](=O)[O-],276.04224,4,22,0,1,1,1,4,18,2,22,5,4,0,0,2,3,3,0,0.3299492220966015,-0.387348547,-1.315066846,315.5099999999999,0,0,0,0,0,0,0,0,0,0,12,0,0,0,2,0,0,0,0,0,0,0,5,1,3,1,0,0,3,0,3,0,0,0,0,0,0,0,0,0,0,0,0,0,0,-10.00667454,0,0,0,11.334942365835223,0,0,0,0,0,0,0,17.662775915896404,0.5754554043839755,-3.654355714,-0.137192478,0,0,35.3913199906021,0,13.762741659361426,0,0,0,0,0.3413621520163968,0.925379007172381,6216.924703717746,1.0565132438868432,0.3527647940735513,-0.537546353,12,4,10,12,0,0,0,0,0.3529411764705882,1,0.6176470588235294,302
Nc1c([N+](=O)[O-])c(N)c([N+](=O)[O-])c(N2c3nonc3-c3nonc3-c3nonc32)c1[N+](=O)[O-],288.45816,4,21,0,1,1,1,4,18,2,21,5,4,0,0,2,3,3,0,0.3299492029091186,-0.387348547,-1.252141676,301.45999999999987,0,0,0,0,0,0,0,0,0,0,12,0,0,0,2,0,0,0,0,0,0,0,6,1,3,0,0,0,3,0,3,0,0,0,0,0,0,0,0,0,0,0,0,0,0,-8.461481691,0,0,0,11.37025100781053,0,0,0,0,0,0,0,21.728481096091123,0.6743442932728645,-3.530826609,0,0,0,35.35836416976749,0,14.002503564123332,0,0,0,0,0.3751332707197939,0.9935212035822316,5463.11165057664,0.9172330763021792,0.3650277355895522,-0.590997286,12,4,9,12,0,0,0,0,0.3636363636363636,1,0.6363636363636364,290
Nc1c([N+](=O)[O-])c(N)c2nn[nH]c2c1[N+](=O)[O-],262.4281,5,11,0,0,0,1,2,8,3,11,2,2,0,1,2,2,2,0,0.3260027890954565,-0.391182823,-0.897037037,179.89,0,0,0,0,0,0,0,0,0,0,4,2,0,0,2,0,0,0,1,0,0,0,2,0,2,0,0,0,2,0,0,0,0,0,0,0,0,0,0,0,0,0,0,0,0,-2.38712963,-0.297962963,0,0,10.839865835222977,0,0,0,2.2319283824640967,0,0,0,6.759605064247921,0,-1.754212963,0,0,0,21.55395313681028,0,0,0,0,0,0,0.4274435309599272,0.6316186563091194,1806.6686955047771,0.2175708763050974,0.4097829404853,-0.702485041,6,5,4,7,0,0,0,0,0.4705882352941176,1,0.6470588235294118,322
Nc1c([N+](=O)[O-])c(N[N+](=O)[O-])nn2nnnc12,122.36326,3,13,0,0,0,0,2,10,2,13,2,3,0,1,1,2,0,0,0.3452310924061615,-0.389807896,-1.008964475,180.3,0,0,0,0,0,0,0,0,0,0,3,1,0,0,1,0,0,1,0,0,0,0,4,0,2,1,0,0,2,0,0,0,0,0,0,0,0,0,0,0,0,0,0,0,0,-1.832731481,-0.161483371,0,0,5.433291761148904,0,0,1.5505092592592593,0,0,0,0,13.36759448223734,0,-1.922807067,0.7442129629629628,0,0,20.994040060468635,0,0,0,0,0,0,0.3149796836160262,0.7777483967346065,1805.0137983311315,0.3732986009506359,0.5225462100884595,-0.364952909,4,3,4,9,1,0,0,0,0.4705882352941176,0,0.6470588235294118,175.4
Nc1c([N+](=O)[O-])c(Nc2nnn[nH]2)nc(Nc2nnn[nH]2)c1[N+](=O)[O-],292.39697,6,18,0,0,0,0,3,14,5,18,3,6,0,4,1,2,0,0,0.3412508656697998,-0.387246689,-0.929318389,258.17,0,0,0,0,0,0,0,0,0,0,7,0,0,0,1,0,0,2,2,0,0,0,7,0,2,0,0,0,2,0,0,0,0,0,0,0,0,0,0,0,0,0,0,0,0,-3.486890957,0,0,0,5.617688964474679,0,0,4.823865268329554,4.588189090450995,0,0,0,23.877029058537,0,-1.858636779,0,0,0,22.552711010330057,0,0,0,0,0,0,0.5016861861397359,0.5576381284420031,4355.592335940462,0.4965245973470943,0.5596498191131835,-0.593914094,7,6,4,14,0,0,0,0,0.32,0,0.64,265
Nc1c([N+](=O)[O-])c(NCCNc2nn3nnnc3c(N)c2[N+](=O)[O-])nn2nnnc12,293.94788,6,20,0,0,0,0,4,18,4,20,4,7,0,2,2,2,0,0,0.3393684277507066,-0.389811346,-0.730640878,274.32,0,0,2,0,0,0,0,0,0,0,6,2,0,0,2,0,0,2,0,0,0,0,8,0,2,2,0,0,2,0,0,0,0,0,0,0,0,0.0422534013605444,0,0,0,0,0,0,0,-1.967719291,-0.14737197,0,0,11.50376970858524,0,0,5.39085616654069,0,0,0,0,28.717688844870896,0,-1.461281756,1.854829355015141,0,0,22.70015443704914,0,0,0,0,0,0,0.2079120435334913,0.9181348994122502,7484.443458752757,0.8828210831823708,0.5355033970996754,-0.803255096,10,10,4,16,0,0,0,0,0.2666666666666666,0,0.7333333333333333,303.1
Nc1c([N+](=O)[O-])c2cc(c1[N+](=O)[O-])Oc1cc(c([N+](=O)[O-])cc1[N+](=O)[O-])Oc1cc(c([N+](=O)[O-])c(N)c1[N+](=O)[O-])Oc1cc(c([N+](=O)[O-])cc1[N+](=O)[O-])O2,271.62048,4,30,0,1,1,4,4,22,2,30,5,8,0,0,2,8,8,0,0.3411284521506705,-0.442473616,-1.489880395,434.0799999999999,0,0,0,0,0,6,0,0,0,0,18,0,0,0,2,0,0,0,0,0,0,0,0,0,8,0,0,0,8,4,0,0,0,0,0,0,0,0,0,0,1.3891055447278384,0,0,0,0,-24.11866017,0,0,0,11.450622717409544,0,0,0,0,0,0,0,0,0,-10.77109832,0,0,0,96.38221099346666,21.28560824003104,0,0,0,0,0,0.7131218426158934,0.7726088744120111,14348.917815082665,1.9094380121283772,0.1846006165660592,-0.69620804,24,10,20,10,0,0,0,0,0.5925925925925926,4,0.4444444444444444,255.53
Nc1c([N+](=O)[O-])c2nnnn2c2no[n+]([O-])c12,254.73965,2,12,0,0,0,0,3,10,1,12,3,1,0,0,1,1,0,0,0.3474148529543398,-0.38920825,-0.784259259,165.20999999999998,0,0,0,0,0,0,0,0,0,0,2,3,0,0,1,0,0,0,0,0,0,0,4,0,1,2,0,0,1,0,1,0,0,0,0,0,0,0,0,0,0,0,0,0,0,-0.973287037,-0.603240741,0,0,5.519074074074074,0,0,0,0,0,0,0,13.540599017384732,0,-0.784259259,0.8616203703703704,0,0,10.864913076341647,0,4.30010582010582,0,0,0,0,0.4003796165949244,0.6160877556893822,1747.4095108649856,0.1132007296474683,0.4703451577546058,-0.470345158,5,2,4,8,0,0,0,0,0.2352941176470588,0,0.9411764705882352,134
Nc1c([N+](=O)[O-])cc([N+](=O)[O-])c(N)c1F,274.8982,4,8,0,0,0,1,1,6,2,9,1,2,0,0,2,2,2,0,0.3016919171217068,-0.390678155,-1.351018519,138.32000000000002,0,0,0,0,0,1,0,0,0,0,5,0,0,0,2,0,0,0,0,0,0,0,0,0,2,0,0,0,2,0,0,1,0,0,0,0,0,0,0,0,0.521574074074074,0,0,0,0,-4.746388889,0,0,0,10.068250188964477,0,0,0,0,0,0,0,0,0,-2.045925926,0,0,0,20.711152683295538,0,0,13.113518518518518,0,0,0,0.3818581855486647,0.6594741106261159,1615.6959454493378,0.2156861466170178,0.2591057151317738,-0.777317145,6,5,4,4,0,0,0,0,0.5333333333333333,1,0.4,294
Nc1c([N+](=O)[O-])cc([N+](=O)[O-])c(N2c3nonc3-c3no[n+]([O-])c3-c3nonc32)c1[N+](=O)[O-],274.51276,2,21,0,1,1,1,4,17,1,21,5,4,0,0,1,3,3,0,0.3297673447294488,-0.387420414,-1.242566846,289.4899999999999,0,0,0,0,0,1,0,0,0,0,11,0,0,0,1,0,0,0,0,0,0,0,5,1,3,1,0,0,3,0,3,0,0,0,0,0,0,0,0,0,0.4141186381960196,0,0,0,0,-8.007521154,0,0,0,5.646637849584279,0,0,0,0,0,0,0,17.709855627410644,0.6346220710506423,-3.436207565,-0.117709453,0,0,35.039169574880255,0,13.765645990847108,0,0,0,0,0.3401620729567072,0.9222953807091032,5970.796807749148,1.0951790952975342,0.3338948838197573,-0.537700852,12,3,10,11,0,0,0,0,0.3636363636363636,1,0.6363636363636364,314
Nc1c([N+](=O)[O-])cc([N+](=O)[O-])c(N2c3nonc3-c3nonc3-c3nonc32)c1[N+](=O)[O-],289.76895,2,20,0,1,1,1,4,17,1,20,5,4,0,0,1,3,3,0,0.3297673255544013,-0.387420414,-1.179641676,275.4399999999999,0,0,0,0,0,1,0,0,0,0,11,0,0,0,1,0,0,0,0,0,0,0,6,1,3,0,0,0,3,0,3,0,0,0,0,0,0,0,0,0,0.460222033257748,0,0,0,0,-6.512546926,0,0,0,5.664292170571933,0,0,0,0,0,0,0,21.78269815328437,0.7335109599395311,-3.312678461,0,0,0,35.006213754045646,0,14.005407895609013,0,0,0,0,0.3603745041907822,0.9167223658139676,5444.764843974407,1.0581709271653066,0.3458933031462813,-0.592959948,12,3,9,11,0,0,0,0,0.375,1,0.65625,328
Nc1c([N+](=O)[O-])cc([N+](=O)[O-])c2[nH]nnc12,263.3531,3,10,0,0,0,1,2,7,2,10,2,2,0,1,1,2,2,1,0.3030953493319497,-0.391253658,-0.809074074,153.87,0,0,0,0,0,1,0,0,0,0,3,2,0,0,1,0,0,0,1,0,0,0,2,0,2,0,0,0,2,0,0,0,0,0,0,0,0,0,0,0,0.7753240740740739,0,0,0,0,-1.297824074,-0.116666667,0,0,5.446625094482237,0,0,0,2.2710950491307638,0,0,0,6.78849395313681,0,-1.578287037,0,0,0,21.27228647014361,0,0,0,0,0,0,0.3927310442206461,0.6294572179370201,1728.3172688941995,0.1529659874513746,0.3747724595781132,-0.713852304,6,4,4,6,0,0,0,0,0.5,1,0.6875,341
Nc1c([N+](=O)[O-])cc([N+](=O)[O-])c2c(N)c([N+](=O)[O-])cc([N+](=O)[O-])c12,254.99127,4,14,0,0,0,2,2,10,2,14,2,4,0,0,2,4,4,2,0.2994191857208454,-0.392434218,-1.098626228,224.6,0,0,0,0,0,2,0,0,0,0,6,2,0,0,2,0,0,0,0,0,0,0,0,0,4,0,0,0,4,0,0,0,0,0,0,0,0,0,0,0,0.891821617535903,0,0,0,0,-5.426572184,-1.409259259,0,0,11.05701247165533,0,0,0,0,0,0,0,0,0,-4.329986143,0,0,0,44.27515841521794,0,0,0,0,0,0,0.4250300590850723,0.6488795831681112,3838.608618054099,0.4668877325073583,0.2483796186781473,-0.709656053,10,6,8,6,0,0,0,0,0.6666666666666666,2,0.5,256
Nc1c([N+](=O)[O-])cc(-n2cc([N+](=O)[O-])c([N+](=O)[O-])n2)cc1[N+](=O)[O-],263.62003,2,15,0,0,0,1,2,11,1,15,2,5,0,0,1,4,2,0,0.4676584564441099,-0.387498411,-1.13019857,216.40000000000003,0,0,0,0,0,3,0,0,0,0,6,0,0,0,1,0,0,0,0,0,0,0,1,0,4,1,0,0,4,0,0,0,0,0,0,0,0,0,0,0,2.1137679516250945,0,0,0,0,-4.909277736,0,0,0,5.334264613252708,0,0,0,0,0,0,0,3.321672335600907,0,-4.215439342,0.5512962962962962,0,0,43.401857940707146,0,0,0,0,0,0,0.256921752714064,0.7718912895920982,5300.159133166276,0.3302977794459406,0.2889321304322189,-0.589657409,9,5,8,7,0,0,0,0,0.6666666666666666,1,0.4583333333333333,313
Nc1c([N+](=O)[O-])cc(-n2cc([N+](=O)[O-])cn2)cc1[N+](=O)[O-],273.6972,2,12,0,0,0,1,2,9,1,12,2,4,0,0,1,3,2,0,0.3069708958027262,-0.387498429,-0.885172588,173.26,0,0,0,0,0,4,0,0,0,0,5,0,0,0,1,0,0,0,0,0,0,0,1,0,3,1,0,0,3,0,0,0,0,0,0,0,0,0,0,0,3.7689654195011335,0,0,0,0,-2.418571219,0,0,0,5.364364921894683,0,0,0,0,0,0,0,3.627227891156463,0,-2.488969671,0.9142592592592592,0,0,32.283028365667256,0,0,0,0,0,0,0.2507543548857598,0.7737495484908621,4121.063425290918,0.2660040820471214,0.2855365537777507,-0.815818725,9,6,6,6,0,0,0,0,0.5714285714285714,1,0.5238095238095238,301
Nc1c([N+](=O)[O-])cc(-n2cnc([N+](=O)[O-])c2)cc1[N+](=O)[O-],269.98676,2,12,0,0,0,1,2,9,1,12,2,4,0,0,1,3,2,0,0.3813937609255193,-0.387498445,-0.877802973,173.26,0,0,0,0,0,4,0,0,0,0,5,0,0,0,1,0,0,0,0,0,0,0,1,0,3,1,0,0,3,0,0,0,0,0,0,0,0,0,0,0,3.9142479213907775,0,0,0,0,-2.477034937,0,0,0,5.36914808515999,0,0,0,0,0,0,0,3.456476284958428,0,-2.522841553,1.0531481481481482,0,0,32.270094692197866,0,0,0,0,0,0,0.2502770845841386,0.777335499085568,4120.336906361104,0.3563082234705564,0.2855365537777507,-0.815818725,9,6,6,6,0,0,0,0,0.5714285714285714,1,0.5238095238095238,321
Nc1c([N+](=O)[O-])cc(-n2cncc2[N+](=O)[O-])cc1[N+](=O)[O-],269.99243,2,12,0,0,0,1,2,9,1,12,2,4,0,0,1,3,2,0,0.347289773178528,-0.387495853,-0.908139645,173.26,0,0,0,0,0,4,0,0,0,0,5,0,0,0,1,0,0,0,0,0,0,0,1,0,3,1,0,0,3,0,0,0,0,0,0,0,0,0,0,0,3.721387944066516,0,0,0,0,-2.72585034,0,0,0,5.363227040816327,0,0,0,0,0,0,0,3.54156887755102,0,-2.593041383,0.8744444444444444,0,0,32.57579837490552,0,0,0,0,0,0,0.4053529488798407,0.7356107383993009,3030.713775757152,0.6000062521861449,0.2855365537777507,-0.815818725,9,6,6,6,0,0,0,0,0.5714285714285714,1,0.5238095238095238,275
Nc1c([N+](=O)[O-])cc2c(n[n+]3[n-]c4c(N)cc([N+](=O)[O-])nc4n23)c1[N+](=O)[O-],279.05652,4,16,0,0,0,1,4,11,2,16,4,3,0,0,2,3,2,0,0.3661418260338471,-0.397524524,-0.912602356,229.85,0,0,0,0,0,2,0,0,0,0,5,4,0,0,2,0,0,0,0,0,0,0,3,0,3,2,0,0,3,0,0,0,0,0,0,0,0,0,0,0,1.933434954228605,0,0,0,0,-2.885919732,-0.572616686,0,0,11.299715314347347,0,0,0,0,0,0,0,11.698662603930462,0,-2.597186424,1.881003401360544,0,0,33.621453283869414,0,0,0,0,0,0,0.2833379225873522,0.7307391191158478,5893.150478154672,0.1711094901403825,0.3740984894437422,-0.812328149,11,6,6,10,0,0,0,0,0.4444444444444444,1,0.8148148148148148,320
Nc1c([N+](=O)[O-])cc2cc([N+](=O)[O-])c(N)c([N+](=O)[O-])c2c1[N+](=O)[O-],254.95625,4,14,0,0,0,2,2,10,2,14,2,4,0,0,2,4,4,0,0.3135437311105771,-0.387475891,-1.149861111,224.6,0,0,0,0,0,2,0,0,0,0,6,2,0,0,2,0,0,0,0,0,0,0,0,0,4,0,0,0,4,0,0,0,0,0,0,0,0,0,0,0,1.3553703703703703,0,0,0,0,-5.909410431,-1.202407407,0,0,10.775247543461829,0,0,0,0,0,0,0,0,0,-4.391394558,0,0,0,44.35296390778534,0,0,0,0,0,0,0.3933588730203827,0.6669009840625033,3959.3888774730062,0.3048796950911266,0.2483796186781473,-0.709656053,10,6,8,6,0,0,0,0,0.6666666666666666,2,0.5,330
Nc1c([N+](=O)[O-])cnn1-c1nncn1N[N+](=O)[O-],112.49896,3,13,0,0,0,0,2,10,2,13,2,4,0,1,1,2,0,0,0.3682372939855687,-0.377692848,-0.860155581,172.86,0,0,0,0,0,2,0,0,0,0,3,0,0,0,1,0,0,1,0,0,0,0,3,0,2,2,0,0,2,0,0,0,0,0,0,0,0,0,0,0,1.8944444444444448,0,0,0,0,-0.942267574,0,0,0,5.4752144746787605,0,0,1.745180933484505,0,0,0,0,10.534896069538927,0,-1.59579869,1.6475387377173092,0,0,20.87039580183925,0,0,0,0,0,0,0.2801707344864668,0.8324421452062047,2438.5746837543247,0.7786414812131955,0.4938194188607663,-0.533011436,5,5,4,9,1,0,0,0,0.4444444444444444,0,0.5555555555555556,195
Nc1c([N+](=O)[O-])n[nH]c1[N+](=O)[O-],257.45844,3,9,0,0,0,0,1,6,2,9,1,2,0,1,1,2,0,0,0.4428698783708359,-0.384628698,-0.903935185,140.98000000000002,0,0,0,0,0,0,0,0,0,0,3,0,0,0,1,0,0,0,1,0,0,0,1,0,2,0,0,0,2,0,0,0,0,0,0,0,0,0,0,0,0,0,0,0,0,-1.964444444,0,0,0,5.028101851851852,0,0,0,1.839074074074074,0,0,0,3.0457407407407406,0,-1.783564815,0,0,0,20.167546296296297,0,0,0,0,0,0,0.2129439720899676,0.7910105333395817,1077.3593269961484,0.0781143953163678,0.4044185616564983,-0.323534849,3,3,4,5,0,0,0,0,0.6666666666666666,0,0.4166666666666667,178
NC1C([N+](=O)[O-])N=Nc2nc(C(F)(F)F)nn21,244.73386,2,9,0,1,1,0,1,8,1,12,2,1,0,0,1,1,0,0,0.4529871781847499,-0.301860972,-4.774113993,124.59,0,0,0,0,0,0,2,0,0,0,2,0,1,0,1,0,0,0,0,0,0,2,2,0,1,1,0,0,1,0,0,3,0,0,0,0,0,0,0,0,0,-3.146866969,0,0,0,-1.977941704,0,-4.774113993,0,5.345842781557067,0,0,0,0,0,0,6.329896069538926,6.06312358276644,0,-0.868999433,0.5310416666666666,0,0,10.46633845899471,0,0,36.81534108087679,0,0,0,0.2523043447216896,0.9811662638026122,1973.86523242518,0.7821336339631754,0.3902392405466535,-0.637125291,5,4,2,7,0,0,0,0,0.2352941176470588,0,0.6470588235294118,300.3
NC1C([N+](=O)[O-])N=Nc2ncnn21,244.92212,2,9,0,1,1,0,1,8,1,9,2,1,0,0,1,1,0,0,0.3553547438326226,-0.301861197,-1.283148148,124.59,0,0,0,0,0,1,2,0,0,0,1,0,0,0,1,0,0,0,0,0,0,2,2,0,1,1,0,0,1,0,0,0,0,0,0,0,0,0,0,0,1.2187887377173092,-2.222962963,0,0,0,0.1857407407407412,0,0,0,5.501018518518519,0,0,0,0,0,0,6.899907407407408,7.382568027210884,0,-0.612314815,1.1671296296296296,0,0,10.406729024943312,0,0,0,0,0,0,0.2478934841622631,0.8837998781162747,1001.829139072995,0.6831221062297941,0.5351360501498925,-0.742637784,4,5,2,7,0,0,0,0,0.3076923076923077,0,0.8461538461538461,275.6
Nc1c([N+](=O)[O-])nc([N+](=O)[O-])c(N)[n+]1[O-],280.7608,4,11,0,0,0,0,1,8,2,11,1,2,0,0,2,2,0,0,0.4413074541197581,-0.739478382,-1.114907407,178.15,0,0,0,0,0,0,0,0,0,0,4,0,0,0,2,0,0,0,0,0,0,0,1,0,2,1,0,0,2,0,0,0,0,0,0,0,0,0,0,0,0,0,0,0,0,-4.011111111,0,0,0,9.9941761148904,0,0,0,0,0,0,0,2.962685185185185,0,-2.229814815,-0.316203704,0,0,20.61504157218443,0,0,0,0,0,0,0.3875878567358444,0.6460177779149364,1562.353496338672,0.1992039746221595,0.3886855487638411,-0.370176713,4,4,5,6,0,0,0,0,0.5333333333333333,0,0.4,342
Nc1c([N+](=O)[O-])nc([N+](=O)[O-])n1N,280.7224,4,10,0,0,0,0,1,8,2,10,1,2,0,0,2,2,0,0,0.4622492547390734,-0.389762595,-0.968888889,156.14,0,0,0,0,0,0,0,0,0,0,3,0,0,0,2,0,0,0,0,0,0,0,1,0,2,1,0,0,2,0,0,0,0,0,0,0,0,0,0,0,0,0,0,0,0,-2.254537037,0,0,0,10.096666666666666,0,0,0,0,0,0,0,3.023148148148148,0,-1.921574074,0.3453703703703703,0,0,20.355462962962964,0,0,0,0,0,0,0.3011457591349846,0.7082855933256531,1234.1046265346467,0.1193741854244502,0.4465638506562893,-0.340239124,3,4,4,6,0,0,0,0,0.6153846153846154,0,0.3846153846153846,190.2
Nc1c([N+](=O)[O-])nn(C[N+](=O)[O-])c1[N+](=O)[O-],159.33289,2,12,0,0,0,0,1,9,1,12,1,4,0,0,1,3,0,0,0.4433473140001819,-0.384620197,-1.075046296,173.26,0,0,1,0,0,0,0,0,0,0,3,0,0,0,1,0,0,0,0,0,0,0,1,0,3,1,0,0,3,0,0,0,0,0,0,0,0,-1.075046296,0,0,0,0,0,0,0,-2.755740741,0,0,0,5.09245842781557,0,0,0,0,0,0,0,3.0799074074074078,0,-3.054783636,0.2574074074074073,0,0,30.97789871504157,0,0,0,0,0,0,0.3588247717205804,0.7175798932153962,1784.6353892190696,0.4768933808030876,0.3618942579444406,-0.275728958,4,4,6,6,0,0,0,0,0.75,0,0.3125,186
Nc1c([N+](=O)[O-])nn(CC2(Cn3nc([N+](=O)[O-])c(N)c3[N+](=O)[O-])COC2)c1[N+](=O)[O-],285.51218,4,19,0,1,1,0,2,15,2,19,3,8,0,0,2,4,0,0,0.4430545986073828,-0.384624524,-1.116887755,269.47,0,0,4,0,0,0,0,0,0,0,6,0,1,0,2,0,0,0,0,0,0,0,2,0,4,2,0,0,4,1,0,0,0,0,0,0,0,-0.927572751,0,0,0,0,0,0,0,-5.054033054,0,-1.116887755,0,10.921917754730709,0,0,0,0,0,0,0,7.092816830435878,0,-3.902918771,1.367241748551272,0,0,44.63463076011958,5.100174477198287,0,0,0,0,0,0.4032475742509261,0.718592986350878,6046.854088843217,0.7838907151862134,0.3268904776803852,-0.709819323,11,12,9,10,0,0,0,0,0.5333333333333333,0,0.3333333333333333,246
Nc1c([N+](=O)[O-])nn(Cc2nnc(Cn3nc([N+](=O)[O-])c(N)c3[N+](=O)[O-])n2/N=N/n2c(Cn3nc([N+](=O)[O-])c(N)c3[N+](=O)[O-])nnc2Cn2nc([N+](=O)[O-])c(N)c2[N+](=O)[O-])c1[N+](=O)[O-],292.62982,8,44,0,0,0,0,6,36,4,44,6,18,0,0,4,8,0,0,0.4430722274467548,-0.384624313,-1.212485298,606.6199999999999,0,0,4,0,0,0,0,0,0,0,16,0,0,0,4,0,0,0,0,0,0,2,8,0,8,6,0,0,8,0,0,0,0,0,0,0,0,-4.180136599,0,0,0,0,0,0,0,-16.45607398,0,0,0,22.348882418719484,0,0,0,0,0,0,7.709613882590073,28.90199188778193,0,-9.457814203,2.2254243062512566,0,0,93.78738947422136,0,0,0,0,0,0,0.6764594327267588,0.7812563123963918,19213.695113687285,1.73759640048761,0.4333751967877168,-0.566041073,20,16,16,28,0,0,0,0,0.5,0,0.46875,214
Nc1c([N+](=O)[O-])nn(Cc2nnn[nH]2)c1[N+](=O)[O-],292.62085,3,13,0,0,0,0,2,10,2,13,2,4,0,1,1,2,0,0,0.4430722239169929,-0.384624313,-0.905288171,184.58,0,0,1,0,0,0,0,0,0,0,4,0,0,0,1,0,0,0,1,0,0,0,4,0,2,1,0,0,2,0,0,0,0,0,0,0,0,-0.234768519,0,0,0,0,0,0,0,-1.930326909,0,0,0,5.306437074829931,0,0,0,2.343395219198791,0,0,0,13.446271101033004,0,-1.767261905,0.7456944444444442,0,0,21.378613079491057,0,0,0,0,0,0,0.3537221869468763,0.7471117798623509,2240.962290404775,0.6826801555584305,0.4938194188607663,-0.533011436,5,5,4,9,0,0,0,0,0.4444444444444444,0,0.5555555555555556,208
Nc1c([N+](=O)[O-])nn(Cc2noc([N+](=O)[O-])n2)c1[N+](=O)[O-],284.37692,2,15,0,0,0,0,2,12,1,15,2,5,0,0,1,3,0,0,0.5686084868854184,-0.384624301,-1.002471419,212.18,0,0,1,0,0,0,0,0,0,0,5,0,0,0,1,0,0,0,0,0,0,0,3,0,3,1,0,0,3,0,1,0,0,0,0,0,0,-0.563796296,0,0,0,0,0,0,0,-3.776554548,0,0,0,5.273945184555304,0,0,0,0,0,0,0,9.852673847316703,0,-2.952232064,0.5436961451247164,0,0,31.854377283320733,0,4.246846497858403,0,0,0,0,0.3510029653900828,0.7960323985947126,3276.1206265096043,0.9562822714768108,0.3731504895934326,-0.37315049,6,4,7,8,0,0,0,0,0.5714285714285714,0,0.4761904761904761,210.5
Nc1c([N+](=O)[O-])nn(CCCn2nnnc2N)c1[N+](=O)[O-],312.64447,4,14,0,0,0,0,2,12,2,14,2,6,2,0,2,2,0,0,0.4430540963583041,-0.384624527,-0.876822667,199.74,0,0,3,0,0,0,0,0,0,0,4,0,0,0,2,0,0,0,0,0,0,0,4,0,2,2,0,0,2,0,0,0,0,0,0,0,0,0.6027357331821617,0,0,0,0,0,0,0,-1.849611573,0,0,0,10.82519748869857,0,0,0,0,0,0,0,13.921813274641558,0,-1.695557235,2.15388636936256,0,0,21.60410130452293,0,0,0,0,0,0,0.2286448820659617,0.8730226520663029,4030.47289550804,0.8221338573414232,0.4694473598615803,-0.804766903,7,10,4,10,0,0,0,0,0.3809523809523809,0,0.4761904761904761,265
Nc1c([N+](=O)[O-])nn(CCn2nnnc2N)c1[N+](=O)[O-],312.64447,4,14,0,0,0,0,2,12,2,14,2,5,2,0,2,2,0,0,0.4430555701764733,-0.384624518,-0.898595679,199.74,0,0,2,0,0,0,0,0,0,0,4,0,0,0,2,0,0,0,0,0,0,0,4,0,2,2,0,0,2,0,0,0,0,0,0,0,0,-0.067915722,0,0,0,0,0,0,0,-2.044721067,0,0,0,10.762670697908792,0,0,0,0,0,0,0,13.716575018896448,0,-1.747525195,1.960333522297808,0,0,21.54362470605526,0,0,0,0,0,0,0.2368330475377103,0.7821721203250398,3579.533688330865,0.4097792131709798,0.4926177708342131,-0.675590086,6,8,4,10,0,0,0,0,0.4,0,0.5,257
Nc1c([N+](=O)[O-])nn(CN(Cn2nc([N+](=O)[O-])c(N)c2[N+](=O)[O-])[N+](=O)[O-])c1[N+](=O)[O-],201.12985,4,22,0,0,0,0,2,16,2,22,2,9,0,0,2,5,0,0,0.4431490845582734,-0.384623303,-1.207481104,306.61999999999995,0,0,2,0,0,0,0,0,0,0,6,0,0,0,2,0,0,0,0,0,0,0,2,1,5,2,0,0,5,0,0,0,0,0,0,0,0,-2.34906746,0,0,0,0,0,0,0,-6.607019637,0,0,0,10.554677108472202,0,0,0,0,0,0,0,6.422400163769211,0.0340589569160996,-5.921002199,0.3955750818846058,0,0,55.235188992671866,0,0,0,0,0,0,0.2411064212913231,0.9742212610765046,6921.865221321541,1.0291824749480425,0.3886855487638411,-0.370176713,8,8,10,12,1,0,0,0,0.6666666666666666,0,0.3333333333333333,232
Nc1c([N+](=O)[O-])nn(Cn2nc([N+](=O)[O-])c(N)c2[N+](=O)[O-])c1[N+](=O)[O-],286.13876,4,18,0,0,0,0,2,14,2,18,2,6,0,0,2,4,0,0,0.4432481716432459,-0.384621834,-1.108693941,260.23999999999995,0,0,1,0,0,0,0,0,0,0,6,0,0,0,2,0,0,0,0,0,0,0,2,0,4,2,0,0,4,0,0,0,0,0,0,0,0,-0.955648148,0,0,0,0,0,0,0,-6.011140506,0,0,0,10.55543713781809,0,0,0,0,0,0,0,6.533654572940288,0,-4.425432099,0.6599848828420254,0,0,43.57157207944906,0,0,0,0,0,0,0.4089345224973461,0.773789875774603,4213.588921234493,1.0123052812840871,0.3908572896280434,-0.402024641,7,6,8,10,0,0,0,0,0.64,0,0.4,310
Nc1c([N+](=O)[O-])nn(N)c1[N+](=O)[O-],278.12427,4,10,0,0,0,0,1,8,2,10,1,2,0,0,2,2,0,0,0.4459281439046561,-0.384536566,-0.952685185,156.14,0,0,0,0,0,0,0,0,0,0,3,0,0,0,2,0,0,0,0,0,0,0,1,0,2,1,0,0,2,0,0,0,0,0,0,0,0,0,0,0,0,0,0,0,0,-2.279259259,0,0,0,10.01972222222222,0,0,0,0,0,0,0,3.059629629629629,0,-1.901759259,0.2574074074074073,0,0,20.42212962962963,0,0,0,0,0,0,0.277347351582682,0.7439850555677384,1209.2327893346642,0.1293532663661099,0.4465638506562893,-0.340239124,3,4,4,6,0,0,0,0,0.6153846153846154,0,0.3846153846153846,241
Nc1c([N+](=O)[O-])nn(NCC([N+](=O)[O-])([N+](=O)[O-])[N+](=O)[O-])c1[N+](=O)[O-],123.72885,3,19,0,0,0,0,1,14,2,19,1,8,0,1,1,5,0,0,0.7203901304867584,-0.384536426,-4.010555319,271.56999999999994,0,0,1,0,0,0,0,0,0,0,3,0,1,0,1,0,0,1,0,0,0,0,1,0,5,1,0,0,5,0,0,0,0,0,0,0,0,-1.723100907,0,0,0,0,0,0,0,-3.583183107,0,-4.010555319,0,5.116446523053666,0,0,1.5500925925925928,0,0,0,0,2.9835837112622827,0,-8.079294218,-0.09849537,0,0,53.54725304705215,0,0,0,0,0,0,0.2600205527973642,0.8641316572637756,4301.989305634651,0.6182822032694495,0.3588230603620125,-0.113912083,5,5,10,9,0,0,1,0,0.75,0,0.2083333333333333,116
Nc1c([N+](=O)[O-])nnc2c([N+](=O)[O-])c([N+](=O)[O-])nn12,252.80025,2,14,0,0,0,0,2,11,1,14,2,3,0,0,1,3,0,0,0.4704816458995061,-0.374766691,-1.13287226,198.52,0,0,0,0,0,0,0,0,0,0,4,1,0,0,1,0,0,0,0,0,0,0,3,0,3,1,0,0,3,0,0,0,0,0,0,0,0,0,0,0,0,0,0,0,0,-3.794822373,-0.652962963,0,0,5.313527966742252,0,0,0,0,0,0,0,9.449882842025698,0,-3.222592593,0.4319444444444444,0,0,31.904178004535147,0,0,0,0,0,0,0.2305260841192296,0.7854277559067406,2778.438660659808,0.1732398925644867,0.4146289995964772,-0.296163571,5,2,6,8,0,0,0,0,0.631578947368421,0,0.5789473684210527,246
Nc1c([N+](=O)[O-])nnc2c([N+](=O)[O-])c(O)nn12,272.3681,3,12,0,0,0,0,2,10,2,12,2,2,0,0,1,2,0,0,0.432567037966477,-0.487271437,-0.947687075,175.61,0,0,0,0,0,0,0,0,0,0,4,1,0,0,1,0,0,0,0,0,0,0,3,0,2,1,0,1,2,0,0,0,0,0,0,0,0,0,0,0,0,0,0,0,0,-3.144542706,-0.476296296,0,0,5.324865835222978,0,0,0,0,0,0,0,9.619814814814816,0,-1.871077098,0.5819444444444444,0,9.1919567271353,21.05333380574452,0,0,0,0,0,0,0.2114319710960834,0.7976667428103463,2209.727678008832,0.0929371036547366,0.4064315722680955,-0.431315138,5,3,5,7,0,0,0,0,0.4705882352941176,0,0.6470588235294118,332
Nc1c([N+](=O)[O-])nnc2nc([N+](=O)[O-])nn12,260.1399,2,12,0,0,0,0,2,10,1,12,2,2,0,0,1,2,0,0,0.4932175434888606,-0.389690445,-0.879675926,168.27,0,0,0,0,0,0,0,0,0,0,3,1,0,0,1,0,0,0,0,0,0,0,4,0,2,1,0,0,2,0,0,0,0,0,0,0,0,0,0,0,0,0,0,0,0,-1.982040816,-0.282592593,0,0,5.3270880574452,0,0,0,0,0,0,0,13.117543461829175,0,-1.754722222,0.6837962962962962,0,0,20.778797241118667,0,0,0,0,0,0,0.1482114030179334,0.8608739653128226,2100.866009766753,0.0973115391096262,0.4953297480894423,-0.353806963,4,2,4,8,0,0,0,0,0.5,0,0.6875,232
Nc1c([N+](=O)[O-])nnc2nc(-c3[nH]nc([N+](=O)[O-])c3[N+](=O)[O-])nn12,260.74524,3,17,0,0,0,0,3,13,2,17,3,4,0,1,1,3,0,0,0.4678080167146673,-0.376352675,-1.062560014,240.08999999999995,0,0,0,0,0,0,0,0,0,0,6,1,0,0,1,0,0,0,1,0,0,0,5,0,3,1,0,0,3,0,0,0,0,0,0,0,0,0,0,0,0,0,0,0,0,-4.260796905,-0.305878685,0,0,5.510978206097254,0,0,0,2.076595568783069,0,0,0,17.319123362307884,0,-3.014184575,0.719112811791383,0,0,32.560858441402274,0,0,0,0,0,0,0.1338836719772932,0.8810753754524563,5297.593119040915,0.2227054879267572,0.4567401800861281,-0.450808489,7,3,6,11,0,0,0,0,0.5,0,0.6666666666666666,249
Nc1c([N+](=O)[O-])nnc2nc(-c3n[nH]c(-c4nc5nnc([N+](=O)[O-])c(N)n5n4)c3[N+](=O)[O-])nn12,271.78958,5,23,0,0,0,0,5,19,3,23,5,5,0,1,2,3,0,0,0.4326773139118252,-0.376352675,-0.896590977,322.0799999999999,0,0,0,0,0,0,0,0,0,0,9,2,0,0,2,0,0,0,1,0,0,0,9,0,3,2,0,0,3,0,0,0,0,0,0,0,0,0,0,0,0,0,0,0,0,-4.853006748,-0.58062859,0,0,11.312239485573064,0,0,0,2.359212333081381,0,0,0,33.08536869426823,0,-2.63824392,1.5281967437375918,0,0,33.810097666943705,0,0,0,0,0,0,0.0663223288473997,0.9405834825951634,14499.88448852396,0.2581064500925599,0.5050140682490439,-0.628084724,11,5,6,17,0,0,0,0,0.3529411764705882,0,0.7941176470588235,332
Nc1c([N+](=O)[O-])nnc2nc(-c3n[nH]cc3[N+](=O)[O-])nn12,267.24506,3,14,0,0,0,0,3,11,2,14,3,3,0,1,1,2,0,0,0.4326773139117982,-0.376352675,-0.833212711,196.95,0,0,0,0,0,1,0,0,0,0,5,1,0,0,1,0,0,0,1,0,0,0,5,0,2,1,0,0,2,0,0,0,0,0,0,0,0,0,0,0,1.0540797430083144,0,0,0,0,-1.762635398,-0.147779667,0,0,5.538686933106576,0,0,0,2.310301949483497,0,0,0,18.114758676618795,0,-1.511771857,0.8599924414210127,0,0,21.522183589485174,0,0,0,0,0,0,0.1728273941945348,0.8441901046955478,3712.229401059131,0.2558220543935339,0.4791648840592111,-0.657140412,7,4,4,10,0,0,0,0,0.3809523809523809,0,0.7619047619047619,317
Nc1c([N+](=O)[O-])nnc2nc(-c3nnn[nH]3)nn12,286.62616,3,13,0,0,0,0,3,11,2,13,3,2,0,1,1,1,0,0,0.4326773215642123,-0.376352669,-0.764752063,179.59,0,0,0,0,0,0,0,0,0,0,4,1,0,0,1,0,0,0,1,0,0,0,7,0,1,1,0,0,1,0,0,0,0,0,0,0,0,0,0,0,0,0,0,0,0,-0.601925548,0.004166666666667,0,0,5.541066704459562,0,0,0,2.4377992724867723,0,0,0,24.980038265306124,0,-0.764752063,0.989074074074074,0,0,10.623932980599648,0,0,0,0,0,0,0.1119447572406565,0.8946213134179701,2908.0547148214587,0.0833630572243566,0.6180916220490137,-0.610064458,5,3,2,11,0,0,0,0,0.2222222222222222,0,0.8888888888888888,305
Nc1c([N+](=O)[O-])nnn1-c1nnn[nH]1,280.86606,3,11,0,0,0,0,2,9,2,11,2,2,0,1,1,1,0,0,0.4345156637138677,-0.376246029,-0.747390401,154.33,0,0,0,0,0,0,0,0,0,0,3,0,0,0,1,0,0,0,1,0,0,0,5,0,1,1,0,0,1,0,0,0,0,0,0,0,0,0,0,0,0,0,0,0,0,-0.724027778,0,0,0,5.376203703703704,0,0,0,2.332159863945578,0,0,0,16.629263983371125,0,-0.747390401,0.9287037037037036,0,0,10.352543461829177,0,0,0,0,0,0,0.1537559725462518,0.8619907873247992,1527.6675335300092,0.2616036634271185,0.6392110309560769,-0.446433101,3,3,2,9,0,0,0,0,0.2857142857142857,0,0.7142857142857143,233
Nc1c([N+](=O)[O-])nnn1N,295.88605,4,8,0,0,0,0,1,7,2,8,1,1,0,0,2,1,0,0,0.4361696531510329,-0.37498346,-0.758240741,125.89,0,0,0,0,0,0,0,0,0,0,2,0,0,0,2,0,0,0,0,0,0,0,2,0,1,1,0,0,1,0,0,0,0,0,0,0,0,0,0,0,0,0,0,0,0,-0.784722222,0,0,0,10.066851851851853,0,0,0,0,0,0,0,6.193888888888889,0,-0.758240741,0.6370370370370371,0,0,9.98925925925926,0,0,0,0,0,0,0.2724072659679303,0.7291915443304864,669.655783157601,0.0355582014324823,0.5829527947034573,-0.44415451,2,4,2,6,0,0,0,0,0.4,0,0.5,193.9
Nc1c(-c2nnn[nH]2)[n+]([O-])nc2c([N+](=O)[O-])c([N+](=O)[O-])nn12,300.24356,3,16,0,0,0,0,3,12,2,16,3,3,0,1,1,2,0,0,0.4705785657784029,-0.59359955,-1.099958428,223.89,0,0,0,0,0,0,0,0,0,0,5,1,0,0,1,0,0,0,1,0,0,0,5,0,2,2,0,0,2,0,0,0,0,0,0,0,0,0,0,0,0,0,0,0,0,-3.205702003,-0.680162509,0,0,5.672416855631141,0,0,0,2.244823790627362,0,0,0,16.65805650037793,0,-2.167007905,0.5077239229024944,0,0,21.793534895439656,0,0,0,0,0,0,0.1957877069267117,0.8237059261217015,3849.126852982253,0.2596119414701022,0.4981207263505864,-0.439898823,6,3,5,11,0,0,0,0,0.3636363636363636,0,0.7272727272727273,273
Nc1c(-c2nnn[nH]2)nnc2c([N+](=O)[O-])c([N+](=O)[O-])nn12,276.4245,3,15,0,0,0,0,3,12,2,15,3,3,0,1,1,2,0,0,0.4703830096015035,-0.379990023,-1.011974285,209.84,0,0,0,0,0,0,0,0,0,0,5,1,0,0,1,0,0,0,1,0,0,0,6,0,2,1,0,0,2,0,0,0,0,0,0,0,0,0,0,0,0,0,0,0,0,-2.159683485,-0.457940287,0,0,5.72991685563114,0,0,0,2.362323790627362,0,0,0,20.791318972033256,0,-1.993855978,0.7372222222222222,0,0,21.745348954396576,0,0,0,0,0,0,0.173604262123612,0.838595407090567,3683.332859865868,0.2055044039794899,0.5253050350828721,-0.518482892,6,3,4,11,0,0,0,0,0.3809523809523809,0,0.7619047619047619,174
Nc1c(-c2nnn[nH]2)nnc2c([N+](=O)[O-])c(N[N+](=O)[O-])nn12,151.0447,4,16,0,0,0,0,3,12,3,16,3,4,0,2,1,2,0,0,0.3646044939079139,-0.38159832,-1.000324546,221.87,0,0,0,0,0,0,0,0,0,0,5,1,0,0,1,0,0,1,1,0,0,0,6,0,2,1,0,0,2,0,0,0,0,0,0,0,0,0,0,0,0,0,0,0,0,-1.540345123,-0.37215325,0,0,5.785543272864701,0,0,1.6027282533383724,2.381795241244646,0,0,0,21.148504217994205,0,-1.891234017,0.8281944444444445,0,0,21.528483479837195,0,0,0,0,0,0,0.2146467244437378,0.7974429134618647,4202.631862080463,0.2519682860438789,0.5451394973035064,-0.519180474,6,4,4,12,1,0,0,0,0.3636363636363636,0,0.7272727272727273,177
Nc1c(-c2no[n+]([O-])c2N)no[n+]1[O-],161.9208,4,10,0,0,0,0,2,8,2,10,2,1,0,0,2,0,0,0,0.3035167144743274,-0.390679671,-0.355925926,157.98,0,0,0,0,0,0,0,0,0,0,4,0,0,0,2,0,0,0,0,0,0,0,2,0,0,2,0,0,0,0,2,0,0,0,0,0,0,0,0,0,0,0,0,0,0,-0.997314815,0,0,0,10.516902872260015,0,0,0,0,0,0,0,6.5109259259259264,0,0,-0.08611867,0,0,0,0,8.303068783068783,0,0,0,0,0.1843247164438363,0.8178356528953045,1526.483500689944,0.1016247173828846,0.4197607363802632,-0.479726556,4,4,4,6,0,0,0,0,0,0,0.7142857142857143,160
Nc1c(F)c(N)c([N+](=O)[O-])c(N)c1[N+](=O)[O-],285.46246,6,9,0,0,0,1,1,7,3,10,1,2,0,0,3,2,2,0,0.3246000018627926,-0.390607158,-1.423518519,164.34,0,0,0,0,0,0,0,0,0,0,6,0,0,0,3,0,0,0,0,0,0,0,0,0,2,0,0,0,2,0,0,1,0,0,0,0,0,0,0,0,0,0,0,0,0,-6.257407407,0,0,0,15.255657596371885,0,0,0,0,0,0,0,0,0,-2.221851852,0,0,0,20.992819349962208,0,0,13.237962962962962,0,0,0,0.4215705779419595,0.6549051712099712,1690.276471594952,0.2305801101393294,0.3028428288981279,-0.761433398,6,6,4,5,0,0,0,0,0.5,1,0.375,304
Nc1c(N)[n+]([O-])c2nonc2[n+]1[O-],253.5504,4,9,0,0,0,0,2,7,2,9,2,0,0,0,2,0,0,0,0.3921740251394485,-0.739385033,-0.432222222,144.84,0,0,0,0,0,0,0,0,0,0,2,2,0,0,2,0,0,0,0,0,0,0,2,0,0,2,0,0,0,0,1,0,0,0,0,0,0,0,0,0,0,0,0,0,0,-0.864444444,-0.607962963,0,0,10.406296296296295,0,0,0,0,0,0,0,6.377962962962963,0,0,0.3523148148148145,0,0,0,0,4.183796296296296,0,0,0,0,0.4293226705508506,0.5712808600744467,1007.0968070956465,0.0625049593368995,0.4562365912608967,-0.608315455,4,4,3,6,0,0,0,0,0,0,0.8461538461538461,131.8
Nc1c(N[N+](=O)[O-])nn2nnnc2c1[N+](=O)[O-],122.27858,3,13,0,0,0,0,2,10,2,13,2,3,0,1,1,2,0,0,0.3437572447295537,-0.389756724,-0.959712774,180.3,0,0,0,0,0,0,0,0,0,0,3,1,0,0,1,0,0,1,0,0,0,0,4,0,2,1,0,0,2,0,0,0,0,0,0,0,0,0,0,0,0,0,0,0,0,-1.689953704,-0.304261149,0,0,5.3778240740740735,0,0,1.6155092592592593,0,0,0,0,13.298569538926682,0,-1.813053666,0.6669907407407407,0,0,21.00752078609221,0,0,0,0,0,0,0.3184024189404097,0.7126817890611228,2066.100895636392,0.2438024698210138,0.5225462100884596,-0.364952909,4,3,4,9,1,0,0,0,0.4705882352941176,0,0.6470588235294118,139.7
Nc1c(-n2cncn2)c(N)c([N+](=O)[O-])c(N)c1[N+](=O)[O-],303.00812,6,12,0,0,0,1,2,10,3,12,2,3,0,0,3,2,2,0,0.3238028535456677,-0.391240237,-0.919111867,195.05,0,0,0,0,0,2,0,0,0,0,6,0,0,0,3,0,0,0,0,0,0,0,2,0,2,1,0,0,2,0,0,0,0,0,0,0,0,0,0,0,2.2624990551776265,0,0,0,0,-3.37132842,0,0,0,16.687090419501132,0,0,0,0,0,0,0,7.320278250188965,0,-1.838223734,0.9901851851851852,0,0,21.97474962207105,0,0,0,0,0,0,0.4343378096750578,0.6478960853112732,2664.9041008452227,0.4444137819853528,0.3997087836005197,-0.913620077,8,8,4,8,0,0,0,0,0.4,1,0.55,307
Nc1c(-n2cncn2)c(-n2cncn2)c([N+](=O)[O-])c(N)c1[N+](=O)[O-],303.00974,4,14,0,0,0,1,3,12,2,14,3,4,0,0,2,2,2,0,0.3266341605367119,-0.391238755,-0.899589475,199.74,0,0,0,0,0,4,0,0,0,0,6,0,0,0,2,0,0,0,0,0,0,0,4,0,2,2,0,0,2,0,0,0,0,0,0,0,0,0,0,0,4.601646195515243,0,0,0,0,-3.034138322,0,0,0,11.502914304610734,0,0,0,0,0,0,0,15.062261589821112,0,-1.761479119,2.066844293272865,0,0,22.78097552910053,0,0,0,0,0,0,0.4528708967448604,0.6234805595052642,3452.748068770405,0.5306762025907948,0.4213821333975441,-0.963159162,10,8,4,10,0,0,0,0,0.3333333333333333,1,0.6666666666666666,314
Nc1c[n+]([O-])nc(N)c1[N+](=O)[O-],304.70502,4,8,0,0,0,0,1,6,2,8,1,1,0,0,2,1,0,0,0.3458413069351325,-0.594307655,-0.793981481,135.01,0,0,0,0,0,1,0,0,0,0,3,0,0,0,2,0,0,0,0,0,0,0,1,0,1,1,0,0,1,0,0,0,0,0,0,0,0,0,0,0,0.7723148148148149,0,0,0,0,-1.333703704,0,0,0,10.210185185185184,0,0,0,0,0,0,0,3.0728703703703704,0,-0.793981481,0.0671296296296295,0,0,10.248148148148148,0,0,0,0,0,0,0.3489829586638387,0.7140586848238758,930.5866953170156,0.1449193916377472,0.4090792211131629,-0.701278665,4,5,3,5,0,0,0,0,0.3333333333333333,0,0.5,325.2
Nc1c2[nH]nnc2nn[n+]1[O-],303.34,3,8,0,0,0,0,2,6,2,8,2,0,0,1,1,0,0,0,0.3069609565575643,-0.721532561,-0.083333333,120.31,0,0,0,0,0,0,0,0,0,0,1,2,0,0,1,0,0,0,1,0,0,0,4,0,0,1,0,0,0,0,0,0,0,0,0,0,0,0,0,0,0,0,0,0,0,-0.083333333,0.5320370370370373,0,0,5.299398148148148,0,0,0,2.419212962962963,0,0,0,13.46263888888889,0,0,0.1966203703703704,0,0,0,0,0,0,0,0,0,0.3142388950440137,0.685761104957748,691.1260312896702,1.8082810368871812e-06,0.6400836027562783,-0.679272395,3,3,1,7,0,0,0,0,0,0,1,194
Nc1c2cn[nH]c2nn[n+]1[O-],302.0848,3,7,0,0,0,0,2,5,2,7,2,0,0,1,1,0,0,0,0.264788839808688,-0.721569835,0.0034722222222223,107.42,0,0,0,0,0,1,0,0,0,0,1,2,0,0,1,0,0,0,1,0,0,0,3,0,0,1,0,0,0,0,0,0,0,0,0,0,0,0,0,0,1.424351851851852,0,0,0,0,0.0034722222222223,0.8931481481481485,0,0,5.350648148148148,0,0,0,2.531759259259259,0,0,0,10.341435185185189,0,0,0.2478703703703704,0,0,0,0,0,0,0,0,0,0.306884090595462,0.6931159094047136,702.6120723603904,7.21331108667234e-07,0.5522065252404398,-0.946639758,4,4,1,6,0,0,0,0,0,0,1,221
Nc1c2nc[nH]c2nn[n+]1[O-],302.9216,3,7,0,0,0,0,2,5,2,7,2,0,0,1,1,0,0,0,0.2709074898564801,-0.721532316,-0.045138889,107.42,0,0,0,0,0,1,0,0,0,0,1,2,0,0,1,0,0,0,1,0,0,0,3,0,0,1,0,0,0,0,0,0,0,0,0,0,0,0,0,0,1.3985185185185185,0,0,0,0,-0.045138889,0.7542592592592596,0,0,5.3281481481481485,0,0,0,2.670648148148148,0,0,0,10.473101851851853,0,0,0.2253703703703704,0,0,0,0,0,0,0,0,0,0.3131185044462034,0.6868814955539816,692.9404850087683,7.641117899990217e-07,0.5522065252404398,-0.946639758,4,4,1,6,0,0,0,0,0,0,1,227
Nc1cc([N+](=O)[O-])c(O)c([N+](=O)[O-])c1,273.52658,3,8,0,0,0,1,1,6,2,8,1,2,0,0,1,2,2,0,0.3196089777526768,-0.497311528,-0.991481481,132.53,0,0,0,0,0,2,0,0,0,0,4,0,0,0,1,0,0,0,0,0,0,0,0,0,2,0,0,1,2,0,0,0,0,0,0,0,0,0,0,0,1.699074074074074,0,0,0,0,-2.704814815,0,0,0,5.183888888888889,0,0,0,0,0,0,0,0,0,-1.891481481,0,0,9.115185185185185,20.63240740740741,0,0,0,0,0,0,0.3782761058720481,0.646903333370386,1411.394698547086,0.1411405488227262,0.2109259649862898,-0.763351111,6,5,5,3,0,0,0,0,0.5714285714285714,1,0.4285714285714285,183
Nc1cc([N+](=O)[O-])nc2c1[n-][n+]1nc3c([N+](=O)[O-])cc([N+](=O)[O-])cc3n21,281.01404,2,15,0,0,0,1,4,10,1,15,4,3,0,0,1,3,2,2,0.3661418260335878,-0.397524524,-0.824639393,203.83,0,0,0,0,0,3,0,0,0,0,4,4,0,0,1,0,0,0,0,0,0,0,3,0,3,2,0,0,3,0,0,0,0,0,0,0,0,0,0,0,2.802921075837742,0,0,0,0,-1.807808642,-0.323304989,0,0,5.740333522297808,0,0,0,0,0,0,0,11.73780045351474,0,-2.405375724,1.9654478458049889,0,0,33.31165989543966,0,0,0,0,0,0,0.2870446586284358,0.7129553415008855,5612.932798909266,2.3454167980069185e-05,0.3507619328652795,-0.82401216,11,5,6,9,0,0,0,0,0.4615384615384615,1,0.8461538461538461,343
Nc1n(N)nn[n+]1[O-],250.2032,4,7,0,0,0,0,1,6,2,7,1,0,0,0,2,0,0,0,0.3846521606711814,-0.736259411,-0.231481481,109.69,0,0,0,0,0,0,0,0,0,0,1,0,0,0,2,0,0,0,0,0,0,0,2,0,0,2,0,0,0,0,0,0,0,0,0,0,0,0,0,0,0,0,0,0,0,-0.231481481,0,0,0,9.903148148148148,0,0,0,0,0,0,0,6.025462962962963,0,0,0.8125,0,0,0,0,0,0,0,0,0,0.3630466216472712,0.6369533783599083,377.58755702750864,4.976774360976669e-06,0.7236139347369147,-0.413493677,1,4,1,6,0,0,0,0,0,0,0.625,137
Nc1n/c(=N/[N+](=O)[O-])[nH]c2ncnn12,161.94885,3,10,0,0,0,0,2,7,2,10,2,1,0,1,1,1,0,0,0.3045107937696973,-0.367549321,-0.883787793,140.39,0,0,0,0,0,1,0,0,0,0,1,1,0,0,1,0,0,0,1,0,0,1,3,0,1,1,0,0,1,0,0,0,0,0,0,0,0,0,0,0,1.235925925925926,0,0,0,0,-0.030694444,0.2343518518518523,0,0,5.423939909297053,0,0,0,2.468888888888889,0,0,2.9444444444444446,11.043022486772486,0,-0.883787793,1.1934183673469387,0,0,10.049597033257747,0,0,0,0,0,0,0.2385326828215369,0.7858247297642399,1427.554897202125,0.1249847100029992,0.5710498138989444,-0.652628359,4,4,2,8,1,0,0,0,0.2857142857142857,0,0.7857142857142857,224.7
Nc1n/c(=N\[N+](=O)[O-])o[nH]1,135.66992,3,8,0,0,0,0,1,5,2,8,1,1,0,1,1,1,0,0,0.4130400240949655,-0.367119858,-0.931435185,123.34,0,0,0,0,0,0,0,0,0,0,1,0,0,0,1,0,0,0,1,0,0,1,1,0,1,0,0,0,1,0,1,0,0,0,0,0,0,0,0,0,0,0,0,0,0,-0.055,0,0,0,5.011301020408164,0,0,0,2.067453703703704,0,0,2.7134722222222223,3.2980555555555555,0,-0.931435185,0,0,0,9.662150415721843,0,4.305648148148148,0,0,0,0,0.1768425590266114,0.8231574409863992,772.7817721715666,6.371855822495879e-06,0.4824990694660802,-0.275713754,2,3,3,5,1,0,0,0,0.4,0,0.5,150
Nc1n[n+]([O-])c([N+](=O)[O-])c(N)c1[N+](=O)[O-],286.11813,4,11,0,0,0,0,1,8,2,11,1,2,0,0,2,2,0,0,0.5688114535491107,-0.589148625,-1.226018519,178.15,0,0,0,0,0,0,0,0,0,0,4,0,0,0,2,0,0,0,0,0,0,0,1,0,2,1,0,0,2,0,0,0,0,0,0,0,0,0,0,0,0,0,0,0,0,-3.879351852,0,0,0,10.078662131519271,0,0,0,0,0,0,0,2.8524074074074077,0,-2.229722222,-0.474537037,0,0,20.730391156462584,0,0,0,0,0,0,0.334088420325185,0.7366129018344897,1477.8290576056245,0.248708274722121,0.3886855487638411,-0.370176713,4,4,5,6,0,0,0,0,0.5333333333333333,0,0.4,215
Nc1n[n+]([O-])c2nonc2c1[N+](=O)[O-],298.1541,2,10,0,0,0,0,2,8,1,10,2,1,0,0,1,1,0,0,0.4329228621071496,-0.690296021,-0.810648148,147.91,0,0,0,0,0,0,0,0,0,0,2,2,0,0,1,0,0,0,0,0,0,0,3,0,1,1,0,0,1,0,1,0,0,0,0,0,0,0,0,0,0,0,0,0,0,-1.123564815,-0.705185185,0,0,5.164537037037038,0,0,0,0,0,0,0,9.46712962962963,0,-0.810648148,0.0081018518518516,0,0,10.509814814814815,0,4.170740740740741,0,0,0,0,0.3955056585698224,0.6296868956258178,1184.7099037983642,0.1282086312300426,0.4240325495461842,-0.403840523,4,2,4,6,0,0,0,0,0.2857142857142857,0,0.7857142857142857,175
Nc1n[n+]([O-])nc2[nH]nc([N+](=O)[O-])c12,262.00397,3,10,0,0,0,0,2,7,2,10,2,1,0,1,1,1,0,0,0.4030815150092316,-0.569193149,-0.74236489,150.56,0,0,0,0,0,0,0,0,0,0,2,2,0,0,1,0,0,0,1,0,0,0,3,0,1,1,0,0,1,0,0,0,0,0,0,0,0,0,0,0,0,0,0,0,0,-0.78837963,-0.137685185,0,0,5.303703703703704,0,0,0,2.207546296296296,0,0,0,9.805370370370367,0,-0.74236489,-0.042090892,0,0,10.44018896447468,0,0,0,0,0,0,0.2704101931996288,0.7509453767168439,1288.010001828849,0.1561390778190826,0.4971742240530859,-0.527613462,4,3,3,7,0,0,0,0,0.2857142857142857,0,0.7857142857142857,365
Nc1n[n+]([O-])nc2c([N+](=O)[O-])cnn12,293.94965,2,10,0,0,0,0,2,8,1,10,2,1,0,0,1,1,0,0,0.3396242925386425,-0.56914382,-0.713518519,139.17999999999998,0,0,0,0,0,1,0,0,0,0,2,1,0,0,1,0,0,0,0,0,0,0,3,0,1,2,0,0,1,0,0,0,0,0,0,0,0,0,0,0,0.9448148148148148,0,0,0,0,-0.665,-0.238425926,0,0,5.276439909297052,0,0,0,0,0,0,0,9.9798828420257,0,-0.713518519,0.8113888888888885,0,0,10.438320105820106,0,0,0,0,0,0,0.3204701370180463,0.6795298629828495,1318.2076520769674,1.4634134223847988e-06,0.4971742240530859,-0.527613462,4,3,3,7,0,0,0,0,0.2857142857142857,0,0.7857142857142857,302
Nc1n[n+]([O-])nc2c([N+](=O)[O-])n[nH]c12,289.53125,3,10,0,0,0,0,2,7,2,10,2,1,0,1,1,1,0,0,0.422174817291475,-0.569233538,-0.772546296,150.55999999999997,0,0,0,0,0,0,0,0,0,0,2,2,0,0,1,0,0,0,1,0,0,0,3,0,1,1,0,0,1,0,0,0,0,0,0,0,0,0,0,0,0,0,0,0,0,-0.746018519,-0.137685185,0,0,5.304726946334089,0,0,0,2.271111111111111,0,0,0,9.798586545729403,0,-0.772546296,-0.097037037,0,0,10.40915343915344,0,0,0,0,0,0,0.3225885432573288,0.6774114567499356,1331.2446787761407,3.692368477311656e-06,0.4971742240530859,-0.527613462,4,3,3,7,0,0,0,0,0.2857142857142857,0,0.7857142857142857,291
Nc1n[nH]/c(=N/[N+](=O)[O-])o1,145.74646,3,8,0,0,0,0,1,5,2,8,1,1,0,1,1,1,0,0,0.3872892378599245,-0.385560027,-0.920185185,123.34000000000002,0,0,0,0,0,0,0,0,0,0,1,0,0,0,1,0,0,0,1,0,0,1,1,0,1,0,0,0,1,0,1,0,0,0,0,0,0,0,0,0,0,0,0,0,0,-0.193888889,0,0,0,4.962689909297052,0,0,0,2.086759259259259,0,0,2.7377777777777776,3.2575925925925926,0,-0.920185185,0,0,0,9.668261526832955,0,4.397083333333334,0,0,0,0,0.1951043548187946,0.8048956452008567,745.6225715521589,4.9125625828925535e-06,0.4824990694660802,-0.275713754,2,3,3,5,1,0,0,0,0.4,0,0.5,153
Nc1n[nH]c(=O)n1Nc1nnn[nH]1,231.3752,5,10,0,0,0,0,2,8,4,10,2,2,0,3,1,0,0,0,0.3635885189459263,-0.366431038,-0.505648148,143.19,0,0,0,0,0,0,0,0,0,0,2,0,0,0,1,0,0,1,2,0,0,0,4,0,0,1,0,0,1,0,0,0,0,0,0,0,0,0,0,0,0,0,0,0,0,0.1774074074074081,0,0,0,5.33359410430839,0,0,2.494212962962963,4.526351095993953,0,0,0,13.52739134542706,0,0,0.960509259259259,0,0,10.986181972789115,0,0,0,0,0,0,0.2404546137099668,0.8327605620927089,1141.8115513246078,0.4651180366314392,0.6880170366123349,-0.655254321,3,5,1,9,0,0,0,0,0,0,0.7692307692307693,228
Nc1n[nH]c(-c2[nH]nc(N)c2[N+](=O)[O-])c1[N+](=O)[O-],297.69156,6,12,0,0,0,0,2,8,4,12,2,3,0,2,2,2,0,0,0.339568856739366,-0.376464481,-0.810592404,195.68,0,0,0,0,0,0,0,0,0,0,6,0,0,0,2,0,0,0,2,0,0,0,2,0,2,0,0,0,2,0,0,0,0,0,0,0,0,0,0,0,0,0,0,0,0,-2.458112245,0,0,0,10.586390778533636,0,0,0,4.464722222222222,0,0,0,6.84765306122449,0,-1.621184807,0,0,0,21.590265495086925,0,0,0,0,0,0,0.3133423453862634,0.7816350754610362,2117.3692181948177,0.5025870943740391,0.440656893526278,-0.692460833,6,6,4,8,0,0,0,0,0.4444444444444444,0,0.5555555555555556,228
Nc1n[nH]c(-c2n[nH]c(-c3nc(N)n[nH]3)c2[N+](=O)[O-])n1,311.9173,7,13,0,0,0,0,3,9,5,13,3,3,0,3,2,1,0,0,0.328676424194062,-0.366494972,-0.633345616,207,0,0,0,0,0,0,0,0,0,0,7,0,0,0,2,0,0,0,3,0,0,0,5,0,1,0,0,0,1,0,0,0,0,0,0,0,0,0,0,0,0,0,0,0,0,-0.34038638,0,0,0,10.717721403376164,0,0,0,7.38078514739229,0,0,0,18.59619105358193,0,-0.633345616,0,0,0,11.222850529100528,0,0,0,0,0,0,0.1485615067834065,0.8748149040386215,3389.2709208557694,0.3134179070397755,0.5555395226688986,-0.894635075,7,7,2,11,0,0,0,0,0.2,0,0.75,353.6
Nc1n[nH]c(-c2nc(N[N+](=O)[O-])n[nH]2)n1,132.0699,5,11,0,0,0,0,2,7,4,11,2,3,0,3,1,1,0,0,0.3035065672000757,-0.366494166,-0.77609064,164.33000000000004,0,0,0,0,0,0,0,0,0,0,4,0,0,0,1,0,0,1,2,0,0,0,4,0,1,0,0,0,1,0,0,0,0,0,0,0,0,0,0,0,0,0,0,0,0,0.3149118690686165,0,0,0,5.264072735575711,0,0,1.7771152210884351,4.894255007558579,0,0,0,14.565674760645,0,-0.77609064,0,0,0,10.063363856345006,0,0,0,0,0,0,0.0865959445846419,0.9134040559798352,2385.443025449098,4.278427657978078e-05,0.5967463117762674,-0.64410713,4,5,2,9,1,0,0,0,0.2666666666666666,0,0.6666666666666666,160
Nc1n[nH]c(-c2nnc(C[N+](=O)[O-])o2)n1,155.15787,3,10,0,0,0,0,2,8,2,10,2,3,0,1,1,1,0,0,0.2879201960919422,-0.411738294,-0.57734064,149.64999999999998,0,0,1,0,0,0,0,0,0,0,4,0,0,0,1,0,0,0,1,0,0,0,4,0,1,0,0,0,1,0,1,0,0,0,0,0,0,-0.531131661,0,0,0,0,0,0,0,0.1061533656672562,0,0,0,5.251919957797934,0,0,0,2.436153155706727,0,0,0,14.259092183169564,0,-0.57734064,0,0,0,10.14058607856723,0,4.940648148148148,0,0,0,0,0.1556797647755685,0.8973577025697318,2058.540976559369,0.4321649878362062,0.4641448131817126,-0.719898078,5,5,3,7,0,0,0,0,0.2666666666666666,0,0.6666666666666666,249.6
Nc1n[nH]nc1-c1nnn[nH]1,381.1624,4,8,0,0,0,0,2,6,3,8,2,1,0,2,1,0,0,0,0.2033679882589305,-0.380245485,0.2671759259259265,122.05,0,0,0,0,0,0,0,0,0,0,3,0,0,0,1,0,0,0,2,0,0,0,5,0,0,0,0,0,0,0,0,0,0,0,0,0,0,0,0,0,0,0,0,0,0,1.0924074074074086,0,0,0,5.411342592592592,0,0,0,4.85138888888889,0,0,0,17.644861111111112,0,0,0,0,0,0,0,0,0,0,0,0,0.2375741448255742,0.7831880438391394,793.0929869085354,0.2339351685169478,0.7362560067314833,-0.841435436,3,4,0,8,0,0,0,0,0,0,0.9090909090909092,241
Nc1nc(/N=N\c2noc(N)n2)no1,218.4048,4,10,0,0,0,0,2,10,2,10,2,2,0,0,2,0,0,0,0.3200841437632242,-0.351209195,-0.105022335,154.59999999999997,0,0,0,0,0,0,0,0,0,0,4,0,0,0,2,0,0,0,0,0,0,2,4,0,0,0,0,0,0,0,2,0,0,0,0,0,0,0,0,0,0,0,0,0,0,-0.282504987,0,0,0,10.279919165196944,0,0,0,0,0,0,6.998240740740741,13.806823507180647,0,0,0,0,0,0,0,8.86418824011086,0,0,0,0,0.3053331308521545,0.7812159431421332,1349.3501041688662,0.5247575474696324,0.5710498138989444,-0.652628359,4,4,2,8,0,0,0,0,0,0,0.7142857142857143,355
Nc1nc([N+](=O)[O-])n[nH]1,281.4954,3,7,0,0,0,0,1,5,2,7,1,1,0,1,1,1,0,0,0.4923589769658897,-0.38969069,-0.729305556,110.73,0,0,0,0,0,0,0,0,0,0,2,0,0,0,1,0,0,0,1,0,0,0,2,0,1,0,0,0,1,0,0,0,0,0,0,0,0,0,0,0,0,0,0,0,0,-0.560925926,0,0,0,4.982777777777778,0,0,0,2.124953703703704,0,0,0,6.377314814814815,0,-0.729305556,0,0,0,9.81925925925926,0,0,0,0,0,0,0.1988905593583182,0.8011094406471753,572.2384643314995,2.8574337865234044e-06,0.5423035505388173,-0.43384284,2,3,2,5,0,0,0,0,0.4444444444444444,0,0.5555555555555556,246
Nc1nc([N+](=O)[O-])nn1-c1c([N+](=O)[O-])n[nH]c1[N+](=O)[O-],249.18614,3,15,0,0,0,0,2,11,2,15,2,4,0,1,1,3,0,0,0.4929576763272746,-0.389690468,-1.035925926,214.83,0,0,0,0,0,0,0,0,0,0,5,0,0,0,1,0,0,0,1,0,0,0,3,0,3,1,0,0,3,0,0,0,0,0,0,0,0,0,0,0,0,0,0,0,0,-4.221211262,0,0,0,5.306490929705214,0,0,0,1.814579081632653,0,0,0,9.589896069538929,0,-3.056862245,0.4006944444444444,0,0,31.99987315759637,0,0,0,0,0,0,0.423264871647566,0.7200366087379472,2567.848580112134,0.8153740877327746,0.4418943942539701,-0.308624656,5,3,6,9,0,0,0,0,0.6,0,0.5,270
Nc1nc([N+](=O)[O-])nn1-c1n[n+]([O-])c(N)[n+]([O-])n1,237.99844,4,14,0,0,0,0,2,11,2,14,2,2,0,0,2,1,0,0,0.5812826036947867,-0.653629537,-0.916010802,205.55,0,0,0,0,0,0,0,0,0,0,4,0,0,0,2,0,0,0,0,0,0,0,4,0,1,3,0,0,1,0,0,0,0,0,0,0,0,0,0,0,0,0,0,0,0,-2.728212186,0,0,0,10.311916414714034,0,0,0,0,0,0,0,12.966289210128496,0,-0.916010802,0.088240740740741,0,0,10.402766334929034,0,0,0,0,0,0,0.1855710480974883,0.8241461325036669,2866.462386650177,0.2005836842524199,0.5465718234416845,-0.374792108,4,4,4,10,0,0,0,0,0.2222222222222222,0,0.6111111111111112,168
Nc1nc([N+](=O)[O-])nn1Cc1nnn[nH]1,324.88788,3,11,0,0,0,0,2,9,2,11,2,3,0,1,1,1,0,0,0.4925843512970008,-0.389690609,-0.730658541,154.33,0,0,1,0,0,0,0,0,0,0,3,0,0,0,1,0,0,0,1,0,0,0,5,0,1,1,0,0,1,0,0,0,0,0,0,0,0,0.0968981481481481,0,0,0,0,0,0,0,-0.250395881,0,0,0,5.398177437641723,0,0,0,2.465088340891912,0,0,0,17.23064940791131,0,-0.730658541,1.125324074074074,0,0,10.332458506550768,0,0,0,0,0,0,0.2347999746930376,0.8812384862077374,1696.6880136771435,0.641839713572151,0.5967463117762674,-0.64410713,4,5,2,9,0,0,0,0,0.2666666666666666,0,0.6666666666666666,242
Nc1nc([N+](=O)[O-])nn1CCn1nc([N+](=O)[O-])nc1N,289.9098,4,14,0,0,0,0,2,12,2,14,2,5,2,0,2,2,0,0,0.492572162252826,-0.38969061,-0.790149772,199.74000000000004,0,0,2,0,0,0,0,0,0,0,4,0,0,0,2,0,0,0,0,0,0,0,4,0,2,2,0,0,2,0,0,0,0,0,0,0,0,0.0781500377928949,0,0,0,0,0,0,0,-1.601982867,0,0,0,10.869881582262536,0,0,0,0,0,0,0,13.930558075081889,0,-1.580299544,2.121203703703704,0,0,20.9245778396554,0,0,0,0,0,0,0.1168495856975237,0.8968157167678198,4615.017219096448,0.3742061764919684,0.4926177708342132,-0.675590086,6,8,4,10,0,0,0,0,0.4,0,0.5,307
Nc1nc([N+](=O)[O-])nn1N,274.0108,4,8,0,0,0,0,1,7,2,8,1,1,0,0,2,1,0,0,0.4943523008008364,-0.38968988,-0.778055556,125.89,0,0,0,0,0,0,0,0,0,0,2,0,0,0,2,0,0,0,0,0,0,0,2,0,1,1,0,0,1,0,0,0,0,0,0,0,0,0,0,0,0,0,0,0,0,-0.785462963,0,0,0,10.03037037037037,0,0,0,0,0,0,0,6.38425925925926,0,-0.778055556,0.6370370370370371,0,0,9.922592592592594,0,0,0,0,0,0,0.2311214213522311,0.7688785786506854,728.7823099692635,4.956003176914443e-06,0.5829527947034573,-0.44415451,2,4,2,6,0,0,0,0,0.4,0,0.5,244
Nc1nc([N+](=O)[O-])nn1NCC([N+](=O)[O-])([N+](=O)[O-])[N+](=O)[O-],131.25093,3,17,0,0,0,0,1,13,2,17,1,7,0,1,1,4,0,0,0.7184669283532623,-0.389689879,-3.812331585,241.32,0,0,1,0,0,0,0,0,0,0,2,0,1,0,1,0,0,1,0,0,0,0,2,0,4,1,0,0,4,0,0,0,0,0,0,0,0,-1.48143424,0,0,0,0,0,0,0,-1.680969388,0,-3.812331585,0,5.1496712018140585,0,0,1.7617592592592592,0,0,0,0,6.196798941798942,0,-6.26300548,0.2811342592592596,0,0,42.21585518235072,0,0,0,0,0,0,0.2715705773369265,0.9296229284886756,3058.0942208104784,0.7618145836647344,0.4102377099619391,-0.130234194,4,5,8,9,0,0,1,0,0.6666666666666666,0,0.238095238095238,108
Nc1nc(-c2n[nH]/c(=N\[N+](=O)[O-])[nH]2)no1,118.49932,4,11,0,0,0,0,2,7,3,11,2,2,0,2,1,1,0,0,0.3187843975896993,-0.351249094,-0.876607222,164.90999999999997,0,0,0,0,0,0,0,0,0,0,3,0,0,0,1,0,0,0,2,0,0,1,3,0,1,0,0,0,1,0,1,0,0,0,0,0,0,0,0,0,0,0,0,0,0,0.0821879461661216,0,0,0,5.179658761652809,0,0,0,4.727026643990929,0,0,2.94360402494331,10.723779289493574,0,-0.876607222,0,0,0,10.01993407239439,0,4.487545902620307,0,0,0,0,0.0839457184147522,0.9231290446022866,2360.9128034935547,0.0880039844909867,0.5279806155688282,-0.527980616,4,4,3,8,1,0,0,0,0.2666666666666666,0,0.6666666666666666,200.1
Nc1nc(-c2n[nH]cc2[N+](=O)[O-])n[nH]1,299.8696,4,9,0,0,0,0,2,6,3,9,2,2,0,2,1,1,0,0,0.3175501220086546,-0.368155896,-0.577992252,139.41000000000005,0,0,0,0,0,1,0,0,0,0,4,0,0,0,1,0,0,0,2,0,0,0,3,0,1,0,0,0,1,0,0,0,0,0,0,0,0,0,0,0,1.1546466364323509,0,0,0,0,0.0413869992441433,0,0,0,5.273865268329554,0,0,0,4.724279100529101,0,0,0,11.02740740740741,0,-0.577992252,0,0,0,10.511536753590324,0,0,0,0,0,0,0.3078068928948143,0.7115940952757069,1364.2703969072686,0.1989243114310345,0.5021983991144908,-0.860911541,5,5,2,7,0,0,0,0,0.2857142857142857,0,0.7142857142857143,281
Nc1nc(-c2n[nH]nc2[N+](=O)[O-])n[nH]1,274.4387,4,10,0,0,0,0,2,7,3,10,2,2,0,2,1,1,0,0,0.4210681834399066,-0.36815589,-0.689103364,152.29999999999998,0,0,0,0,0,0,0,0,0,0,4,0,0,0,1,0,0,0,2,0,0,0,4,0,1,0,0,0,1,0,0,0,0,0,0,0,0,0,0,0,0,0,0,0,0,-0.41000189,0,0,0,5.253457105064248,0,0,0,4.446501322751322,0,0,0,14.167739984882845,0,-0.689103364,0,0,0,10.449036753590324,0,0,0,0,0,0,0.2610980297379782,0.7531732980613154,1414.1430835059955,0.1614299033032701,0.5710498138989444,-0.652628359,4,4,2,8,0,0,0,0,0.2857142857142857,0,0.7142857142857143,263.32
Nc1nc(-c2nnc(N)n2N)n[nH]1,240.9984,7,9,0,0,0,0,2,8,4,9,2,1,0,1,3,0,0,0,0.2406844621420951,-0.368155258,0.0818253968253972,150.33999999999995,0,0,0,0,0,0,0,0,0,0,4,0,0,0,3,0,0,0,1,0,0,0,4,0,0,1,0,0,0,0,0,0,0,0,0,0,0,0,0,0,0,0,0,0,0,0.7681415343915354,0,0,0,16.142091836734693,0,0,0,2.4427673847316704,0,0,0,14.74162887377173,0,0,1.072037037037037,0,0,0,0,0,0,0,0,0,0.1738585481877452,0.8280955605191868,1317.958436804605,0.0895365007885879,0.6955062567963654,-1.015659931,4,7,0,9,0,0,0,0,0,0,0.7692307692307693,341
Nc1nc(-c2nnn[nH]2)n[nH]1,369.4472,4,8,0,0,0,0,2,6,3,8,2,1,0,2,1,0,0,0,0.2215518236146108,-0.36815526,0.2327777777777779,122.05,0,0,0,0,0,0,0,0,0,0,3,0,0,0,1,0,0,0,2,0,0,0,5,0,0,0,0,0,0,0,0,0,0,0,0,0,0,0,0,0,0,0,0,0,0,0.9739351851851856,0,0,0,5.273038548752835,0,0,0,4.95199074074074,0,0,0,17.80103552532124,0,0,0,0,0,0,0,0,0,0,0,0,0.1357707183643235,0.8642292816545903,919.3923343184592,9.356612334824691e-06,0.7362560067314832,-0.841435436,3,4,0,8,0,0,0,0,0,0,0.9090909090909092,347
Nc1nc(-c2no[n+]([O-])c2-c2noc(N)n2)no1,272.3784,4,12,0,0,0,0,3,11,2,12,3,2,0,0,2,0,0,0,0.3188080246476564,-0.358898737,-0.217800112,182.85,0,0,0,0,0,0,0,0,0,0,6,0,0,0,2,0,0,0,0,0,0,0,5,0,0,1,0,0,0,0,3,0,0,0,0,0,0,0,0,0,0,0,0,0,0,-0.803107783,0,0,0,10.517526402536324,0,0,0,0,0,0,0,17.772896825396824,0,0,0.0616836734693875,0,0,0,0,13.513555209120684,0,0,0,0,0.4344031181668399,0.582098169969093,2264.898759734237,0.2717388052759971,0.444180051556613,-0.634542931,6,4,4,8,0,0,0,0,0,0,0.8333333333333334,269
Nc1nc(-c2noc(N)n2)n[nH]1,365.2632,5,8,0,0,0,0,2,7,3,8,2,1,0,1,2,0,0,0,0.3187853956580368,-0.368155253,-0.033915344,132.53,0,0,0,0,0,0,0,0,0,0,4,0,0,0,2,0,0,0,1,0,0,0,4,0,0,0,0,0,0,0,1,0,0,0,0,0,0,0,0,0,0,0,0,0,0,0.6205026455026468,0,0,0,10.461609977324262,0,0,0,2.430545162509448,0,0,0,14.643888888888888,0,0,0,0,0,0,0,4.510119992441421,0,0,0,0,0.1300341488576115,0.8699658511699135,1210.3311005016435,7.675420724466993e-06,0.5863628748534091,-0.909460785,4,5,1,7,0,0,0,0,0,0,0.8333333333333334,351.3
Nc1nc(-c2nonc2/N=N\c2nonc2-c2n[nH]c(N)n2)n[nH]1,216.7312,6,16,0,0,0,0,4,14,4,16,4,4,0,2,2,0,0,0,0.2487283120412148,-0.368155902,-0.002360298,237.73999999999992,0,0,0,0,0,0,0,0,0,0,8,0,0,0,2,0,0,0,2,0,0,2,8,0,0,0,0,0,0,0,2,0,0,0,0,0,0,0,0,0,0,0,0,0,0,0.7376077109108001,0,0,0,10.904814943297431,0,0,0,4.904953921536852,0,0,7.701374716553288,29.87800113977333,0,0,0,0,0,0,0,9.206580901261638,0,0,0,0,0.1949726939331803,0.8705197094823452,5462.2225351279,0.6036968664332322,0.5935221298965577,-0.823663364,8,6,2,14,0,0,0,0,0,0,0.8333333333333334,309
Nc1nc(-c2nonc2/N=N\c2nonc2-c2noc(N)n2)no1,216.7312,4,16,0,0,0,0,4,16,2,16,4,4,0,0,2,0,0,0,0.3187395261752566,-0.351249757,-0.158730026,232.43999999999997,0,0,0,0,0,0,0,0,0,0,8,0,0,0,2,0,0,0,0,0,0,2,8,0,0,0,0,0,0,0,4,0,0,0,0,0,0,0,0,0,0,0,0,0,0,-0.279444758,0,0,0,10.670758401548582,0,0,0,0,0,0,7.60500283446712,28.942474152731187,0,0,0,0,0,0,0,18.39454270281145,0,0,0,0,0.1617175757028877,0.8955472723855145,5706.707262909724,0.5363060274646367,0.5057194461167971,-0.674292595,8,4,4,12,0,0,0,0,0,0,0.8333333333333334,267
Nc1nc(-c2nonc2N)n[nH]1,369.0288,5,8,0,0,0,0,2,7,3,8,2,1,0,1,2,0,0,0,0.2159022585504628,-0.378858724,0.1333333333333335,132.53,0,0,0,0,0,0,0,0,0,0,4,0,0,0,2,0,0,0,1,0,0,0,4,0,0,0,0,0,0,0,1,0,0,0,0,0,0,0,0,0,0,0,0,0,0,0.8709259259259268,0,0,0,10.665751133786848,0,0,0,2.435787037037037,0,0,0,14.344962207105064,0,0,0,0,0,0,0,4.349240362811791,0,0,0,0,0.1992476614296482,0.800752338611333,1067.5282581866422,1.3772900614000202e-05,0.5863628748534091,-0.909460785,4,5,1,7,0,0,0,0,0,0,0.8333333333333334,302.33
Nc1nc(Cn2nc([N+](=O)[O-])c([N+](=O)[O-])c2[N+](=O)[O-])no1,284.37216,2,15,0,0,0,0,2,12,1,15,2,5,0,0,1,3,0,0,0.4981460877971428,-0.357621116,-1.331975151,212.18,0,0,1,0,0,0,0,0,0,0,5,0,0,0,1,0,0,0,0,0,0,0,3,0,3,1,0,0,3,0,1,0,0,0,0,0,0,-0.563796296,0,0,0,0,0,0,0,-4.299620706,0,0,0,5.141391408415218,0,0,0,0,0,0,0,10.046267951625094,0,-3.626838782,0.4172222222222221,0,0,32.40587650646678,0,4.406954522549761,0,0,0,0,0.3642709861130698,0.8408187728436616,2832.5000057599163,1.045114162928142,0.3731504895934326,-0.37315049,6,4,7,8,0,0,0,0,0.5714285714285714,0,0.4761904761904761,201.5
Nc1nc(Cn2nnc([N+](=O)[O-])n2)no1,288.1455,2,11,0,0,0,0,2,10,1,11,2,3,0,0,1,1,0,0,0.5142632242107866,-0.389644376,-0.755866481,151.68,0,0,1,0,0,0,0,0,0,0,3,0,0,0,1,0,0,0,0,0,0,0,5,0,1,1,0,0,1,0,1,0,0,0,0,0,0,0.0015277777777775,0,0,0,0,0,0,0,-0.480666835,0,0,0,5.171479906777526,0,0,0,0,0,0,0,17.161798469387755,0,-0.755866481,0.9607407407407408,0,0,10.228267405727724,0,4.484451609347443,0,0,0,0,0.2113364090131974,0.902472784461118,1863.7940673531905,0.6731387679225507,0.5279806155688282,-0.527980616,4,4,3,8,0,0,0,0,0.2666666666666666,0,0.6666666666666666,256.6
Nc1nc(N)[n+]([O-])c(N)[n+]1[O-],250.6216,6,8,0,0,0,0,1,6,3,8,1,0,0,0,3,0,0,0,0.4384139115423484,-0.723543898,-0.643518519,144.82999999999998,0,0,0,0,0,0,0,0,0,0,3,0,0,0,3,0,0,0,0,0,0,0,1,0,0,2,0,0,0,0,0,0,0,0,0,0,0,0,0,0,0,0,0,0,0,-1.547037037,0,0,0,15.019444444444444,0,0,0,0,0,0,0,3.21,0,0,-0.021111111,0,0,0,0,0,0,0,0,0,0.417644640470063,0.5823553595302505,773.1742262504872,1.5185170081162464e-06,0.5312387348928983,-0.708318313,3,6,2,6,0,0,0,0,0,0,0.5454545454545454,319
Nc1nc(N)[n+]([O-])c(N)c1[N+](=O)[O-],298.90634,6,9,0,0,0,0,1,7,3,9,1,1,0,0,3,1,0,0,0.386680410811655,-0.753837902,-0.897314815,161.03,0,0,0,0,0,0,0,0,0,0,4,0,0,0,3,0,0,0,0,0,0,0,1,0,1,1,0,0,1,0,0,0,0,0,0,0,0,0,0,0,0,0,0,0,0,-2.410277778,0,0,0,15.268291761148904,0,0,0,0,0,0,0,3.239537037037037,0,-0.897314815,-0.061018519,0,0,10.318631897203325,0,0,0,0,0,0,0.3557826106931868,0.6992294291477039,1092.5921927159727,0.13262578199036,0.4512950556328606,-0.687687704,4,6,3,6,0,0,0,0,0.3076923076923077,0,0.4615384615384615,337
Nc1nc(N)[n+]([O-])nc1[N+](=O)[O-],299.41608,4,9,0,0,0,0,1,7,2,9,1,1,0,0,2,1,0,0,0.4633844487113424,-0.703347923,-0.920462963,147.9,0,0,0,0,0,0,0,0,0,0,3,0,0,0,2,0,0,0,0,0,0,0,2,0,1,1,0,0,1,0,0,0,0,0,0,0,0,0,0,0,0,0,0,0,0,-1.817685185,0,0,0,10.007643613000756,0,0,0,0,0,0,0,6.1175,0,-0.920462963,-0.17212963,0,0,10.115298563869992,0,0,0,0,0,0,0.294923758561102,0.729305900013856,993.6917802511904,0.1265453795189089,0.4880769767117555,-0.464835216,3,4,3,6,0,0,0,0,0.3333333333333333,0,0.5,190
Nc1nc(N)c([N+](=O)[O-])[n+]([O-])c1[N+](=O)[O-],280.8139,4,11,0,0,0,0,1,8,2,11,1,2,0,0,2,2,0,0,0.5609729444930784,-0.608718073,-1.226018519,178.14999999999998,0,0,0,0,0,0,0,0,0,0,4,0,0,0,2,0,0,0,0,0,0,0,1,0,2,1,0,0,2,0,0,0,0,0,0,0,0,0,0,0,0,0,0,0,0,-4.011111111,0,0,0,10.031953892668175,0,0,0,0,0,0,0,3.1282407407407407,0,-2.357592593,-0.571759259,0,0,20.66004157218443,0,0,0,0,0,0,0.3520325428540847,0.7060549514171959,1462.1302520339193,0.2258723899050616,0.3886855487638411,-0.370176713,4,4,5,6,0,0,0,0,0.5333333333333333,0,0.4,212
Nc1nc(N)c2nn[nH]c2n1,382.836,5,7,0,0,0,0,2,6,3,7,2,0,0,1,2,0,0,0,0.2236512085679559,-0.381605413,0.1120833333333339,119.39,0,0,0,0,0,0,0,0,0,0,2,2,0,0,2,0,0,0,1,0,0,0,4,0,0,0,0,0,0,0,0,0,0,0,0,0,0,0,0,0,0,0,0,0,0,0.3493518518518528,0.8974074074074079,0,0,10.753981481481482,0,0,0,2.5289814814814813,0,0,0,14.636944444444444,0,0,0,0,0,0,0,0,0,0,0,0,0.3719010541217983,0.6280989458891704,727.8441664508481,5.461034335106755e-06,0.6484354839776882,-1.111603687,4,5,0,7,0,0,0,0,0,0,1,365
Nc1nc(N)n2nc([N+](=O)[O-])nc2n1,284.91644,4,10,0,0,0,0,2,9,2,10,2,1,0,0,2,1,0,0,0.4931504472837288,-0.389690451,-0.759612623,151.14999999999998,0,0,0,0,0,0,0,0,0,0,3,1,0,0,2,0,0,0,0,0,0,0,4,0,1,1,0,0,1,0,0,0,0,0,0,0,0,0,0,0,0,0,0,0,0,-0.817594482,-0.053981481,0,0,10.634154383975812,0,0,0,0,0,0,0,14.097197656840514,0,-0.759612623,0.9389814814814812,0,0,10.313760865457294,0,0,0,0,0,0,0.2124083565516863,0.7875916434786556,1484.5093378801432,9.92056484507838e-06,0.5710498138989444,-0.652628359,4,4,2,8,0,0,0,0,0.2857142857142857,0,0.7857142857142857,348
Nc1nc(N)n2nc(N[N+](=O)[O-])c([N+](=O)[O-])c2n1,130.08311,5,13,0,0,0,0,2,10,3,13,2,3,0,1,2,2,0,0,0.3629135530815469,-0.367625644,-0.998264361,193.43,0,0,0,0,0,0,0,0,0,0,4,1,0,0,2,0,0,1,0,0,0,0,3,0,2,1,0,0,2,0,0,0,0,0,0,0,0,0,0,0,0,0,0,0,0,-1.919674981,-0.338564815,0,0,10.703382464096748,0,0,1.5752673847316707,0,0,0,0,10.619247921390778,0,-1.887106954,0.7781018518518517,0,0,21.15134023053666,0,0,0,0,0,0,0.3259127117264058,0.6779311441988974,2438.2552497289107,0.0822689632623647,0.4938194188607663,-0.533011436,5,5,4,9,1,0,0,0,0.4444444444444444,0,0.6111111111111112,248
Nc1nc(N)nc(-n2cc(C(F)(F)F)nn2)n1,422.584,4,8,0,0,0,0,2,8,2,11,2,1,0,0,2,0,0,0,0.4363000474206097,-0.367589735,-4.594871386,121.42,0,0,0,0,0,1,0,0,0,0,4,0,1,0,2,0,0,0,0,0,0,0,5,0,0,1,0,0,0,0,0,3,0,0,0,0,0,0,0,0,0.6192592592592592,0,0,0,0,-1.86002551,0,-4.594871386,0,10.526806736583522,0,0,0,0,0,0,0,16.74855359504913,0,0,0.7055787037037036,0,0,0,0,0,36.771365268329546,0,0,0,0.1602626691199287,0.8741726527461052,2810.335402663533,0.1305082248355393,0.4549960187848356,-0.942491753,6,5,0,8,0,0,0,0,0,0,0.6470588235294118,290.6
Nc1nc(N[N+](=O)[O-])nc2nc([N+](=O)[O-])nn12,125.49159,3,13,0,0,0,0,2,10,2,13,2,3,0,1,1,2,0,0,0.4931504698538182,-0.389690451,-0.906691862,180.3,0,0,0,0,0,0,0,0,0,0,3,1,0,0,1,0,0,1,0,0,0,0,4,0,2,1,0,0,2,0,0,0,0,0,0,0,0,0,0,0,0,0,0,0,0,-1.493980537,-0.269861111,0,0,5.370379818594104,0,0,1.6452272297808013,0,0,0,0,13.777118291761148,0,-1.75914903,0.7948998488284202,0,0,20.551016077727382,0,0,0,0,0,0,0.1291079183651942,0.8708920822059685,2719.121453105853,3.591730092547477e-05,0.5225462100884595,-0.364952909,4,3,4,9,1,0,0,0,0.4705882352941176,0,0.6470588235294118,150
Nc1nc(N[N+](=O)[O-])nc2nc(N[N+](=O)[O-])nn12,117.65478,4,14,0,0,0,0,2,10,3,14,2,4,0,2,1,2,0,0,0.3053887753941746,-0.367547615,-0.891047572,192.33,0,0,0,0,0,0,0,0,0,0,3,1,0,0,1,0,0,2,0,0,0,0,4,0,2,1,0,0,2,0,0,0,0,0,0,0,0,0,0,0,0,0,0,0,0,-1.057820295,-0.184074074,0,0,5.426006235827664,0,0,3.3555324074074075,0,0,0,0,14.262526455026457,0,-1.771429989,0.8858720710506425,0,0,20.37502692743764,0,0,0,0,0,0,0.1487223198479928,0.8512776801860533,3167.9789447773173,9.003595479929897e-06,0.5465718234416845,-0.374792108,4,4,4,10,2,0,0,0,0.4444444444444444,0,0.6111111111111112,189
Nc1nc(-n2nc([N+](=O)[O-])cc2[N+](=O)[O-])c[nH]1,288.79828,3,11,0,0,0,0,2,8,2,11,2,3,0,1,1,2,0,0,0.420401224939351,-0.369281077,-0.833818027,158.8,0,0,0,0,0,2,0,0,0,0,4,0,0,0,1,0,0,0,1,0,0,0,2,0,2,1,0,0,2,0,0,0,0,0,0,0,0,0,0,0,1.9900094482237336,0,0,0,0,-1.184053288,0,0,0,5.297214663643235,0,0,0,2.485118575207861,0,0,0,7.144697656840514,0,-1.634541761,0.7271759259259258,0,0,21.17052272297808,0,0,0,0,0,0,0.2735635145274512,0.7526060734944656,2267.031554944205,0.3019878158074724,0.4097829404853,-0.702485041,6,5,4,7,0,0,0,0,0.4705882352941176,0,0.5882352941176471,256
Nc1nc(NC(=O)N[N+](=O)[O-])n/c(=N/[N+](=O)[O-])n1O,115.05341,5,15,0,0,0,0,1,10,4,15,1,3,0,2,1,2,0,0,0.3789998795447932,-0.421996735,-1.326719577,216.73,0,0,0,0,0,0,0,0,0,1,2,0,0,0,1,0,0,2,0,0,0,1,2,0,2,1,0,1,3,0,0,0,0,0,0,0,0,0,0,0,0,0,0,0,-1.326719577,-1.324302721,0,0,0,5.147818405139834,0,0,2.957080026455026,0,0,0,2.6471902557319225,6.529926303854875,0,-2.341740756,-0.014497984,0,9.182343553162006,31.019107142857145,0,0,0,0,0,0,0.1906886347014901,0.8261348141070367,3749.123987112193,0.189949240060538,0.4579470162571192,-0.261684009,4,5,6,9,2,0,0,0,0.4210526315789473,0,0.3157894736842105,157
Nc1nc(NC(=O)N[N+](=O)[O-])n/c(=N\[N+](=O)[O-])n1O,115.05343,5,15,0,0,0,0,1,10,4,15,1,3,0,2,1,2,0,0,0.3789998795447932,-0.421996735,-1.326719577,216.73,0,0,0,0,0,0,0,0,0,1,2,0,0,0,1,0,0,2,0,0,0,1,2,0,2,1,0,1,3,0,0,0,0,0,0,0,0,0,0,0,0,0,0,0,-1.326719577,-1.324302721,0,0,0,5.147818405139834,0,0,2.957080026455026,0,0,0,2.6471902557319225,6.529926303854875,0,-2.341740756,-0.014497984,0,9.182343553162006,31.019107142857145,0,0,0,0,0,0,0.355017552014345,0.6891308983201769,2771.53031786962,0.3824797633658847,0.4579470162571192,-0.261684009,4,5,6,9,2,0,0,0,0.4210526315789473,0,0.3157894736842105,157
Nc1nc(Nc2nnn[nH]2)c([N+](=O)[O-])cc1[N+](=O)[O-],278.701,4,13,0,0,0,0,2,10,3,13,2,4,0,2,1,2,0,0,0.3183631212298384,-0.37789091,-0.865955767,191.68,0,0,0,0,0,1,0,0,0,0,5,0,0,0,1,0,0,1,1,0,0,0,4,0,2,0,0,0,2,0,0,0,0,0,0,0,0,0,0,0,0.7028410808767951,0,0,0,0,-2.091368103,0,0,0,5.343062169312169,0,0,2.3937802343159484,2.287987292139078,0,0,0,13.473596466364322,0,-1.707651723,0,0,0,21.465542957923912,0,0,0,0,0,0,0.3063276126955561,0.7227075720947571,2897.824558055434,0.3185444754485625,0.4716186626242211,-0.628824883,6,5,4,9,0,0,0,0,0.4210526315789473,0,0.5789473684210527,297
Nc1nc(NCC([N+](=O)[O-])([N+](=O)[O-])[N+](=O)[O-])no1,147.87257,3,14,0,0,0,0,1,11,2,14,1,6,0,1,1,3,0,0,0.7168306637670538,-0.351210788,-3.643460412,206.39,0,0,1,0,0,0,0,0,0,0,2,0,1,0,1,0,0,1,0,0,0,0,2,0,3,0,0,0,3,0,1,0,0,0,0,0,0,-1.278796296,0,0,0,0,0,0,0,-0.852931311,0,-3.643460412,0,5.015428004535147,0,0,1.9294444444444443,0,0,0,0,6.419667422524565,0,-4.906428571,0,0,0,31.572330640589566,0,4.255748771730914,0,0,0,0,0.2446391654945377,0.9672995211581924,2449.2964821026526,0.5582567790226456,0.3724451403510107,-0.212825794,4,5,7,7,0,0,1,0,0.5555555555555556,0,0.2777777777777778,155
Nc1nc(OCC([N+](=O)[O-])([N+](=O)[O-])[N+](=O)[O-])nc(OCC([N+](=O)[O-])([N+](=O)[O-])[N+](=O)[O-])n1,168.34601,2,24,0,0,0,0,1,18,1,24,1,12,0,0,1,6,0,0,0.733643471477728,-0.43824583,-4.096808467,341.98999999999995,0,0,2,0,0,0,0,0,0,0,3,0,2,0,1,0,0,0,0,0,0,0,3,0,6,0,0,0,6,2,0,0,0,0,0,0,0,-3.794594907,0,0,0,0,0,0,0,-3.277327098,0,-8.193616934,0,5.171411564625851,0,0,0,0,0,0,0,9.410624527588814,0,-11.36570531,0,0,0,64.87221580367684,8.804776549508691,0,0,0,0,0,0.1566481760690375,0.9472651105962844,10205.81764084139,0.6971429541340672,0.3082471525669281,-0.105684738,7,6,14,10,0,0,2,0,0.6451612903225806,0,0.1935483870967742,148.9
Nc1nc2[nH]nc(N)n2n1,353.1296,5,7,0,0,0,0,2,6,3,7,2,0,0,1,2,0,0,0,0.2510541108018542,-0.366434374,0.18087962962963,110.91,0,0,0,0,0,0,0,0,0,0,2,1,0,0,2,0,0,0,1,0,0,0,3,0,0,1,0,0,0,0,0,0,0,0,0,0,0,0,0,0,0,0,0,0,0,0.4301388888888895,0.4537037037037039,0,0,10.609583333333331,0,0,0,2.543009259259259,0,0,0,11.13486111111111,0,0,1.3287037037037035,0,0,0,0,0,0,0,0,0,0.2906774391120274,0.7421614916125443,572.0916160143548,0.2547711445270767,0.7044177053233849,-0.977559265,3,5,0,7,0,0,0,0,0,0,1,261
Nc1nc2c([N+](=O)[O-])c([N+](=O)[O-])nn2c(N)c1[N+](=O)[O-],262.16498,4,14,0,0,0,0,2,11,2,14,2,3,0,0,2,3,0,0,0.4703099849316946,-0.377763787,-1.144353741,211.65,0,0,0,0,0,0,0,0,0,0,5,1,0,0,2,0,0,0,0,0,0,0,2,0,3,1,0,0,3,0,0,0,0,0,0,0,0,0,0,0,0,0,0,0,0,-4.450194633,-0.650648148,0,0,10.673330498866212,0,0,0,0,0,0,0,6.637962962962963,0,-3.205445956,0.4352777777777776,0,0,32.27985874905518,0,0,0,0,0,0,0.2491305663566846,0.7789214809931112,3001.200216376984,0.1741729227829539,0.3941607894477526,-0.450469474,6,4,6,8,0,0,0,0,0.6,0,0.55,265
Nc1nc2c([N+](=O)[O-])c(N)nn2c(N)c1[N+](=O)[O-],276.35004,6,12,0,0,0,0,2,10,3,12,2,2,0,0,3,2,0,0,0.3567432639028028,-0.37776579,-0.860307067,194.53,0,0,0,0,0,0,0,0,0,0,5,1,0,0,3,0,0,0,0,0,0,0,2,0,2,1,0,0,2,0,0,0,0,0,0,0,0,0,0,0,0,0,0,0,0,-2.780005669,-0.348981481,0,0,16.112723922902497,0,0,0,0,0,0,0,7.0579629629629625,0,-1.684334845,0.7102777777777776,0,0,21.46617866591081,0,0,0,0,0,0,0.2451216368108688,0.7799224980230766,2378.689109081804,0.1199104710066834,0.440656893526278,-0.692460833,6,6,4,8,0,0,0,0,0.4444444444444444,0,0.6111111111111112,364
Nc1nc2c([N+](=O)[O-])cnn2c(N)c1[N+](=O)[O-],271.88428,4,11,0,0,0,0,2,9,2,11,2,2,0,0,2,2,0,0,0.35236613679847,-0.377765798,-0.82875,168.51,0,0,0,0,0,1,0,0,0,0,4,1,0,0,2,0,0,0,0,0,0,0,2,0,2,1,0,0,2,0,0,0,0,0,0,0,0,0,0,0,0.8907331821617537,0,0,0,0,-1.969448224,-0.240185185,0,0,10.77056500377929,0,0,0,0,0,0,0,7.104907407407407,0,-1.564814815,0.7982407407407406,0,0,21.27166761148904,0,0,0,0,0,0,0.2344428077347297,0.7931657599211586,2104.645133145997,0.114307353935571,0.4097829404853,-0.702485041,6,5,4,7,0,0,0,0,0.4705882352941176,0,0.6470588235294118,325
Nc1nc2c([N+](=O)[O-])nnn2nc1-c1nnn[nH]1,293.90768,3,13,0,0,0,0,3,11,2,13,3,2,0,1,1,1,0,0,0.4389491886687288,-0.381646383,-0.730029841,179.58999999999995,0,0,0,0,0,0,0,0,0,0,4,1,0,0,1,0,0,0,1,0,0,0,7,0,1,1,0,0,1,0,0,0,0,0,0,0,0,0,0,0,0,0,0,0,0,-0.323846372,-0.158588435,0,0,5.625421390778533,0,0,0,2.438411517384732,0,0,0,24.813619142101285,0,-0.730029841,0.8812962962962962,0,0,10.643524817334342,0,0,0,0,0,0,0.1491930410296911,0.8576096639676591,2666.9683387113546,0.1539328883132079,0.6180916220490137,-0.610064458,5,3,2,11,0,0,0,0,0.2222222222222222,0,0.8888888888888888,240
Nc1nc2c([N+](=O)[O-])nnn2nc1Cl,273.88367,2,9,0,0,0,0,2,8,1,10,2,1,0,0,1,1,0,0,0.4389503695569647,-0.381000055,-0.731787604,125.13,0,0,0,0,0,0,0,0,0,0,3,1,0,0,1,0,0,0,0,0,0,0,4,0,1,1,0,0,1,0,0,0,1,0,0,0,0,0,0,0,0,0,0,0,0,-0.705804359,-0.141759259,0,0,5.317088057445201,0,0,0,0,0,0,0,13.835771604938271,0,-0.731787604,0.844074074074074,0,0,10.42039210128496,0,0,0,5.519411060720584,0,0,0.1965349711930864,0.8034650288117909,1723.156159984292,3.2774659827410103e-06,0.4546298014473928,-0.519576916,4,2,2,7,0,0,0,0,0.2857142857142857,0,0.7857142857142857,218
Nc1nc2c([N+](=O)[O-])nnn2nc1N,296.50684,4,10,0,0,0,0,2,9,2,10,2,1,0,0,2,1,0,0,0.4389513660316033,-0.380500686,-0.72952003,151.15,0,0,0,0,0,0,0,0,0,0,3,1,0,0,2,0,0,0,0,0,0,0,4,0,1,1,0,0,1,0,0,0,0,0,0,0,0,0,0,0,0,0,0,0,0,-0.662594482,-0.137314815,0,0,10.638228458049888,0,0,0,0,0,0,0,13.862592592592591,0,-0.72952003,0.8510185185185184,0,0,10.42212821239607,0,0,0,0,0,0,0.2538566591007452,0.7462451779708055,1367.8488123207296,0.0277862871534031,0.5710498138989444,-0.652628359,4,4,2,8,0,0,0,0,0.2857142857142857,0,0.7857142857142857,256
Nc1nc2c3nn4c(N)nnc4n3nc(N)n2n1,371.1208,6,12,0,0,0,0,4,12,3,12,4,0,0,0,3,0,0,0,0.2764928073729498,-0.366472148,0.0725344860166292,168.63,0,0,0,0,0,0,0,0,0,0,3,3,0,0,3,0,0,0,0,0,0,0,6,0,0,3,0,0,0,0,0,0,0,0,0,0,0,0,0,0,0,0,0,0,0,0.3113123582766448,1.0770105820105829,0,0,16.890522171831698,0,0,0,0,0,0,0,23.72560311161502,0,0,3.995551776266062,0,0,0,0,0,0,0,0,0,0.2545999177379415,0.7744721069314883,2171.61863550234,0.3275732115587062,0.6823775985182655,-0.974825141,6,6,0,12,0,0,0,0,0,0,1.1666666666666667,307
Nc1nc2nnc3nc([N+](=O)[O-])nn3n2n1,273.9983,2,12,0,0,0,0,3,11,1,12,3,1,0,0,1,1,0,0,0.4945846183615648,-0.38968986,-0.749207294,155.32,0,0,0,0,0,0,0,0,0,0,2,2,0,0,1,0,0,0,0,0,0,0,6,0,1,2,0,0,1,0,0,0,0,0,0,0,0,0,0,0,0,0,0,0,0,-0.642755102,0.0082388510959949,0,0,5.341962396069539,0,0,0,0,0,0,0,21.729580498866213,0,-0.749207294,2.0570370370370368,0,0,10.460905139833711,0,0,0,0,0,0,0.1868562508330445,0.8131437491734885,1938.7269063994609,4.262789245336772e-06,0.630267233306922,-0.504213787,4,2,2,10,0,0,0,0,0.25,0,1,357
Nc1nc2nnc3nc(N[N+](=O)[O-])nn3n2n1,142.50104,3,13,0,0,0,0,3,11,2,13,3,2,0,1,1,1,0,0,0.3067549475431761,-0.366381752,-0.796529038,167.34999999999997,0,0,0,0,0,0,0,0,0,0,2,2,0,0,1,0,0,1,0,0,0,0,6,0,1,2,0,0,1,0,0,0,0,0,0,0,0,0,0,0,0,0,0,0,0,-0.266706612,0.124354686318973,0,0,5.372915328168304,0,0,1.7842911470143612,0,0,0,0,22.291428728898968,0,-0.796529038,2.201705404383976,0,0,10.227603510540018,0,0,0,0,0,0,0.2017520892460582,0.798247910781432,2342.71410194221,1.1863608652170136e-05,0.6493971991583136,-0.506023792,4,3,2,11,1,0,0,0,0.2352941176470588,0,0.9411764705882352,178
Nc1ncnn1-c1nn[nH]n1,404.5928,3,8,0,0,0,0,2,7,2,8,2,1,0,1,1,0,0,0,0.2928235987540902,-0.36760376,0.2281481481481486,111.19,0,0,0,0,0,1,0,0,0,0,2,0,0,0,1,0,0,0,1,0,0,0,5,0,0,1,0,0,0,0,0,0,0,0,0,0,0,0,0,0,1.3112037037037036,0,0,0,0,0.5059259259259268,0,0,0,5.399444444444445,0,0,0,2.289953703703704,0,0,0,18.059444444444445,0,0,1.2673611111111112,0,0,0,0,0,0,0,0,0,0.2317294291947019,0.7701956066334016,777.6779559409621,0.0541195253657454,0.7362560067314832,-0.841435436,3,4,0,8,0,0,0,0,0,0,0.9090909090909092,293
Nc1nn(N)nc1[N+](=O)[O-],293.7527,4,8,0,0,0,0,1,7,2,8,1,1,0,0,2,1,0,0,0.43604640270056,-0.374893086,-0.758240741,125.89,0,0,0,0,0,0,0,0,0,0,2,0,0,0,2,0,0,0,0,0,0,0,2,0,1,1,0,0,1,0,0,0,0,0,0,0,0,0,0,0,0,0,0,0,0,-0.810185185,0,0,0,9.953425925925927,0,0,0,0,0,0,0,6.42074074074074,0,-0.758240741,0.549074074074074,0,0,9.98925925925926,0,0,0,0,0,0,0.3073599172679838,0.6928358736907835,685.9785940580255,0.0117608746070979,0.5829527947034573,-0.44415451,2,4,2,6,0,0,0,0,0.4,0,0.5,212.1
Nc1nn2c([N+](=O)[O-])nnc2c([N+](=O)[O-])c1N,268.82587,4,12,0,0,0,0,2,10,2,12,2,2,0,0,2,2,0,0,0.4830720451171234,-0.389852158,-0.896472033,181.4,0,0,0,0,0,0,0,0,0,0,4,1,0,0,2,0,0,0,0,0,0,0,3,0,2,1,0,0,2,0,0,0,0,0,0,0,0,0,0,0,0,0,0,0,0,-2.273335223,-0.436666667,0,0,10.6680432728647,0,0,0,0,0,0,0,9.948333333333332,0,-1.756479592,0.5593518518518517,0,0,21.312043178382467,0,0,0,0,0,0,0.3151324240594418,0.7016336583569718,1998.0970077804795,0.1356091171832889,0.4663965453341606,-0.533024623,5,4,4,8,0,0,0,0,0.4705882352941176,0,0.6470588235294118,234
Nc1nn2c([N+](=O)[O-])nnc2n[n+]1[O-],303.3518,2,11,0,0,0,0,2,9,1,11,2,1,0,0,1,1,0,0,0.4972087410427266,-0.721317794,-0.816207483,152.07,0,0,0,0,0,0,0,0,0,0,2,1,0,0,1,0,0,0,0,0,0,0,4,0,1,2,0,0,1,0,0,0,0,0,0,0,0,0,0,0,0,0,0,0,0,-1.18037037,-0.290833333,0,0,5.091995464852608,0,0,0,0,0,0,0,13.030185185185186,0,-0.816207483,0.6641591080876792,0,0,10.360950491307634,0,0,0,0,0,0,0.2562551082173733,0.7437448918143614,1329.197544054298,8.464925025589486e-06,0.5653653168569727,-0.323065895,3,2,3,8,0,0,0,0,0.2857142857142857,0,0.7857142857142857,220
Nc1nn2c(C(F)(F)F)nnc2n[n+]1[O-],293.2984,2,8,0,0,0,0,2,7,1,11,2,0,0,0,1,0,0,0,0.4544836920448447,-0.721385711,-4.740471939,108.93,0,0,0,0,0,0,0,0,0,0,2,1,1,0,1,0,0,0,0,0,0,0,4,0,0,2,0,0,0,0,0,3,0,0,0,0,0,0,0,0,0,0,0,0,0,-2.120277778,-0.577291667,-4.740471939,0,4.990379818594104,0,0,0,0,0,0,0,12.045324074074074,0,0,0.1050604686318967,0,0,0,0,0,36.79967545351474,0,0,0,0.2639830923162986,0.799146856769102,1530.2213933837809,0.1329924186136858,0.4432343443297662,-0.578918327,4,2,1,7,0,0,0,0,0,0,0.7333333333333333,171.1
Nc1nn2c(N)c([N+](=O)[O-])nnc2c1[N+](=O)[O-],269.02777,4,12,0,0,0,0,2,10,2,12,2,2,0,0,2,2,0,0,0.432566079951371,-0.37638774,-0.883455215,181.4,0,0,0,0,0,0,0,0,0,0,4,1,0,0,2,0,0,0,0,0,0,0,3,0,2,1,0,0,2,0,0,0,0,0,0,0,0,0,0,0,0,0,0,0,0,-2.286764928,-0.351296296,0,0,10.662950680272107,0,0,0,0,0,0,0,9.977592592592591,0,-1.705260771,0.7069444444444444,0,0,21.16458380574452,0,0,0,0,0,0,0.2119599824480219,0.7991707985596664,2200.2678790276864,0.1091636491554545,0.4663965453341606,-0.533024623,5,4,4,8,0,0,0,0,0.4705882352941176,0,0.6470588235294118,355
Nc1nn2c(N)c(-c3nnn[nH]3)nnc2c1[N+](=O)[O-],290.97733,5,13,0,0,0,0,3,11,3,13,3,2,0,1,2,1,0,0,0.3585248667958591,-0.381598348,-0.706881692,192.72,0,0,0,0,0,0,0,0,0,0,5,1,0,0,2,0,0,0,1,0,0,0,6,0,1,1,0,0,1,0,0,0,0,0,0,0,0,0,0,0,0,0,0,0,0,-0.525775699,-0.156273621,0,0,11.243646148274124,0,0,0,2.4421849017384734,0,0,0,21.49716143864953,0,-0.706881692,1.012222222222222,0,0,10.846858150667677,0,0,0,0,0,0,0.1628645559998965,0.8429806915739811,2980.912266420474,0.1425827041664104,0.5851486239508172,-0.759933278,6,5,2,11,0,0,0,0,0.2105263157894736,0,0.8421052631578947,335
Nc1nn2c(N[N+](=O)[O-])nnc2n[n+]1[O-],142.56241,3,12,0,0,0,0,2,9,2,12,2,2,0,1,1,1,0,0,0.4308262946055395,-0.721385699,-0.854589475,164.1,0,0,0,0,0,0,0,0,0,0,2,1,0,0,1,0,0,1,0,0,0,0,4,0,1,2,0,0,1,0,0,0,0,0,0,0,0,0,0,0,0,0,0,0,0,-0.774538927,-0.205046296,0,0,5.147621882086168,0,0,1.7166354875283445,0,0,0,0,13.496919879062736,0,-0.854589475,0.8675462962962961,0,0,10.129179894179895,0,0,0,0,0,0,0.3106344278627222,0.7195532406463773,1526.9210537588874,0.2076663802396838,0.5912245386337082,-0.337842594,3,3,3,9,1,0,0,0,0.2666666666666666,0,0.7333333333333333,182
Nc1nn2c(nn3c(N[N+](=O)[O-])nnc32)c2nc(N[N+](=O)[O-])nn12,133.48589,4,18,0,0,0,0,4,14,3,18,4,4,0,2,1,2,0,0,0.3078861059893099,-0.366432243,-0.850210328,226.93,0,0,0,0,0,0,0,0,0,0,3,3,0,0,1,0,0,2,0,0,0,0,6,0,2,3,0,0,2,0,0,0,0,0,0,0,0,0,0,0,0,0,0,0,0,-0.7940135,0.0732726022507779,0,0,5.726000173217434,0,0,3.5884396095827373,0,0,0,0,22.908824143829555,0,-1.689469062,3.1338366087175604,0,0,21.026554712590062,0,0,0,0,0,0,0.1673617600750553,0.867418870003295,5518.685797954155,0.4344948524636071,0.5830001903674091,-0.475918523,6,4,4,14,2,0,0,0,0.3333333333333333,0,0.875,171
Nc1nn2nnnc2c([N+](=O)[O-])c1N,293.94666,4,10,0,0,0,0,2,9,2,10,2,1,0,0,2,1,0,0,0.3435192308557638,-0.389945205,-0.709259259,151.15,0,0,0,0,0,0,0,0,0,0,3,1,0,0,2,0,0,0,0,0,0,0,4,0,1,1,0,0,1,0,0,0,0,0,0,0,0,0,0,0,0,0,0,0,0,-0.864537037,-0.137314815,0,0,10.6975,0,0,0,0,0,0,0,13.590740740740742,0,-0.709259259,0.8510185185185182,0,0,10.61925925925926,0,0,0,0,0,0,0.4979375135672324,0.5281910463784145,1175.769473582775,0.1542422099905876,0.5710498138989445,-0.652628359,4,4,2,8,0,0,0,0,0.2857142857142857,0,0.7857142857142857,290
Nc1nn2nnnc2c(N)c1[N+](=O)[O-],293.94666,4,10,0,0,0,0,2,9,2,10,2,1,0,0,2,1,0,0,0.3391517762718634,-0.389811461,-0.729814815,151.15,0,0,0,0,0,0,0,0,0,0,3,1,0,0,2,0,0,0,0,0,0,0,4,0,1,1,0,0,1,0,0,0,0,0,0,0,0,0,0,0,0,0,0,0,0,-1.007314815,0.005462962962963,0,0,10.738611111111112,0,0,0,0,0,0,0,13.6597656840514,0,-0.729814815,0.9282407407407404,0,0,10.535857898715042,0,0,0,0,0,0,0.3045331526296712,0.7432888150288957,1212.5763280744738,0.1366416266118287,0.5710498138989445,-0.652628359,4,4,2,8,0,0,0,0,0.2857142857142857,0,0.7857142857142857,287
Nc1nnc(/N=N/c2nnc(N)n2N)n1N,212.9656,8,12,0,0,0,0,2,12,4,12,2,2,0,0,4,0,0,0,0.289601895607422,-0.366415151,-0.000859788,190.22000000000003,0,0,0,0,0,0,0,0,0,0,4,0,0,0,4,0,0,0,0,0,0,2,4,0,0,2,0,0,0,0,0,0,0,0,0,0,0,0,0,0,0,0,0,0,0,0.0032418955236426,0,0,0,21.505130490467792,0,0,0,0,0,0,7.242962962962963,14.018341521793904,0,0,1.8969897959183672,0,0,0,0,0,0,0,0,0,0.1221730506371209,0.8885898238087171,2468.9995553827657,0.2535920449327868,0.749357693405652,-0.856408792,4,8,0,12,0,0,0,0,0,0,0.625,302
Nc1nnc(/N=N/c2nnc(N)nn2)nn1,156.9,4,12,0,0,0,0,2,12,2,12,2,2,0,0,2,0,0,0,0.3062898776740306,-0.365192233,-0.088310185,179.87999999999994,0,0,0,0,0,0,0,0,0,0,4,0,0,0,2,0,0,0,0,0,0,2,8,0,0,0,0,0,0,0,0,0,0,0,0,0,0,0,0,0,0,0,0,0,0,-0.304364818,0,0,0,10.345016535692942,0,0,0,0,0,0,7.047331821617536,27.578683127572017,0,0,0,0,0,0,0,0,0,0,0,0,0.054748612861727,0.9452513871765654,3054.716732591245,1.5616970541762474e-05,0.763081395348837,-0.726744186,4,4,0,12,0,0,0,0,0,0,0.75,252
Nc1nnc([N+](=O)[O-])c(N)n1,299.4001,4,8,0,0,0,0,1,7,2,8,1,1,0,0,2,1,0,0,0.4326246414684985,-0.376392781,-0.782962963,133.85,0,0,0,0,0,0,0,0,0,0,3,0,0,0,2,0,0,0,0,0,0,0,3,0,1,0,0,0,1,0,0,0,0,0,0,0,0,0,0,0,0,0,0,0,0,-1.102037037,0,0,0,10.127365835222978,0,0,0,0,0,0,0,9.607037037037037,0,-0.782962963,0,0,0,10.075298563869993,0,0,0,0,0,0,0.2595500710165361,0.7689429274461373,829.6245384855522,0.130694648709456,0.5380993562025559,-0.614970693,3,4,2,6,0,0,0,0,0.3636363636363636,0,0.5454545454545454,225
Nc1nnc(-c2[nH]nc([N+](=O)[O-])c2[N+](=O)[O-])o1,274.99768,3,12,0,0,0,0,2,9,2,12,2,3,0,1,1,2,0,0,0.467881935894654,-0.401474218,-1.002123961,179.90000000000003,0,0,0,0,0,0,0,0,0,0,5,0,0,0,1,0,0,0,1,0,0,0,3,0,2,0,0,0,2,0,1,0,0,0,0,0,0,0,0,0,0,0,0,0,0,-2.854006992,0,0,0,5.13041761148904,0,0,0,2.0815277777777776,0,0,0,9.818423091458806,0,-1.976968065,0,0,0,21.21161611866969,0,4.710707671957672,0,0,0,0,0.2218973407750497,0.8014722918167989,2121.3538855825973,0.1672029693624295,0.4064315722680955,-0.431315138,5,3,5,7,0,0,0,0,0.4705882352941176,0,0.5882352941176471,240
Nc1nnc(-c2cc(-c3nnc(N)[nH]3)[nH]n2)[nH]1,333.0464,7,10,0,0,0,0,3,7,5,10,3,2,0,3,2,0,0,0,0.2191478784307778,-0.368039232,0.2300552983539099,163.86,0,0,0,0,0,1,0,0,0,0,6,0,0,0,2,0,0,0,3,0,0,0,5,0,0,0,0,0,0,0,0,0,0,0,0,0,0,0,0,0,1.7221296296296296,0,0,0,0,2.637117399428909,0,0,0,10.853681342907532,0,0,0,8.315368480725624,0,0,0,18.971703147308308,0,0,0,0,0,0,0,0,0,0,0,0,0.1144027021821229,0.8855972980364422,3073.8928377987154,3.644230059361431e-05,0.6028999487535042,-1.240251323,7,8,0,10,0,0,0,0,0,0,0.8823529411764706,216
Nc1nnc(-c2n[nH]c(-c3nnc(N)n3N)c2[N+](=O)[O-])n1N,311.93118,9,15,0,0,0,0,3,13,5,15,3,3,0,1,4,1,0,0,0.3288609561077282,-0.366453842,-0.704456727,237.32,0,0,0,0,0,0,0,0,0,0,7,0,0,0,4,0,0,0,1,0,0,0,5,0,1,2,0,0,1,0,0,0,0,0,0,0,0,0,0,0,0,0,0,0,0,-1.242334866,0,0,0,22.09173952296968,0,0,0,2.4330914588057446,0,0,0,18.11994026622995,0,-0.704456727,1.7225324389014864,0,0,11.373077286470144,0,0,0,0,0,0,0.162881417171069,0.8828354159329934,3981.100066583685,0.4447607663479447,0.5923746411576695,-0.85926871,7,9,2,13,0,0,0,0,0.1818181818181818,0,0.6818181818181818,318.6
Nc1nnc(-c2n[nH]cc2[N+](=O)[O-])n1N,299.88156,5,10,0,0,0,0,2,8,3,10,2,2,0,1,2,1,0,0,0.3175510387094107,-0.366453834,-0.607436697,154.57000000000002,0,0,0,0,0,1,0,0,0,0,4,0,0,0,2,0,0,0,1,0,0,0,3,0,1,1,0,0,1,0,0,0,0,0,0,0,0,0,0,0,1.1252021919879065,0,0,0,0,-0.27449263,0,0,0,10.782434807256235,0,0,0,2.345498866213152,0,0,0,10.694975434618293,0,-0.607436697,0.9198148148148148,0,0,10.590334939531369,0,0,0,0,0,0,0.2956088017068622,0.7521072219810856,1526.4408379849497,0.375419406022377,0.532934901050167,-0.83746913,5,6,2,8,0,0,0,0,0.2666666666666666,0,0.6666666666666666,331
Nc1nnc(-c2n[nH]nc2[N+](=O)[O-])n1N,274.44962,5,11,0,0,0,0,2,9,3,11,2,2,0,1,2,1,0,0,0.4210691076228465,-0.366453829,-0.718547808,167.46,0,0,0,0,0,0,0,0,0,0,4,0,0,0,2,0,0,0,1,0,0,0,4,0,1,1,0,0,1,0,0,0,0,0,0,0,0,0,0,0,0,0,0,0,0,-0.725881519,0,0,0,10.734248866213152,0,0,0,2.095498866213152,0,0,0,13.845863567649282,0,-0.718547808,0.8798148148148148,0,0,10.527834939531369,0,0,0,0,0,0,0.2966728163252513,0.7523837795303417,1512.6211243745706,0.3880212874866454,0.5967463117762674,-0.64410713,4,5,2,9,0,0,0,0,0.2666666666666666,0,0.6666666666666666,263
Nc1nnc(-c2n[nH]nc2[N+](=O)[O-])n1N[N+](=O)[O-],141.24962,4,14,0,0,0,0,2,10,3,14,2,4,0,2,1,2,0,0,0.4234434459309196,-0.357683161,-0.935380763,196.61,0,0,0,0,0,0,0,0,0,0,4,0,0,0,1,0,0,1,1,0,0,0,4,0,2,1,0,0,2,0,0,0,0,0,0,0,0,0,0,0,0,0,0,0,0,-1.67037415,0,0,0,5.316095993953137,0,0,1.6606783824640967,2.0067446145124714,0,0,0,13.53050642479214,0,-1.768511905,0.6298148148148148,0,0,20.980856245275888,0,0,0,0,0,0,0.4466342975811274,0.6884453902365285,1856.4121493852615,0.5934120472870693,0.5465718234416845,-0.374792108,4,4,4,10,1,0,0,0,0.4444444444444444,0,0.5555555555555556,221
Nc1nnc(-c2n[nH]nc2-c2nnc(N)n2N)n1N,235.5592,9,13,0,0,0,0,3,12,5,13,3,2,0,1,4,0,0,0,0.2406383251776684,-0.36645385,0.0256288842697576,207.07,0,0,0,0,0,0,0,0,0,0,6,0,0,0,4,0,0,0,1,0,0,0,6,0,0,2,0,0,0,0,0,0,0,0,0,0,0,0,0,0,0,0,0,0,0,0.9838900436717914,0,0,0,22.33568982531284,0,0,0,2.4133125472411185,0,0,0,22.65215482489292,0,0,2.11495275888133,0,0,0,0,0,0,0,0,0,0.2814579929635415,0.7629918078962439,2624.212601945938,0.4240746451381152,0.6914131801587213,-1.002929009,6,9,0,13,0,0,0,0,0,0,0.7894736842105263,290
Nc1nnc(-c2nn3c(N)nnc3n2N)[nH]1,240.58,7,11,0,0,0,0,3,10,4,11,3,1,0,1,3,0,0,0,0.2740531857105569,-0.368038582,0.132349300831444,167.64,0,0,0,0,0,0,0,0,0,0,4,1,0,0,3,0,0,0,1,0,0,0,5,0,0,2,0,0,0,0,0,0,0,0,0,0,0,0,0,0,0,0,0,0,0,0.930902305366592,0.2939550264550266,0,0,16.668005165028976,0,0,0,2.693257747543462,0,0,0,18.777612748803225,0,0,2.4696003401360542,0,0,0,0,0,0,0,0,0,0.1934760433366855,0.8682697643483297,1911.533933280124,0.5181376070966348,0.6962403023672168,-0.97654484,5,7,0,11,0,0,0,0,0,0,0.9375,281
Nc1nnc(-c2nnc(N)n2N[N+](=O)[O-])n1N[N+](=O)[O-],127.9388,6,16,0,0,0,0,2,12,4,16,2,5,0,2,2,2,0,0,0.338737066148232,-0.346339972,-0.936294092,223.8,0,0,0,0,0,0,0,0,0,0,4,0,0,0,2,0,0,2,0,0,0,0,4,0,2,2,0,0,2,0,0,0,0,0,0,0,0,0,0,0,0,0,0,0,0,-1.3543065,0,0,0,10.729130763416478,0,0,3.3584892290249435,0,0,0,0,13.75921012849584,0,-1.872588183,1.2809108087679515,0,0,20.882910210380448,0,0,0,0,0,0,0.3332814979666655,0.7447373969760622,2767.47003297753,0.4609715026421749,0.5870595306319278,-0.39137302,4,6,4,12,2,0,0,0,0.4,0,0.5,259
Nc1nnc(-c2nnc(N)o2)o1,403.3376,4,8,0,0,0,0,2,8,2,8,2,1,0,0,2,0,0,0,0.3126946164277792,-0.399005115,-0.067804233,129.88,0,0,0,0,0,0,0,0,0,0,4,0,0,0,2,0,0,0,0,0,0,0,4,0,0,0,0,0,0,0,2,0,0,0,0,0,0,0,0,0,0,0,0,0,0,-0.030608466,0,0,0,10.322721088435374,0,0,0,0,0,0,0,13.801313303099016,0,0,0,0,0,0,0,9.57324074074074,0,0,0,0,0.1133856907543183,0.8866143092496569,1194.6156023785834,4.074416613318242e-06,0.4996550001189654,-0.761379048,4,4,2,6,0,0,0,0,0,0,0.8333333333333334,310
Nc1nnc(-c2nonc2/N=N\c2nonc2-c2nnc(N)o2)o1,215.8944,4,16,0,0,0,0,4,16,2,16,4,4,0,0,2,0,0,0,0.3126103287735247,-0.40152773,-0.159390035,232.43999999999997,0,0,0,0,0,0,0,0,0,0,8,0,0,0,2,0,0,0,0,0,0,2,8,0,0,0,0,0,0,0,4,0,0,0,0,0,0,0,0,0,0,0,0,0,0,-0.50117294,0,0,0,10.669731116867451,0,0,0,0,0,0,7.585410997732426,28.46462760178919,0,0,0,0,0,0,0,19.11473655680005,0,0,0,0,0.1937847185719352,0.8707139268884845,5436.543065008636,0.5853530116644288,0.5057194461167971,-0.674292595,8,4,4,12,0,0,0,0,0,0,0.8333333333333334,233
Nc1nnc(-c2nonc2[N+](=O)[O-])o1,260.12708,2,10,0,0,0,0,2,9,1,10,2,2,0,0,1,1,0,0,0.4472825905814017,-0.401321544,-0.785492252,147,0,0,0,0,0,0,0,0,0,0,4,0,0,0,1,0,0,0,0,0,0,0,4,0,1,0,0,0,1,0,2,0,0,0,0,0,0,0,0,0,0,0,0,0,0,-1.291113001,0,0,0,5.121937830687831,0,0,0,0,0,0,0,12.98378023431595,0,-0.785492252,0,0,0,10.384943783068785,0,8.867666288737716,0,0,0,0,0.3067803922051815,0.7088801200824165,1331.0838424104115,0.1593515845416118,0.4240325495461842,-0.403840523,4,2,4,6,0,0,0,0,0.2857142857142857,0,0.7142857142857143,155
Nc1nnc(-c2nonc2N)o1,381.5808,4,8,0,0,0,0,2,8,2,8,2,1,0,0,2,0,0,0,0.3126103061354316,-0.401530893,-0.062592593,129.88,0,0,0,0,0,0,0,0,0,0,4,0,0,0,2,0,0,0,0,0,0,0,4,0,0,0,0,0,0,0,2,0,0,0,0,0,0,0,0,0,0,0,0,0,0,0.3023148148148156,0,0,0,10.520751133786847,0,0,0,0,0,0,0,13.70648998488284,0,0,0,0,0,0,0,9.137110733182162,0,0,0,0,0.1910869713052,0.8089130289087234,1068.7997785806365,2.7478532306839263e-05,0.4996550001189653,-0.761379048,4,4,2,6,0,0,0,0,0,0,0.8333333333333334,246
Nc1nnc(Cc2nnc(N)n2N)n1N,236.396,8,10,0,0,0,0,2,10,4,10,2,2,0,0,4,0,0,0,0.2402904503669752,-0.366462916,0.1120913643235073,165.50000000000003,0,0,1,0,0,0,0,0,0,0,4,0,0,0,4,0,0,0,0,0,0,0,4,0,0,2,0,0,0,0,0,0,0,0,0,0,0,0.2513888888888889,0,0,0,0,0,0,0,1.0697382842025709,0,0,0,21.895170068027213,0,0,0,0,0,0,0,14.662928004535146,0,0,2.2874414210128498,0,0,0,0,0,0,0,0,0,0.2554134227192163,0.9379598733612016,1548.7745588174653,0.9369254379833998,0.6660165076948689,-1.141742585,5,10,0,10,0,0,0,0,0,0,0.6666666666666666,310
Nc1nnc(Cc2nonc2/N=N\c2nonc2Cc2nnc(N)n2N)n1N,213.384,8,18,0,0,0,0,4,18,4,18,4,6,0,0,4,0,0,0,0.2410248916463697,-0.366462922,0.0429023127961691,268.05999999999995,0,0,2,0,0,0,0,0,0,0,8,0,0,0,4,0,0,0,0,0,0,2,8,0,0,2,0,0,0,0,2,0,0,0,0,0,0,0.2183157430659239,0,0,0,0,0,0,0,1.484691933996659,0,0,0,22.460673551649588,0,0,0,0,0,0,7.87611929957168,29.72315597427819,0,0,2.202238283545449,0,0,0,0,9.368138547225849,0,0,0,0,0.2619136666403522,0.8883853295340866,5978.400146257859,0.985614417911223,0.5768497821361986,-0.988885341,10,12,2,16,0,0,0,0,0,0,0.7142857142857143,313
Nc1nnc(Nc2c([N+](=O)[O-])cc([N+](=O)[O-])cc2[N+](=O)[O-])[nH]1,266.7757,4,14,0,0,0,1,2,10,3,14,2,5,0,2,1,3,3,1,0.3062763820007548,-0.368002889,-0.997957294,209.04,0,0,0,0,0,2,0,0,0,0,6,0,0,0,1,0,0,1,1,0,0,0,2,0,3,0,0,0,3,0,0,0,0,0,0,0,0,0,0,0,1.1846409674981104,0,0,0,0,-3.433520828,0,0,0,5.2655690138518425,0,0,2.275678382464097,2.359555697278912,0,0,0,6.818138542454019,0,-2.971890931,0,0,0,32.75091457764618,0,0,0,0,0,0,0.3435328652829562,0.7996978105594063,3401.462845193915,0.7623735853251056,0.3610736783736211,-0.670565403,8,6,6,8,0,0,0,0,0.5454545454545454,1,0.5,261
Nc1nnc(Nc2nnn[nH]2)n[n+]1[O-],280.328,4,11,0,0,0,0,2,9,3,11,2,2,0,2,1,0,0,0,0.4323601066865808,-0.721385896,-0.341439909,158.12,0,0,0,0,0,0,0,0,0,0,3,0,0,0,1,0,0,1,1,0,0,0,6,0,0,1,0,0,0,0,0,0,0,0,0,0,0,0,0,0,0,0,0,0,0,-0.212438587,0,0,0,5.100539572310406,0,0,2.4991666666666665,2.3860381235827663,0,0,0,20.25806894053918,0,0,0.1241373771730913,0,0,0,0,0,0,0,0,0,0.1223103614948481,0.8776896385204339,1747.6241283864208,6.7473640045678495e-06,0.7137977097290626,-0.571038168,3,4,1,10,0,0,0,0,0,0,0.7857142857142857,192
Nc1nnc2c([N+](=O)[O-])c(-c3nn4c(N)c([N+](=O)[O-])nnc4c3[N+](=O)[O-])nn2c1[N+](=O)[O-],271.8438,4,22,0,0,0,0,4,18,2,22,4,5,0,0,2,4,0,0,0.4325651709883333,-0.376388449,-1.085825775,310.75999999999993,0,0,0,0,0,0,0,0,0,0,8,2,0,0,2,0,0,0,0,0,0,0,6,0,4,2,0,0,4,0,0,0,0,0,0,0,0,0,0,0,0,0,0,0,0,-7.315229823,-1.484404972,0,0,10.976438643155191,0,0,0,0,0,0,0,20.553973138587136,0,-4.24625201,0.8073573318216172,0,0,45.68739217913176,0,0,0,0,0,0,0.2113526711512965,0.8754746727258816,8129.667921888268,0.7097124977463487,0.4372735547662816,-0.499741205,10,4,8,14,0,0,0,0,0.5,0,0.6875,315
Nc1nnc2c3nnc(N)n3c3nonc3n12,404.5928,4,11,0,0,0,0,4,11,2,11,4,0,0,0,2,0,0,0,0.2311703865204413,-0.367525279,0.1571957671957675,151.34,0,0,0,0,0,0,0,0,0,0,2,4,0,0,2,0,0,0,0,0,0,0,6,0,0,2,0,0,0,0,1,0,0,0,0,0,0,0,0,0,0,0,0,0,0,0.3143915343915353,1.4655555555555573,0,0,11.381054421768706,0,0,0,0,0,0,0,22.737887377173088,0,0,2.9350925925925924,0,0,0,0,4.666018518518518,0,0,0,0,0.3788816574656866,0.6211183426638874,1656.2197704970135,2.347469074176724e-05,0.6030142095991247,-0.895906826,6,4,1,10,0,0,0,0,0,0,1.2352941176470589,238
Nc1nnc2n[n+]([O-])c(N)nn12,314.2184,4,9,0,0,0,0,2,8,2,9,2,0,0,0,2,0,0,0,0.4308224229051294,-0.721385699,-0.311111111,134.95,0,0,0,0,0,0,0,0,0,0,2,1,0,0,2,0,0,0,0,0,0,0,4,0,0,2,0,0,0,0,0,0,0,0,0,0,0,0,0,0,0,0,0,0,0,-0.278888889,0.0108333333333336,0,0,10.47405328798186,0,0,0,0,0,0,0,13.840185185185184,0,0,1.2154629629629627,0,0,0,0,0,0,0,0,0,0.2672907616147937,0.7327092384478183,913.2357266975428,1.767826003218043e-05,0.6661908160837495,-0.666190816,3,4,1,8,0,0,0,0,0,0,0.9166666666666666,191
Nc1nnc2nnc([N+](=O)[O-])n2n1,283.48492,2,10,0,0,0,0,2,9,1,10,2,1,0,0,1,1,0,0,0.4843189744151738,-0.389716544,-0.741944444,138.01999999999998,0,0,0,0,0,0,0,0,0,0,2,1,0,0,1,0,0,0,0,0,0,0,5,0,1,1,0,0,1,0,0,0,0,0,0,0,0,0,0,0,0,0,0,0,0,-0.72962963,-0.068611111,0,0,5.168384353741496,0,0,0,0,0,0,0,16.882845804988662,0,-0.741944444,0.8078703703703702,0,0,10.340542328042329,0,0,0,0,0,0,0.2996277621627222,0.7003722378743302,1088.5041474785137,6.382888496017247e-06,0.6150365452518628,-0.439311818,3,2,2,8,0,0,0,0,0.3076923076923077,0,0.8461538461538461,213
Nc1nnc2nnc(C(F)(F)F)n2n1,415.0528,2,7,0,0,0,0,2,7,1,10,2,0,0,0,1,0,0,0,0.4531197821576692,-0.365244343,-4.650902778,94.88,0,0,0,0,0,0,0,0,0,0,2,1,1,0,1,0,0,0,0,0,0,0,5,0,0,1,0,0,0,0,0,3,0,0,0,0,0,0,0,0,0,0,0,0,0,-1.669537037,-0.355069444,-4.650902778,0,5.066768707482993,0,0,0,0,0,0,0,15.77596088435374,0,0,0.3912037037037037,0,0,0,0,0,36.69157596371882,0,0,0,0.3233797311053237,0.754482003758825,1240.698378355945,0.1412759947426882,0.4778087107453328,-0.702086269,4,2,0,7,0,0,0,0,0,0,0.7857142857142857,194.1
Nc1nnc2nnc(N[N+](=O)[O-])n2n1,126.56064,3,11,0,0,0,0,2,9,2,11,2,2,0,1,1,1,0,0,0.3079775865445517,-0.36524346,-0.796872638,150.05,0,0,0,0,0,0,0,0,0,0,2,1,0,0,1,0,0,1,0,0,0,0,5,0,1,1,0,0,1,0,0,0,0,0,0,0,0,0,0,0,0,0,0,0,0,-0.323798186,0.017175925925926,0,0,5.224010770975057,0,0,1.7806944444444444,0,0,0,0,17.39436507936508,0,-0.796872638,0.9773148148148147,0,0,10.113554894179895,0,0,0,0,0,0,0.2070024728750894,0.7929975272135203,1533.8783068565597,1.4763714419902274e-05,0.639211030956077,-0.446433101,3,3,2,9,1,0,0,0,0.2857142857142857,0,0.7857142857142857,241
Nc1nnc2nnc(Nc3nc([N+](=O)[O-])no3)nn12,292.48676,3,14,0,0,0,0,3,13,2,14,3,3,0,1,1,1,0,0,0.5116351513097894,-0.389657103,-0.81075717,188.97,0,0,0,0,0,0,0,0,0,0,4,1,0,0,1,0,0,1,0,0,0,0,7,0,1,1,0,0,1,0,1,0,0,0,0,0,0,0,0,0,0,0,0,0,0,-1.02606282,0.0968144788779712,0,0,5.472899811911807,0,0,2.426944444444445,0,0,0,0,24.775122095083315,0,-0.81075717,1.1112248047367093,0,0,10.36345633202776,0,4.560235024565381,0,0,0,0,0.1212891794995274,0.8787108205739323,3593.53400582448,1.880475983832952e-05,0.5807967475382139,-0.512911413,5,3,3,11,0,0,0,0,0.2105263157894736,0,0.8421052631578947,222
Nc1nnc2nnc(Nc3nonc3[N+](=O)[O-])nn12,283.95016,3,14,0,0,0,0,3,13,2,14,3,3,0,1,1,1,0,0,0.4586803128095361,-0.366342201,-0.779837176,188.97,0,0,0,0,0,0,0,0,0,0,4,1,0,0,1,0,0,1,0,0,0,0,7,0,1,1,0,0,1,0,1,0,0,0,0,0,0,0,0,0,0,0,0,0,0,-1.003010703,0.0794699284034605,0,0,5.473190035273369,0,0,2.417314814814815,0,0,0,0,24.61591128117914,0,-0.779837176,1.0919425547996977,0,0,10.599651622994877,0,4.23904935122197,0,0,0,0,0.1503999355873133,0.85647973658461,3351.272622699428,0.1756465821388231,0.5807967475382139,-0.512911413,5,3,3,11,0,0,0,0,0.2105263157894736,0,0.8421052631578947,249.5
Nc1nnc2nnc3nnc(N)n3n12,387.4384,4,10,0,0,0,0,3,10,2,10,3,0,0,0,2,0,0,0,0.2908119802806467,-0.366381752,0.1448148148148151,138.2,0,0,0,0,0,0,0,0,0,0,2,2,0,0,2,0,0,0,0,0,0,0,6,0,0,2,0,0,0,0,0,0,0,0,0,0,0,0,0,0,0,0,0,0,0,0.2896296296296308,0.4750000000000007,0,0,11.12,0,0,0,0,0,0,0,22.03666666666667,0,0,2.7453703703703702,0,0,0,0,0,0,0,0,0,0.4057585895234756,0.6152074509114399,1036.337638841548,0.3105222778661382,0.7286126174887844,-0.832700134,4,4,0,10,0,0,0,0,0,0,1.1428571428571428,247
Nc1nnc2nonc2c1[N+](=O)[O-],273.22937,2,9,0,0,0,0,2,8,1,9,2,1,0,0,1,1,0,0,0.3454916135038431,-0.376388427,-0.711759259,133.86,0,0,0,0,0,0,0,0,0,0,2,2,0,0,1,0,0,0,0,0,0,0,4,0,1,0,0,0,1,0,1,0,0,0,0,0,0,0,0,0,0,0,0,0,0,-0.750509259,-0.14037037,0,0,5.222037037037037,0,0,0,0,0,0,0,13.334953703703704,0,-0.711759259,0,0,0,10.482037037037037,0,4.248240740740741,0,0,0,0,0.3916593737732205,0.6383710182988676,984.0754191215846,0.1347882817213876,0.4612875413923195,-0.527185762,4,2,3,6,0,0,0,0,0.3076923076923077,0,0.8461538461538461,186
Nc1nncn1NC(=O)c1nnc(N[N+](=O)[O-])[nH]1,170.26451,5,13,0,0,0,0,2,9,4,13,2,4,0,3,1,1,0,0,0.3074952829993725,-0.366455212,-0.847250042,182.57,0,0,0,0,0,1,0,0,0,1,3,0,0,0,1,0,0,2,1,0,0,0,4,0,1,1,0,0,2,0,0,0,0,0,0,0,0,0,0,0,1.1664524281934994,0,0,0,-0.717224112,-0.554783924,0,0,0,5.364766964637095,0,0,3.976604150919627,2.29416477702192,0,0,0,13.612478692043084,0,-0.847250042,1.0470798689846308,0,0,21.70665841378639,0,0,0,0,0,0,0.0967935433416374,0.918756350414264,3655.374659245538,0.306745516461223,0.5508124483613328,-0.629499941,5,6,3,10,1,0,0,0,0.2222222222222222,0,0.5555555555555556,244.6
Nc1nnn(Cc2n[nH]c(N[N+](=O)[O-])n2)n1,133.76582,4,12,0,0,0,0,2,9,3,12,2,4,0,2,1,1,0,0,0.2807221305847704,-0.365153425,-0.753971193,166.36,0,0,1,0,0,0,0,0,0,0,3,0,0,0,1,0,0,1,1,0,0,0,5,0,1,1,0,0,1,0,0,0,0,0,0,0,0,0.1112046485260769,0,0,0,0,0,0,0,0.2166786606617972,0,0,0,5.247514271893331,0,0,1.8187816515495083,2.329707813681028,0,0,0,18.18921745086924,0,-0.753971193,1.1611574074074074,0,0,10.089854644413627,0,0,0,0,0,0,0.1873598401405586,0.9355095966119008,2337.376024248616,0.7686130224700224,0.6190307746727978,-0.636717368,4,6,2,10,1,0,0,0,0.25,0,0.625,218
Nc1nnnn1Cc1n[nH]c(N[N+](=O)[O-])n1,150.46237,4,12,0,0,0,0,2,9,3,12,2,4,0,2,1,1,0,0,0.2807209808743114,-0.366628899,-0.754290123,166.36,0,0,1,0,0,0,0,0,0,0,3,0,0,0,1,0,0,1,1,0,0,0,5,0,1,1,0,0,1,0,0,0,0,0,0,0,0,0.1197694633408918,0,0,0,0,0,0,0,0.2949827307466213,0,0,0,5.413165706097253,0,0,1.8202402210884352,2.332359221466364,0,0,0,17.828274754346182,0,-0.754290123,1.2491203703703704,0,0,10.098188828000335,0,0,0,0,0,0,0.1968386946531111,0.9772027524124997,2123.874242954651,0.8618900955595055,0.6190307746727979,-0.636717368,4,6,2,10,1,0,0,0,0.25,0,0.625,204
Nc1nnnn1Cc1nnn[nH]1,305.432,3,9,0,0,0,0,2,8,2,9,2,2,0,1,1,0,0,0,0.2402255438112574,-0.366628902,0.2281481481481486,124.08,0,0,1,0,0,0,0,0,0,0,2,0,0,0,1,0,0,0,1,0,0,0,6,0,0,1,0,0,0,0,0,0,0,0,0,0,0,0.3391203703703702,0,0,0,0,0,0,0,0.7781481481481489,0,0,0,5.401510770975056,0,0,0,2.558472222222222,0,0,0,20.87890589569161,0,0,1.3771759259259255,0,0,0,0,0,0,0,0,0,0.2835324167228282,0.8758676317802722,879.34398572492,0.6836484706096772,0.7538770821367028,-0.813708597,3,5,0,9,0,0,0,0,0,0,0.8333333333333334,217
Nc1nnnn1CCCn1nc([N+](=O)[O-])c([N+](=O)[O-])c1[N+](=O)[O-],297.13504,2,16,0,0,0,0,2,13,1,16,2,7,2,0,1,3,0,0,0.4981279237175075,-0.366640276,-1.262095931,216.86,0,0,3,0,0,0,0,0,0,0,4,0,0,0,1,0,0,0,0,0,0,0,4,0,3,2,0,0,3,0,0,0,0,0,0,0,0,0.0771872637944068,0,0,0,0,0,0,0,-3.505660956,0,0,0,5.42339174400502,0,0,0,0,0,0,0,13.57927322770757,0,-3.45478731,1.7866795792391028,0,0,32.6302915588233,0,0,0,0,0,0,0.2186211700516758,0.8660565896736402,4237.350282748221,0.7545746515835587,0.4265626666260417,-0.585000229,7,8,6,10,0,0,0,0,0.5217391304347826,0,0.4347826086956521,134
Nc1nnnn1CCn1cc([N+](=O)[O-])c([N+](=O)[O-])n1,309.33218,2,13,0,0,0,0,2,11,1,13,2,5,2,0,1,2,0,0,0.4671907321689544,-0.366639331,-0.916651235,173.72000000000003,0,0,2,0,0,1,0,0,0,0,3,0,0,0,1,0,0,0,0,0,0,0,4,0,2,2,0,0,2,0,0,0,0,0,0,0,0,0.2765296674225246,0,0,0.9709136432350718,0,0,0,0,-1.416175884,0,0,0,5.4169960947341895,0,0,0,0,0,0,0,13.811913265306124,0,-1.784691358,2.3023148148148147,0,0,21.211099878222896,0,0,0,0,0,0,0.1603937753671279,0.8635303833014514,3740.0449271784346,0.4347465133355958,0.4680865291383866,-0.683554931,6,7,4,9,0,0,0,0,0.4210526315789473,0,0.5263157894736842,232
Nc1nnnn1CCn1ccc([N+](=O)[O-])n1,311.4032,2,10,0,0,0,0,2,9,1,10,2,4,2,0,1,1,0,0,0.3894157430444213,-0.366639331,-0.553688272,130.58000000000004,0,0,2,0,0,2,0,0,0,0,2,0,0,0,1,0,0,0,0,0,0,0,4,0,1,2,0,0,1,0,0,0,0,0,0,0,0,0.8062972411186697,0,0,2.83494708994709,0,0,0,0,0.0058732258335441,0,0,0,5.4470964033761655,0,0,0,0,0,0,0,14.233605914588058,0,-0.553688272,2.8122685185185183,0,0,10.373466605778113,0,0,0,0,0,0,0.1060813542196398,0.91422582025789,2803.964928413548,0.4122723464895997,0.4995896228098346,-0.999179246,6,8,2,8,0,0,0,0,0.25,0,0.625,254
Nc1nnnn1CCn1cnc([N+](=O)[O-])n1,297.96173,2,11,0,0,0,0,2,10,1,11,2,4,2,0,1,1,0,0,0.4904408971974188,-0.389691474,-0.664799383,143.47000000000003,0,0,2,0,0,1,0,0,0,0,2,0,0,0,1,0,0,0,0,0,0,0,5,0,1,2,0,0,1,0,0,0,0,0,0,0,0,0.7037972411186697,0,0,1.2625803099017383,0,0,0,0,-0.264534937,0,0,0,5.4314714033761655,0,0,0,0,0,0,0,17.569505857898715,0,-0.664799383,2.673379629629629,0,0,10.310966605778113,0,0,0,0,0,0,0.1116999121585435,0.9106332360586196,2746.9404178170444,0.4339888554455354,0.5595722381113103,-0.81715311,5,7,2,9,0,0,0,0,0.25,0,0.625,255
Nc1nnnn1CCn1nc([N+](=O)[O-])c([N+](=O)[O-])c1[N+](=O)[O-],297.13504,2,16,0,0,0,0,2,13,1,16,2,6,2,0,1,3,0,0,0.4981293995838528,-0.366638149,-1.291956255,216.86,0,0,2,0,0,0,0,0,0,0,4,0,0,0,1,0,0,0,0,0,0,0,4,0,3,2,0,0,3,0,0,0,0,0,0,0,0,-0.462405518,0,0,0,0,0,0,0,-3.719232384,0,0,0,5.380974741748551,0,0,0,0,0,0,0,13.343442302847064,0,-3.528528282,1.5698998488284202,0,0,32.54125797850004,0,0,0,0,0,0,0.2283967236712007,0.811907823812822,4091.889028706128,0.4920500370214818,0.4456072672179466,-0.458338903,6,6,6,10,0,0,0,0,0.5454545454545454,0,0.4545454545454545,135
Nc1nnnn1CCn1nc([N+](=O)[O-])c([N+](=O)[O-])c1N,312.64987,4,14,0,0,0,0,2,12,2,14,2,5,2,0,2,2,0,0,0.4696591712509784,-0.376384357,-0.975817901,199.74,0,0,2,0,0,0,0,0,0,0,4,0,0,0,2,0,0,0,0,0,0,0,4,0,2,2,0,0,2,0,0,0,0,0,0,0,0,0.0781500377928949,0,0,0,0,0,0,0,-2.162085748,0,0,0,10.906363063744015,0,0,0,0,0,0,0,13.757656840513985,0,-1.931820988,2.121203703703704,0,0,21.448599878222897,0,0,0,0,0,0,0.1790102608663362,0.847719269871738,3864.3232359971057,0.4377722834956362,0.4926177708342132,-0.675590086,6,8,4,10,0,0,0,0,0.4,0,0.5,239
Nc1nnnn1CCn1nc([N+](=O)[O-])c(Cl)c1[N+](=O)[O-],311.9633,2,13,0,0,0,0,2,11,1,14,2,5,2,0,1,2,0,0,0.4386897224373703,-0.366638149,-0.905540123,173.72,0,0,2,0,0,0,0,0,0,0,4,0,0,0,1,0,0,0,0,0,0,0,4,0,2,2,0,0,2,0,0,0,1,0,0,0,0,-0.075446586,0,0,0,0,0,0,0,-2.098926314,0,0,0,5.414911641611377,0,0,0,0,0,0,0,13.705150979115928,0,-1.761414084,1.9511215041572183,0,0,21.53473581716637,0,0,0,5.572909003107415,0,0,0.3570776184585864,0.8674872401073315,2539.577565786337,0.8499874634233879,0.4149842240124364,-0.579660503,6,6,4,9,0,0,0,0,0.4,0,0.5,221
Nc1nnnn1CCn1nc([N+](=O)[O-])nc1N,297.54205,4,12,0,0,0,0,2,11,2,12,2,4,2,0,2,1,0,0,0.4925721559336199,-0.38969061,-0.723966049,169.49000000000004,0,0,2,0,0,0,0,0,0,0,3,0,0,0,2,0,0,0,0,0,0,0,5,0,1,2,0,0,1,0,0,0,0,0,0,0,0,0.5054176114890401,0,0,0,0,0,0,0,-0.464148505,0,0,0,10.887690224237843,0,0,0,0,0,0,0,17.487471655328797,0,-0.723966049,2.492268518518518,0,0,10.40763327244478,0,0,0,0,0,0,0.1514216724515081,0.8681741519627663,2916.3679260192844,0.3930906114727432,0.5828791733107952,-0.799377152,5,8,2,10,0,0,0,0,0.2352941176470588,0,0.5882352941176471,277
Nc1nnnn1CCn1nnc([N+](=O)[O-])n1,289.8677,2,12,0,0,0,0,2,11,1,12,2,4,2,0,1,1,0,0,0.5142508707785325,-0.389644377,-0.727299383,156.36,0,0,2,0,0,0,0,0,0,0,2,0,0,0,1,0,0,0,0,0,0,0,6,0,1,2,0,0,1,0,0,0,0,0,0,0,0,0.5301861300075588,0,0,0,0,0,0,0,-0.403423826,0,0,0,5.411063240110859,0,0,0,0,0,0,0,20.59749433106576,0,-0.727299383,2.38337962962963,0,0,10.270966605778112,0,0,0,0,0,0,0.1133506286081919,0.9091477233456288,2728.0688524748207,0.4440600100406286,0.6190307746727979,-0.636717368,4,6,2,10,0,0,0,0,0.25,0,0.625,234
Nc1nnnn1CCn1nnnc1N,326.7704,4,10,0,0,0,0,2,10,2,10,2,3,2,0,2,0,0,0,0.2398526643647023,-0.36663934,0.2468943688586549,139.24,0,0,2,0,0,0,0,0,0,0,2,0,0,0,2,0,0,0,0,0,0,0,6,0,0,2,0,0,0,0,0,0,0,0,0,0,0,0.9326851851851854,0,0,0,0,0,0,0,0.4937887377173098,0,0,0,10.90549886621315,0,0,0,0,0,0,0,21.138027210884356,0,0,2.8633333333333333,0,0,0,0,0,0,0,0,0,0.1661185779826528,0.8606096370285484,1722.1845151781474,0.4208888190779921,0.7136376148191945,-0.978703015,4,8,0,10,0,0,0,0,0,0,0.7142857142857143,274
Nc1nnnn1NC(=O)C(=O)Nn1nnnc1N,238.9064,6,14,0,0,0,0,2,12,4,14,2,2,0,2,2,0,0,0,0.3308752399528208,-0.365157505,-1.093611111,197.44,0,0,0,0,0,0,0,0,0,2,2,0,0,0,2,0,0,2,0,0,0,0,6,0,0,2,0,0,2,0,0,0,0,0,0,0,0,0,0,0,0,0,0,0,-2.187222222,-0.392432603,0,0,0,10.544042999916016,0,0,4.007403628117913,0,0,0,0,19.503939489376,0,0,1.426307634164777,0,0,22.76462773998488,0,0,0,0,0,0,0.1031659029997027,0.9341806885036712,3276.5928713625044,0.4011485304072217,0.6609645361051876,-0.566541031,4,6,2,12,0,0,0,0,0,0,0.5555555555555556,232
Nc1nnnn1NC(=O)Nn1nnnc1N,264.4288,6,13,0,0,0,0,2,11,4,13,2,2,0,2,2,0,0,0,0.3553792782199313,-0.365156762,-0.724074074,180.37,0,0,0,0,0,0,0,0,0,1,2,0,0,0,2,0,0,2,0,0,0,0,6,0,0,2,0,0,1,0,0,0,0,0,0,0,0,0,0,0,0,0,0,0,-0.724074074,-0.166968065,0,0,0,10.60934870244394,0,0,4.378518518518519,0,0,0,0,19.87301429831192,0,0,1.7140495086923655,0,0,11.31611111111111,0,0,0,0,0,0,0.1155801773264053,0.8844198236164026,2635.882217052759,6.509303561926181e-05,0.7428237915848673,-0.565960984,3,6,1,12,0,0,0,0,0,0,0.625,223
Nc1nnnn1NC(=O)NNC(=O)Nn1nnnc1N,226.3544,8,16,0,0,0,0,2,12,6,16,2,2,0,4,2,0,0,0,0.3535692623867867,-0.365156762,-0.857558107,221.5,0,0,0,0,0,0,0,0,0,2,2,0,0,0,2,0,0,4,0,0,0,0,6,0,0,2,0,0,2,0,0,0,0,0,0,0,0,0,0,0,0,0,0,0,-1.715116213,-0.294324155,0,0,0,10.594144982602774,0,0,8.16011117409927,0,0,0,0,19.69396686016004,0,0,1.5719196691022088,0,0,22.655964348702444,0,0,0,0,0,0,0.1265575430884698,0.9047725417895388,4355.250758646012,0.4751947985529273,0.6896454659329216,-0.562975891,4,8,2,14,0,0,0,0,0,0,0.5,215
Nc1nnnn1Nc1ccccc1,240.9984,3,6,0,0,0,1,2,6,2,6,2,2,0,1,1,0,0,0,0.2602398146416945,-0.365159084,0.2257898715041573,81.65,0,0,0,0,0,5,0,0,0,0,2,0,0,0,1,0,0,1,0,0,0,0,3,0,0,1,0,0,0,0,0,0,0,0,0,0,0,0,0,0,9.515999622071051,0,0,0,0,1.1021787603930464,0,0,0,5.452743764172336,0,0,2.9077314814814814,0,0,0,0,10.553753779289494,0,0,1.3009259259259258,0,0,0,0,0,0,0,0,0,0.2056524721933297,0.9270770618442384,1151.0362843897783,0.7027557857721285,0.4767769875640667,-1.634663957,7,8,0,6,0,0,0,0,0,1,0.8461538461538461,193
Nc1nnnn1Nc1nnc(Nn2nnnc2N)nn1,243.5088,6,16,0,0,0,0,3,16,4,16,3,4,0,2,2,0,0,0,0.2820611255257534,-0.365157542,0.0252453299833355,214.86,0,0,0,0,0,0,0,0,0,0,4,0,0,0,2,0,0,2,0,0,0,0,10,0,0,2,0,0,0,0,0,0,0,0,0,0,0,0,0,0,0,0,0,0,0,0.1046337060740039,0,0,0,10.883071664386598,0,0,5.11678162005543,0,0,0,0,35.46867837439537,0,0,2.093501301755269,0,0,0,0,0,0,0,0,0,0.0867313143332431,0.9510904268958827,4305.29499561995,0.5392312259960326,0.8051645555060318,-0.632629294,4,6,0,16,0,0,0,0,0,0,0.8,209
Nc1nnnn1NCC([N+](=O)[O-])([N+](=O)[O-])[N+](=O)[O-],137.30646,3,15,0,0,0,0,1,12,2,15,1,6,0,1,1,3,0,0,0.7184292325900907,-0.36517147,-3.654375,211.07,0,0,1,0,0,0,0,0,0,0,1,0,1,0,1,0,0,1,0,0,0,0,3,0,3,1,0,0,3,0,0,0,0,0,0,0,0,-1.296388889,0,0,0,0,0,0,0,-0.375977891,0,-3.654375,0,5.153004535147392,0,0,1.908425925925926,0,0,0,0,9.330754913076342,0,-4.915036848,0.5329861111111114,0,0,31.616636904761904,0,0,0,0,0,0,0.322970901596121,0.9195604220326068,2004.9922104386,0.7188479991548185,0.4788507581803673,-0.152016114,3,5,6,9,0,0,1,0,0.5555555555555556,0,0.2777777777777778,131.9
Nc1nnnn1NCC(F)([N+](=O)[O-])[N+](=O)[O-],121.20009,3,12,0,0,0,0,1,10,2,13,1,5,0,1,1,2,0,0,0.6326973381549593,-0.365171492,-3.876597222,167.93000000000004,0,0,1,0,0,0,0,0,0,0,1,0,1,0,1,0,0,1,0,0,0,0,3,0,2,1,0,0,2,0,0,1,0,0,0,0,0,-1.275555556,0,0,0,0,0,0,0,-0.324957483,0,-3.876597222,0,5.124305555555555,0,0,1.8934259259259256,0,0,0,0,9.33245559334845,0,-3.360024565,0.5707638888888891,0,0,20.327757936507936,0,0,13.177334656084655,0,0,0,0.2401306342135324,0.917430075484896,1994.0358237848036,0.5142102014505079,0.4743290573133493,-0.304925823,3,5,4,8,0,0,0,1,0.4375,0,0.3125,165
Nc1no[n+]([O-])c1-c1c(N)no[n+]1[O-],275.3072,4,10,0,0,0,0,2,8,2,10,2,1,0,0,2,0,0,0,0.3168693653763615,-0.358827453,-0.334490741,157.98,0,0,0,0,0,0,0,0,0,0,4,0,0,0,2,0,0,0,0,0,0,0,2,0,0,2,0,0,0,0,2,0,0,0,0,0,0,0,0,0,0,0,0,0,0,-1.225462963,0,0,0,10.534907407407406,0,0,0,0,0,0,0,6.260740740740741,0,0,-0.125740741,0,0,0,0,8.275925925925925,0,0,0,0,0.431020143226713,0.7112644312869136,1103.5077709902578,0.6294105021984491,0.4197607363802632,-0.479726556,4,4,4,6,0,0,0,0,0,0,0.7142857142857143,170
Nc1no[n+]([O-])c1-c1no[n+]([O-])c1[N+](=O)[O-],93.834785,2,12,0,0,0,0,2,9,1,12,2,2,0,0,1,1,0,0,0.4998680237866827,-0.358798187,-1.083796296,175.09999999999997,0,0,0,0,0,0,0,0,0,0,4,0,0,0,1,0,0,0,0,0,0,0,2,0,1,2,0,0,1,0,2,0,0,0,0,0,0,0,0,0,0,0,0,0,0,-2.758981481,0,0,0,5.210446900982615,0,0,0,0,0,0,0,6.073990929705215,0,-1.078101852,-0.6925,0,0,10.50308201058201,0,8.047195767195767,0,0,0,0,0.3636126051566548,0.753557998323651,1514.9479265297418,0.5229557361526436,0.3650650163410054,-0.208608581,4,2,6,6,0,0,0,0,0.25,0,0.625,125
Nc1no[n+]([O-])c1-c1no[n+]([O-])c1-c1c(N)no[n+]1[O-],267.3576,4,14,0,0,0,0,3,11,2,14,3,2,0,0,2,0,0,0,0.3169010777461024,-0.35887649,-0.529398148,210.95,0,0,0,0,0,0,0,0,0,0,6,0,0,0,2,0,0,0,0,0,0,0,3,0,0,3,0,0,0,0,3,0,0,0,0,0,0,0,0,0,0,0,0,0,0,-2.660695389,0,0,0,10.80441940665155,0,0,0,0,0,0,0,9.646452664399092,0,0,-0.437292139,0,0,0,0,12.7657138133031,0,0,0,0,0.4489024357580113,0.7432803974533078,2122.789430172706,0.7190088251146682,0.3941607894477527,-0.450469474,6,4,6,8,0,0,0,0,0,0,0.75,183.6
Nc1noc(-c2c(N)no[n+]2[O-])n1,269.868,4,9,0,0,0,0,2,8,2,9,2,1,0,0,2,0,0,0,0.3178089047242018,-0.365133596,-0.148888889,143.93,0,0,0,0,0,0,0,0,0,0,4,0,0,0,2,0,0,0,0,0,0,0,3,0,0,1,0,0,0,0,2,0,0,0,0,0,0,0,0,0,0,0,0,0,0,-0.523425926,0,0,0,10.45410997732426,0,0,0,0,0,0,0,10.029684429327286,0,0,0.057824074074074,0,0,0,0,8.759842214663642,0,0,0,0,0.2584156485197932,0.7415843514841921,1194.6130861689646,4.105169370706579e-06,0.4562365912608966,-0.608315455,4,4,3,6,0,0,0,0,0,0,0.7692307692307693,219
Nc1noc(-c2nonc2/N=N/c2nonc2-c2nc(N)no2)n1,212.9656,4,16,0,0,0,0,4,16,2,16,4,4,0,0,2,0,0,0,0.2853504155629829,-0.365134575,-0.089945591,232.43999999999997,0,0,0,0,0,0,0,0,0,0,8,0,0,0,2,0,0,0,0,0,0,2,8,0,0,0,0,0,0,0,4,0,0,0,0,0,0,0,0,0,0,0,0,0,0,-0.362284051,0,0,0,10.718342227978564,0,0,0,0,0,0,7.585410997732426,28.59888686104845,0,0,0,0,0,0,0,18.792977297540787,0,0,0,0,0.1625495468764758,0.8374504532934808,5918.075395490867,4.134357774457229e-05,0.5057194461167971,-0.674292595,8,4,4,12,0,0,0,0,0,0,0.8333333333333334,213
Nc1noc(-c2nonc2N)n1,384.928,4,8,0,0,0,0,2,8,2,8,2,1,0,0,2,0,0,0,0.2851774517523207,-0.378803801,0.0068518518518523,129.88,0,0,0,0,0,0,0,0,0,0,4,0,0,0,2,0,0,0,0,0,0,0,4,0,0,0,0,0,0,0,2,0,0,0,0,0,0,0,0,0,0,0,0,0,0,0.3717592592592602,0,0,0,10.545056689342402,0,0,0,0,0,0,0,13.773619614512471,0,0,0,0,0,0,0,8.976231103552532,0,0,0,0,0.1904595175949981,0.8095404824540927,1068.0080293361243,1.1221892577946075e-05,0.4996550001189653,-0.761379048,4,4,2,6,0,0,0,0,0,0,0.8333333333333334,249
Nc1nonc1/[N+]([O-])=N/n1cnc([N+](=O)[O-])n1,258.9024,2,13,0,0,0,0,2,11,1,13,2,3,0,0,1,1,0,0,0.5071943859059908,-0.721315138,-0.840099206,177.22000000000003,0,0,0,0,0,1,0,0,0,0,3,0,0,0,1,0,0,0,0,0,0,1,4,0,1,1,0,0,1,0,1,0,0,0,0,0,0,0,0,0,0.8677928949357521,0,0,0,0,-1.379705714,0,0,0,5.226008440413202,0,0,0,0,0,0,3.239259259259259,12.85924469324767,0,-0.840099206,0.5825925925925926,0,0,10.259304190812127,0,4.167367252456538,0,0,0,0,0.1153083138156927,0.91016601111128,2898.377038788657,0.3827181587788956,0.5225462100884595,-0.364952909,4,3,4,9,0,0,0,0,0.2352941176470588,0,0.5882352941176471,200
Nc1nonc1/N=[N+](/[O-])c1nonc1N,161.084,4,11,0,0,0,0,2,10,2,11,2,2,0,0,2,0,0,0,0.442019261284079,-0.690258021,-0.307962963,168.31000000000003,0,0,0,0,0,0,0,0,0,0,4,0,0,0,2,0,0,0,0,0,0,1,4,0,0,0,0,0,0,0,2,0,0,0,0,0,0,0,0,0,0,0,0,0,0,-0.833841648,0,0,0,10.511633125472413,0,0,0,0,0,0,3.3647685185185185,12.874840797430082,0,0,0,0,0,0,0,8.417182539682539,0,0,0,0,0.2843872152581754,0.8257805898425596,1497.947521167957,0.5884590645660782,0.5279806155688282,-0.527980616,4,4,3,8,0,0,0,0,0,0,0.6666666666666666,252
Nc1nonc1/N=N\c1nonc1N,217.9864,4,10,0,0,0,0,2,10,2,10,2,2,0,0,2,0,0,0,0.2610559635506345,-0.377565292,0.017384731670446,154.6,0,0,0,0,0,0,0,0,0,0,4,0,0,0,2,0,0,0,0,0,0,2,4,0,0,0,0,0,0,0,2,0,0,0,0,0,0,0,0,0,0,0,0,0,0,0.1040287226001521,0,0,0,10.612466458805743,0,0,0,0,0,0,7.118425925925926,13.279840797430085,0,0,0,0,0,0,0,8.551904761904762,0,0,0,0,0.2124417265063068,0.8737213677707778,1420.044968972261,0.5141933874925181,0.5710498138989444,-0.652628359,4,4,2,8,0,0,0,0,0,0,0.7142857142857143,315
Nc1nonc1-c1c(-c2nonc2[N+](=O)[O-])no[n+]1[O-],172.90051,2,14,0,0,0,0,3,12,1,14,3,3,0,0,1,1,0,0,0.4464320929062197,-0.378835747,-0.87119024,199.97,0,0,0,0,0,0,0,0,0,0,6,0,0,0,1,0,0,0,0,0,0,0,5,0,1,1,0,0,1,0,3,0,0,0,0,0,0,0,0,0,0,0,0,0,0,-2.342101285,0,0,0,5.438409155328799,0,0,0,0,0,0,0,16.372157186948854,0,-0.87119024,-0.079729781,0,0,10.756294406651548,0,12.929023368606703,0,0,0,0,0.3148189083081702,0.7624036464786889,2638.265483880424,0.5395314866812586,0.3969773014050162,-0.396977301,6,2,6,8,0,0,0,0,0.2,0,0.75,255.4
Nc1nonc1-c1nn2c(N)nnc2n1N,239.3248,6,11,0,0,0,0,3,11,3,11,3,1,0,0,3,0,0,0,0.2740098360355892,-0.378858725,0.0754478458049889,164.99,0,0,0,0,0,0,0,0,0,0,4,1,0,0,3,0,0,0,0,0,0,0,5,0,0,2,0,0,0,0,1,0,0,0,0,0,0,0,0,0,0,0,0,0,0,0.6293603552532139,0.259166666666667,0,0,16.757107662509448,0,0,0,0,0,0,0,18.34906108276644,0,0,2.391574074074074,0,0,0,0,4.447063492063492,0,0,0,0,0.2293204125101433,0.8296352838805985,1743.6395440169829,0.5111748123475578,0.6301424121851537,-0.864195308,5,6,1,10,0,0,0,0,0,0,0.9375,217
Nc1nonc1-c1nnc(C[N+](=O)[O-])o1,157.9556,2,10,0,0,0,0,2,9,1,10,2,3,0,0,1,1,0,0,0.2878846482070146,-0.412697909,-0.595538313,147,0,0,1,0,0,0,0,0,0,0,4,0,0,0,1,0,0,0,0,0,0,0,4,0,1,0,0,0,1,0,2,0,0,0,0,0,0,-0.557356387,0,0,0,0,0,0,0,-0.160739796,0,0,0,5.354075963718821,0,0,0,0,0,0,0,13.633528124212647,0,-0.595538313,0,0,0,10.138010204081631,0,9.216676666036786,0,0,0,0,0.1851447274806674,0.8817303565377727,1846.410965884652,0.4639043243574424,0.3959929286977017,-0.603417796,5,4,4,6,0,0,0,0,0.2666666666666666,0,0.6666666666666666,184.7
Nc1nonc1-c1no[n+]([O-])c1-c1nonc1[N+](=O)[O-],172.95027,2,14,0,0,0,0,3,12,1,14,3,3,0,0,1,1,0,0,0.4463343584766768,-0.378834361,-0.89581609,199.97,0,0,0,0,0,0,0,0,0,0,6,0,0,0,1,0,0,0,0,0,0,0,5,0,1,1,0,0,1,0,3,0,0,0,0,0,0,0,0,0,0,0,0,0,0,-2.342101285,0,0,0,5.448295776643991,0,0,0,0,0,0,0,16.40666965860418,0,-0.89581609,-0.128981481,0,0,10.763664021164022,0,12.929023368606703,0,0,0,0,0.3498001354765412,0.7793100234518547,2468.094528589162,0.5285926261308833,0.3969773014050161,-0.396977301,6,2,6,8,0,0,0,0,0.2,0,0.75,255.6
Nc1nonc1-c1noc(-c2[nH]nc([N+](=O)[O-])c2[N+](=O)[O-])n1,268.86948,3,15,0,0,0,0,3,12,2,15,3,4,0,1,1,2,0,0,0.4678827056996332,-0.378857849,-1.01889608,218.82,0,0,0,0,0,0,0,0,0,0,7,0,0,0,1,0,0,0,1,0,0,0,5,0,2,0,0,0,2,0,2,0,0,0,0,0,0,0,0,0,0,0,0,0,0,-3.075553692,0,0,0,5.435762466232795,0,0,0,2.106270313681028,0,0,0,17.221024766362518,0,-2.012093359,0,0,0,21.677217566651187,0,9.13682103819234,0,0,0,0,0.1340195669086376,0.8770928901220151,4589.917222401239,0.1552354714717943,0.4075585946344588,-0.491657987,7,3,6,9,0,0,0,0,0.3636363636363636,0,0.6818181818181818,215
Nc1nonc1-c1noc(CO)n1,330.1176,3,8,0,0,0,0,2,8,2,8,2,2,0,0,1,0,0,0,0.2522142628363218,-0.386521526,-0.335134165,124.09,0,0,1,0,0,0,0,0,0,0,4,0,0,0,1,0,0,0,0,0,0,0,4,0,0,0,0,1,0,0,2,0,0,0,0,0,0,-0.335134165,0,0,0,0,0,0,0,0.4943886999244151,0,0,0,5.371761148904006,0,0,0,0,0,0,0,14.054966458805746,0,0,0,0,8.630782549130764,0,0,8.94990197467876,0,0,0,0,0.185971971294049,0.8454897737687775,1344.8622385678316,0.3183094082863739,0.3822483850005733,-0.830025065,5,5,3,5,0,0,0,0,0,0,0.7692307692307693,135
Nc1nonc1-c1noc2nc([N+](=O)[O-])cn12,290.7735,2,11,0,0,0,0,3,10,1,11,3,2,0,0,1,1,0,0,0.4465032568769855,-0.378858643,-0.656047572,151.41,0,0,0,0,0,1,0,0,0,0,4,1,0,0,1,0,0,0,0,0,0,0,4,0,1,1,0,0,1,0,2,0,0,0,0,0,0,0,0,0,1.134212962962963,0,0,0,0,-0.130206916,-0.04712963,0,0,5.472749433106577,0,0,0,0,0,0,0,14.081064027462835,0,-0.656047572,1.230185185185185,0,0,10.52973544973545,0,9.189034942680776,0,0,0,0,0.1901367839349394,0.8098632161217426,2368.92416021932,1.1694703029876268e-05,0.4132667046197313,-0.640985093,6,3,4,7,0,0,0,0,0.2352941176470588,0,0.8823529411764706,189
Nc1nonc1-c1noc2nc([N+](=O)[O-])nn12,290.60162,2,12,0,0,0,0,3,11,1,12,3,2,0,0,1,1,0,0,0.4945908074618681,-0.389689864,-0.767158683,164.29999999999998,0,0,0,0,0,0,0,0,0,0,4,1,0,0,1,0,0,0,0,0,0,0,5,0,1,1,0,0,1,0,2,0,0,0,0,0,0,0,0,0,0,0,0,0,0,-0.593818027,-0.158240741,0,0,5.444971655328798,0,0,0,0,0,0,0,17.394165879314688,0,-0.767158683,0.980185185185185,0,0,10.46723544973545,0,9.098757165,0,0,0,0,0.195641228204222,0.8043587719508859,2316.4732545563247,2.528736303630883e-05,0.4703451577546058,-0.470345158,5,2,4,8,0,0,0,0,0.2352941176470588,0,0.8823529411764706,194.7
Nc1nonc1Cc1nc(N[N+](=O)[O-])n[nH]1,157.61237,4,11,0,0,0,0,2,8,3,11,2,4,0,2,1,1,0,0,0.303085620406733,-0.379252701,-0.764910242,161.67999999999998,0,0,1,0,0,0,0,0,0,0,4,0,0,0,1,0,0,1,1,0,0,0,4,0,1,0,0,0,1,0,1,0,0,0,0,0,0,0.1961583522297807,0,0,0,0,0,0,0,0.7275592613588662,0,0,0,5.422637550390526,0,0,1.797381424792139,2.4835648148148146,0,0,0,14.24178343096498,0,-0.764910242,0,0,0,10.092286050222558,0,4.377919973544974,0,0,0,0,0.1693624217998961,0.9290602667635692,2322.7901053187734,0.7330185667028153,0.4952333787297262,-0.707476255,5,6,3,8,1,0,0,0,0.25,0,0.625,196.8
Nc1nonc1-n1c(N)n[nH]c1=O,355.64,5,9,0,0,0,0,2,8,3,9,2,1,0,1,2,0,0,0,0.3503516781443376,-0.377664441,-0.555648148,141.64,0,0,0,0,0,0,0,0,0,0,3,0,0,0,2,0,0,0,1,0,0,0,3,0,0,1,0,0,1,0,1,0,0,0,0,0,0,0,0,0,0,0,0,0,0,-0.070509259,0,0,0,10.702314814814816,0,0,0,2.1198148148148146,0,0,0,10.13277777777778,0,0,0.9502314814814814,0,0,11.090555555555556,0,4.29712962962963,0,0,0,0,0.3627858585495324,0.734583905155289,986.1128130363684,0.5326861101626696,0.5351360501498925,-0.742637784,4,5,2,7,0,0,0,0,0,0,0.7692307692307693,244
Nc1nonc1-n1nc([N+](=O)[O-])cc1[N+](=O)[O-],241.89319,2,12,0,0,0,0,2,10,1,12,2,3,0,0,1,2,0,0,0.4204051942011968,-0.375669248,-0.881744142,169.04,0,0,0,0,0,1,0,0,0,0,4,0,0,0,1,0,0,0,0,0,0,0,3,0,2,1,0,0,2,0,1,0,0,0,0,0,0,0,0,0,0.6747222222222222,0,0,0,0,-1.936020408,0,0,0,5.306330309901739,0,0,0,0,0,0,0,9.817673847316703,0,-1.748688587,0.5733796296296296,0,0,21.126694775132275,0,4.225880102040817,0,0,0,0,0.3690674545696998,0.6730401045576412,2059.207306693561,0.390972481268446,0.4064315722680955,-0.431315138,5,3,5,7,0,0,0,0,0.4705882352941176,0,0.5882352941176471,245
NN/C(N)=C(/c1nnn[nH]1)[N+](=O)[O-],238.79324,6,10,0,0,0,0,1,8,4,10,1,3,0,2,2,1,0,0,0.3551807762334254,-0.378621112,-0.752592593,161.67000000000002,0,0,0,0,0,0,0,0,0,2,1,0,0,0,2,0,0,1,1,0,0,0,3,0,1,0,0,0,1,0,0,0,0,0,0,0,0,0,0,0,0,0,0,0,-0.836990741,-0.16625,0,0,0,10.092668178382464,0,0,1.9348148148148148,2.186481481481481,0,0,0,9.632239229024943,0,-0.752592593,0,0,0,10.454814814814815,0,0,0,0,0,0,0.3386143666682176,0.7241558457402535,1163.6184833437137,0.430519855037501,0.6017138098691808,-0.60171381,3,6,2,8,0,0,0,0,0.3076923076923077,0,0.3846153846153846,237
Nn1c(-c2nc([N+](=O)[O-])c([N+](=O)[O-])n2N)nc([N+](=O)[O-])c1[N+](=O)[O-],285.5094,4,18,0,0,0,0,2,14,2,18,2,5,0,0,2,4,0,0,0.465375673769639,-0.357614113,-1.300179516,260.24,0,0,0,0,0,0,0,0,0,0,6,0,0,0,2,0,0,0,0,0,0,0,2,0,4,2,0,0,4,0,0,0,0,0,0,0,0,0,0,0,0,0,0,0,0,-6.858866213,0,0,0,10.629561602418748,0,0,0,0,0,0,0,6.446753590325019,0,-4.946683044,0.1612660619803478,0,0,43.283984001007816,0,0,0,0,0,0,0.2217294568595405,0.8689552809920646,4757.374202331588,0.731922261960736,0.406787540678754,-0.278940028,6,4,8,10,0,0,0,0,0.6666666666666666,0,0.4166666666666667,217
Nn1c(-c2nonc2/N=N\c2nonc2-c2n[nH]c(=O)n2N)n[nH]c1=O,227.1912,6,18,0,0,0,0,4,16,4,18,4,4,0,2,2,0,0,0,0.3618333730048161,-0.333108493,-0.686735561,255.95999999999995,0,0,0,0,0,0,0,0,0,0,6,0,0,0,2,0,0,0,2,0,0,2,6,0,0,2,0,0,2,0,2,0,0,0,0,0,0,0,0,0,0,0,0,0,0,-0.65421709,0,0,0,11.01178800489254,0,0,0,4.233202110799027,0,0,7.524359410430839,21.465755897374763,0,0,1.3580911239100268,0,0,22.666366273576287,0,9.10145872505721,0,0,0,0,0.1482072078501228,0.9059755409748688,6695.647710805097,0.6233280282613849,0.5410926759241366,-0.66256246,8,6,4,14,0,0,0,0,0,0,0.7692307692307693,241
NN1c2c([N+](=O)[O-])c([N+](=O)[O-])nn2Cn2nc([N+](=O)[O-])c([N+](=O)[O-])c21,262.00894,2,18,0,1,1,0,2,14,1,18,3,4,0,0,1,4,0,0,0.4698365130537148,-0.35756099,-1.14041126,237.46,0,0,1,0,0,0,0,0,0,0,6,0,0,0,1,0,0,0,0,0,0,0,2,1,4,2,0,0,4,0,0,0,0,0,0,0,0,-0.595509259,0,0,0,0,0,0,0,-5.81045404,0,0,0,5.619731670445956,0,0,0,0,0,0,0,6.806262282690854,0.3331018518518518,-4.52773967,1.3684882842025696,0,0,44.15305943982531,0,0,0,0,0,0,0.1971105168249856,0.826438805675997,4999.620449554239,0.2938406787394669,0.3930696210528088,-0.359377939,7,4,8,10,0,0,0,0,0.64,0,0.64,242
Nn1c2n[n+]([O-])nc-2nc2nonc21,274.8888,2,10,0,2,2,0,1,9,1,10,3,0,0,0,1,0,0,0,0.2773035774566065,-0.569189504,0.0886111111111116,135.48000000000002,0,0,0,0,0,0,0,0,0,0,2,2,0,0,1,0,0,0,0,0,0,0,5,0,0,2,0,0,0,0,1,0,0,0,0,0,0,0,0,0,0,0,0,0,0,0.2026851851851863,0.3597222222222227,0,0,5.571851851851852,0,0,0,0,0,0,0,17.69715136054422,0,0,1.159341458805745,0,0,0,0,4.412776596749811,0,0,0,0,0.2188382241371229,0.7811617772904726,1266.4177714723294,5.287309761286894e-05,0.5769805372100929,-0.576980537,4,2,2,8,0,0,0,0,0,0,1.1428571428571428,247.1
Nn1cc([N+](=O)[O-])c([N+](=O)[O-])n1,266.1083,2,9,0,0,0,0,1,7,1,9,1,2,0,0,1,2,0,0,0.4694071280922318,-0.35756115,-0.970740741,130.12,0,0,0,0,0,1,0,0,0,0,2,0,0,0,1,0,0,0,0,0,0,0,1,0,2,1,0,0,2,0,0,0,0,0,0,0,0,0,0,0,0.7620370370370371,0,0,0,0,-1.578703704,0,0,0,4.951666666666666,0,0,0,0,0,0,0,3.0850925925925923,0,-1.89287037,0.5240740740740741,0,0,20.24101851851852,0,0,0,0,0,0,0.4563170599015029,0.5697508072055663,958.1081620603776,0.1271505170170952,0.4044185616564983,-0.323534849,3,3,4,5,0,0,0,0,0.6666666666666666,0,0.4166666666666667,241
Nn1cc([N+](=O)[O-])cn1,292.13626,2,6,0,0,0,0,1,5,1,6,1,1,0,0,1,1,0,0,0.3087309312272118,-0.322976547,-0.559166667,86.98,0,0,0,0,0,2,0,0,0,0,1,0,0,0,1,0,0,0,0,0,0,0,1,0,1,1,0,0,1,0,0,0,0,0,0,0,0,0,0,0,2.208333333333333,0,0,0,0,-0.099537037,0,0,0,5.0175,0,0,0,0,0,0,0,3.390648148148148,0,-0.559166667,0.8870370370370371,0,0,9.910925925925929,0,0,0,0,0,0,0.1848796130924074,0.8151203869435544,592.8152363850216,1.0614446446336883e-05,0.437189185813211,-0.749467176,3,4,2,4,0,0,0,0,0.4444444444444444,0,0.5555555555555556,195
Nn1cc([N+](=O)[O-])nc1[N+](=O)[O-],273.69342,2,9,0,0,0,0,1,7,1,9,1,2,0,0,1,2,0,0,0.4602185627304271,-0.389763438,-0.909722222,130.12,0,0,0,0,0,1,0,0,0,0,2,0,0,0,1,0,0,0,0,0,0,0,1,0,2,1,0,0,2,0,0,0,0,0,0,0,0,0,0,0,0.7620370370370371,0,0,0,0,-1.411203704,0,0,0,4.988148148148148,0,0,0,0,0,0,0,3.048611111111111,0,-1.774444444,0.4842592592592591,0,0,20.117962962962963,0,0,0,0,0,0,0.2349032356344366,0.7740291643372598,1105.780660622321,0.0919656291980335,0.4044185616564983,-0.323534849,3,3,4,5,0,0,0,0,0.6666666666666666,0,0.4166666666666667,268.8
Nn1cnc([N+](=O)[O-])n1,257.98138,2,7,0,0,0,0,1,6,1,7,1,1,0,0,1,1,0,0,0.4922186112343423,-0.389690745,-0.718888889,99.87,0,0,0,0,0,1,0,0,0,0,1,0,0,0,1,0,0,0,0,0,0,0,2,0,1,1,0,0,1,0,0,0,0,0,0,0,0,0,0,0,1.0537037037037036,0,0,0,0,-0.488425926,0,0,0,4.955,0,0,0,0,0,0,0,6.4375,0,-0.718888889,0.7759259259259259,0,0,9.825925925925926,0,0,0,0,0,0,0.1968736833026185,0.8031263167191877,569.961563603498,6.581199395508008e-06,0.5423035505388173,-0.43384284,2,3,2,5,0,0,0,0,0.4444444444444444,0,0.5555555555555556,306
Nn1cnnc1N/N=C/c1c([N+](=O)[O-])cc([N+](=O)[O-])cc1[N+](=O)[O-],252.16031,3,15,0,0,0,1,2,12,2,15,2,6,0,1,1,3,3,1,0.2915629831031633,-0.335013334,-0.993266723,210.54,0,0,0,0,1,3,0,0,0,0,5,0,0,0,1,0,0,1,0,0,0,1,2,0,3,1,0,0,3,0,0,0,0,0,0,0,0,0,0,0.7586035525321237,2.327584089191232,0,0,0,0,-3.072967057,0,0,0,5.393283775708018,0,0,2.265805697278912,0,0,0,3.548463718820862,6.935473800223079,0,-2.962654494,0.9404772749830468,0,0,32.84963148804058,0,0,0,0,0,0,0.2367992636362312,0.8332506649348349,5148.906484920806,0.526499799257611,0.3736521831963275,-0.735442392,9,7,6,9,0,0,0,0,0.5,1,0.4583333333333333,185
Nn1cnnc1-n1ncc2c([N+](=O)[O-])cc([N+](=O)[O-])cc21,251.53369,2,12,0,0,0,1,3,10,1,12,3,3,0,0,1,2,2,2,0.2867806390546978,-0.334997771,-0.725246126,160.83000000000004,0,0,0,0,0,4,0,0,0,0,3,2,0,0,1,0,0,0,0,0,0,0,3,0,2,2,0,0,2,0,0,0,0,0,0,0,0,0,0,0,4.450419658604182,0,0,0,0,-0.784843159,0.2677777777777783,0,0,5.581580687830688,0,0,0,0,0,0,0,11.19348434744268,0,-1.439010771,2.18,0,0,21.94196239606954,0,0,0,0,0,0,0.3402700323747819,0.6795448015114159,3368.123251707341,0.3132910530729205,0.3859420604481752,-0.937287861,9,6,4,8,0,0,0,0,0.3809523809523809,1,0.7619047619047619,267
Nn1cnnc1Nn1cnnn1,242.2536,3,9,0,0,0,0,2,9,2,9,2,2,0,1,1,0,0,0,0.2631681016945389,-0.335013324,0.3493518518518526,112.36,0,0,0,0,0,2,0,0,0,0,1,0,0,0,1,0,0,1,0,0,0,0,5,0,0,2,0,0,0,0,0,0,0,0,0,0,0,0,0,0,2.723581821617536,0,0,0,0,0.3493518518518526,0,0,0,5.404381141345427,0,0,2.677083333333333,0,0,0,0,17.544953703703705,0,0,2.4673148148148147,0,0,0,0,0,0,0,0,0,0.1748418430132916,0.8251581570653728,1097.4232722499012,1.486633711876715e-05,0.7538770821367028,-0.813708597,3,5,0,9,0,0,0,0,0,0,0.8333333333333334,215
Nn1nc([C-]([N+](=O)[O-])[N+](=O)[O-])oc1=[NH2+],253.33493,4,11,0,0,0,0,1,8,2,11,1,3,0,0,2,2,0,0,0.4969899290521752,-0.388716923,-1.429722222,168.85,0,0,0,0,0,0,0,0,0,0,1,0,0,0,1,0,0,0,0,0,0,0,1,0,2,1,0,0,2,0,1,0,0,0,0,0,0,0,0,0,0,0,0,0,0,-0.861111111,0,0,0,5.007000188964475,0,0,0,0,0,0,0,3.1354629629629627,0,-2.517314815,0.4467592592592591,0,0,20.3958238851096,0,4.383287037037037,0,0,0,0,0.2831761020582918,0.7304760926404044,1441.206154625809,0.1581191605681832,0.4115589264191433,-0.235176529,3,4,5,6,0,0,0,1,0.5,0,0.3571428571428571,143
Nn1nc([N+](=O)[O-])c([N+](=O)[O-])c1-c1c([N+](=O)[O-])c([N+](=O)[O-])nn1N,282.95972,4,18,0,0,0,0,2,14,2,18,2,5,0,0,2,4,0,0,0.4702271020822956,-0.357560843,-1.340650038,260.23999999999995,0,0,0,0,0,0,0,0,0,0,6,0,0,0,2,0,0,0,0,0,0,0,2,0,4,2,0,0,4,0,0,0,0,0,0,0,0,0,0,0,0,0,0,0,0,-7.35324263,0,0,0,10.561271730914587,0,0,0,0,0,0,0,6.13595238095238,0,-5.093550013,0.1535034013605443,0,0,43.7980325648778,0,0,0,0,0,0,0.2910090399673773,0.8704348720380453,3656.755709262411,0.8861985166124083,0.4067875406787541,-0.278940028,6,4,8,10,0,0,0,0,0.6666666666666666,0,0.4166666666666667,252
Nn1nc([N+](=O)[O-])c([N+](=O)[O-])n1,276.22552,2,10,0,0,0,0,1,8,1,10,1,2,0,0,1,2,0,0,0.4941029428787152,-0.357517223,-1.033240741,143.01,0,0,0,0,0,0,0,0,0,0,2,0,0,0,1,0,0,0,0,0,0,0,2,0,2,1,0,0,2,0,0,0,0,0,0,0,0,0,0,0,0,0,0,0,0,-1.939814815,0,0,0,4.840555555555556,0,0,0,0,0,0,0,5.947962962962963,0,-2.066481481,0.2740740740740741,0,0,20.13851851851852,0,0,0,0,0,0,0.4707968940521017,0.5494489139933805,954.10241785138,0.116921389950995,0.4825478526620556,-0.091913877,2,2,4,6,0,0,0,0,0.6666666666666666,0,0.4166666666666667,190
Nn1nc([N+](=O)[O-])c2[nH]nc([N+](=O)[O-])c21,277.6832,3,11,0,0,0,0,2,8,2,11,2,2,0,1,1,2,0,0,0.4199087227184934,-0.357684835,-0.811905707,158.8,0,0,0,0,0,0,0,0,0,0,2,2,0,0,1,0,0,0,1,0,0,0,2,0,2,1,0,0,2,0,0,0,0,0,0,0,0,0,0,0,0,0,0,0,0,-1.207222222,-0.388055556,0,0,5.234537037037037,0,0,0,2.143611111111112,0,0,0,6.601342592592593,0,-1.623811413,0.5506944444444444,0,0,20.927785336356763,0,0,0,0,0,0,0.246969822448564,0.8005113689912284,1522.685491877212,0.2962809442911427,0.4598499387648806,-0.412926476,4,3,4,7,0,0,0,0,0.5333333333333333,0,0.6666666666666666,178
Nn1nc([N+](=O)[O-])c2c1c([N+](=O)[O-])nn2N,283.98618,4,12,0,0,0,0,2,10,2,12,2,2,0,0,2,2,0,0,0.4223902094572653,-0.357683729,-0.860655707,173.96,0,0,0,0,0,0,0,0,0,0,2,2,0,0,2,0,0,0,0,0,0,0,2,0,2,2,0,0,2,0,0,0,0,0,0,0,0,0,0,0,0,0,0,0,0,-1.387777778,-0.612592593,0,0,10.509074074074077,0,0,0,0,0,0,0,6.606481481481481,0,-1.721311413,1.0038888888888886,0,0,21.134452003023437,0,0,0,0,0,0,0.2918790478533366,0.7646757105596635,1674.4479665297788,0.3448756127148116,0.4909524477486323,-0.420816384,4,4,4,8,0,0,0,0,0.5,0,0.625,230
Nn1nc([N+](=O)[O-])cc1[N+](=O)[O-],260.8993,2,9,0,0,0,0,1,7,1,9,1,2,0,0,1,2,0,0,0.4226420289397225,-0.35773879,-0.864722222,130.12,0,0,0,0,0,1,0,0,0,0,2,0,0,0,1,0,0,0,0,0,0,0,1,0,2,1,0,0,2,0,0,0,0,0,0,0,0,0,0,0,0.6805555555555556,0,0,0,0,-1.272314815,0,0,0,4.939537037037037,0,0,0,0,0,0,0,3.0850925925925923,0,-1.725833333,0.3453703703703703,0,0,20.140462962962964,0,0,0,0,0,0,0.2309974827129032,0.7785708095324142,1116.1921917010002,0.0938129528721485,0.4044185616564984,-0.323534849,3,3,4,5,0,0,0,0,0.6666666666666666,0,0.4166666666666667,225
Nn1nc([N+](=O)[O-])nc1[N+](=O)[O-],225.01944,2,10,0,0,0,0,1,8,1,10,1,2,0,0,1,2,0,0,0.5103778103433789,-0.389689384,-0.975833333,143.01000000000002,0,0,0,0,0,0,0,0,0,0,2,0,0,0,1,0,0,0,0,0,0,0,2,0,2,1,0,0,2,0,0,0,0,0,0,0,0,0,0,0,0,0,0,0,0,-1.772314815,0,0,0,4.877037037037037,0,0,0,0,0,0,0,5.911481481481482,0,-1.948055556,0.2342592592592591,0,0,20.015462962962964,0,0,0,0,0,0,0.2448332266576002,0.7609124594674881,1089.9653342163176,0.0781168697569671,0.4825478526620557,-0.091913877,2,2,4,6,0,0,0,0,0.6666666666666666,0,0.4166666666666667,165
Nn1nc([N+](=O)[O-])nc1-c1c([N+](=O)[O-])c([N+](=O)[O-])nn1N,285.00986,4,16,0,0,0,0,2,13,2,16,2,4,0,0,2,3,0,0,0.4929690343735083,-0.389690471,-1.163747166,229.99000000000004,0,0,0,0,0,0,0,0,0,0,5,0,0,0,2,0,0,0,0,0,0,0,3,0,3,2,0,0,3,0,0,0,0,0,0,0,0,0,0,0,0,0,0,0,0,-4.572590703,0,0,0,10.578165154950868,0,0,0,0,0,0,0,9.643452380952382,0,-3.286405266,0.5997996976568403,0,0,32.18545603426556,0,0,0,0,0,0,0.2696064891887854,0.8247967806917198,3190.0114849987403,0.6942912421589628,0.4664318959457075,-0.319839014,5,4,6,10,0,0,0,0,0.5714285714285714,0,0.4761904761904761,240
Nn1nc([N+](=O)[O-])nc1-c1nc([N+](=O)[O-])nn1N,291.32733,4,14,0,0,0,0,2,12,2,14,2,3,0,0,2,2,0,0,0.4930867288030342,-0.38969046,-0.890378559,199.74000000000004,0,0,0,0,0,0,0,0,0,0,4,0,0,0,2,0,0,0,0,0,0,0,4,0,2,2,0,0,2,0,0,0,0,0,0,0,0,0,0,0,0,0,0,0,0,-2.244531368,0,0,0,10.59505857898715,0,0,0,0,0,0,0,13.34873015873016,0,-1.780757118,1.046095993953137,0,0,20.85103521038045,0,0,0,0,0,0,0.1728075773062179,0.8627973915790734,2860.2556329852764,0.4567989458491988,0.5465718234416845,-0.374792108,4,4,4,10,0,0,0,0,0.4444444444444444,0,0.5555555555555556,271
Nn1nc([N+](=O)[O-])nc1-n1cnc([N+](=O)[O-])n1,238.81589,2,13,0,0,0,0,2,11,1,13,2,3,0,0,1,2,0,0,0.4944866782160387,-0.38969132,-0.862895566,173.72000000000003,0,0,0,0,0,1,0,0,0,0,3,0,0,0,1,0,0,0,0,0,0,0,4,0,2,2,0,0,2,0,0,0,0,0,0,0,0,0,0,0,0.939714663643235,0,0,0,0,-1.700364701,0,0,0,5.276695956160242,0,0,0,0,0,0,0,13.411878306878307,0,-1.694107458,1.369714663643235,0,0,20.69823428445452,0,0,0,0,0,0,0.1766992511076326,0.8439547521642204,2687.266467545496,0.3155584023450487,0.5225462100884596,-0.364952909,4,3,4,9,0,0,0,0,0.4705882352941176,0,0.5882352941176471,242
Nn1nc([N+](=O)[O-])nc1-n1ncc([N+](=O)[O-])n1,280.2369,2,13,0,0,0,0,2,11,1,13,2,3,0,0,1,2,0,0,0.4945528385321683,-0.389689862,-0.87026518,173.72000000000003,0,0,0,0,0,1,0,0,0,0,3,0,0,0,1,0,0,0,0,0,0,0,4,0,2,2,0,0,2,0,0,0,0,0,0,0,0,0,0,0,0.8477314814814814,0,0,0,0,-1.622309146,0,0,0,5.264473733938019,0,0,0,0,0,0,0,13.522741874527588,0,-1.652865961,1.208325774754346,0,0,20.71595112118921,0,0,0,0,0,0,0.1243768844599655,0.8826161576926982,2764.586714473499,0.1848624158387145,0.5225462100884596,-0.364952909,4,3,4,9,0,0,0,0,0.4705882352941176,0,0.5882352941176471,246
Nn1nc(-n2cnc([N+](=O)[O-])n2)nc1[N+](=O)[O-],238.81592,2,13,0,0,0,0,2,11,1,13,2,3,0,0,1,2,0,0,0.4909658974210825,-0.389718736,-0.859284455,173.72,0,0,0,0,0,1,0,0,0,0,3,0,0,0,1,0,0,0,0,0,0,0,4,0,2,2,0,0,2,0,0,0,0,0,0,0,0,0,0,0,0.9416591080876792,0,0,0,0,-1.695391156,0,0,0,5.152240173847317,0,0,0,0,0,0,0,13.584648526077096,0,-1.688299635,1.2195833333333332,0,0,20.74277982489292,0,0,0,0,0,0,0.1379767986763944,0.8654258367241969,2849.608336838309,0.0688503640444087,0.5225462100884595,-0.364952909,4,3,4,9,0,0,0,0,0.4705882352941176,0,0.5882352941176471,167
Nn1nc(-n2ncc([N+](=O)[O-])n2)c([N+](=O)[O-])n1,273.38446,2,13,0,0,0,0,2,11,1,13,2,3,0,0,1,2,0,0,0.4426562138216159,-0.357701523,-0.860231481,173.72000000000003,0,0,0,0,0,1,0,0,0,0,3,0,0,0,1,0,0,0,0,0,0,0,4,0,2,2,0,0,2,0,0,0,0,0,0,0,0,0,0,0,0.8187131519274375,0,0,0,0,-1.699567271,0,0,0,5.108389077853364,0,0,0,0,0,0,0,13.505198412698412,0,-1.663602608,1.0508796296296297,0,0,20.939994803476942,0,0,0,0,0,0,0.2458664532409989,0.7803251599080422,2247.435760906992,0.2584152413051398,0.5225462100884595,-0.364952909,4,3,4,9,0,0,0,0,0.4705882352941176,0,0.5882352941176471,231
NNC(=O)C(=O)Nn1nnnc1N,251.04,6,10,0,0,0,0,1,8,4,10,1,1,0,2,2,0,0,0,0.3303884411746102,-0.365157505,-1.0325,153.84,0,0,0,0,0,0,0,0,0,2,1,0,0,0,2,0,0,2,0,0,0,0,3,0,0,1,0,0,2,0,0,0,0,0,0,0,0,0,0,0,0,0,0,0,-2.058888889,-0.154470899,0,0,0,9.867044595616024,0,0,3.588377739984882,0,0,0,0,9.62724395313681,0,0,0.7337037037037035,0,0,21.396989795918365,0,0,0,0,0,0,0.1505631301352914,0.9214414014821743,1441.6089855837663,0.5053859008929787,0.6017138098691808,-0.60171381,3,6,2,8,0,0,0,0,0,0,0.3846153846153846,214
NNC(=O)c1n[nH]c(N)n1,265.2656,6,7,0,0,0,0,1,5,4,7,1,1,0,2,2,0,0,0,0.3043769402140255,-0.368154553,-0.575972222,122.70999999999998,0,0,0,0,0,0,0,0,0,1,2,0,0,0,2,0,0,1,1,0,0,0,2,0,0,0,0,0,1,0,0,0,0,0,0,0,0,0,0,0,0,0,0,0,-0.575972222,0.0125925925925931,0,0,0,9.900185185185183,0,0,1.8550925925925923,2.2841203703703705,0,0,0,6.933888888888889,0,0,0,0,0,10.590092592592592,0,0,0,0,0,0,0.1779269291185606,0.8255527041867599,818.1707188358753,0.1050589253873315,0.5910414995567186,-0.900634666,3,6,1,6,0,0,0,0,0,0,0.5,401
NNC(=O)c1nnnn1O,296.2272,4,8,0,0,0,0,1,7,3,8,1,1,0,1,1,0,0,0,0.3078540897338992,-0.408593374,-0.756944444,118.95,0,0,0,0,0,0,0,0,0,1,1,0,0,0,1,0,0,1,0,0,0,0,3,0,0,1,0,1,1,0,0,0,0,0,0,0,0,0,0,0,0,0,0,0,-0.756944444,-0.358796296,0,0,0,4.712592592592593,0,0,1.745925925925926,0,0,0,0,9.114027777777778,0,0,0.224398148148148,0,8.616203703703704,10.535925925925929,0,0,0,0,0,0,0.2583538818118687,0.7457149634268716,708.4899001479583,0.1207987975909063,0.5829527947034573,-0.44415451,2,4,2,6,0,0,0,0,0,0,0.5,232.2
NNC(=O)Nn1nnnc1N,248.948,6,9,0,0,0,0,1,7,4,9,1,1,0,2,2,0,0,0,0.3489452491064349,-0.365156764,-0.662962963,136.76999999999998,0,0,0,0,0,0,0,0,0,1,1,0,0,0,2,0,0,2,0,0,0,0,3,0,0,1,0,0,1,0,0,0,0,0,0,0,0,0,0,0,0,0,0,0,-0.662962963,-0.033703704,0,0,0,9.941001511715797,0,0,3.928842592592592,0,0,0,0,9.77075774754346,0,0,0.877175925925926,0,0,10.512222222222222,0,0,0,0,0,0,0.1888001085751716,0.8836998684841054,913.8181750969704,0.4848973954673959,0.7083003952569166,-0.607114625,2,6,1,8,0,0,0,0,0,0,0.4545454545454545,209
NNC(N)=C([N+](=O)[O-])[N+](=O)[O-],150.02486,5,9,0,0,0,0,0,7,3,9,0,3,0,1,2,2,0,0,0.5999349363326101,-0.372792847,-1.368055556,150.35000000000002,0,0,0,0,0,0,0,0,0,2,0,0,0,0,2,0,0,1,0,0,0,0,0,0,2,0,0,0,2,0,0,0,0,0,0,0,0,0,0,0,0,0,0,0,-2.159722222,0,0,0,0,9.38601851851852,0,0,1.601759259259259,0,0,0,0,0,0,-2.481759259,0,0,0,19.74351851851852,0,0,0,0,0,0,0.4268954271086288,0.6829800839160196,803.7395103156027,0.3772318231785965,0.4292029700845529,-0.24525884,2,5,4,5,0,0,0,1,0.6363636363636364,0,0,124.5
NNc1c([N+](=O)[O-])c(NN)[n+]([O-])c(NN)[n+]1[O-],287.76807,9,13,0,0,0,0,1,10,6,13,1,4,0,3,3,1,0,0,0.4718646604127201,-0.706213194,-1.006464475,211.17,0,0,0,0,0,0,0,0,0,0,4,0,0,0,3,0,0,3,0,0,0,0,0,0,1,2,0,0,1,0,0,0,0,0,0,0,0,0,0,0,0,0,0,0,0,-3.081944444,0,0,0,14.851654383975813,0,0,5.340956160241875,0,0,0,0,0,0,-1.006464475,-0.349259259,0,0,10.722785808767952,0,0,0,0,0,0,0.4395756079184225,0.6271995083736097,1891.746220000001,0.4935016038166531,0.5097602912915948,-0.550217457,4,9,4,9,0,0,0,0,0.2352941176470588,0,0.3529411764705882,214
NNc1cc(NN)[n+]([O-])c(NN)[n+]1[O-],232.6304,9,10,0,0,0,0,1,8,6,10,1,3,0,3,3,0,0,0,0.4714463423872239,-0.706381777,-0.464444444,168.03,0,0,0,0,0,1,0,0,0,0,3,0,0,0,3,0,0,3,0,0,0,0,0,0,0,2,0,0,0,0,0,0,0,0,0,0,0,0,0,0,1.1258333333333337,0,0,0,0,-0.634814815,0,0,0,15.026995464852607,0,0,6.080833333333333,0,0,0,0,0,0,0,0.3766666666666667,0,0,0,0,0,0,0,0,0,0.451979767141908,0.5593246117136271,1453.7786287796257,0.2981944757883015,0.5539672961449809,-0.870520037,4,10,2,8,0,0,0,0,0,0,0.4285714285714285,172
NNc1cc(NN)c([N+](=O)[O-])cc1[N+](=O)[O-],263.53497,6,10,0,0,0,1,1,8,4,10,1,4,0,2,2,2,2,0,0.3001829707442218,-0.318200585,-0.789195956,162.38000000000002,0,0,0,0,0,2,0,0,0,0,4,0,0,0,2,0,0,2,0,0,0,0,0,0,2,0,0,0,2,0,0,0,0,0,0,0,0,0,0,0,1.84787037037037,0,0,0,0,-1.172685185,0,0,0,10.090614134542706,0,0,4.11589380196523,0,0,0,0,0,0,-1.578391912,0,0,0,21.18168272864701,0,0,0,0,0,0,0.3451312669935494,0.7048297692166323,1914.0550052005997,0.3959124911929734,0.3681497843694119,-0.841485221,6,8,4,6,0,0,0,0,0.5,1,0.375,258
NNc1cc(NN)nc(NN)n1,270.2864,9,8,0,0,0,0,1,8,6,8,1,3,0,3,3,0,0,0,0.2406481258056358,-0.308247309,0.2207407407407409,139.93,0,0,0,0,0,1,0,0,0,0,3,0,0,0,3,0,0,3,0,0,0,0,2,0,0,0,0,0,0,0,0,0,0,0,0,0,0,0,0,0,1.5286111111111111,0,0,0,0,1.037222222222223,0,0,0,15.323888888888888,0,0,6.931388888888888,0,0,0,0,7.678888888888888,0,0,0,0,0,0,0,0,0,0,0,0,0.3903960427721242,0.6168711175218342,1185.502961606724,0.2301655963381441,0.6581266893877067,-1.22223528,4,10,0,8,0,0,0,0,0,0,0.5,247
NNc1nc(NN)c([N+](=O)[O-])c(NN)n1,269.78275,9,11,0,0,0,0,1,10,6,11,1,4,0,3,3,1,0,0,0.3555323469264889,-0.302449123,-0.731464475,183.07,0,0,0,0,0,0,0,0,0,0,4,0,0,0,3,0,0,3,0,0,0,0,2,0,1,0,0,0,1,0,0,0,0,0,0,0,0,0,0,0,0,0,0,0,0,-0.965462963,0,0,0,15.148547808012092,0,0,6.19151171579743,0,0,0,0,7.237962962962962,0,-0.731464475,0,0,0,10.642785808767952,0,0,0,0,0,0,0.4541808145766474,0.5865905373054271,1648.7857390653735,0.2926225484812584,0.5855644422963417,-0.78075259,4,9,2,9,0,0,0,0,0.2666666666666666,0,0.4,207
NNc1nnc2nnc(N)n2n1,276.9808,5,9,0,0,0,0,2,9,3,9,2,1,0,1,2,0,0,0,0.2920271825318827,-0.366342197,0.1355555555555558,132.93,0,0,0,0,0,0,0,0,0,0,2,1,0,0,2,0,0,1,0,0,0,0,5,0,0,1,0,0,0,0,0,0,0,0,0,0,0,0,0,0,0,0,0,0,0,0.2827777777777787,0.2282407407407409,0,0,10.43998299319728,0,0,2.219444444444445,0,0,0,0,18.10515589569161,0,0,1.224398148148148,0,0,0,0,0,0,0,0,0,0.2163769591925824,0.7852989949675784,1004.9685025057206,0.116294604651176,0.7538770821367028,-0.813708597,3,5,0,9,0,0,0,0,0,0,0.9166666666666666,305
O/N=N/c1nnnn1CCn1cccn1,244.3456,1,9,0,0,0,0,2,8,1,9,2,4,2,0,0,0,0,0,0.2908271259945483,-0.394240005,0.1570890022675739,106.37000000000002,0,0,2,0,0,3,0,0,0,0,1,0,0,0,0,0,0,0,0,0,0,2,4,0,0,2,0,1,0,0,0,0,0,0,0,0,0,1.1200614134542706,0,0,5.346680366591081,0,0,0,0,0.1570890022675739,0,0,0,0,0,0,0,0,0,0,5.967336388259007,14.673206727135298,0,0,3.155702947845805,0,8.24658982111363,0,0,0,0,0,0,0,0.2442198722599693,0.7780948349392041,2094.341601127474,0.418185485695272,0.537983043927276,-1.152820808,6,8,1,8,0,0,0,0,0,0,0.6666666666666666,120
O=[N+]([O-])/N=[N+](\[O-])c1nonc1/[N+]([O-])=N/[N+](=O)[O-],114.39157,0,15,0,0,0,0,1,9,0,15,1,4,0,0,0,2,0,0,0.5691484546889735,-0.653591703,-1.383683547,202.06,0,0,0,0,0,0,0,0,0,0,2,0,0,0,0,0,0,0,0,0,0,2,2,0,2,0,0,0,2,0,1,0,0,0,0,0,0,0,0,0,0,0,0,0,0,-2.106851852,0,0,0,0,0,0,0,0,0,0,4.404890400604687,5.604765684051398,0,-2.767367095,0,0,0,19.717734945830184,0,3.902526455026455,0,0,0,0,0.378368906167089,0.65822360965491,2215.614264782914,0.2961178486128993,0.4514836478266303,0.1934929919256987,2,0,7,8,2,0,0,0,0.4705882352941176,0,0.2941176470588235,93
O=[N+]([O-])/N=[N+](\[O-])c1nonc1/N=[N+](\[O-])c1nonc1/[N+]([O-])=N/[N+](=O)[O-],118.87375,0,21,0,0,0,0,2,14,0,21,2,6,0,0,0,2,0,0,0.5722365068951191,-0.69008513,-1.397007251,279.41,0,0,0,0,0,0,0,0,0,0,4,0,0,0,0,0,0,0,0,0,0,3,4,0,2,0,0,0,2,0,2,0,0,0,0,0,0,0,0,0,0,0,0,0,0,-4.001524628,0,0,0,0,0,0,0,0,0,0,7.623760281,11.786692914769214,0,-2.777468301,0,0,0,20.22918762534307,0,8.12752503388867,0,0,0,0,0.3841453654103017,0.9440037628373508,4290.985553055896,1.1961891529446254,0.4665124583818125,0.044429757941125,4,0,9,12,2,0,0,0,0.32,0,0.4,95
O=[N+]([O-])/N=[N+](\[O-])c1nonc1/N=[N+](\[O-])c1nonc1[N+](=O)[O-],122.41887,0,18,0,0,0,0,2,13,0,18,2,5,0,0,0,2,0,0,0.5152266882573343,-0.690130395,-1.354347303,240.98,0,0,0,0,0,0,0,0,0,0,4,0,0,0,0,0,0,0,0,0,0,2,4,0,2,0,0,0,2,0,2,0,0,0,0,0,0,0,0,0,0,0,0,0,0,-3.835294627,0,0,0,0,0,0,0,0,0,0,5.350569098009574,11.706289972753716,0,-2.441465429,0,0,0,20.58219586393378,0,8.062184033699186,0,0,0,0,0.1912922663542154,0.8295720158286066,4640.282745615006,0.2900013737388099,0.4428894105141945,0,4,0,8,10,1,0,0,0,0.3636363636363636,0,0.4545454545454545,115
O=[N+]([O-])/N=[N+](\[O-])c1nonc1/N=N/c1nonc1/[N+]([O-])=N/[N+](=O)[O-],117.373085,0,20,0,0,0,0,2,14,0,20,2,6,0,0,0,2,0,0,0.5195873067433248,-0.653721397,-1.322744213,265.69999999999993,0,0,0,0,0,0,0,0,0,0,4,0,0,0,0,0,0,0,0,0,0,4,4,0,2,0,0,0,2,0,2,0,0,0,0,0,0,0,0,0,0,0,0,0,0,-3.063654258,0,0,0,0,0,0,0,0,0,0,11.196193198736488,12.191692914769211,0,-2.645488425,0,0,0,20.193154462077764,0,8.262247256110893,0,0,0,0,0.1319878912235259,0.8680121087961362,6763.681088477067,9.268481020645978e-06,0.4882017900732301,0,4,0,8,12,2,0,0,0,0.3333333333333333,0,0.4166666666666667,83
O=[N+]([O-])/N=[N+](\[O-])c1nonc1/N=N/c1nonc1[N+](=O)[O-],119.98266,0,17,0,0,0,0,2,13,0,17,2,5,0,0,0,2,0,0,0.4624418402046855,-0.5882291,-1.296630466,227.26999999999992,0,0,0,0,0,0,0,0,0,0,4,0,0,0,0,0,0,0,0,0,0,3,4,0,2,0,0,0,2,0,2,0,0,0,0,0,0,0,0,0,0,0,0,0,0,-2.897424257,0,0,0,0,0,0,0,0,0,0,8.827378432854623,12.111289972753717,0,-2.246248592,0,0,0,20.526570863933777,0,8.196906255921409,0,0,0,0,0.3690581839291916,0.6614872763530231,3362.883813444599,0.2917438262429543,0.4665002815662413,-0.053314318,4,0,7,10,1,0,0,0,0.3809523809523809,0,0.4761904761904761,109
O=[N+]([O-])/N=[N+](\[O-])c1nonc1[N+](=O)[O-],109.58897,0,12,0,0,0,0,1,8,0,12,1,3,0,0,0,2,0,0,0.5121536093672694,-0.588099678,-1.34185941,163.63,0,0,0,0,0,0,0,0,0,0,2,0,0,0,0,0,0,0,0,0,0,1,2,0,2,0,0,0,2,0,1,0,0,0,0,0,0,0,0,0,0,0,0,0,0,-2.044166667,0,0,0,0,0,0,0,0,0,0,2.195925925925926,5.512475434618292,0,-2.432931784,0,0,0,19.873716931216933,0,3.8437169312169313,0,0,0,0,0.2505906013775696,0.7704225140440369,1497.226943894885,0.1760278973411897,0.411647668800047,0.156818159542875,2,0,6,6,1,0,0,0,0.5714285714285714,0,0.3571428571428571,109
O=[N+]([O-])/N=C(\O)C([N+](=O)[O-])([N+](=O)[O-])[N+](=O)[O-],140.50407,1,14,0,0,0,0,0,8,1,14,0,5,0,0,0,4,0,0,0.7845586795642217,-0.475356081,-4.479097222,205.15,0,0,0,0,0,0,0,0,0,1,0,0,1,0,0,0,0,0,0,0,0,1,0,0,4,0,0,1,4,0,0,0,0,0,0,0,0,0,0,0,0,0,0,0,-2.460648148,0,0,-4.479097222,0,0,0,0,0,0,0,0,1.7830555555555556,0,0,-8.096643519,0,0,8.624444444444444,40.272777777777776,0,0,0,0,0,0,0.4770666905308274,0.9514311112974964,1311.973970348309,0.8054475785504415,0.2928184191151864,0.3011846596613346,2,1,9,5,1,0,1,0,0.875,0,0,137
O=[N+]([O-])/N=c1/[nH]nc(-c2n[nH]/c(=N/[N+](=O)[O-])o2)o1,187.9307,2,14,0,0,0,0,2,8,2,14,2,3,0,2,0,2,0,0,0.3863814232596715,-0.394695159,-1.003985252,194.64,0,0,0,0,0,0,0,0,0,0,2,0,0,0,0,0,0,0,2,0,0,2,2,0,2,0,0,0,2,0,2,0,0,0,0,0,0,0,0,0,0,0,0,0,0,-0.589540816,0,0,0,0,0,0,0,4.164476095993953,0,0,5.573965734441925,6.908686696900983,0,-2.007970505,0,0,0,20.07157913091265,0,9.472104119425548,0,0,0,0,0.0999324816199725,0.9000675183911548,3469.253713324599,7.4223803652608016e-06,0.4339235209794274,-0.185967223,4,2,6,8,2,0,0,0,0.4444444444444444,0,0.5555555555555556,200
O=[N+]([O-])/N=c1/[nH]nc(-c2n[nH]cc2[N+](=O)[O-])[nH]1,122.05258,3,12,0,0,0,0,2,6,3,12,2,3,0,3,0,2,0,0,0.3174718956017785,-0.300628428,-0.937745103,171.79,0,0,0,0,0,1,0,0,0,0,3,0,0,0,0,0,0,0,3,0,0,1,2,0,2,0,0,0,2,0,0,0,0,0,0,0,0,0,0,0,1.0715980095742,0,0,0,0,-0.407406463,0,0,0,0,0,0,0,6.879536800831444,0,0,2.9052796674225245,7.197306311413454,0,-1.598785982,0,0,0,20.68350529100529,0,0,0,0,0,0,0.1890194828878552,0.843254515185791,2459.287685510664,0.2581711898114437,0.4663965453341606,-0.533024623,5,4,4,8,1,0,0,0,0.4705882352941176,0,0.5882352941176471,205
O=[N+]([O-])/N=c1/[nH]nc(-c2n[nH]nc2[N+](=O)[O-])[nH]1,139.88031,3,13,0,0,0,0,2,7,3,13,2,3,0,3,0,2,0,0,0.420989288,-0.357684221,-0.953370103,184.68,0,0,0,0,0,0,0,0,0,0,3,0,0,0,0,0,0,0,3,0,0,1,3,0,2,0,0,0,2,0,0,0,0,0,0,0,0,0,0,0,0,0,0,0,0,-0.831017574,0,0,0,0,0,0,0,6.561759023053666,0,0,2.8848715041572186,10.33490662005543,0,-1.725522093,0,0,0,20.608659611992945,0,0,0,0,0,0,0.2765385568853108,0.8001515210284214,2144.1498891801893,0.4440818673041115,0.5225462100884595,-0.364952909,4,3,4,9,1,0,0,0,0.4705882352941176,0,0.5882352941176471,168.45
O=[N+]([O-])/N=c1/[nH]nc(-c2nnn[nH]2)[nH]1,119.98559,3,11,0,0,0,0,2,6,3,11,2,2,0,3,0,1,0,0,0.2945115445007401,-0.299505552,-0.854732615,154.42999999999998,0,0,0,0,0,0,0,0,0,0,2,0,0,0,0,0,0,0,3,0,0,1,4,0,1,0,0,0,1,0,0,0,0,0,0,0,0,0,0,0,0,0,0,0,0,0.4876369992441427,0,0,0,0,0,0,0,7.216662414965986,0,0,2.956111111111112,13.81533100277148,0,-0.854732615,0,0,0,9.98745850655077,0,0,0,0,0,0,0.1546846337035332,0.8552557846120252,1721.1809331802283,0.0883250443395549,0.6392110309560769,-0.446433101,3,3,2,9,1,0,0,0,0.2857142857142857,0,0.7142857142857143,215
O=[N+]([O-])/N=c1/[nH]nc(CO)o1,185.06174,2,8,0,0,0,0,1,5,2,8,1,2,0,1,0,1,0,0,0.3860406322816319,-0.401529753,-0.932373394,117.55,0,0,1,0,0,0,0,0,0,0,1,0,0,0,0,0,0,0,1,0,0,1,1,0,1,0,0,1,1,0,1,0,0,0,0,0,0,-0.426850907,0,0,0,0,0,0,0,-0.05037037,0,0,0,0,0,0,0,2.103009259259259,0,0,2.7544444444444447,3.3478703703703703,0,-0.932373394,0,0,8.397280801209373,9.73490693499622,0,4.518611111111111,0,0,0,0,0.2014051492297452,0.8368379404444676,969.5929832096172,0.3581789341330031,0.3498054207347162,-0.399777624,3,4,4,4,1,0,0,0,0.3636363636363636,0,0.4545454545454545,156.4
O=[N+]([O-])/N=c1/[nH]nc(CO[N+](=O)[O-])o1,139.43344,1,11,0,0,0,0,1,7,1,11,1,4,0,1,0,1,0,0,0.3860206378550436,-0.401942741,-1.047105694,149.69,0,0,1,0,0,0,0,0,0,0,1,0,0,0,0,0,0,0,1,0,0,1,1,0,2,0,0,0,2,1,1,0,0,0,0,0,0,-0.544906463,0,0,0,0,0,0,0,-0.220092593,0,0,0,0,0,0,0,2.033224678760393,0,0,2.719297052154195,3.321898148148148,0,-2.05191547,0,0,0,19.56491205278408,3.880635393046108,4.540416666666666,0,0,0,0,0.2612450274397528,0.8516217990344072,1535.6387256281296,0.6965900404682485,0.3413202266366305,-0.117024078,3,3,6,5,1,1,0,0,0.5714285714285714,0,0.3571428571428571,125.98
O=[N+]([O-])/N=c1/[nH]nnn1CCn1nc(I)c([N+](=O)[O-])c1I,215.19882,1,13,0,0,0,0,2,9,1,15,2,5,2,1,0,2,0,0,0.3334407727530131,-0.25814231,-0.877836398,162.96,0,0,2,0,0,0,0,0,0,0,3,0,0,0,0,0,0,0,1,0,0,1,3,0,2,2,0,0,2,0,0,0,0,0,2,0,0,0.3825778155706727,0,0,0,0,0,0,0,0.5534912236499545,0,0,0,0,0,0,0,2.2750627519526327,0,0,3.068476316452507,11.060752708490805,0,-1.387965594,2.580699168556311,0,0,21.20984915890854,0,0,0,0,0,3.5868730864874268,0.4357258078914313,0.6509623176848508,6612.491881231162,0.742336307965849,0.2418551441245514,-0.322473525,6,5,4,9,1,0,0,0,0.3809523809523809,0,0.4761904761904761,111
O=[N+]([O-])/N=c1\[nH]c(Cn2nc([N+](=O)[O-])c([N+](=O)[O-])c2[N+](=O)[O-])no1,159.67526,1,18,0,0,0,0,2,12,1,18,2,6,0,1,0,4,0,0,0.4981460749160348,-0.357621116,-1.413243155,244.55999999999997,0,0,1,0,0,0,0,0,0,0,4,0,0,0,0,0,0,0,1,0,0,1,2,0,4,1,0,0,4,0,1,0,0,0,0,0,0,-0.706619426,0,0,0,0,0,0,0,-4.337078032,0,0,0,0,0,0,0,2.137058767951625,0,0,2.71598403250189,6.427466143864953,0,-4.935730839,0.3199999999999998,0,0,42.74864046242158,0,4.387371189216427,0,0,0,0,0.2071407642962698,0.8714900046427323,5145.05924320754,0.7352108676981104,0.3650650163410054,-0.208608581,6,3,9,9,1,0,0,0,0.6666666666666666,0,0.4166666666666667,169.6
O=[N+]([O-])/N=c1\[nH]nc(-c2n[nH]/c(=N\[N+](=O)[O-])o2)o1,187.9307,2,14,0,0,0,0,2,8,2,14,2,3,0,2,0,2,0,0,0.3863814232596715,-0.394695159,-1.003985252,194.64,0,0,0,0,0,0,0,0,0,0,2,0,0,0,0,0,0,0,2,0,0,2,2,0,2,0,0,0,2,0,2,0,0,0,0,0,0,0,0,0,0,0,0,0,0,-0.589540816,0,0,0,0,0,0,0,4.164476095993953,0,0,5.573965734441925,6.908686696900983,0,-2.007970505,0,0,0,20.07157913091265,0,9.472104119425548,0,0,0,0,0.0509614351498741,0.9591993620943956,4066.5834553570953,0.1452488516752476,0.4339235209794274,-0.185967223,4,2,6,8,2,0,0,0,0.4444444444444444,0,0.5555555555555556,210
O=[N+]([O-])/N=c1\[nH]nc(-c2n[nH]c(-c3n[nH]/c(=N/[N+](=O)[O-])[nH]3)c2[N+](=O)[O-])[nH]1,123.76778,5,19,0,0,0,0,3,9,5,19,3,5,0,5,0,3,0,0,0.3287029566736352,-0.30070612,-1.002763806,271.75999999999993,0,0,0,0,0,0,0,0,0,0,5,0,0,0,0,0,0,0,5,0,0,2,3,0,3,0,0,0,3,0,0,0,0,0,0,0,0,0,0,0,0,0,0,0,0,-1.561519904,0,0,0,0,0,0,0,11.37020836608544,0,0,5.837742929299706,10.971995415399096,0,-2.814801122,0,0,0,32.05138239736582,0,0,0,0,0,0,0.0875074145317477,0.9246577632289584,8112.172157805218,0.2519243192411524,0.4956400019607735,-0.457513848,7,5,6,13,2,0,0,0,0.4615384615384615,0,0.5769230769230769,134.4
O=[N+]([O-])/N=c1\[nH]nc(-c2n[nH]cc2[N+](=O)[O-])[nH]1,122.052574,3,12,0,0,0,0,2,6,3,12,2,3,0,3,0,2,0,0,0.3174718956017785,-0.300628428,-0.937745103,171.79,0,0,0,0,0,1,0,0,0,0,3,0,0,0,0,0,0,0,3,0,0,1,2,0,2,0,0,0,2,0,0,0,0,0,0,0,0,0,0,0,1.0715980095742,0,0,0,0,-0.407406463,0,0,0,0,0,0,0,6.879536800831444,0,0,2.9052796674225245,7.197306311413454,0,-1.598785982,0,0,0,20.68350529100529,0,0,0,0,0,0,0.1864685065718626,0.8570086289122246,2504.573017151694,0.3808125535594847,0.4663965453341606,-0.533024623,5,4,4,8,1,0,0,0,0.4705882352941176,0,0.5882352941176471,205
O=[N+]([O-])/N=c1\[nH]nc(-c2nnn[nH]2)[nH]1,119.98559,3,11,0,0,0,0,2,6,3,11,2,2,0,3,0,1,0,0,0.2945115445007401,-0.299505552,-0.854732615,154.42999999999998,0,0,0,0,0,0,0,0,0,0,2,0,0,0,0,0,0,0,3,0,0,1,4,0,1,0,0,0,1,0,0,0,0,0,0,0,0,0,0,0,0,0,0,0,0,0.4876369992441427,0,0,0,0,0,0,0,7.216662414965986,0,0,2.956111111111112,13.81533100277148,0,-0.854732615,0,0,0,9.98745850655077,0,0,0,0,0,0,0.0852119506921837,0.9251011674227338,1890.343673454773,0.1108099269015082,0.6392110309560769,-0.446433101,3,3,2,9,1,0,0,0,0.2857142857142857,0,0.7142857142857143,215
O=[N+]([O-])/N=c1\[nH]nc(-c2nnnn2O)[nH]1,130.47874,3,12,0,0,0,0,2,8,3,12,2,2,0,2,0,1,0,0,0.2945134176299191,-0.408645284,-0.907028534,163.79999999999998,0,0,0,0,0,0,0,0,0,0,2,0,0,0,0,0,0,0,2,0,0,1,4,0,1,1,0,1,1,0,0,0,0,0,0,0,0,0,0,0,0,0,0,0,0,-0.08412226,0,0,0,0,0,0,0,4.608101851851852,0,0,2.908775510204081,13.254358780549255,0,-0.907028534,0.3637037037037036,0,9.037273872511967,10.007616685563114,0,0,0,0,0,0,0.1104349581019129,0.897293546842074,2138.690296073885,0.0896609441644708,0.5912245386337082,-0.337842594,3,3,3,9,1,0,0,0,0.2666666666666666,0,0.6666666666666666,116
O=[N+]([O-])/N=c1\[nH]nc(-c2noc(N[N+](=O)[O-])n2)[nH]1,109.75819,3,14,0,0,0,0,2,8,3,14,2,4,0,3,0,2,0,0,0.3792744861584351,-0.309368331,-0.940733331,194.06,0,0,0,0,0,0,0,0,0,0,3,0,0,0,0,0,0,1,2,0,0,1,3,0,2,0,0,0,2,0,1,0,0,0,0,0,0,0,0,0,0,0,0,0,0,-0.629341721,0,0,0,0,0,0,1.6323115866717055,4.5655860260770975,0,0,2.8993872039556563,10.481548563869993,0,-1.83056042,0,0,0,20.163226507455853,0,4.467962569286974,0,0,0,0,0.1232719235313863,0.881658666366738,3709.09413842313,0.0770183366300368,0.4900321243281504,-0.280018357,4,3,5,9,2,0,0,0,0.4444444444444444,0,0.5555555555555556,150.7
O=[N+]([O-])/N=c1\[nH]nc(-c2noc(N[N+](=O)[O-])n2)o1,152.93219,2,14,0,0,0,0,2,9,2,14,2,4,0,2,0,2,0,0,0.3863413835337293,-0.3959078,-1.003233331,191.41,0,0,0,0,0,0,0,0,0,0,3,0,0,0,0,0,0,1,1,0,0,1,3,0,2,0,0,0,2,0,2,0,0,0,0,0,0,0,0,0,0,0,0,0,0,-1.030452832,0,0,0,0,0,0,1.6045338088939278,2.084664351851852,0,0,2.788276092844545,10.24543745275888,0,-1.913468583,0,0,0,20.10760150745585,0,9.169153517888637,0,0,0,0,0.049621518618983,0.9542148297903454,4139.581132923127,0.0836168335141635,0.4339235209794274,-0.185967223,4,2,6,8,2,0,0,0,0.4444444444444444,0,0.5555555555555556,176
O=[N+]([O-])/N=c1\[nH]nc(N[N+](=O)[O-])c2nc[nH]c12,134.0459,3,12,0,0,0,0,2,6,3,12,2,3,0,3,0,2,0,0,0.246212130180206,-0.341194302,-0.922225687,168.03,0,0,0,0,0,1,0,0,0,0,1,2,0,0,0,0,0,1,2,0,0,1,2,0,2,0,0,0,2,0,0,0,0,0,0,0,0,0,0,0,1.212577475434618,0,0,0,0,-0.172640779,0.2102777777777782,0,0,0,0,0,1.800227229780801,4.770308012093726,0,0,3.01536186696901,7.265855064247921,0,-1.747016566,0,0,0,20.49780368165785,0,0,0,0,0,0,0.2623107246266928,0.7505684717155019,2400.730669986633,0.0973387377056212,0.4663965453341606,-0.533024623,5,4,4,8,2,0,0,0,0.4705882352941176,0,0.6470588235294118,166
O=[N+]([O-])/N=c1\[nH]nnn1Cc1nnn[nH]1,206.8475,2,12,0,0,0,0,2,8,2,12,2,3,0,2,0,1,0,0,0.3150112589250868,-0.241237136,-0.856815949,156.46,0,0,1,0,0,0,0,0,0,0,1,0,0,0,0,0,0,0,2,0,0,1,5,0,1,1,0,0,1,0,0,0,0,0,0,0,0,0.1073148148148146,0,0,0,0,0,0,0,0.383053665910809,0,0,0,0,0,0,0,4.730282029478458,0,0,3.022083333333333,17.157729906777526,0,-0.856815949,1.1438425925925926,0,0,10.12319924729151,0,0,0,0,0,0,0.3659847717837821,0.7676259382748193,1514.652973168243,0.7181768144584749,0.6599633248952306,-0.45254628,3,4,2,10,1,0,0,0,0.2666666666666666,0,0.6666666666666666,178
O=[N+]([O-])/N=c1\[nH]nnn1CCCl,192.10776,1,8,0,0,0,0,1,5,1,9,1,3,1,1,0,1,0,0,0.3146142001072779,-0.232595422,-0.833407974,102,0,0,2,0,0,0,0,0,0,0,0,0,0,0,0,0,0,0,1,0,0,1,2,0,1,1,0,0,1,0,0,0,1,0,0,0,0,0.6132571176618795,0,0,0,0,0,0,0,0,0,0,0,0,0,0,0,2.2567746913580247,0,0,2.983996913580247,6.812376543209877,0,-0.833407974,1.2041666666666668,0,0,9.94016156462585,0,0,0,5.387466616276139,0,0,0.3032531886414462,0.843230150673689,1241.9660322365808,0.5755306705784666,0.4362140772514357,-0.540074572,3,5,2,6,1,0,0,0,0.3333333333333333,0,0.4166666666666667,130
O=[N+]([O-])/N=c1\[nH]nnn1CCn1cc([N+](=O)[O-])c([N+](=O)[O-])n1,172.15149,1,16,0,0,0,0,2,11,1,16,2,6,2,1,0,3,0,0,0.4671907321692153,-0.357562077,-0.980777344,206.1,0,0,2,0,0,1,0,0,0,0,2,0,0,0,0,0,0,0,1,0,0,1,3,0,3,2,0,0,3,0,0,0,0,0,0,0,0,-0.133654573,0,0,0.878069098009574,0,0,0,0,-1.656749444,0,0,0,0,0,0,0,2.173804012345679,0,0,2.969405076845553,10.258868890148651,0,-2.875951455,1.9543981481481485,0,0,31.597314587935976,0,0,0,0,0,0,0.1789995010947543,0.845689687720067,5207.311150072475,0.4656188697484123,0.4456072672179466,-0.458338903,6,6,6,10,1,0,0,0,0.5454545454545454,0,0.4545454545454545,157
O=[N+]([O-])/N=c1\[nH]nnn1CCn1cc([N+](=O)[O-])cn1,181.49803,1,13,0,0,0,0,2,9,1,13,2,5,2,1,0,2,0,0,0.3146389063950132,-0.263709751,-0.884478476,162.96000000000004,0,0,2,0,0,2,0,0,0,0,1,0,0,0,0,0,0,0,1,0,0,1,3,0,2,2,0,0,2,0,0,0,0,0,0,0,0,0.3961130007558575,0,0,2.347947452,0,0,0,0,-0.138559907,0,0,0,0,0,0,0,2.2524228395061727,0,0,3.031851064499874,10.703208144368858,0,-1.453681746,2.464351851851852,0,0,20.68120335405869,0,0,0,0,0,0,0.1810714868053002,0.8377695445380513,3928.908637339333,0.4289197124020881,0.4680865291383866,-0.683554931,6,7,4,9,1,0,0,0,0.4210526315789473,0,0.5263157894736842,136
O=[N+]([O-])/N=c1\[nH]nnn1CCn1cnc([N+](=O)[O-])n1,189.31586,1,14,0,0,0,0,2,10,1,14,2,5,2,1,0,2,0,0,0.4904408971976232,-0.389691474,-0.896824155,175.85000000000002,0,0,2,0,0,1,0,0,0,0,1,0,0,0,0,0,0,0,1,0,0,1,4,0,2,2,0,0,2,0,0,0,0,0,0,0,0,0.2936130007558577,0,0,1.1697357646762407,0,0,0,0,-0.527448796,0,0,0,0,0,0,0,2.2367978395061727,0,0,3.016226064499874,13.925423674099273,0,-1.625749647,2.325462962962963,0,0,20.586203354058693,0,0,0,0,0,0,0.1867252456046955,0.831517859171688,3861.629338658843,0.4313045512064841,0.518194167354508,-0.532999715,5,6,4,10,1,0,0,0,0.4210526315789473,0,0.5263157894736842,181
O=[N+]([O-])/N=c1\[nH]nnn1CCn1nc([N+](=O)[O-])nc1N[N+](=O)[O-],155.66829,2,18,0,0,0,0,2,12,2,18,2,7,2,2,0,3,0,0,0.4927721295652186,-0.389690592,-0.980433289,231.02,0,0,2,0,0,0,0,0,0,0,2,0,0,0,0,0,0,1,1,0,0,1,4,0,3,2,0,0,3,0,0,0,0,0,0,0,0,-0.314950869,0,0,0,0,0,0,0,-1.33956924,0,0,0,0,0,0,1.6479061161501638,2.1597734001007813,0,0,2.9631869646006552,13.5761611866969,0,-2.883854946,1.7964351851851852,0,0,31.346344780259823,0,0,0,0,0,0,0.2671763115797803,0.747400060537134,5011.176377035552,0.3910447590660403,0.5088118335094993,-0.339207889,5,6,6,12,2,0,0,0,0.5217391304347826,0,0.4347826086956521,96
O=[N+]([O-])/N=c1\[nH]nnn1CCO,200.8917,2,9,0,0,0,0,1,6,2,9,1,3,0,1,0,1,0,0,0.3146560823645789,-0.394446779,-0.871956727,122.23,0,0,2,0,0,0,0,0,0,0,0,0,0,0,0,0,0,0,1,0,0,1,2,0,1,1,0,1,1,0,0,0,0,0,0,0,0,-0.068841648,0,0,0,0,0,0,0,0,0,0,0,0,0,0,0,2.2043055555555555,0,0,2.9315277777777777,6.6843518518518525,0,-0.871956727,1.0861111111111112,0,8.482604875283446,9.91064767573696,0,0,0,0,0,0,0.329274236741384,0.7958886711462883,1019.3651376309424,0.5862762214480264,0.4824259131633354,-0.551343901,3,6,3,6,1,0,0,0,0.3333333333333333,0,0.4166666666666667,138
O=[N+]([O-])/N=c1\[nH]nnn1N[N+](=O)[O-],174.76233,2,12,0,0,0,0,1,7,2,12,1,3,0,2,0,2,0,0,0.430469882282762,-0.339349181,-1.048294596,157.17000000000002,0,0,0,0,0,0,0,0,0,0,0,0,0,0,0,0,0,1,1,0,0,1,2,0,2,1,0,0,2,0,0,0,0,0,0,0,0,0,0,0,0,0,0,0,0,0,0,0,0,0,0,0,1.494537037037037,1.9690277777777776,0,0,2.710138888888889,6.120601851851852,0,-2.019042895,0.4055555555555556,0,0,19.742137188208616,0,0,0,0,0,0,0.4201747561321557,0.6498930538254334,1146.4687949976974,0.314609274108945,0.5892286891239957,0.0841755270177136,1,2,4,8,2,0,0,0,0.6153846153846154,0,0.3846153846153846,110
O=[N+]([O-])/N=c1\[nH]nnn1OCCOn1nn[nH]/c1=N\[N+](=O)[O-],152.39284,2,18,0,0,0,0,2,12,2,18,2,7,0,2,0,2,0,0,0.3512129147061861,-0.388554617,-0.970056914,222.46,0,0,2,0,0,0,0,0,0,0,0,0,0,0,0,0,0,0,2,0,0,2,4,0,2,2,0,0,2,2,0,0,0,0,0,0,0,-0.342859977,0,0,0,0,0,0,0,0,0,0,0,0,0,0,0,4.254914700065314,0,0,5.822237017498562,13.198260210675436,0,-1.940113828,1.309386337868481,0,0,20.42428167464527,9.89937185059209,0,0,0,0,0,0.1693288394366335,0.9259287184307726,5545.093829817557,0.7631231960977966,0.5280196121570231,-0.251437911,4,6,6,12,2,0,0,0,0.3636363636363636,0,0.4545454545454545,134
O=[N+]([O-])/N=c1\[nH]nnn1OCOn1nn[nH]/c1=N\[N+](=O)[O-],152.39285,2,18,0,0,0,0,2,12,2,18,2,6,0,2,0,2,0,0,0.3513707414824625,-0.347578828,-1.003611216,222.46,0,0,1,0,0,0,0,0,0,0,0,0,0,0,0,0,0,0,2,0,0,2,4,0,2,2,0,0,2,2,0,0,0,0,0,0,0,-0.616201814,0,0,0,0,0,0,0,0,0,0,0,0,0,0,0,4.164873141328769,0,0,5.734541711695392,12.986039097686824,0,-2.007222432,1.0987307886117412,0,0,20.374488711845316,9.577381897203326,0,0,0,0,0,0.2521303669598289,0.9671852609734436,3681.025465415455,1.1090804960496723,0.5523717461851827,-0.105213666,3,4,6,12,2,0,0,0,0.3809523809523809,0,0.4761904761904761,157
O=[N+]([O-])C(=C1NCN([N+](=O)[O-])CN1)[N+](=O)[O-],99.67958,2,12,0,1,1,0,0,8,2,12,1,3,0,2,0,3,0,0,0.5988970664798821,-0.337936304,-1.27500189,156.72000000000003,0,0,2,0,0,0,0,0,0,2,0,0,0,0,0,0,0,2,0,0,0,0,0,1,3,0,0,0,3,0,0,0,0,0,0,0,0,-0.721203704,0,0,0,0,0,0,-1.725835223,0,0,0,0,0,0,0,4.365462962962963,0,0,0,0,0,0.6537811791383219,-3.108055556,0,0,0,30.934591836734693,0,0,0,0,0,0,0.2096822834835105,0.8469756633236567,2161.6877660585574,0.4434702598344021,0.3587781042848355,-0.341693433,4,6,6,6,1,0,0,1,0.6875,0,0.375,164
O=[N+]([O-])C(=C1NCN(CC([N+](=O)[O-])([N+](=O)[O-])[N+](=O)[O-])CN1)[N+](=O)[O-],173.91142,2,18,0,1,1,0,0,13,2,18,1,7,0,2,0,5,0,0,0.7122873588809795,-0.347379449,-3.750382259,243,0,0,3,0,0,0,0,0,0,2,0,0,1,0,0,0,0,2,0,0,0,0,0,1,5,0,0,0,5,0,0,0,0,0,0,0,0,-2.449297052,0,0,0,0,0,0,-2.088980379,0,0,-3.750382259,0,0,0,0,4.2292554799697655,0,0,0,0,0,0.7732256235827664,-7.658547099,0,0,0,53.51402950995213,0,0,0,0,0,0,0.2030810136770176,0.9393669631730568,4627.854386015362,0.9037873434870016,0.318022806778429,-0.272590977,6,8,10,8,0,0,1,1,0.7083333333333334,0,0.25,137
O=[N+]([O-])C(=C1NCN(CN2CNC(=C([N+](=O)[O-])[N+](=O)[O-])NC2)CN1)[N+](=O)[O-],303.4745,4,18,0,2,2,0,0,14,4,18,2,6,0,4,0,4,0,0,0.5988612244995355,-0.347352216,-1.196458817,227.16000000000005,0,0,5,0,0,0,0,0,0,4,0,0,0,0,0,0,0,4,0,0,0,0,0,2,4,0,0,0,4,0,0,0,0,0,0,0,0,0.4782788485764679,0,0,0,0,0,0,-3.026303697,0,0,0,0,0,0,0,10.136342422541915,0,0,0,0,0,3.3630813807004283,-4.446204198,0,0,0,42.83073595505455,0,0,0,0,0,0,0.1316458302316294,0.9540130657919144,8516.42794556426,0.938501161271738,0.3587232526974708,-0.696948034,9,14,8,10,0,0,0,2,0.5185185185185185,0,0.4444444444444444,188
O=[N+]([O-])C(=C1NCNC(=C([N+](=O)[O-])[N+](=O)[O-])N1)[N+](=O)[O-],290.01672,3,15,0,1,1,0,0,11,3,15,1,4,0,3,0,4,0,0,0.5992583387065342,-0.342652521,-1.53236489,208.65,0,0,1,0,0,0,0,0,0,4,0,0,0,0,0,0,0,3,0,0,0,0,0,0,4,0,0,0,4,0,0,0,0,0,0,0,0,-0.422592593,0,0,0,0,0,0,-4.685192744,0,0,0,0,0,0,0,6.127898715041572,0,0,0,0,0,0,-5.403703704,0,0,0,42.02512849584278,0,0,0,0,0,0,0.2517747602906998,0.8013654608348398,3152.933710574908,0.4339279353247968,0.3366124422950099,-0.2473071,5,5,8,7,0,0,0,2,0.7,0,0.3,135
O=[N+]([O-])C(Br)(C(/N=N/C(=N/Br)C(Br)([N+](=O)[O-])[N+](=O)[O-])=N\Cl)[N+](=O)[O-],138.32327,0,16,0,0,0,0,0,10,0,20,0,6,0,0,0,4,0,0,0.5728738843499717,-0.257155432,-3.353295068,222,0,0,0,0,0,0,0,0,0,2,0,0,2,0,0,0,0,0,0,0,0,4,0,0,4,0,0,0,4,0,0,0,1,3,0,0,0,0,0,0,0,0,0,0,-2.674791509,0,0,-6.649298469,0,0,0,0,0,0,0,0,11.394378779289491,0,0,-5.931384244,0,0,0,43.24715998642255,0,0,0,4.970360598457489,6.590859315948602,0,0.289694482666253,0.8764065914138781,7835.299724864373,0.8054175248584413,0.1988435119314983,0,4,0,8,8,0,0,0,2,0.5833333333333334,0,0,133
O=[N+]([O-])C(Br)(C(/N=N/C(=N/Cl)C(Br)([N+](=O)[O-])[N+](=O)[O-])=N\Cl)[N+](=O)[O-],139.07828,0,16,0,0,0,0,0,10,0,20,0,6,0,0,0,4,0,0,0.5728738863146144,-0.257155114,-3.381072846,222,0,0,0,0,0,0,0,0,0,2,0,0,2,0,0,0,0,0,0,0,0,4,0,0,4,0,0,0,4,0,0,0,2,2,0,0,0,0,0,0,0,0,0,0,-2.863834719,0,0,-6.762145692,0,0,0,0,0,0,0,0,10.886809334845047,0,0,-6.082807855,0,0,0,43.13793502071611,0,0,0,9.898186474692755,4.20347796989166,0,0.2596271364169188,0.9500164849814448,7168.560636241609,0.7332975276172787,0.2158803097882445,0,4,0,8,8,0,0,0,2,0.5833333333333334,0,0,136
O=[N+]([O-])C(C1=NCN([N+](=O)[O-])CN1[N+](=O)[O-])[N+](=O)[O-],105.22985,0,15,0,1,1,0,0,9,0,15,1,5,0,0,0,4,0,0,0.5124869051856481,-0.258128583,-2.653422147,191.4,0,0,2,0,0,0,1,0,0,1,0,0,0,0,0,0,0,0,0,0,0,1,0,2,4,0,0,0,4,0,0,0,0,0,0,0,0,-1.748148148,0,0,0,-2.653422147,0,0,-1.071203704,0,0,0,0,0,0,0,0,0,0,0,3.1794907407407407,0,0.1585496976568405,-5.007037037,0,0,0,42.07088529856387,0,0,0,0,0,0,0.3302871634317558,0.9265450196713864,2243.1089998900134,0.7561190994953906,0.3510971786833856,-0.143304971,4,5,8,7,2,0,0,1,0.7894736842105263,0,0.3157894736842105,102
O=[N+]([O-])C(c1cc[nH]n1)([N+](=O)[O-])[N+](=O)[O-],95.23226,1,11,0,0,0,0,1,7,1,11,1,4,0,1,0,3,0,0,0.7468638987520841,-0.284607154,-3.652777778,158.10000000000002,0,0,0,0,0,2,0,0,0,0,1,0,1,0,0,0,0,0,1,0,0,0,1,0,3,0,0,0,3,0,0,0,0,0,0,0,0,0,0,0,1.8144675925925928,0,0,0,0,-0.886574074,0,-3.652777778,0,0,0,0,0,2.0362731481481484,0,0,0,3.1025,0,-4.823888889,0,0,0,31.41333333333333,0,0,0,0,0,0,0.644756353847244,0.9837997971784406,917.2382727901442,0.6352479092533643,0.3224365145534024,-0.257949212,4,3,6,5,0,0,1,0,0.6666666666666666,0,0.3333333333333333,104.1
O=[N+]([O-])C(c1n[nH]c(/N=N/c2nc(C([N+](=O)[O-])([N+](=O)[O-])[N+](=O)[O-])n[nH]2)n1)([N+](=O)[O-])[N+](=O)[O-],122.075356,2,26,0,0,0,0,2,18,2,26,2,10,0,2,0,6,0,0,0.7645697674405315,-0.25218916,-4.201972414,366.69999999999993,0,0,0,0,0,0,0,0,0,0,4,0,2,0,0,0,0,0,2,0,0,2,4,0,6,0,0,0,6,0,0,0,0,0,0,0,0,0,0,0,0,0,0,0,0,-5.007874767,0,-8.403944828,0,0,0,0,0,3.431973497732426,0,0,6.20665343915344,12.02547753808441,0,-11.37965321,0,0,0,65.64701749837157,0,0,0,0,0,0,0.0963957999109021,0.9939020492147356,12637.907517149664,0.6807245073611987,0.4240882103477522,-0.034619446,6,2,12,14,0,0,2,0,0.625,0,0.3125,133
O=[N+]([O-])C(c1n[nH]c(/N=N/c2nc(C([N+](=O)[O-])[N+](=O)[O-])n[nH]2)n1)[N+](=O)[O-],150.43073,2,20,0,0,0,0,2,14,2,20,2,8,0,2,0,4,0,0,0.510868517228508,-0.258129625,-2.423126789,280.42,0,0,0,0,0,0,2,0,0,0,4,0,0,0,0,0,0,0,2,0,0,2,4,0,4,0,0,0,4,0,0,0,0,0,0,0,0,0,0,0,0,-4.846253578,0,0,0,-2.581984049,0,0,0,0,0,0,0,4.046606985386747,0,0,6.675515873015874,13.26131876814597,0,-4.935837237,0,0,0,42.35698328512959,0,0,0,0,0,0,0.088296489992692,0.973003256754466,9074.670348475453,0.8194985545254894,0.4514017636911767,-0.257943865,6,4,8,12,0,0,0,2,0.5384615384615384,0,0.3846153846153846,80
O=[N+]([O-])C(c1n[nH]c(C(F)(F)F)n1)([N+](=O)[O-])[N+](=O)[O-],112.99557,1,12,0,0,0,0,1,8,1,15,1,4,0,1,0,3,0,0,0.7645126263814694,-0.254563758,-5.151998299,170.98999999999998,0,0,0,0,0,0,0,0,0,0,2,0,2,0,0,0,0,0,1,0,0,0,2,0,3,0,0,0,3,0,0,3,0,0,0,0,0,0,0,0,0,0,0,0,0,-3.766435185,0,-9.457553855,0,0,0,0,0,1.1161342592592591,0,0,0,4.938912037037037,0,-6.010929705,0,0,0,31.532526927437644,0,0,36.44815192743764,0,0,0,0.3251669310067012,0.9866488985404244,2208.0138209624133,0.705312854140226,0.293622108346558,-0.139820052,4,1,6,6,0,0,1,0,0.5263157894736842,0,0.2631578947368421,109
O=[N+]([O-])C(c1n[nH]c(C(F)(F)F)n1)[N+](=O)[O-],156.39507,1,9,0,0,0,0,1,6,1,12,1,3,0,1,0,2,0,0,0.5108132210704407,-0.258129632,-4.899804422,127.85,0,0,0,0,0,0,1,0,0,0,2,0,1,0,0,0,0,0,1,0,0,0,2,0,2,0,0,0,2,0,0,3,0,0,0,0,0,0,0,0,0,-2.618194444,0,0,0,-2.779143519,0,-4.899804422,0,0,0,0,0,1.340925925925926,0,0,0,5.435393518518518,0,-2.798953137,0,0,0,20.37816609977325,0,0,35.98011054421769,0,0,0,0.2909022943249283,0.9438243789624202,1805.8264286950644,0.8391634827883734,0.2903540245141754,-0.331833171,4,2,4,5,0,0,0,1,0.4375,0,0.3125,78
O=[N+]([O-])C(c1n[nH]c(-c2nc(C([N+](=O)[O-])([N+](=O)[O-])[N+](=O)[O-])n[nH]2)n1)([N+](=O)[O-])[N+](=O)[O-],115.58982,2,24,0,0,0,0,2,16,2,24,2,9,0,2,0,6,0,0,0.7645201278998492,-0.255530918,-4.26005102,341.98,0,0,0,0,0,0,0,0,0,0,4,0,2,0,0,0,0,0,2,0,0,0,4,0,6,0,0,0,6,0,0,0,0,0,0,0,0,0,0,0,0,0,0,0,0,-5.079331696,0,-8.520102041,0,0,0,0,0,3.4532615268329554,0,0,0,12.133646069538926,0,-11.56544344,0,0,0,65.87231812429594,0,0,0,0,0,0,0.1478087744367953,0.9874926181957654,8293.492048649023,0.7107955269197156,0.3869594659959368,-0.036853282,6,2,12,12,0,0,2,0,0.6666666666666666,0,0.3333333333333333,148
O=[N+]([O-])C(c1n[nH]c(-c2nonc2/N=N/c2nonc2-c2nc(C([N+](=O)[O-])[N+](=O)[O-])n[nH]2)n1)[N+](=O)[O-],141.76768,2,26,0,0,0,0,4,20,2,26,4,10,0,2,0,4,0,0,0.5108196133567987,-0.258129631,-2.457676002,358.2599999999999,0,0,0,0,0,0,2,0,0,0,8,0,0,0,0,0,0,0,2,0,0,2,8,0,4,0,0,0,4,0,2,0,0,0,0,0,0,0,0,0,0,-4.915352004,0,0,0,-3.74301188,0,0,0,0,0,0,0,4.373491710623052,0,0,7.309964411690602,27.803686421433675,0,-4.880332877,0,0,0,43.52671378057244,0,8.998126655845603,0,0,0,0,0.1423723027195502,0.8982632690451144,15040.987069163266,0.4650305705796961,0.4407331911444108,-0.377771307,10,4,10,16,0,0,0,2,0.3888888888888889,0,0.5555555555555556,120
O=[N+]([O-])C(c1nc(/N=N/c2n[nH]c(C([N+](=O)[O-])([N+](=O)[O-])[N+](=O)[O-])n2)n[nH]1)([N+](=O)[O-])[N+](=O)[O-],122.075356,2,26,0,0,0,0,2,18,2,26,2,10,0,2,0,6,0,0,0.7622393839164816,-0.252190418,-4.179306519,366.7,0,0,0,0,0,0,0,0,0,0,4,0,2,0,0,0,0,0,2,0,0,2,4,0,6,0,0,0,6,0,0,0,0,0,0,0,0,0,0,0,0,0,0,0,0,-5.024880153,0,-8.358613038,0,0,0,0,0,3.089623360746196,0,0,6.1355423280423285,12.287229308390025,0,-11.31919025,0,0,0,65.67847755346799,0,0,0,0,0,0,0.0978335726745133,0.9962328357360092,12589.622855829151,0.6600629335927956,0.4240882103477522,-0.034619446,6,2,12,14,0,0,2,0,0.625,0,0.3125,150
O=[N+]([O-])C(c1nc(/N=N/c2noc(C([N+](=O)[O-])([N+](=O)[O-])[N+](=O)[O-])n2)no1)([N+](=O)[O-])[N+](=O)[O-],134.67645,0,26,0,0,0,0,2,20,0,26,2,10,0,0,0,6,0,0,0.7816144695530327,-0.313671901,-4.302763309,361.3999999999999,0,0,0,0,0,0,0,0,0,0,4,0,2,0,0,0,0,0,0,0,0,2,4,0,6,0,0,0,6,0,2,0,0,0,0,0,0,0,0,0,0,0,0,0,0,-5.833907931,0,-8.605526618,0,0,0,0,0,0,0,0,5.930542328042328,11.483374433106576,0,-11.75419025,0,0,0,65.38889077660848,0,8.168593147773343,0,0,0,0,0.1116613826541284,0.9826103735452724,11567.381465670693,0.6862889668010885,0.3619628729510314,0.0689453091335298,6,0,14,12,0,0,2,0,0.625,0,0.3125,125
O=[N+]([O-])C(c1nc(/N=N/c2noc(C([N+](=O)[O-])[N+](=O)[O-])n2)no1)[N+](=O)[O-],116.51097,0,20,0,0,0,0,2,16,0,20,2,8,0,0,0,4,0,0,0.5271373837266408,-0.321102018,-2.523917684,275.11999999999995,0,0,0,0,0,0,2,0,0,0,4,0,0,0,0,0,0,0,0,0,0,2,4,0,4,0,0,0,4,0,2,0,0,0,0,0,0,0,0,0,0,-5.047835368,0,0,0,-3.408017212,0,0,0,0,0,0,0,0,0,0,6.399404761904762,12.59929264298312,0,-5.185528595,0,0,0,42.1848988039542,0,8.606219495424941,0,0,0,0,0.091355582589399,0.9873339163841895,9043.615228892351,0.8241684548724082,0.3741894788609671,-0.128293536,6,2,10,10,0,0,0,2,0.5384615384615384,0,0.3846153846153846,123
O=[N+]([O-])C(c1nc(C([N+](=O)[O-])([N+](=O)[O-])[N+](=O)[O-])n[nH]1)[N+](=O)[O-],109.05215,1,18,0,0,0,0,1,12,1,18,1,7,0,1,0,5,0,0,0.7645159919901854,-0.258131082,-4.257443311,257.2699999999999,0,0,0,0,0,0,1,0,0,0,2,0,1,0,0,0,0,0,1,0,0,0,2,0,5,0,0,0,5,0,0,0,0,0,0,0,0,0,0,0,0,-2.78776644,0,0,0,-2.948032407,0,-4.257443311,0,0,0,0,0,1.480625,0,0,0,5.5825,0,-8.832592593,0,0,0,53.08968820861678,0,0,0,0,0,0,0.3381369393479408,0.9642154185858598,2839.9408411372747,0.8820676027220994,0.3477116228819084,0.0496730889831297,4,2,10,8,0,0,1,1,0.7727272727272727,0,0.2272727272727272,143
O=[N+]([O-])C(c1nc(-c2n[nH]c(C([N+](=O)[O-])([N+](=O)[O-])[N+](=O)[O-])n2)n[nH]1)([N+](=O)[O-])[N+](=O)[O-],115.58982,2,24,0,0,0,0,2,16,2,24,2,9,0,2,0,6,0,0,0.7621900359108895,-0.252190424,-4.239430272,341.98,0,0,0,0,0,0,0,0,0,0,4,0,2,0,0,0,0,0,2,0,0,0,4,0,6,0,0,0,6,0,0,0,0,0,0,0,0,0,0,0,0,0,0,0,0,-5.140165029,0,-8.478860544,0,0,0,0,0,3.04771022297808,0,0,0,12.451981292517008,0,-11.51229293,0,0,0,65.89914682799964,0,0,0,0,0,0,0.1469174169596685,0.986489782586962,8323.310054150837,0.7107700558933779,0.3869594659959368,-0.036853282,6,2,12,12,0,0,2,0,0.6666666666666666,0,0.3333333333333333,148
O=[N+]([O-])C(c1nc(-c2noc(C([N+](=O)[O-])([N+](=O)[O-])[N+](=O)[O-])n2)no1)([N+](=O)[O-])[N+](=O)[O-],122.37829,0,24,0,0,0,0,2,18,0,24,2,9,0,0,0,6,0,0,0.7815634834133451,-0.315304114,-4.370949546,336.67999999999995,0,0,0,0,0,0,0,0,0,0,4,0,2,0,0,0,0,0,0,0,0,0,4,0,6,0,0,0,6,0,2,0,0,0,0,0,0,0,0,0,0,0,0,0,0,-6.042942807,0,-8.741899093,0,0,0,0,0,0,0,0,0,11.569759070294785,0,-11.98104293,0,0,0,65.58507275392556,0,8.192646919879063,0,0,0,0,0.1824537327721123,0.973584799140007,7545.860018797611,0.7885278014254649,0.3210110932262072,0.0733739641659902,6,0,14,10,0,0,2,0,0.6666666666666666,0,0.3333333333333333,124
O=[N+]([O-])C(c1ncon1)[N+](=O)[O-],125.33682,0,9,0,0,0,0,1,7,0,9,1,3,0,0,0,2,0,0,0.5124313831395247,-0.342220747,-2.149305556,125.20000000000002,0,0,0,0,0,1,1,0,0,0,1,0,0,0,0,0,0,0,0,0,0,0,2,0,2,0,0,0,2,0,1,0,0,0,0,0,0,0,0,0,0.7870370370370372,-2.149305556,0,0,0,-0.564814815,0,0,0,0,0,0,0,0,0,0,0,6.187592592592592,0,-2.212592593,0,0,0,20.163148148148142,0,4.125787037037037,0,0,0,0,0.4629917445399071,0.8305679422181582,772.1434179048913,0.7007112381292443,0.3217059607518728,-0.183831978,3,2,5,4,0,0,0,1,0.5833333333333334,0,0.4166666666666667,165
O=[N+]([O-])C(c1nnc(C([N+](=O)[O-])([N+](=O)[O-])[N+](=O)[O-])o1)([N+](=O)[O-])[N+](=O)[O-],152.94647,0,21,0,0,0,0,1,15,0,21,1,8,0,0,0,6,0,0,0.7806663875982915,-0.388062494,-4.596442744,297.76,0,0,0,0,0,0,0,0,0,0,2,0,2,0,0,0,0,0,0,0,0,0,2,0,6,0,0,0,6,0,1,0,0,0,0,0,0,0,0,0,0,0,0,0,0,-4.36587963,0,-9.192885488,0,0,0,0,0,0,0,0,0,4.821157407407407,0,-12.93777778,0,0,0,64.54922052154195,0,3.910277777777777,0,0,0,0,0.3171088383510458,0.9957159849236096,3569.723054643983,0.933080161763641,0.3042758912974377,0.2173399223553127,4,0,13,8,0,0,2,0,0.8,0,0.2,102
O=[N+]([O-])C(c1nnc(C([N+](=O)[O-])[N+](=O)[O-])o1)[N+](=O)[O-],117.2577,0,15,0,0,0,0,1,11,0,15,1,6,0,0,0,4,0,0,0.5261831178298264,-0.401393352,-2.652399849,211.48,0,0,0,0,0,0,2,0,0,0,2,0,0,0,0,0,0,0,0,0,0,0,2,0,4,0,0,0,4,0,1,0,0,0,0,0,0,0,0,0,0,-5.304799698,0,0,0,-2.391296296,0,0,0,0,0,0,0,0,0,0,0,5.671666666666667,0,-5.592777778,0,0,0,41.426473922902495,0,4.2642592592592585,0,0,0,0,0.3472682101889224,0.9156297076116044,2242.5043144061897,0.8521489954398505,0.3020572254605474,0,4,2,9,6,0,0,0,2,0.7368421052631579,0,0.2631578947368421,86
O=[N+]([O-])C(c1nnc(-c2nnc(C([N+](=O)[O-])([N+](=O)[O-])[N+](=O)[O-])o2)o1)([N+](=O)[O-])[N+](=O)[O-],132.7204,0,24,0,0,0,0,2,18,0,24,2,9,0,0,0,6,0,0,0.7806661838707831,-0.39810179,-4.374634354,336.67999999999995,0,0,0,0,0,0,0,0,0,0,4,0,2,0,0,0,0,0,0,0,0,0,4,0,6,0,0,0,6,0,2,0,0,0,0,0,0,0,0,0,0,0,0,0,0,-6.242665029,0,-8.749268707,0,0,0,0,0,0,0,0,0,11.256470143613,0,-11.99539242,0,0,0,65.57523479096261,0,8.747053099017384,0,0,0,0,0.1496042823746233,0.9920488422810853,8144.952039220786,0.8078033995393432,0.3210110932262072,0.0733739641659902,6,0,14,10,0,0,2,0,0.6666666666666666,0,0.3333333333333333,98.5
O=[N+]([O-])C(c1nnn[nH]1)([N+](=O)[O-])[N+](=O)[O-],127.17692,1,13,0,0,0,0,1,9,1,13,1,4,0,1,0,3,0,0,0.764087118755849,-0.252189439,-3.802083333,183.88,0,0,0,0,0,0,0,0,0,0,1,0,1,0,0,0,0,0,1,0,0,0,3,0,3,0,0,0,3,0,0,0,0,0,0,0,0,0,0,0,0,0,0,0,0,-1.178240741,0,-3.802083333,0,0,0,0,0,1.624861111111111,0,0,0,8.413101851851852,0,-5.097638889,0,0,0,31.22833333333333,0,0,0,0,0,0,0.66288563215065,0.9797771031908152,896.6125805689384,0.7770907217680583,0.4473394713177799,0.1095525235880277,2,1,6,7,0,0,1,0,0.6666666666666666,0,0.3333333333333333,101
O=[N+]([O-])C(c1nonc1/N=N/c1nonc1C([N+](=O)[O-])[N+](=O)[O-])[N+](=O)[O-],117.87298,0,20,0,0,0,0,2,16,0,20,2,8,0,0,0,4,0,0,0.4997148167716206,-0.258183089,-2.587589732,275.11999999999995,0,0,0,0,0,0,2,0,0,0,4,0,0,0,0,0,0,0,0,0,0,2,4,0,4,0,0,0,4,0,2,0,0,0,0,0,0,0,0,0,0,-5.175179464,0,0,0,-3.559328336,0,0,0,0,0,0,0,0,0,0,6.394253590325019,12.03587569286974,0,-5.289110749,0,0,0,42.8509774373988,0,8.224867724867725,0,0,0,0,0.2464905291123346,0.9176454266955384,5322.283541391789,0.710297362954952,0.3741894788609671,-0.128293536,6,2,10,10,0,0,0,2,0.5384615384615384,0,0.3846153846153846,140
O=[N+]([O-])C(c1nonc1/N=N\c1nonc1C([N+](=O)[O-])[N+](=O)[O-])[N+](=O)[O-],117.87298,0,20,0,0,0,0,2,16,0,20,2,8,0,0,0,4,0,0,0.4997148167716206,-0.258183089,-2.587589732,275.11999999999995,0,0,0,0,0,0,2,0,0,0,4,0,0,0,0,0,0,0,0,0,0,2,4,0,4,0,0,0,4,0,2,0,0,0,0,0,0,0,0,0,0,-5.175179464,0,0,0,-3.559328336,0,0,0,0,0,0,0,0,0,0,6.394253590325019,12.03587569286974,0,-5.289110749,0,0,0,42.8509774373988,0,8.224867724867725,0,0,0,0,0.1885069009718177,0.9154785249915568,5773.335477052042,0.7555953968284757,0.3741894788609671,-0.128293536,6,2,10,10,0,0,0,2,0.5384615384615384,0,0.3846153846153846,140
O=[N+]([O-])C(c1nonc1Oc1nonc1C([N+](=O)[O-])[N+](=O)[O-])[N+](=O)[O-],125.56992,0,19,0,0,0,0,2,15,0,19,2,8,0,0,0,4,0,0,0.501277104326744,-0.410205971,-2.64686298,259.62999999999994,0,0,0,0,0,0,2,0,0,0,4,0,0,0,0,0,0,0,0,0,0,0,4,0,4,0,0,0,4,1,2,0,0,0,0,0,0,0,0,0,0,-5.29372596,0,0,0,-4.021292517,0,0,0,0,0,0,0,0,0,0,0,11.887708490803728,0,-5.423819917,0,0,0,42.88632065171748,4.730740740740741,8.181081191735954,0,0,0,0,0.4334512209664259,0.9648497992022212,3289.777179292379,1.0214116337027932,0.3092837595650144,-0.088366788,6,2,11,8,0,0,0,2,0.56,0,0.4,196
O=[N+]([O-])C(Cl)(C(/N=N/C(=N/Cl)C(Cl)([N+](=O)[O-])[N+](=O)[O-])=N\Cl)[N+](=O)[O-],140.26732,0,16,0,0,0,0,0,10,0,20,0,6,0,0,0,4,0,0,0.600368819572176,-0.256808207,-3.749128401,222,0,0,0,0,0,0,0,0,0,2,0,0,2,0,0,0,0,0,0,0,0,4,0,0,4,0,0,0,4,0,0,0,4,0,0,0,0,0,0,0,0,0,0,0,-3.241921139,0,0,-7.498256803,0,0,0,0,0,0,0,0,10.382087112622829,0,0,-6.772815571,0,0,0,42.73044187942666,0,0,0,19.94780041852132,0,0,0.2800401684630161,0.8909406971188574,5690.502525827641,0.7275595471404093,0.2605232796159141,0,4,0,8,8,0,0,0,2,0.5833333333333334,0,0,139
O=[N+]([O-])C(Cl)(C(/N=N/C(Cl)(Cl)C(Cl)(Cl)/N=N/C(=N/Cl)C(Cl)([N+](=O)[O-])[N+](=O)[O-])=N\Cl)[N+](=O)[O-],125.92358,0,18,0,0,0,0,0,12,0,26,0,9,0,0,0,4,0,0,0.6003566210753708,-0.256808209,-3.757926074,246.72,0,0,0,0,0,0,0,0,0,2,0,0,4,0,0,0,0,0,0,0,0,6,0,0,4,0,0,0,4,0,0,0,8,0,0,0,0,0,0,0,0,0,0,0,-3.181354692,0,0,-13.69627952,0,0,0,0,0,0,0,0,16.723843553537968,0,0,-6.699374079,0,0,0,43.55985070024658,0,0,0,42.95568556198848,0,0,0.185045596561481,0.9938653647242732,12494.925704932226,0.9998879824294068,0.2244481781220741,-0.102604881,6,0,8,10,0,0,0,2,0.4375,0,0,132.5
O=[N+]([O-])C(Cn1nc(I)c(I)c1I)(Cn1nc(I)c(I)c1I)[N+](=O)[O-],224.07092,0,10,0,0,0,0,2,8,0,16,2,6,0,0,0,2,0,0,0.4955899288739335,-0.258196273,-2.475988889,121.92000000000002,0,0,2,0,0,0,0,0,0,0,6,0,1,0,0,0,0,0,0,0,0,0,2,0,2,2,0,0,2,0,0,0,0,0,6,0,0,-0.9853678,0,0,0,0,0,0,0,4.126154493155287,0,-2.475988889,0,0,0,0,0,0,0,0,0,8.382276706979088,0,-1.71829554,2.615090702947845,0,0,23.49393046107332,0,0,0,0,0,12.038269404551947,0.275070112269462,0.8634017408968131,21857.31049399601,1.1102912951365402,0.0822245258140962,-0.250589031,9,4,4,6,0,0,0,1,0.28,0,0.4,218
O=[N+]([O-])C(CNc1nc(-c2nonc2NCC([N+](=O)[O-])([N+](=O)[O-])[N+](=O)[O-])n[nH]1)([N+](=O)[O-])[N+](=O)[O-],135.47255,3,26,0,0,0,0,2,19,3,26,2,13,0,3,0,6,0,0,0.7168289003783878,-0.34461418,-3.917785089,363.39,0,0,2,0,0,0,0,0,0,0,4,0,2,0,0,0,0,2,1,0,0,0,4,0,6,0,0,0,6,0,1,0,0,0,0,0,0,-3.053970684,0,0,0,0,0,0,0,-2.350743496,0,-7.800673558,0,0,0,0,3.823554294230701,2.0357245606575964,0,0,0,13.549928158686953,0,-10.57950477,0,0,0,65.6160318784712,0,4.310288401173141,0,0,0,0,0.1331380760444498,0.9505080261881932,13440.09918811329,0.6910829251207433,0.3690021937383165,-0.210858396,8,7,13,13,0,0,2,0,0.5882352941176471,0,0.2941176470588235,168.01
O=[N+]([O-])C(CNc1nc(NCC([N+](=O)[O-])([N+](=O)[O-])[N+](=O)[O-])nc(NC([N+](=O)[O-])([N+](=O)[O-])[N+](=O)[O-])n1)([N+](=O)[O-])[N+](=O)[O-],167.3544,3,33,0,0,0,0,1,24,3,33,1,17,0,3,0,9,0,0,0.8020128569643027,-0.333101802,-4.630528156,463.0199999999999,0,0,2,0,0,0,0,0,0,0,3,0,3,0,0,0,0,3,0,0,0,0,3,0,9,0,0,0,9,0,0,0,0,0,0,0,0,-4.007191752,0,0,0,0,0,0,0,-4.589375472,0,-13.24543761,0,0,0,0,3.9015986394557824,0,0,0,0,9.188654572940289,0,-18.6721109,0,0,0,99.83693125987767,0,0,0,0,0,0,0.4625666794338071,0.6563646334424932,14480.418162895803,0.7808496675189613,0.3492833869178399,-0.039918101,8,7,18,15,0,0,3,0,0.7317073170731707,0,0.1463414634146341,186
O=[N+]([O-])C(CNc1nc2nonc2nc1NCC([N+](=O)[O-])([N+](=O)[O-])[N+](=O)[O-])([N+](=O)[O-])[N+](=O)[O-],139.5223,2,25,0,0,0,0,2,19,2,25,2,12,0,2,0,6,0,0,0.7167844918993803,-0.346319516,-4.039435469,347.5999999999999,0,0,2,0,0,0,0,0,0,0,2,2,2,0,0,0,0,2,0,0,0,0,4,0,6,0,0,0,6,0,1,0,0,0,0,0,0,-3.378972506,0,0,0,0,0,0,0,-1.727650227,-0.970275573,-8.078870937,0,0,0,0,3.6479374527588817,0,0,0,0,13.561262518896449,0,-11.03599286,0,0,0,66.1920214500707,0,4.265185893801965,0,0,0,0,0.3599231997477181,0.7636174203890522,8113.978431290813,0.7734131768143024,0.3513122978124535,-0.200749884,8,6,13,12,0,0,2,0,0.6060606060606061,0,0.3333333333333333,190
O=[N+]([O-])C(CNc1nnc(NCC([N+](=O)[O-])([N+](=O)[O-])[N+](=O)[O-])nn1)([N+](=O)[O-])[N+](=O)[O-],167.35455,2,24,0,0,0,0,1,18,2,24,1,12,0,2,0,6,0,0,0.7168306418960442,-0.330686914,-3.899785557,334.4599999999999,0,0,2,0,0,0,0,0,0,0,2,0,2,0,0,0,0,2,0,0,0,0,4,0,6,0,0,0,6,0,0,0,0,0,0,0,0,-3.104727662,0,0,0,0,0,0,0,-1.639690728,0,-7.799571114,0,0,0,0,3.518304752456538,0,0,0,0,12.481640211640212,0,-10.73108367,0,0,0,64.55423077211081,0,0,0,0,0,0,0.1161061169445048,0.9776171138658752,9567.680034095816,0.853209345909168,0.3833988306335665,-0.109542523,6,6,12,12,0,0,2,0,0.6666666666666666,0,0.2,189
O=[N+]([O-])C(CNc1nnnn1NCC([N+](=O)[O-])([N+](=O)[O-])[N+](=O)[O-])([N+](=O)[O-])[N+](=O)[O-],153.80714,2,24,0,0,0,0,1,18,2,24,1,12,0,2,0,6,0,0,0.7184292335052616,-0.330666028,-3.990588152,326.5,0,0,2,0,0,0,0,0,0,0,1,0,2,0,0,0,0,2,0,0,0,0,3,0,6,1,0,0,6,0,0,0,0,0,0,0,0,-3.308059807,0,0,0,0,0,0,0,-0.885306595,0,-7.973676304,0,0,0,0,3.417567082388511,0,0,0,0,9.031880196523057,0,-11.01935075,0.1486578798185949,0,0,64.87747748433624,0,0,0,0,0,0,0.2258470652099425,0.9210277938895646,6665.898721077148,0.8631038489790516,0.3942042588138675,-0.037543263,5,6,12,12,0,0,2,0,0.6896551724137931,0,0.1724137931034483,137.4
O=[N+]([O-])C(CNc1nonc1/[N+]([O-])=N\c1nonc1Cl)([N+](=O)[O-])[N+](=O)[O-],115.603966,1,19,0,0,0,0,2,15,1,20,2,8,0,1,0,3,0,0,0.716788612229432,-0.690258273,-3.846806723,257.72,0,0,1,0,0,0,0,0,0,0,4,0,1,0,0,0,0,1,0,0,0,1,4,0,3,0,0,0,3,0,2,0,1,0,0,0,0,-1.49868514,0,0,0,0,0,0,0,-2.392606405,0,-3.846806723,0,0,0,0,1.866849017384732,0,0,0,3.2457837301587302,12.488976987718871,0,-5.186429503,0,0,0,32.4707154745507,0,8.370449326156848,0,5.483930019172924,0,0,0.2236344402631389,0.9908130683605656,5305.644730256447,0.9103749339848,0.3547860640034058,-0.182461404,6,3,9,10,0,0,1,0,0.3846153846153846,0,0.3846153846153846,209.2
O=[N+]([O-])C(CNc1nonc1/N=[N+](/[O-])c1nonc1NCC([N+](=O)[O-])([N+](=O)[O-])[N+](=O)[O-])([N+](=O)[O-])[N+](=O)[O-],123.51795,2,29,0,0,0,0,2,22,2,29,2,14,0,2,0,6,0,0,0.7167886122294321,-0.690257936,-4.022095746,399.1699999999999,0,0,2,0,0,0,0,0,0,0,4,0,2,0,0,0,0,2,0,0,0,1,4,0,6,0,0,0,6,0,2,0,0,0,0,0,0,-3.336512747,0,0,0,0,0,0,0,-3.860416261,0,-8.024057917,0,0,0,0,3.516030003446129,0,0,0,3.141313775510204,12.14970079453575,0,-11.01066832,0,0,0,65.77000929612068,0,8.341077223742268,0,0,0,0,0.4023170345393915,0.7935650022368403,8393.653058669332,0.9356916234687064,0.3641640298837458,-0.118910704,8,6,15,14,0,0,2,0,0.5405405405405406,0,0.2702702702702703,190.2
O=[N+]([O-])C(CNc1nonc1/N=N\c1nonc1NCC([N+](=O)[O-])([N+](=O)[O-])[N+](=O)[O-])([N+](=O)[O-])[N+](=O)[O-],124.16694,2,28,0,0,0,0,2,22,2,28,2,14,0,2,0,6,0,0,0.7167861497766802,-0.343310128,-3.932526585,385.4599999999999,0,0,2,0,0,0,0,0,0,0,4,0,2,0,0,0,0,2,0,0,0,2,4,0,6,0,0,0,6,0,2,0,0,0,0,0,0,-3.139267849,0,0,0,0,0,0,0,-2.92254589,0,-7.865053169,0,0,0,0,3.718530003446129,0,0,0,6.671516439909297,12.554700794535751,0,-10.69920763,0,0,0,65.68609725908364,0,8.475799445964489,0,0,0,0,0.1155428285278507,0.9858485041735756,14759.16832446342,0.9794088488263428,0.3753207460457275,-0.153192141,8,6,14,14,0,0,2,0,0.5555555555555556,0,0.2777777777777778,230
O=[N+]([O-])C(CNc1nonc1Nc1nnc(Nc2nonc2NCC([N+](=O)[O-])([N+](=O)[O-])[N+](=O)[O-])nn1)([N+](=O)[O-])[N+](=O)[O-],120.332886,4,32,0,0,0,0,3,26,4,32,3,16,0,4,0,6,0,0,0.7167861340352655,-0.343429321,-3.884539717,436.3599999999999,0,0,2,0,0,0,0,0,0,0,6,0,2,0,0,0,0,4,0,0,0,0,8,0,6,0,0,0,6,0,2,0,0,0,0,0,0,-3.005304806,0,0,0,0,0,0,0,-3.130726508,0,-7.769079435,0,0,0,0,8.488815084176284,0,0,0,0,27.224727679393983,0,-10.42872639,0,0,0,66.19970085111042,0,8.720892673486434,0,0,0,0,0.0821430420450068,0.9869313597650629,26693.28393241608,1.066398016713591,0.417021079422657,-0.264775289,10,8,14,18,0,0,2,0,0.4761904761904761,0,0.3809523809523809,204
O=[N+]([O-])C(CNc1nonc1NCC([N+](=O)[O-])([N+](=O)[O-])[N+](=O)[O-])([N+](=O)[O-])[N+](=O)[O-],145.30862,2,23,0,0,0,0,1,17,2,23,1,12,0,2,0,6,0,0,0.7167861325947834,-0.343441477,-3.983643707,321.81999999999994,0,0,2,0,0,0,0,0,0,0,2,0,2,0,0,0,0,2,0,0,0,0,2,0,6,0,0,0,6,0,1,0,0,0,0,0,0,-3.290189437,0,0,0,0,0,0,0,-1.715057634,0,-7.967287415,0,0,0,0,3.4754374527588814,0,0,0,0,5.990820105820106,0,-11.01279747,0,0,0,64.87878842537934,0,4.094830876795163,0,0,0,0,0.2325844877674363,0.9140230692539892,6729.736800402147,0.8244012176405222,0.3285066323142588,-0.07508723,6,6,13,10,0,0,2,0,0.6896551724137931,0,0.1724137931034483,160
O=[N+]([O-])C(CNn1cnnc1Nn1cnnn1)([N+](=O)[O-])[N+](=O)[O-],137.3027,2,18,0,0,0,0,2,15,2,18,2,8,0,2,0,3,0,0,0.7183786241804792,-0.299884183,-3.670286832,227.79,0,0,1,0,0,2,0,0,0,0,1,0,1,0,0,0,0,2,0,0,0,0,5,0,3,2,0,0,3,0,0,0,0,0,0,0,0,-1.275469104,0,0,2.102843088624338,0,0,0,0,-0.13773715,0,-3.670286832,0,0,0,0,4.5671716742252455,0,0,0,0,17.03339975558252,0,-4.836903817,1.8302366780045352,0,0,32.40170618718102,0,0,0,0,0,0,0.4206873421759993,0.7807835441396971,3158.8505241055022,0.7125444060362321,0.5088118335094993,-0.339207889,5,6,6,12,0,0,1,0,0.4347826086956521,0,0.4347826086956521,182
O=[N+]([O-])C(CNn1cnnn1)([N+](=O)[O-])[N+](=O)[O-],143.67514,1,14,0,0,0,0,1,11,1,14,1,6,0,1,0,3,0,0,0.7184279641339932,-0.284851361,-3.591319444,185.05,0,0,1,0,0,1,0,0,0,0,0,0,1,0,0,0,0,1,0,0,0,0,3,0,3,1,0,0,3,0,0,0,0,0,0,0,0,-1.217222222,0,0,0.9212273242630384,0,0,0,0,0,0,-3.591319444,0,0,0,0,1.965138888888889,0,0,0,0,9.409458616780045,0,-4.820365646,0.6718750000000002,0,0,31.4556037414966,0,0,0,0,0,0,0.3008809951066161,0.9902753287345196,1900.3108145845529,0.6254682232805076,0.4514035830159401,-0.128972452,3,4,6,8,0,0,1,0,0.5882352941176471,0,0.2941176470588235,116
O=[N+]([O-])C(COc1nc(OCC([N+](=O)[O-])([N+](=O)[O-])[N+](=O)[O-])nc(C([N+](=O)[O-])([N+](=O)[O-])[N+](=O)[O-])n1)([N+](=O)[O-])[N+](=O)[O-],155.84566,0,32,0,0,0,0,1,23,0,32,1,16,0,0,0,9,0,0,0.7630025607831025,-0.438275274,-4.877025463,445.38999999999993,0,0,2,0,0,0,0,0,0,0,3,0,3,0,0,0,0,0,0,0,0,0,3,0,9,0,0,0,9,2,0,0,0,0,0,0,0,-4.734291619,0,0,0,0,0,0,0,-6.214965986,0,-13.88056185,0,0,0,0,0,0,0,0,0,8.18027305366591,0,-19.78107804,0,0,0,99.88149537661712,8.417633692365836,0,0,0,0,0,0.5025085367923355,0.639247474679148,11276.521491735944,0.9328565995608202,0.2856249064918459,0.0544047440936849,8,4,20,12,0,0,3,0,0.75,0,0.15,169.5
O=[N+]([O-])C(COc1nc(OCC([N+](=O)[O-])([N+](=O)[O-])[N+](=O)[O-])nc(OCC([N+](=O)[O-])([N+](=O)[O-])[N+](=O)[O-])n1)([N+](=O)[O-])[N+](=O)[O-],171.74892,0,33,0,0,0,0,1,24,0,33,1,18,0,0,0,9,0,0,0.733643478810376,-0.438211724,-4.398134602,454.6199999999999,0,0,3,0,0,0,0,0,0,0,3,0,3,0,0,0,0,0,0,0,0,0,3,0,9,0,0,0,9,3,0,0,0,0,0,0,0,-6.6840625,0,0,0,0,0,0,0,-4.978490646,0,-13.19440381,0,0,0,0,0,0,0,0,0,8.884270124716554,0,-18.73018991,0,0,0,99.22406521148405,13.004746315192744,0,0,0,0,0,0.4663034212157304,0.6327721497765898,16467.58776600752,0.7840357246259946,0.2717523171737757,0,9,6,21,12,0,0,3,0,0.7142857142857143,0,0.1428571428571428,168.8
O=[N+]([O-])C(F)(c1c(-c2no[n+]([O-])c2-c2no[n+]([O-])c2C(F)([N+](=O)[O-])[N+](=O)[O-])no[n+]1[O-])[N+](=O)[O-],124.72709,0,24,0,0,0,0,3,17,0,26,3,8,0,0,0,4,0,0,0.6882085779204222,-0.358876213,-5.060274786,331.4699999999999,0,0,0,0,0,0,0,0,0,0,6,0,2,0,0,0,0,0,0,0,0,0,3,0,4,3,0,0,4,0,3,2,0,0,0,0,0,0,0,0,0,0,0,0,0,-11.03380868,0,-10.09039651,0,0,0,0,0,0,0,0,0,8.26257243638196,0,-9.026617153,-3.370002756,0,0,43.93262858086812,0,11.675171563995969,29.30372293981872,0,0,0,0.4078870037650892,0.8832523013536081,5676.978808791133,1.0687826683317916,0.2810454892198978,-0.064238969,8,0,14,10,0,0,0,2,0.4117647058823529,0,0.4411764705882353,116
O=[N+]([O-])C(F)(c1nc(-c2noc(C(F)([N+](=O)[O-])[N+](=O)[O-])n2)no1)[N+](=O)[O-],112.5701,0,18,0,0,0,0,2,14,0,20,2,7,0,0,0,4,0,0,0.6968125801352547,-0.319020189,-4.552245843,250.4,0,0,0,0,0,0,0,0,0,0,4,0,2,0,0,0,0,0,0,0,0,0,4,0,4,0,0,0,4,0,2,2,0,0,0,0,0,0,0,0,0,0,0,0,0,-5.752434912,0,-9.104491686,0,0,0,0,0,0,0,0,0,11.434407596371882,0,-8.063450109,0,0,0,42.02503472851237,0,7.9879864260519025,27.614579893711387,0,0,0,0.2034991830018851,0.960607966795243,5728.163418072823,0.7715398379808266,0.2931108482418582,-0.083745957,6,0,10,8,0,0,0,2,0.5384615384615384,0,0.3846153846153846,151
O=[N+]([O-])C(F)(c1no[n+]([O-])c1-c1no[n+]([O-])c1-c1c(C(F)([N+](=O)[O-])[N+](=O)[O-])no[n+]1[O-])[N+](=O)[O-],124.97523,0,24,0,0,0,0,3,17,0,26,3,8,0,0,0,4,0,0,0.6905490738023233,-0.358879787,-4.993583829,331.4699999999999,0,0,0,0,0,0,0,0,0,0,6,0,2,0,0,0,0,0,0,0,0,0,3,0,4,3,0,0,4,0,3,2,0,0,0,0,0,0,0,0,0,0,0,0,0,-11.35240279,0,-9.957014598,0,0,0,0,0,0,0,0,0,7.759727654950869,0,-8.905969005,-3.077125535,0,0,43.89312240802862,0,11.634639786470144,29.245528495374277,0,0,0,0.4975796029830277,0.9276149807310892,5081.339251873449,1.181677731080197,0.2810454892198978,-0.064238969,8,0,14,10,0,0,0,2,0.4117647058823529,0,0.4411764705882353,136
O=[N+]([O-])C(F)(c1nonc1/N=N/c1nonc1C(F)([N+](=O)[O-])[N+](=O)[O-])[N+](=O)[O-],108.63079,0,20,0,0,0,0,2,16,0,22,2,8,0,0,0,4,0,0,0.6673139561019111,-0.255554206,-4.592481576,275.11999999999995,0,0,0,0,0,0,0,0,0,0,4,0,2,0,0,0,0,0,0,0,0,2,4,0,4,0,0,0,4,0,2,2,0,0,0,0,0,0,0,0,0,0,0,0,0,-6.146606303,0,-9.184963152,0,0,0,0,0,0,0,0,5.733559145880575,10.766109615142351,0,-8.108328856,0,0,0,42.6082899565295,0,7.766777447089947,28.123538856926302,0,0,0,0.4002883386606251,0.8653373933083648,4121.004721660652,0.8643376956145511,0.3413618386723949,-0.078025563,6,0,10,10,0,0,0,2,0.5,0,0.3571428571428571,166
O=[N+]([O-])C(F)(c1nonc1/N=N\c1nonc1C(F)([N+](=O)[O-])[N+](=O)[O-])[N+](=O)[O-],108.63082,0,20,0,0,0,0,2,16,0,22,2,8,0,0,0,4,0,0,0.6673139561019111,-0.255554206,-4.592481576,275.11999999999995,0,0,0,0,0,0,0,0,0,0,4,0,2,0,0,0,0,0,0,0,0,2,4,0,4,0,0,0,4,0,2,2,0,0,0,0,0,0,0,0,0,0,0,0,0,-6.146606303,0,-9.184963152,0,0,0,0,0,0,0,0,5.733559145880575,10.766109615142351,0,-8.108328856,0,0,0,42.6082899565295,0,7.766777447089947,28.123538856926302,0,0,0,0.1904583621064498,0.9493021252856454,6254.237508745217,0.8150278419361005,0.3413618386723949,-0.078025563,6,0,10,10,0,0,0,2,0.5,0,0.3571428571428571,166
O=[N+]([O-])C(F)(Cn1cnnn1)[N+](=O)[O-],81.7933,0,10,0,0,0,0,1,8,0,11,1,4,0,0,0,2,0,0,0.6335145494995712,-0.255864286,-3.810138889,129.88,0,0,1,0,0,1,0,0,0,0,0,0,1,0,0,0,0,0,0,0,0,0,3,0,2,1,0,0,2,0,0,1,0,0,0,0,0,-1.180555556,0,0,0.8346527777777779,0,0,0,0,0,0,-3.810138889,0,0,0,0,0,0,0,0,0,9.163813775510205,0,-3.288333333,0.5611111111111111,0,0,20.191808390022675,0,0,13.085833333333332,0,0,0,0.3481433224851593,0.892280271608071,1114.3356086738252,0.7194097791783324,0.4075829843808377,-0.27172199,3,3,4,6,0,0,0,1,0.5,0,0.3571428571428571,155
O=[N+]([O-])C(F)(CNc1nc[nH]n1)[N+](=O)[O-],164.03673,2,10,0,0,0,0,1,7,2,11,1,5,0,2,0,2,0,0,0.6311009236407945,-0.336151975,-3.791041667,139.88,0,0,1,0,0,1,0,0,0,0,1,0,1,0,0,0,0,1,1,0,0,0,2,0,2,0,0,0,2,0,0,1,0,0,0,0,0,-1.161851852,0,0,1.1255602796674224,0,0,0,0,-0.16599537,0,-3.791041667,0,0,0,0,2.016111111111111,2.2386725245653816,0,0,0,6.827216553287983,0,-3.26457483,0,0,0,20.24497968631897,0,0,13.102610544217688,0,0,0,0.2314986151824182,0.9298155810217996,1768.2522747723342,0.5360505408454367,0.3816100308922405,-0.472469562,4,5,4,6,0,0,0,1,0.4666666666666667,0,0.3333333333333333,161
O=[N+]([O-])C(F)(CNn1ccnn1)[N+](=O)[O-],130.18466,1,10,0,0,0,0,1,8,1,11,1,5,0,1,0,2,0,0,0.6326951924040807,-0.290534774,-3.785763889,129.02,0,0,1,0,0,2,0,0,0,0,0,0,1,0,0,0,0,1,0,0,0,0,2,0,2,1,0,0,2,0,0,1,0,0,0,0,0,-1.156388889,0,0,2.4221655328798186,0,0,0,0,0,0,-3.785763889,0,0,0,0,2.012638888888889,0,0,0,0,6.5825226757369615,0,-3.256094104,0.8207638888888891,0,0,20.251652494331065,0,0,13.10685090702948,0,0,0,0.2445802011658645,0.9299674905864976,1731.1845660369202,0.5852637494540763,0.3816100308922405,-0.472469562,4,5,4,6,0,0,0,1,0.4666666666666667,0,0.3333333333333333,132
O=[N+]([O-])C(F)(CNn1cnnc1)[N+](=O)[O-],151.1995,1,10,0,0,0,0,1,8,1,11,1,5,0,1,0,2,0,0,0.632646211558716,-0.305766421,-3.773541667,129.02,0,0,1,0,0,2,0,0,0,0,0,0,1,0,0,0,0,1,0,0,0,0,2,0,2,1,0,0,2,0,0,1,0,0,0,0,0,-1.133888889,0,0,2.1395068027210886,0,0,0,0,0,0,-3.773541667,0,0,0,0,2.06125,0,0,0,0,6.60171768707483,0,-3.241354875,0.959652777777778,0,0,20.26121882086168,0,0,13.11422052154195,0,0,0,0.3347535399244183,0.891758478855033,1344.0592213345417,0.7524631273871759,0.3816100308922405,-0.472469562,4,5,4,6,0,0,0,1,0.4666666666666667,0,0.3333333333333333,161
O=[N+]([O-])C(F)(COCOCC(F)([N+](=O)[O-])[N+](=O)[O-])[N+](=O)[O-],174.13094,0,14,0,0,0,0,0,10,0,16,0,10,0,0,0,4,0,0,0.6373515213934369,-0.336693247,-4.205981867,191.02,0,0,3,0,0,0,0,0,0,0,0,0,2,0,0,0,0,0,0,0,0,0,0,0,4,0,0,0,4,2,0,2,0,0,0,0,0,-4.812372449,0,0,0,0,0,0,0,0,0,-8.411963735,0,0,0,0,0,0,0,0,0,0,0,-7.664716081,0,0,0,40.3750815696649,7.967738095238095,0,26.17115102985639,0,0,0,0.1655973976519307,0.963798628927726,4527.0230542170375,0.8192192644307857,0.1749360390107367,-0.149945176,5,6,10,4,0,0,0,2,0.6666666666666666,0,0,150
O=[N+]([O-])C(ON=C(c1ncon1)c1ncon1)(c1ncon1)c1ncon1,220.78757,0,17,0,0,0,0,4,16,0,17,4,7,0,0,0,1,0,0,0.5099416410616321,-0.342358813,-2.709601757,220.4099999999999,0,0,0,0,0,4,0,0,0,1,4,0,1,0,0,0,0,0,0,0,0,1,8,0,1,0,0,0,1,1,4,0,0,0,0,0,0,0,0,0,3.674777966742253,0,0,0,-0.253967782,-1.401674225,0,-2.709601757,0,0,0,0,0,0,0,0,3.676018518518519,28.760401864449488,0,-0.934248394,0,0,0,11.872239543965737,5.165277777777778,18.361870275888133,0,0,0,0,0.4160818010961202,0.8002850675536,4370.954550683473,0.7861996776079856,0.3721375313991041,-0.637950054,10,4,7,10,0,0,0,0,0.1481481481481481,0,0.7407407407407407,137
O=[N+]([O-])c1[nH]ncc1C([N+](=O)[O-])([N+](=O)[O-])[N+](=O)[O-],139.42001,1,14,0,0,0,0,1,9,1,14,1,5,0,1,0,4,0,0,0.7382603215252839,-0.357832177,-4.07400463,201.24,0,0,0,0,0,1,0,0,0,0,2,0,1,0,0,0,0,0,1,0,0,0,1,0,4,0,0,0,4,0,0,0,0,0,0,0,0,0,0,0,0.2981481481481483,0,0,0,0,-2.65962963,0,-4.07400463,0,0,0,0,0,1.612662037037037,0,0,0,2.9765046296296296,0,-6.811365741,0,0,0,42.37050925925926,0,0,0,0,0,0,0.593444034167507,0.8652721614983403,1370.5530189108024,0.6132955310675279,0.3204957000160248,-0.0610468,4,2,8,6,0,0,1,0,0.7777777777777778,0,0.2777777777777778,117
O=[N+]([O-])c1[nH]ncc1C([N+](=O)[O-])[N+](=O)[O-],102.582794,1,11,0,0,0,0,1,7,1,11,1,4,0,1,0,3,0,0,0.4860138498071997,-0.357837561,-2.385046296,158.10000000000002,0,0,0,0,0,1,1,0,0,0,2,0,0,0,0,0,0,0,1,0,0,0,1,0,3,0,0,0,3,0,0,0,0,0,0,0,0,0,0,0,0.6888888888888889,-2.385046296,0,0,0,-1.538518519,0,0,0,0,0,0,0,1.837453703703704,0,0,0,3.1535185185185184,0,-3.488055556,0,0,0,30.94921296296296,0,0,0,0,0,0,0.463499706314063,0.7885049985199727,1236.774269151346,0.585630617249911,0.3224365145534024,-0.257949212,4,3,6,5,0,0,0,1,0.7333333333333333,0,0.3333333333333333,117
O=[N+]([O-])C1=NC[N+]([O-])=C1c1cc([N+](=O)[O-])cc([N+](=O)[O-])c1,264.81375,0,12,0,1,1,1,1,8,0,12,2,3,0,0,0,3,2,2,0.4382437118965468,-0.620145803,-0.932638889,167.85000000000002,0,0,1,0,0,3,0,0,0,2,3,0,0,0,0,0,0,0,0,0,0,1,0,0,3,0,0,0,3,0,0,0,0,0,0,0,0,-0.553436319,0,0,2.381227324263038,0,0,0,-1.34111489,-1.62199452,0,0,0,0,0,0,0,0,0,0,3.377335600907029,0,0,-2.729999055,0,0,0,32.304363189720334,0,0,0,0,0,0,0.4370952116010618,0.7163633852944055,3068.724857177272,0.6729067862572096,0.2371538823784502,-0.731789123,9,5,7,5,0,0,0,0,0.5714285714285714,1,0.5238095238095238,153
O=[N+]([O-])c1c(C2CC2)no[n+]1[O-],263.59515,0,7,1,0,1,0,1,5,0,7,2,2,0,0,0,1,0,0,0.5819670330370321,-0.265503863,-0.766712963,96.11,0,0,1,0,0,0,1,0,0,0,2,0,0,0,0,0,0,0,0,0,0,0,1,0,1,1,0,0,1,0,1,0,0,0,0,0,0,0.840648148148148,0,0,0,0.0456944444444442,0,0,0,-0.395833333,0,0,0,0,0,0,0,0,0,0,0,3.332777777777778,0,-0.766712963,-0.159074074,0,0,10.320648148148148,0,4.127685185185185,0,0,0,0,0.3954537419322699,0.6494951252031913,891.1673106696283,0.4494024937960821,0.2454532703726213,-0.794801066,5,5,4,3,0,0,0,0,0.3333333333333333,0,0.4166666666666667,211
O=[N+]([O-])c1c(-c2no[n+]([O-])c2-c2no[n+]([O-])c2[N+](=O)[O-])no[n+]1[O-],92.41981,0,18,0,0,0,0,3,13,0,18,3,4,0,0,0,2,0,0,0.5909296530026328,-0.358848578,-1.328520408,245.18999999999997,0,0,0,0,0,0,0,0,0,0,6,0,0,0,0,0,0,0,0,0,0,0,3,0,2,3,0,0,2,0,3,0,0,0,0,0,0,0,0,0,0,0,0,0,0,-6.213250189,0,0,0,0,0,0,0,0,0,0,0,9.150678382464095,0,-2.446404478,-1.681786187,0,0,21.719032501889643,0,12.211302910052911,0,0,0,0,0.2763248622818391,0.8185860296614457,3983.396665944283,0.5607485237691481,0.3254754266052912,-0.092992979,6,0,10,8,0,0,0,0,0.3333333333333333,0,0.625,130.7
O=[N+]([O-])c1c(I)c([N+](=O)[O-])c(I)c([N+](=O)[O-])c1I,231.48605,0,9,0,0,0,1,1,6,0,12,1,3,0,0,0,3,3,0,0.3094536971483552,-0.258236272,-0.861481481,129.42000000000002,0,0,0,0,0,0,0,0,0,0,6,0,0,0,0,0,0,0,0,0,0,0,0,0,3,0,0,0,3,0,0,0,0,0,3,0,0,0,0,0,0,0,0,0,0,-2.508288889,0,0,0,0,0,0,0,0,0,0,0,0,0,-2.584444444,0,0,0,32.55553106575964,0,0,0,0,0,4.34167120181406,0.5141648566097405,0.5177263313952409,6445.480878884584,0.3768668150006465,0.0710908897024846,-0.162493462,6,0,6,3,0,0,0,0,0.6666666666666666,1,0.3333333333333333,367
O=[N+]([O-])c1c(I)nn2c1Nc1c([N+](=O)[O-])c(I)nn1C2,277.16006,1,11,0,1,1,0,2,9,1,13,3,2,0,1,0,2,0,0,0.3442935881414778,-0.313568789,-0.572980442,133.95,0,0,1,0,0,0,0,0,0,0,6,0,0,0,0,0,0,1,0,0,0,0,2,0,2,2,0,0,2,0,0,0,0,0,2,0,0,0.0747518518518517,0,0,0,0,0,0,0,0.2349244142101312,0,0,0,0,0,0,2.6900296296296298,0,0,0,0,8.042197656840514,0,-1.145960884,2.6938737717309142,0,0,22.080949571680527,0,0,0,0,0,3.4882844167296554,0.0911701953107792,0.9091635331873976,9889.409879079358,0.0791138106652827,0.1948488330940801,-0.365838625,7,3,4,7,0,0,0,0,0.4,0,0.8,320
O=[N+]([O-])c1c(-n2cncn2)c([N+](=O)[O-])c(-n2cncn2)c([N+](=O)[O-])c1-n1cncn1,284.84848,0,18,0,0,0,1,4,15,0,18,4,6,0,0,0,3,3,0,0.3343825633061597,-0.258164243,-1.014736867,221.54999999999995,0,0,0,0,0,6,0,0,0,0,6,0,0,0,0,0,0,0,0,0,0,0,6,0,3,3,0,0,3,0,0,0,0,0,0,0,0,0,0,0,5.864719387755102,0,0,0,0,-5.090651927,0,0,0,0,0,0,0,0,0,0,0,22.119760487528342,0,-3.044210601,2.2525283446712017,0,0,35.948927154195005,0,0,0,0,0,0,0.5321400284021528,0.5458304713963368,5110.1315122114975,0.6794389115961051,0.4055443708992946,-0.811088742,12,6,6,12,0,0,0,0,0.4,1,0.7,228
O=[N+]([O-])c1c[nH]nc1C([N+](=O)[O-])([N+](=O)[O-])[N+](=O)[O-],93.009636,1,14,0,0,0,0,1,9,1,14,1,5,0,1,0,4,0,0,0.7540609090943035,-0.277445741,-4.122615741,201.24,0,0,0,0,0,1,0,0,0,0,2,0,1,0,0,0,0,0,1,0,0,0,1,0,4,0,0,0,4,0,0,0,0,0,0,0,0,0,0,0,0.472800925925926,0,0,0,0,-2.729074074,0,-4.122615741,0,0,0,0,0,1.7445601851851853,0,0,0,2.882037037037037,0,-6.854560185,0,0,0,42.34509259259259,0,0,0,0,0,0,0.6002421857538155,0.8459746014811086,1374.6734187625675,0.6118189644130171,0.3204957000160248,-0.0610468,4,2,8,6,0,0,1,0,0.7777777777777778,0,0.2777777777777778,154.2
O=[N+]([O-])c1c[nH]nc1-c1n[nH]c(-c2n[nH]cc2[N+](=O)[O-])n1,297.66544,3,13,0,0,0,0,3,8,3,13,3,4,0,3,0,2,0,0,0.3175492841227154,-0.277808275,-0.646962711,185.21,0,0,0,0,0,2,0,0,0,0,6,0,0,0,0,0,0,0,3,0,0,0,4,0,2,0,0,0,2,0,0,0,0,0,0,0,0,0,0,0,2.1774634668682284,0,0,0,0,-0.824603227,0,0,0,0,0,0,0,7.1118833459309645,0,0,0,15.08281541320232,0,-1.287814311,0,0,0,21.620127656000676,0,0,0,0,0,0,0.211322827547128,0.8689934724441549,3529.103018836636,0.5164032795436042,0.4327116251755745,-0.796738865,8,5,4,9,0,0,0,0,0.3809523809523809,0,0.7142857142857143,354
O=[N+]([O-])c1c[nH]nc1-c1n[nH]cc1[N+](=O)[O-],284.73773,2,10,0,0,0,0,2,6,2,10,2,3,0,2,0,2,0,0,0.3161455623923546,-0.277861825,-0.697183485,143.64,0,0,0,0,0,2,0,0,0,0,4,0,0,0,0,0,0,0,2,0,0,0,2,0,2,0,0,0,2,0,0,0,0,0,0,0,0,0,0,0,2.070910808767952,0,0,0,0,-1.068240741,0,0,0,0,0,0,0,4.531912320483749,0,0,0,7.138703703703704,0,-1.394366969,0,0,0,21.193873771730917,0,0,0,0,0,0,0.4986879503058684,0.7638562659751136,1309.752030431452,0.6444554600370417,0.3747724595781132,-0.713852304,6,4,4,6,0,0,0,0,0.5,0,0.625,365
O=[N+]([O-])c1c[nH]nc1-c1nc(-c2n[nH]c(-c3n[nH]cc3[N+](=O)[O-])n2)n[nH]1,302.8489,4,16,0,0,0,0,4,10,4,16,4,5,0,4,0,2,0,0,0.3174575672617169,-0.277808275,-0.622389835,226.77999999999997,0,0,0,0,0,2,0,0,0,0,8,0,0,0,0,0,0,0,4,0,0,0,6,0,2,0,0,0,2,0,0,0,0,0,0,0,0,0,0,0,2.2204981071969634,0,0,0,0,-0.544428595,0,0,0,0,0,0,0,9.755628800063256,0,0,0,23.37253698819085,0,-1.244779671,0,0,0,21.886938851962164,0,0,0,0,0,0,0.2119644646190133,0.8088052438355644,5912.330684236289,0.2991103018858694,0.4689619749998605,-0.84859786,10,6,4,12,0,0,0,0,0.3076923076923077,0,0.7692307692307693,425
O=[N+]([O-])c1c[nH]nc1-c1nc(-c2nonc2[N+](=O)[O-])no1,264.85706,1,14,0,0,0,0,3,11,1,14,3,4,0,1,0,2,0,0,0.4456231020899294,-0.357639441,-0.8483516,192.8,0,0,0,0,0,1,0,0,0,0,6,0,0,0,0,0,0,0,1,0,0,0,5,0,2,0,0,0,2,0,2,0,0,0,0,0,0,0,0,0,1.0270959309649783,0,0,0,0,-2.297780665,0,0,0,0,0,0,0,2.2776472348198538,0,0,0,17.139825680272107,0,-1.553894558,0,0,0,21.44944171495759,0,9.008222946586042,0,0,0,0,0.2599983521723515,0.7729536220770438,3224.185430078281,0.3079416560103227,0.3807671778692677,-0.4895578,7,2,6,8,0,0,0,0,0.3809523809523809,0,0.7142857142857143,272
O=[N+]([O-])c1c[nH]nc1-c1nnc(-c2n[nH]cc2[N+](=O)[O-])o1,295.0384,2,13,0,0,0,0,3,9,2,13,3,4,0,2,0,2,0,0,0.3192493223550692,-0.4124501,-0.6808516,182.56,0,0,0,0,0,2,0,0,0,0,6,0,0,0,0,0,0,0,2,0,0,0,4,0,2,0,0,0,2,0,1,0,0,0,0,0,0,0,0,0,2.10357457797934,0,0,0,0,-1.566825449,0,0,0,0,0,0,0,4.6046771856890905,0,0,0,14.42580010707987,0,-1.3617032,0,0,0,21.568256907701358,0,5.157962962962963,0,0,0,0,0.1796315264582206,0.8533261195229707,3875.389490799538,0.3139826033577615,0.3833371552960424,-0.71191186,8,4,5,8,0,0,0,0,0.3809523809523809,0,0.7142857142857143,338
O=[N+]([O-])c1c[nH]nc1-c1nnc(-c2nnc(-c3n[nH]cc3[N+](=O)[O-])o2)o1,312.95203,2,16,0,0,0,0,4,12,2,16,4,5,0,2,0,2,0,0,0.3192493342895014,-0.4103064,-0.676375175,221.48,0,0,0,0,0,2,0,0,0,0,8,0,0,0,0,0,0,0,2,0,0,0,6,0,2,0,0,0,2,0,2,0,0,0,0,0,0,0,0,0,2.1125274281846176,0,0,0,0,-2.078369922,0,0,0,0,0,0,0,4.640480935361818,0,0,0,21.90180475085147,0,-1.35275035,0,0,0,21.80903761739426,0,10.491565255731922,0,0,0,0,0.1184805591632928,0.8948749740024419,7369.524994118946,0.2312646433740467,0.3886664852889734,-0.71070443,10,4,6,10,0,0,0,0,0.3076923076923077,0,0.7692307692307693,368
O=[N+]([O-])c1c[nH]nc1-c1noc(-c2n[nH]cc2[N+](=O)[O-])n1,280.1552,2,13,0,0,0,0,3,9,2,13,3,4,0,2,0,2,0,0,0.3192896356691053,-0.331451356,-0.6808516,182.56,0,0,0,0,0,2,0,0,0,0,6,0,0,0,0,0,0,0,2,0,0,0,4,0,2,0,0,0,2,0,1,0,0,0,0,0,0,0,0,0,2.1096856890904507,0,0,0,0,-1.461825449,0,0,0,0,0,0,0,4.610788296800202,0,0,0,14.619204302091209,0,-1.355592089,0,0,0,21.57194171495759,0,4.83385582010582,0,0,0,0,0.1761771570259435,0.8313565760423984,3936.074588746246,0.1249674150843557,0.3833371552960424,-0.71191186,8,4,5,8,0,0,0,0,0.3809523809523809,0,0.7142857142857143,314
O=[N+]([O-])c1cc([N+](=O)[O-])[nH]n1,276.21042,1,8,0,0,0,0,1,5,1,8,1,2,0,1,0,2,0,0,0.4195863595144354,-0.357805988,-0.815972222,114.96,0,0,0,0,0,1,0,0,0,0,2,0,0,0,0,0,0,0,1,0,0,0,1,0,2,0,0,0,2,0,0,0,0,0,0,0,0,0,0,0,0.7499999999999998,0,0,0,0,-1.047777778,0,0,0,0,0,0,0,1.8957870370370369,0,0,0,3.071203703703704,0,-1.607638889,0,0,0,19.88587962962963,0,0,0,0,0,0,0.1677661287806207,0.8322338712198308,987.8581392133868,9.82183499571756e-07,0.3542666995628601,-0.303657171,3,2,4,4,0,0,0,0,0.7272727272727273,0,0.4545454545454545,295
O=[N+]([O-])c1cc([N+](=O)[O-])c(/C=N/N=C(/N/N=C/c2c([N+](=O)[O-])cc([N+](=O)[O-])cc2[N+](=O)[O-])n2ncc3c([N+](=O)[O-])cc([N+](=O)[O-])cc32)c([N+](=O)[O-])c1,241.11255,1,30,0,0,0,3,4,21,1,30,4,12,0,1,0,8,8,4,0.2915644818605536,-0.258304852,-1.224400612,412.0499999999999,0,0,0,0,2,7,0,0,0,1,10,2,0,0,0,0,0,1,0,0,0,3,1,0,8,1,0,0,8,0,0,0,0,0,0,0,0,0,0,0.7736299053197424,3.607055870038929,0,0,0,-0.89191526,-10.42099122,-0.848618198,0,0,0,0,0,2.045228337062302,0,0,0,10.59522210657041,3.8013119314147454,0,-9.224409081,0.5429915870031308,0,0,92.0935803420077,0,0,0,0,0,0,0.4861007182337614,0.7211145401457361,21196.094133222414,1.344852446970188,0.2698223027406234,-0.726868244,22,10,16,14,0,0,0,0,0.6153846153846154,3,0.4423076923076923,192
O=[N+]([O-])c1cc([N+](=O)[O-])c(/C=N/N=C(N/N=C/c2c([N+](=O)[O-])cc([N+](=O)[O-])cc2[N+](=O)[O-])N/N=C/c2c([N+](=O)[O-])cc([N+](=O)[O-])cc2[N+](=O)[O-])c([N+](=O)[O-])c1,248.44434,2,33,0,0,0,3,3,22,2,33,3,15,0,2,0,9,9,3,0.2915644818483313,-0.258302309,-1.258846304,461.7599999999999,0,0,0,0,3,6,0,0,0,1,12,0,0,0,0,0,0,2,0,0,0,4,0,0,9,0,0,0,9,0,0,0,0,0,0,0,0,0,0,1.0139849540544672,2.012894396969073,0,0,0,-1.00425611,-13.4501095,0,0,0,0,0,0,3.791390011136584,0,0,0,13.558125664585802,0,0,-11.06403473,0,0,0,102.90433598994626,0,0,0,0,0,0,0.2682917050341519,0.917298628544304,22743.224770856035,1.3610853118498616,0.2715223482287043,-0.651653636,22,11,18,15,0,0,0,0,0.6545454545454545,3,0.3272727272727272,178
O=[N+]([O-])c1cc([N+](=O)[O-])c(/C=N/Nc2c([N+](=O)[O-])cc([N+](=O)[O-])cc2[N+](=O)[O-])c([N+](=O)[O-])c1,252.98688,1,20,0,0,0,2,2,14,1,20,2,9,0,1,0,6,6,2,0.30771922316677,-0.265943637,-1.213660242,283.23,0,0,0,0,1,4,0,0,0,0,8,0,0,0,0,0,0,1,0,0,0,1,0,0,6,0,0,0,6,0,0,0,0,0,0,0,0,0,0,0.3837862181909799,1.5411923658352218,0,0,0,0,-8.426935848,0,0,0,0,0,0,1.813289635298564,0,0,0,3.300631141345427,0,0,-7.070506084,0,0,0,66.64593795225218,0,0,0,0,0,0,0.2519565528269876,0.9576340262966424,8635.794959023226,1.0484409495892852,0.2402222055401245,-0.583396785,13,6,12,8,0,0,0,0,0.7272727272727273,2,0.3636363636363636,208
O=[N+]([O-])c1cc([N+](=O)[O-])c(/C=N/Nc2nnc(N/N=C/c3c([N+](=O)[O-])cc([N+](=O)[O-])cc3[N+](=O)[O-])nn2)c([N+](=O)[O-])c1,252.1745,2,26,0,0,0,2,3,20,2,26,3,12,0,2,0,6,6,2,0.2915629831288534,-0.258302309,-1.095377324,359.1799999999999,0,0,0,0,2,4,0,0,0,0,10,0,0,0,0,0,0,2,0,0,0,2,4,0,6,0,0,0,6,0,0,0,0,0,0,0,0,0,0,1.2020153737956767,1.9796018136661435,0,0,0,0,-8.150854021,0,0,0,0,0,0,4.196394491140717,0,0,0,6.982923341011919,13.908561867558982,0,-6.495804378,0,0,0,67.02191408930562,0,0,0,0,0,0,0.0895457983169768,0.9488099410348902,25422.408932044254,0.6825264215189937,0.3331486284814878,-0.652699354,16,8,12,14,0,0,0,0,0.5714285714285714,2,0.4285714285714285,230
O=[N+]([O-])c1cc([N+](=O)[O-])c(/C=N/Nc2nnc(-n3ncc4c([N+](=O)[O-])cc([N+](=O)[O-])cc43)nn2)c([N+](=O)[O-])c1,241.95793,1,23,0,0,0,2,4,18,1,23,4,9,0,1,0,5,5,3,0.2915629831288534,-0.258304852,-1.070593594,309.4699999999999,0,0,0,0,1,5,0,0,0,0,8,2,0,0,0,0,0,1,0,0,0,1,5,0,5,1,0,0,5,0,0,0,0,0,0,0,0,0,0,0.635453378663779,3.855362370845654,0,0,0,0,-5.48253386,-0.163603607,0,0,0,0,0,2.1554311639205217,0,0,0,3.5457434598163315,18.43917955313907,0,-4.849275369,0.8948162845385066,0,0,56.06804664577382,0,0,0,0,0,0,0.1418956504827684,0.974198924003061,18075.468976279903,1.004716360124454,0.3362195254871023,-0.753722892,16,7,10,13,0,0,0,0,0.5128205128205128,2,0.5897435897435898,266
O=[N+]([O-])c1cc([N+](=O)[O-])c(-c2nnc(-c3nnc(-c4c([N+](=O)[O-])cc([N+](=O)[O-])cc4[N+](=O)[O-])o3)o2)c([N+](=O)[O-])c1,270.09048,0,24,0,0,0,2,4,18,0,24,4,9,0,0,0,6,6,2,0.3057226336961514,-0.411635473,-1.183666213,336.6799999999999,0,0,0,0,0,4,0,0,0,0,12,0,0,0,0,0,0,0,0,0,0,0,4,0,6,0,0,0,6,0,2,0,0,0,0,0,0,0,0,0,1.6264462582851136,0,0,0,0,-11.84702178,0,0,0,0,0,0,0,0,0,0,0,13.689991755145074,0,-6.957753551,0,0,0,68.10551033359079,0,10.277316648065204,0,0,0,0,0.1210247345617652,0.8990999912487077,17524.490422727846,0.3547837460645357,0.2498821983921863,-0.571159311,16,4,14,10,0,0,0,0,0.6,2,0.55,335
O=[N+]([O-])c1cc([N+](=O)[O-])c(F)c([N+](=O)[O-])c1,239.22452,0,9,0,0,0,1,1,6,0,10,1,3,0,0,0,3,3,1,0.3183933055040626,-0.258302288,-1.707777778,129.42000000000002,0,0,0,0,0,2,0,0,0,0,4,0,0,0,0,0,0,0,0,0,0,0,0,0,3,0,0,0,3,0,0,1,0,0,0,0,0,0,0,0,0.6435185185185182,0,0,0,0,-5.234074074,0,0,0,0,0,0,0,0,0,0,0,0,0,-3.620925926,0,0,0,30.8832955404384,0,0,13.111557067271352,0,0,0,0.4720273620368084,0.527972637970927,1950.117679015435,3.2139976385439567e-06,0.1817434388454964,-0.48464917,6,2,6,3,0,0,0,0,0.75,1,0.375,350.6
O=[N+]([O-])c1cc([N+](=O)[O-])c(N2c3nonc3-c3no[n+]([O-])c3-c3nonc32)c([N+](=O)[O-])c1,272.91885,0,20,0,1,1,1,4,16,0,20,5,4,0,0,0,3,3,1,0.306864999453939,-0.358947131,-1.088196177,263.4699999999999,0,0,0,0,0,2,0,0,0,0,10,0,0,0,0,0,0,0,0,0,0,0,5,1,3,1,0,0,3,0,3,0,0,0,0,0,0,0,0,0,1.0041632023179643,0,0,0,0,-6.225960359,0,0,0,0,0,0,0,0,0,0,0,17.756935338924876,0.6937887377173091,-3.218059417,-0.098226429,0,0,34.68701915915841,0,13.76855032233279,0,0,0,0,0.3405352722085915,0.9256080263731004,5683.29315397201,1.0779556169895077,0.3137550200803211,-0.537865749,12,2,10,10,0,0,0,0,0.375,1,0.65625,317
O=[N+]([O-])c1cc([N+](=O)[O-])c(N2c3nonc3-c3nonc3-c3nonc32)c([N+](=O)[O-])c1,289.4662,0,19,0,1,1,1,4,16,0,19,5,4,0,0,0,3,3,1,0.3068649802897292,-0.258302295,-1.042092782,249.4199999999999,0,0,0,0,0,2,0,0,0,0,10,0,0,0,0,0,0,0,0,0,0,0,6,1,3,0,0,0,3,0,3,0,0,0,0,0,0,0,0,0,1.0963699924414212,0,0,0,0,-4.781204754,0,0,0,0,0,0,0,0,0,0,0,21.83691521047762,0.7926776266061979,-3.094530313,0,0,0,34.654063338323795,0,14.008312227094695,0,0,0,0,0.357705627556249,0.9206825061685668,5172.697636595782,1.046914522940061,0.3254232245257536,-0.595059611,12,2,9,10,0,0,0,0,0.3870967741935484,1,0.6774193548387096,333
O=[N+]([O-])c1cc([N+](=O)[O-])c(Nc2nc(Nc3c([N+](=O)[O-])cc([N+](=O)[O-])cc3[N+](=O)[O-])c([N+](=O)[O-])cc2[N+](=O)[O-])c([N+](=O)[O-])c1,263.61545,2,27,0,0,0,2,3,19,2,27,3,12,0,2,0,8,6,2,0.3182785332399835,-0.32304158,-1.392125476,382.07,0,0,0,0,0,5,0,0,0,0,12,0,0,0,0,0,0,2,0,0,0,0,1,0,8,0,0,0,8,0,0,0,0,0,0,0,0,0,0,0,1.0407012681615844,0,0,0,0,-15.67808934,0,0,0,0,0,0,3.6653343196272488,0,0,0,0,3.4588759763164525,0,-10.61317154,0,0,0,92.063174660271,0,0,0,0,0,0,0.5741510591901311,0.8332946891023644,8563.951899146445,1.2310718301556651,0.2478657790711147,-0.553674208,17,7,16,11,0,0,0,0,0.7272727272727273,2,0.4090909090909091,360
O=[N+]([O-])c1cc([N+](=O)[O-])c2[n-][n+]3nc4c([N+](=O)[O-])c(Cl)c([N+](=O)[O-])cc4n3c2c1,277.03256,0,16,0,0,0,2,4,10,0,17,4,4,0,0,0,4,4,2,0.3109129026511387,-0.258305549,-0.974447279,208.06,0,0,0,0,0,3,0,0,0,0,5,4,0,0,0,0,0,0,0,0,0,0,2,0,4,2,0,0,4,0,0,0,1,0,0,0,0,0,0,0,2.491540112958763,0,0,0,0,-3.822370279,-1.158491119,0,0,0,0,0,0,0,0,0,0,7.684616402116402,0,-3.705189804,1.652886117409927,0,0,45.092430039764096,0,0,0,5.783259601471782,0,0,0.2549942396212112,0.7530064187087324,7696.293006368199,0.1063650171054939,0.2649902876327612,-0.662475719,12,3,8,8,0,0,0,0,0.5517241379310345,2,0.7586206896551724,334.1
O=[N+]([O-])c1cc([N+](=O)[O-])c2[n-][n+]3nc4c([N+](=O)[O-])cc([N+](=O)[O-])nc4n3c2c1,271.8054,0,17,0,0,0,1,4,11,0,17,4,4,0,0,0,4,2,2,0.3709711836507223,-0.357793767,-0.97226285,220.95,0,0,0,0,0,3,0,0,0,0,4,4,0,0,0,0,0,0,0,0,0,0,3,0,4,2,0,0,4,0,0,0,0,0,0,0,0,0,0,0,2.209400982615268,0,0,0,0,-2.995534979,-1.357397959,0,0,0,0,0,0,0,0,0,0,11.292868480725623,0,-3.673310658,1.5698922902494328,0,0,44.643707587973466,0,0,0,0,0,0,0.290796401535587,0.7092035985412131,6609.537214674991,1.66139746693618e-05,0.3237410071942445,-0.637204522,11,3,8,9,0,0,0,0,0.5714285714285714,1,0.7857142857142857,366
O=[N+]([O-])c1cc([N+](=O)[O-])c2[nH]nnc2c1,265.88733,1,9,0,0,0,1,2,6,1,9,2,2,0,1,0,2,2,2,0.3029234208238506,-0.258304831,-0.726990741,127.85,0,0,0,0,0,2,0,0,0,0,2,2,0,0,0,0,0,0,1,0,0,0,2,0,2,0,0,0,2,0,0,0,0,0,0,0,0,0,0,0,1.9801851851851848,0,0,0,0,-0.798796296,0.1680555555555563,0,0,0,0,0,0,2.31026171579743,0,0,0,6.83312358276644,0,-1.448101852,0,0,0,21.0609693877551,0,0,0,0,0,0,0.371988254067096,0.630799938689879,1594.529661011136,0.0426838903810361,0.334734436044204,-0.726851918,6,3,4,5,0,0,0,0,0.5333333333333333,1,0.7333333333333333,291
O=[N+]([O-])c1cc([N+](=O)[O-])c2cc1Oc1cc(c([N+](=O)[O-])c(Br)c1[N+](=O)[O-])Oc1cc(c([N+](=O)[O-])cc1[N+](=O)[O-])Oc1cc(c([N+](=O)[O-])c(Br)c1[N+](=O)[O-])O2,252.15079,0,28,0,1,1,4,4,20,0,30,5,8,0,0,0,8,8,0,0.3324354216100612,-0.442517528,-1.340660927,382.04,0,0,0,0,0,6,0,0,0,0,18,0,0,0,0,0,0,0,0,0,0,0,0,0,8,0,0,0,8,4,0,0,0,2,0,0,0,0,0,0,1.6899325180791622,0,0,0,0,-22.13613809,0,0,0,0,0,0,0,0,0,0,0,0,0,-10.2957511,0,0,0,96.71484750139456,21.54733663509276,0,0,0,5.264925029925099,0,0.6734707326258412,0.9051483905996794,17730.848979929768,1.7847327274843456,0.1263885816944194,-0.559720862,24,6,20,8,0,0,0,0,0.5925925925925926,4,0.4444444444444444,388.35
O=[N+]([O-])c1cc([N+](=O)[O-])c2cc1Oc1cc(c([N+](=O)[O-])cc1[N+](=O)[O-])Oc1cc(c([N+](=O)[O-])cc1[N+](=O)[O-])Oc1cc(c([N+](=O)[O-])cc1[N+](=O)[O-])O2,260.18915,0,28,0,1,1,4,4,20,0,28,5,8,0,0,0,8,8,0,0.3182424525631674,-0.442565641,-1.298004055,382.04,0,0,0,0,0,8,0,0,0,0,16,0,0,0,0,0,0,0,0,0,0,0,0,0,8,0,0,0,8,4,0,0,0,0,0,0,0,0,0,0,2.136009977810121,0,0,0,0,-19.45634249,0,0,0,0,0,0,0,0,0,0,0,0,0,-10.21338198,0,0,0,95.45712411518048,21.286132931389066,0,0,0,0,0,0.7296108061446731,0.7483232878114129,13569.349801204884,1.7964037829101434,0.1537692692115479,-0.702945231,24,8,20,8,0,0,0,0,0.6153846153846154,4,0.4615384615384615,375.5
O=[N+]([O-])c1cc([N+](=O)[O-])c2n[n+]3[n-]c4c([N+](=O)[O-])c(Cl)c([N+](=O)[O-])cc4n3c2c1,277.03256,0,16,0,0,0,2,4,10,0,17,4,4,0,0,0,4,4,2,0.3109129026511387,-0.258305549,-0.974447279,208.06,0,0,0,0,0,3,0,0,0,0,5,4,0,0,0,0,0,0,0,0,0,0,2,0,4,2,0,0,4,0,0,0,1,0,0,0,0,0,0,0,2.491540112958763,0,0,0,0,-3.822370279,-1.158491119,0,0,0,0,0,0,0,0,0,0,7.684616402116402,0,-3.705189804,1.652886117409927,0,0,45.092430039764096,0,0,0,5.783259601471782,0,0,0.255077201808257,0.7529235522230032,7697.800920561377,0.1064722407437422,0.2649902876327612,-0.662475719,12,3,8,8,0,0,0,0,0.5517241379310345,2,0.7586206896551724,324.5
O=[N+]([O-])c1cc([N+](=O)[O-])n(/N=N/n2nc([N+](=O)[O-])cc2[N+](=O)[O-])n1,260.89566,0,18,0,0,0,0,2,14,0,18,2,6,0,0,0,4,0,0,0.4228245097623938,-0.357736744,-1.07046501,232.92,0,0,0,0,0,2,0,0,0,0,4,0,0,0,0,0,0,0,0,0,0,2,2,0,4,2,0,0,4,0,0,0,0,0,0,0,0,0,0,0,0.942403313177122,0,0,0,0,-3.784528744,0,0,0,0,0,0,0,0,0,0,6.148654572940288,6.266255039052658,0,-4.223822157,0.2130404383975814,0,0,42.552332101854105,0,0,0,0,0,0,0.254304398814005,0.7456956020288008,5555.8140490953565,5.287930364053584e-05,0.4091844369622145,-0.233819678,6,2,8,10,0,0,0,0,0.6666666666666666,0,0.4166666666666667,240
O=[N+]([O-])c1cc([N+](=O)[O-])n(C([N+](=O)[O-])([N+](=O)[O-])[N+](=O)[O-])n1,94.88836,0,17,0,0,0,0,1,12,0,17,1,6,0,0,0,5,0,0,0.8977215421744824,-0.357790535,-4.503310185,233.52,0,0,0,0,0,1,0,0,0,0,2,0,1,0,0,0,0,0,0,0,0,0,1,0,5,1,0,0,5,0,0,0,0,0,0,0,0,0,0,0,0.0190972222222223,0,0,0,0,-3.066273148,0,-4.503310185,0,0,0,0,0,0,0,0,0,2.618148148148148,0,-9.107614796,-0.84212963,0,0,53.23270786092215,0,0,0,0,0,0,0.4741926229406436,0.7898197997176475,2316.8411835100837,0.5567361689351666,0.3191236473879078,0.0781527299725488,4,1,10,7,0,0,1,0,0.8571428571428571,0,0.238095238095238,143
O=[N+]([O-])c1cc([N+](=O)[O-])n(-c2nc[nH]n2)n1,280.6908,1,11,0,0,0,0,2,8,1,11,2,3,0,1,0,2,0,0,0.4204708289008785,-0.357789274,-0.837148526,145.67000000000002,0,0,0,0,0,2,0,0,0,0,3,0,0,0,0,0,0,0,1,0,0,0,3,0,2,1,0,0,2,0,0,0,0,0,0,0,0,0,0,0,1.905686885865457,0,0,0,0,-1.358703704,0,0,0,0,0,0,0,2.3184519085411943,0,0,0,10.552821239606953,0,-1.646315193,0.6752314814814813,0,0,21.02641369047619,0,0,0,0,0,0,0.319389864633493,0.703477701342629,1879.621453947779,0.2104870603190512,0.4353156482649561,-0.533039569,5,3,4,7,0,0,0,0,0.5,0,0.625,300
O=[N+]([O-])c1cc([N+](=O)[O-])n(-c2nonc2[N+](=O)[O-])n1,228.07121,0,14,0,0,0,0,2,11,0,14,2,4,0,0,0,3,0,0,0.486846881805388,-0.357790077,-1.024729781,186.16,0,0,0,0,0,1,0,0,0,0,4,0,0,0,0,0,0,0,0,0,0,0,3,0,3,1,0,0,3,0,1,0,0,0,0,0,0,0,0,0,0.5261961451247164,0,0,0,0,-3.444077853,0,0,0,0,0,0,0,0,0,0,0,9.202673847316705,0,-3.037378118,0.2983796296296295,0,0,31.7749964569161,0,4.0708801020408165,0,0,0,0,0.3740903002424648,0.8345268774991995,2219.2777369073847,0.6712991361847511,0.3614835580310211,-0.206562033,5,1,7,7,0,0,0,0,0.631578947368421,0,0.5263157894736842,225
O=[N+]([O-])c1cc([N+](=O)[O-])n(CN(Cn2nc([N+](=O)[O-])cc2[N+](=O)[O-])[N+](=O)[O-])n1,191.08,0,20,0,0,0,0,2,14,0,20,2,9,0,0,0,5,0,0,0.4198653832566594,-0.357801514,-1.144366969,254.58,0,0,2,0,0,2,0,0,0,0,4,0,0,0,0,0,0,0,0,0,0,0,2,1,5,2,0,0,5,0,0,0,0,0,0,0,0,-2.107211829,0,0,0.915333486725983,0,0,0,0,-3.842220189,0,0,0,0,0,0,0,0,0,0,0,6.487600781053162,0.1185034013605441,-5.447875481,0.620395565633661,0,0,54.46107046509554,0,0,0,0,0,0,0.319489921894634,0.8224785322358232,5780.682356900914,0.9034755749719924,0.3480889914370107,-0.358034391,8,6,10,10,1,0,0,0,0.7142857142857143,0,0.3571428571428571,250
O=[N+]([O-])c1cc(C(F)(F)F)ccc1-n1ccnn1,256.4588,0,6,0,0,0,1,2,5,0,9,2,2,0,0,0,1,1,0,0.4161630844865212,-0.258240826,-4.633277353,73.85,0,0,0,0,0,5,0,0,0,0,3,0,1,0,0,0,0,0,0,0,0,0,2,0,1,1,0,0,1,0,0,3,0,0,0,0,0,0,0,0,4.7714820719954645,0,0,0,0,-1.848249717,0,-4.633277353,0,0,0,0,0,0,0,0,0,6.940684169501134,0,-0.896574074,1.0260789871504157,0,0,10.772819349962209,0,0,37.34421721466365,0,0,0,0.2250350813415209,0.8445741479109516,2542.4837108877737,0.3606968081390001,0.2169205799526649,-1.146580208,9,5,2,4,0,0,0,0,0.2222222222222222,1,0.6111111111111112,237
O=[N+]([O-])c1cc(-c2cc([N+](=O)[O-])n[nH]2)[nH]n1,275.45197,2,10,0,0,0,0,2,6,2,10,2,3,0,2,0,2,0,0,0.3898896176486341,-0.35774212,-0.675812232,143.64,0,0,0,0,0,2,0,0,0,0,4,0,0,0,0,0,0,0,2,0,0,0,2,0,2,0,0,0,2,0,0,0,0,0,0,0,0,0,0,0,2.300077475434618,0,0,0,0,-0.223049887,0,0,0,0,0,0,0,4.740245653817082,0,0,0,6.80896447467876,0,-1.351624465,0,0,0,20.69602670697909,0,0,0,0,0,0,0.1176932542483645,0.8823067458347484,2706.408133189803,2.0154508531428204e-05,0.3747724595781132,-0.713852304,6,4,4,6,0,0,0,0,0.5,0,0.625,376
O=[N+]([O-])c1cc(-c2cc([N+](=O)[O-])nn2[N+](=O)[O-])n([N+](=O)[O-])n1,136.87114,0,16,0,0,0,0,2,12,0,16,2,5,0,0,0,4,0,0,0.394562697814273,-0.35774026,-1.189035336,208.2,0,0,0,0,0,2,0,0,0,0,4,0,0,0,0,0,0,0,0,0,0,0,2,0,4,2,0,0,4,0,0,0,0,0,0,0,0,0,0,0,1.118133030990174,0,0,0,0,-3.36212774,0,0,0,0,0,0,0,0,0,0,0,6.05021164021164,0,-4.507472915,-0.224459562,0,0,42.79619110607206,0,0,0,0,0,0,0.3428258951697246,0.8176287688479051,3418.380150173423,0.695054025634768,0.3565402858689078,-0.254671633,6,2,8,8,2,0,0,0,0.7272727272727273,0,0.4545454545454545,152
O=[N+]([O-])c1cc(-c2nnc(-c3[nH]nc([N+](=O)[O-])c3[N+](=O)[O-])o2)[nH]n1,282.00092,2,16,0,0,0,0,3,11,2,16,3,5,0,2,0,3,0,0,0.4678819287350338,-0.412713401,-1.047949578,225.7,0,0,0,0,0,1,0,0,0,0,7,0,0,0,0,0,0,0,2,0,0,0,4,0,3,0,0,0,3,0,1,0,0,0,0,0,0,0,0,0,1.001104812295288,0,0,0,0,-3.700078486,0,0,0,0,0,0,0,4.351072767069791,0,0,0,13.636580113475858,0,-2.837378232,0,0,0,32.298502951940904,0,5.118359788359788,0,0,0,0,0.0870084215679876,0.9211088569386368,6697.277775669772,0.1494105862915173,0.3737009443363546,-0.498267926,8,3,7,9,0,0,0,0,0.5,0,0.625,254
O=[N+]([O-])c1cc(-c2no[n+]([O-])c2[N+](=O)[O-])ccc1-c1no[n+]([O-])c1[N+](=O)[O-],121.69784,0,17,0,0,0,1,3,12,0,17,3,5,0,0,0,3,1,0,0.4956651631063259,-0.323146876,-1.19845679,235.36,0,0,0,0,0,3,0,0,0,0,7,0,0,0,0,0,0,0,0,0,0,0,2,0,3,2,0,0,3,0,2,0,0,0,0,0,0,0,0,0,2.6947808012093724,0,0,0,0,-5.233002803,0,0,0,0,0,0,0,0,0,0,0,6.310137944066515,0,-3.245795489,-1.047926536,0,0,33.20993899150059,0,8.219190780025917,0,0,0,0,0.1836917460462575,0.9602095945592044,5707.301708070531,0.723565394697056,0.2571011063218013,-0.482720445,10,3,10,7,0,0,0,0,0.4444444444444444,1,0.5925925925925926,199
O=[N+]([O-])c1cc(-n2ccnn2)cc(C(F)(F)F)c1-n1nnnc1[N+](=O)[O-],249.12584,0,13,0,0,0,1,3,11,0,16,3,4,0,0,0,2,1,0,0.4844899156199522,-0.389716498,-5.114580026,160.59,0,0,0,0,0,4,0,0,0,0,5,0,1,0,0,0,0,0,0,0,0,0,5,0,2,2,0,0,2,0,0,3,0,0,0,0,0,0,0,0,3.574033901337293,0,0,0,0,-5.412501207,0,-5.114580026,0,0,0,0,0,0,0,0,0,15.864001822925884,0,-2.313868733,0.908825900730662,0,0,22.26099045755431,0,0,40.55544075963719,0,0,0,0.3730676533038,0.8101133005157701,4121.952762014099,0.6226788727413676,0.3394442274276324,-0.77587252,10,4,4,9,0,0,0,0,0.3076923076923077,1,0.6153846153846154,261
O=[N+]([O-])c1cc(-n2cncc2[N+](=O)[O-])cc([N+](=O)[O-])c1[N+](=O)[O-],251.06723,0,14,0,0,0,1,2,10,0,14,2,5,0,0,0,4,3,0,0.4221398128933079,-0.357846489,-1.313408919,190.38,0,0,0,0,0,4,0,0,0,0,5,0,0,0,0,0,0,0,0,0,0,0,1,0,4,1,0,0,4,0,0,0,0,0,0,0,0,0,0,0,2.9637474804736703,0,0,0,0,-4.642071051,0,0,0,0,0,0,0,0,0,0,0,3.474053445452255,0,-4.496786502,0.7259183673469392,0,0,43.654235796170326,0,0,0,0,0,0,0.3485323022565723,0.7758308971576581,3587.383962980071,0.6242371595944869,0.2591272962842996,-0.592290963,9,4,8,6,0,0,0,0,0.6956521739130435,1,0.4782608695652174,158
O=[N+]([O-])c1cc(-n2cnnn2)cc([N+](=O)[O-])c1O,273.53598,1,11,0,0,0,1,2,9,1,11,2,3,0,0,0,2,2,0,0.3197134745477867,-0.497311507,-1.012199546,150.11,0,0,0,0,0,3,0,0,0,0,4,0,0,0,0,0,0,0,0,0,0,0,3,0,2,1,0,1,2,0,0,0,0,0,0,0,0,0,0,0,2.969463340891912,0,0,0,0,-2.608866213,0,0,0,0,0,0,0,0,0,0,0,10.046215986394555,0,-1.86866969,0.9994444444444446,0,9.407347883597884,21.36086545729403,0,0,0,0,0,0,0.3721235361306579,0.6446136567177432,2543.742747601892,0.1550404893674771,0.3331403234633902,-0.698008297,7,4,5,6,0,0,0,0,0.4444444444444444,1,0.6111111111111112,175
O=[N+]([O-])c1cc(-n2cnnn2)nn1C([N+](=O)[O-])([N+](=O)[O-])[N+](=O)[O-],92.368546,0,18,0,0,0,0,2,14,0,18,2,6,0,0,0,4,0,0,0.880529449610305,-0.357837138,-4.324738757,233.98,0,0,0,0,0,2,0,0,0,0,2,0,1,0,0,0,0,0,0,0,0,0,4,0,4,2,0,0,4,0,0,0,0,0,0,0,0,0,0,0,1.3652470710506426,0,0,0,0,-1.947013889,0,-4.324738757,0,0,0,0,0,0,0,0,0,12.76812074829932,0,-7.074193594,0.1231254724111869,0,0,43.83639314058957,0,0,0,0,0,0,0.3675460380058823,0.8345452212448552,3101.545204243792,0.490589793069872,0.4240715105730114,-0.145395946,5,2,8,10,0,0,1,0,0.6086956521739131,0,0.4347826086956521,132
O=[N+]([O-])c1cc2c(n[n+]3[n-]c4c([N+](=O)[O-])c(Cl)c([N+](=O)[O-])cc4n23)c([N+](=O)[O-])c1Cl,276.4331,0,16,0,0,0,2,4,10,0,18,4,4,0,0,0,4,4,0,0.3109129026513426,-0.258259032,-0.991443164,208.06,0,0,0,0,0,2,0,0,0,0,6,4,0,0,0,0,0,0,0,0,0,0,2,0,4,2,0,0,4,0,0,0,2,0,0,0,0,0,0,0,1.6767072940287224,0,0,0,0,-5.057919571,-1.423195389,0,0,0,0,0,0,0,0,0,0,7.647588813303099,0,-3.928996389,1.5622688334593096,0,0,45.41962471377696,0,0,0,11.57318586961023,0,0,0.2267233094470225,0.7868393285921171,8877.332849352593,0.2025476096594844,0.245021898832208,-0.595053183,12,2,8,8,0,0,0,0,0.5333333333333333,2,0.7333333333333333,302.5
O=[N+]([O-])c1ccc(-c2c([N+](=O)[O-])no[n+]2[O-])cc1-c1c([N+](=O)[O-])no[n+]1[O-],121.584564,0,17,0,0,0,1,3,12,0,17,3,5,0,0,0,3,1,0,0.4405075363215445,-0.358871732,-1.138825612,235.36,0,0,0,0,0,3,0,0,0,0,7,0,0,0,0,0,0,0,0,0,0,0,2,0,3,2,0,0,3,0,2,0,0,0,0,0,0,0,0,0,2.474377362055933,0,0,0,0,-5.630831496,0,0,0,0,0,0,0,0,0,0,0,5.836946806500379,0,-3.146488646,-0.783840545,0,0,33.15880962878979,0,8.238036265432099,0,0,0,0,0.4080421071046742,0.7762485882546878,4462.2453930395695,0.8504517628456916,0.2571011063218013,-0.482720445,10,3,10,7,0,0,0,0,0.4444444444444444,1,0.5925925925925926,173
O=[N+]([O-])c1cccc(-c2c([N+](=O)[O-])no[n+]2[O-])c1,138.14813,0,10,0,0,0,1,2,7,0,10,2,3,0,0,0,2,1,1,0.4402307835910444,-0.358871707,-0.910648148,139.25,0,0,0,0,0,4,0,0,0,0,4,0,0,0,0,0,0,0,0,0,0,0,1,0,2,1,0,0,2,0,1,0,0,0,0,0,0,0,0,0,4.816514550264549,0,0,0,0,-1.607087113,0,0,0,0,0,0,0,0,0,0,0,2.972668178382464,0,-1.593200113,-0.169452003,0,0,21.198331207482997,0,4.111293934240363,0,0,0,0,0.3419094957671389,0.7686612850954361,2247.943575346755,0.6240444944498443,0.2220970722846649,-0.761475676,8,4,6,4,0,0,0,0,0.4444444444444444,1,0.6111111111111112,175
O=[N+]([O-])c1cccc(-c2no[n+]([O-])c2[N+](=O)[O-])c1,138.23868,0,10,0,0,0,1,2,7,0,10,2,3,0,0,0,2,1,1,0.4953809889452599,-0.323146876,-0.974537037,139.25,0,0,0,0,0,4,0,0,0,0,4,0,0,0,0,0,0,0,0,0,0,0,1,0,2,1,0,0,2,0,1,0,0,0,0,0,0,0,0,0,4.934908824640967,0,0,0,0,-1.508615835,0,0,0,0,0,0,0,0,0,0,0,3.2188643235071805,0,-1.6405428,-0.366898148,0,0,21.21604804421769,0,4.111293934240363,0,0,0,0,0.2723947930403947,0.8094951060713997,2359.611669279684,0.4804653770422,0.222097072284665,-0.761475676,8,4,6,4,0,0,0,0,0.4444444444444444,1,0.6111111111111112,162
O=[N+]([O-])c1ccn(C([N+](=O)[O-])[N+](=O)[O-])n1,129.7122,0,11,0,0,0,0,1,8,0,11,1,4,0,0,0,3,0,0,0.5698390925234667,-0.357742239,-2.348425926,147.24,0,0,0,0,0,2,1,0,0,0,1,0,0,0,0,0,0,0,0,0,0,0,1,0,3,1,0,0,3,0,0,0,0,0,0,0,0,0,0,0,1.6333333333333333,-2.348425926,0,0,0,-0.691018519,0,0,0,0,0,0,0,0,0,0,0,3.086851851851852,0,-3.332437642,0.3037037037037038,0,0,30.67399659863945,0,0,0,0,0,0,0.2555895194617005,0.9180632898730724,1631.6727202715329,0.7436161997482319,0.3224365145534023,-0.257949212,4,3,6,5,0,0,0,1,0.7333333333333333,0,0.3333333333333333,135.8
O=[N+]([O-])c1ccn(CC(F)([N+](=O)[O-])[N+](=O)[O-])n1,101.154854,0,11,0,0,0,0,1,8,0,12,1,5,0,0,0,3,0,0,0.6354316344850747,-0.35774229,-3.972332766,147.24,0,0,1,0,0,2,0,0,0,0,1,0,1,0,0,0,0,0,0,0,0,0,1,0,3,1,0,0,3,0,0,1,0,0,0,0,0,-1.360277778,0,0,1.666443216175359,0,0,0,0,-0.695327853,0,-3.972332766,0,0,0,0,0,0,0,0,0,3.1282638888888887,0,-4.393097128,0.4203703703703705,0,0,30.65913879440665,0,0,13.304347127739986,0,0,0,0.2230037026445935,0.9349546452900088,2115.334120430811,0.7015219282277632,0.2809958492898833,-0.385365736,5,4,6,5,0,0,0,1,0.6470588235294118,0,0.2941176470588235,173
O=[N+]([O-])c1cn(/N=N/n2cc([N+](=O)[O-])c([N+](=O)[O-])n2)nc1[N+](=O)[O-],266.11176,0,18,0,0,0,0,2,14,0,18,2,6,0,0,0,4,0,0,0.4695775237442856,-0.357561135,-1.131202322,232.92,0,0,0,0,0,2,0,0,0,0,4,0,0,0,0,0,0,0,0,0,0,2,2,0,4,2,0,0,4,0,0,0,0,0,0,0,0,0,0,0,1.0991244646006548,0,0,0,0,-4.180087344,0,0,0,0,0,0,0,0,0,0,6.345272108843537,6.304244771982868,0,-4.427587066,0.6579629629629631,0,0,42.43386838390086,0,0,0,0,0,0,0.1215111791338818,0.885481393848839,7199.851802228283,0.1454939595530474,0.4091844369622147,-0.233819678,6,2,8,10,0,0,0,0,0.6666666666666666,0,0.4166666666666667,223
O=[N+]([O-])c1cn(/N=N/n2cc([N+](=O)[O-])nc2[N+](=O)[O-])c([N+](=O)[O-])n1,273.71106,0,18,0,0,0,0,2,14,0,18,2,6,0,0,0,4,0,0,0.4641346138860915,-0.389761862,-1.114292958,232.92,0,0,0,0,0,2,0,0,0,0,4,0,0,0,0,0,0,0,0,0,0,2,2,0,4,2,0,0,4,0,0,0,0,0,0,0,0,0,0,0,1.0531903502141595,0,0,0,0,-4.038000966,0,0,0,0,0,0,0,0,0,0,6.290876795162509,6.1130930335097,0,-4.304919411,0.5152626606198036,0,0,42.51858210185411,0,0,0,0,0,0,0.2179400523865778,0.8124045788692646,5542.683733611861,0.3474966717598926,0.4091844369622147,-0.233819678,6,2,8,10,0,0,0,0,0.6666666666666666,0,0.4166666666666667,258
O=[N+]([O-])c1cn(/N=N/n2cc([N+](=O)[O-])nn2)nn1,284.00812,0,14,0,0,0,0,2,12,0,14,2,4,0,0,0,2,0,0,0.4124563329921823,-0.357700751,-0.764555636,172.41999999999996,0,0,0,0,0,2,0,0,0,0,2,0,0,0,0,0,0,0,0,0,0,2,4,0,2,2,0,0,2,0,0,0,0,0,0,0,0,0,0,0,1.795319979843789,0,0,0,0,-1.030516923,0,0,0,0,0,0,0,0,0,0,6.707358276643991,12.863278218694886,0,-1.529111273,1.4000925925925929,0,0,20.56345623051792,0,0,0,0,0,0,0.0699550377972199,0.930044962540488,4216.041063220653,3.542794270003785e-05,0.5509078173819285,-0.314804467,4,2,4,10,0,0,0,0,0.4444444444444444,0,0.5555555555555556,177
O=[N+]([O-])C1CN([N+](=O)[O-])CN([N+](=O)[O-])C1,154.95695,0,11,0,1,1,0,0,6,0,11,1,3,0,0,0,3,0,0,0.2585486072959617,-0.26410245,-1.324490741,135.9,0,0,3,0,0,0,1,0,0,0,0,0,0,0,0,0,0,0,0,0,0,0,0,2,3,0,0,0,3,0,0,0,0,0,0,0,0,-1.40375,0,0,0,-1.324490741,0,0,0,0,0,0,0,0,0,0,0,0,0,0,0,0,0.8884259259259257,-2.523333333,0,0,0,31.098240740740746,0,0,0,0,0,0,0.4535763368008301,0.7213071129347597,1453.5981100028102,0.682296147276507,0.3165573036553323,-0.397957753,4,7,6,5,2,0,0,0,0.8,0,0.4,150.6
O=[N+]([O-])c1cn([N+](=O)[O-])nc1-c1nc(-c2nonc2[N+](=O)[O-])no1,155.87096,0,17,0,0,0,0,3,14,0,17,3,5,0,0,0,3,0,0,0.4456231125255092,-0.357639441,-1.027605523,225.07999999999996,0,0,0,0,0,1,0,0,0,0,6,0,0,0,0,0,0,0,0,0,0,0,5,0,3,1,0,0,3,0,2,0,0,0,0,0,0,0,0,0,0.5270959309649781,0,0,0,0,-3.74929057,0,0,0,0,0,0,0,0,0,0,0,16.55996163123192,0,-2.904499647,0.0807996346686819,0,0,32.29778947483493,0,8.890354070232316,0,0,0,0,0.2574367194114259,0.7707377554243129,5036.267359665958,0.3148947762907537,0.371527982544082,-0.306658017,7,1,8,9,1,0,0,0,0.5,0,0.625,172
O=[N+]([O-])c1cn([N+](=O)[O-])nc1-c1nn([N+](=O)[O-])cc1[N+](=O)[O-],129.97546,0,16,0,0,0,0,2,12,0,16,2,5,0,0,0,4,0,0,0.3513193967555267,-0.338834529,-1.132114198,208.2,0,0,0,0,0,2,0,0,0,0,4,0,0,0,0,0,0,0,0,0,0,0,2,0,4,2,0,0,4,0,0,0,0,0,0,0,0,0,0,0,0.7861885865457292,0,0,0,0,-3.606670446,0,0,0,0,0,0,0,0,0,0,0,6.379950869236584,0,-4.436373142,-0.106404006,0,0,42.82498740236836,0,0,0,0,0,0,0.3712353422257065,0.777744813137287,3446.110560597736,0.6963409492475169,0.3565402858689077,-0.254671633,6,2,8,8,2,0,0,0,0.7272727272727273,0,0.4545454545454545,206
O=[N+]([O-])c1cn([N+](=O)[O-])nc1-c1nnc(-c2nn([N+](=O)[O-])cc2[N+](=O)[O-])o1,137.36653,0,19,0,0,0,0,3,15,0,19,3,6,0,0,0,4,0,0,0.3520600692029412,-0.40915899,-1.072049967,247.11999999999995,0,0,0,0,0,2,0,0,0,0,6,0,0,0,0,0,0,0,0,0,0,0,4,0,4,2,0,0,4,0,1,0,0,0,0,0,0,0,0,0,0.9506310007933378,0,0,0,0,-4.469845259,0,0,0,0,0,0,0,0,0,0,0,13.36595773494583,0,-4.151802267,0.0580384082007452,0,0,43.37571918595008,0,4.995582010582011,0,0,0,0,0.1634221024848887,0.8599804253895255,6938.6662685753545,0.3051864613102099,0.3663339133620293,-0.334933864,8,2,9,10,2,0,0,0,0.5925925925925926,0,0.5555555555555556,159
O=[N+]([O-])c1cn([N+](=O)[O-])nc1-c1nnc(-c2nnc(-c3nn([N+](=O)[O-])cc3[N+](=O)[O-])o2)o1,156.0163,0,22,0,0,0,0,4,18,0,22,4,7,0,0,0,4,0,0,0.3520600728727805,-0.408650147,-1.046600968,286.0399999999999,0,0,0,0,0,2,0,0,0,0,8,0,0,0,0,0,0,0,0,0,0,0,6,0,4,2,0,0,4,0,2,0,0,0,0,0,0,0,0,0,1.017431056302532,0,0,0,0,-5.212336172,0,0,0,0,0,0,0,0,0,0,0,20.669555448256887,0,-4.034104212,0.1248384637099395,0,0,43.76305120443704,0,10.241846340388006,0,0,0,0,0.1154520623110329,0.8895507986162456,12995.8860902443,0.1814233825191771,0.3731674811195022,-0.390937361,10,2,10,12,2,0,0,0,0.5,0,0.625,186
O=[N+]([O-])c1cn([N+](=O)[O-])nc1-c1noc(-c2nn([N+](=O)[O-])cc2[N+](=O)[O-])n1,128.79726,0,19,0,0,0,0,3,15,0,19,3,6,0,0,0,4,0,0,0.3521016696466632,-0.338834532,-1.072049967,247.11999999999995,0,0,0,0,0,2,0,0,0,0,6,0,0,0,0,0,0,0,0,0,0,0,4,0,4,2,0,0,4,0,1,0,0,0,0,0,0,0,0,0,0.9567421119044488,0,0,0,0,-4.364845259,0,0,0,0,0,0,0,0,0,0,0,13.534577349458305,0,-4.142006349,0.0641495193118564,0,0,43.38179557483896,0,4.687791477702192,0,0,0,0,0.2032912707713594,0.8363059318867043,7066.236211027143,0.4050044408292726,0.3663339133620293,-0.334933864,8,2,9,10,2,0,0,0,0.5925925925925926,0,0.5555555555555556,156
O=[N+]([O-])c1cn(C([N+](=O)[O-])([N+](=O)[O-])[N+](=O)[O-])nc1[N+](=O)[O-],92.151535,0,17,0,0,0,0,1,12,0,17,1,6,0,0,0,5,0,0,0.8372703427263511,-0.357561995,-4.362083333,233.52,0,0,0,0,0,1,0,0,0,0,2,0,1,0,0,0,0,0,0,0,0,0,1,0,5,1,0,0,5,0,0,0,0,0,0,0,0,0,0,0,-0.132407407,0,0,0,0,-3.092731481,0,-4.362083333,0,0,0,0,0,0,0,0,0,2.618148148148148,0,-8.916849962,-0.663425926,0,0,53.06634164777022,0,0,0,0,0,0,0.3626443494688867,0.8558062433190133,2665.906128636322,0.6023442903051315,0.3191236473879077,0.0781527299725488,4,1,10,7,0,0,1,0,0.8571428571428571,0,0.238095238095238,141
O=[N+]([O-])c1cn(C([N+](=O)[O-])([N+](=O)[O-])[N+](=O)[O-])nc1-n1cnnn1,89.95559,0,18,0,0,0,0,2,14,0,18,2,6,0,0,0,4,0,0,0.8205223243792308,-0.258139191,-4.183511905,233.98,0,0,0,0,0,2,0,0,0,0,2,0,1,0,0,0,0,0,0,0,0,0,4,0,4,2,0,0,4,0,0,0,0,0,0,0,0,0,0,0,0.9694907407407408,0,0,0,0,-1.803564815,0,-4.183511905,0,0,0,0,0,0,0,0,0,12.67524281934996,0,-6.682149471,0.1958106575963718,0,0,43.70600765306123,0,0,0,0,0,0,0.342877561787663,0.8393672799118834,3324.3337532663954,0.5481525404067531,0.4240715105730114,-0.145395946,5,2,8,10,0,0,1,0,0.6086956521739131,0,0.4347826086956521,127
O=[N+]([O-])c1cn(C(F)([N+](=O)[O-])[N+](=O)[O-])nc1-n1cnnn1,127.68348,0,15,0,0,0,0,2,12,0,16,2,5,0,0,0,3,0,0,0.7343435111351981,-0.258139215,-4.405734127,190.84,0,0,0,0,0,2,0,0,0,0,2,0,1,0,0,0,0,0,0,0,0,0,4,0,3,2,0,0,3,0,0,1,0,0,0,0,0,0,0,0,1.028291761148904,0,0,0,0,-1.690972222,0,-4.405734127,0,0,0,0,0,0,0,0,0,12.632824703955656,0,-4.873994709,0.1915589569160998,0,0,31.907401423532377,0,0,13.88655612244898,0,0,0,0.3434943332361606,0.832522556165935,2913.9915370252847,0.6340166802570822,0.415668731814493,-0.263916655,5,2,6,9,0,0,0,1,0.5238095238095238,0,0.4761904761904761,111
O=[N+]([O-])c1cn(C(N(F)F)([N+](=O)[O-])[N+](=O)[O-])nc1-n1cnnn1,181.2267,0,16,0,0,0,0,2,13,0,18,2,6,0,0,0,3,0,0,0.6881055541040488,-0.258139222,-4.405734127,194.08,0,0,0,0,0,2,0,0,0,0,2,0,1,0,0,0,0,0,0,0,0,0,4,1,3,2,0,0,3,0,0,2,0,0,0,0,0,0,0,0,0.8582407407407406,0,0,0,0,-1.914675926,0,-4.405734127,0,0,0,0,0,0,0,0,0,12.51461010330058,-2.354073129,-5.118892668,0.0299943310657595,0,0,32.58860040312422,0,0,25.79666320231797,0,0,0,0.3329374253635838,0.868983899573238,3364.847461890461,0.5985394159697051,0.4165042795814727,-0.238002445,5,2,6,10,0,0,0,1,0.4782608695652174,0,0.4347826086956521,138
O=[N+]([O-])c1cn(-c2cc([N+](=O)[O-])c([N+](=O)[O-])c([N+](=O)[O-])c2)cn1,251.0888,0,14,0,0,0,1,2,10,0,14,2,5,0,0,0,4,3,0,0.421956957408109,-0.35775673,-1.279291646,190.38,0,0,0,0,0,4,0,0,0,0,5,0,0,0,0,0,0,0,0,0,0,0,1,0,4,1,0,0,4,0,0,0,0,0,0,0,0,0,0,0,3.1333805744520027,0,0,0,0,-4.367842551,0,0,0,0,0,0,0,0,0,0,0,3.3889608528596624,0,-4.387826121,0.9046220710506424,0,0,43.33101925338036,0,0,0,0,0,0,0.2278591911484972,0.8062113242277072,4757.390941331665,0.3745691213869416,0.2591272962842997,-0.592290963,9,4,8,6,0,0,0,0,0.6956521739130435,1,0.4782608695652174,279
O=[N+]([O-])c1cn(-c2cc([N+](=O)[O-])c([N+](=O)[O-])c([N+](=O)[O-])c2)nc1[N+](=O)[O-],248.86679,0,17,0,0,0,1,2,12,0,17,2,6,0,0,0,5,3,0,0.4676584566799795,-0.357561897,-1.416754115,233.52,0,0,0,0,0,3,0,0,0,0,6,0,0,0,0,0,0,0,0,0,0,0,1,0,5,1,0,0,5,0,0,0,0,0,0,0,0,0,0,0,1.4483342781557067,0,0,0,0,-6.900522592,0,0,0,0,0,0,0,0,0,0,0,3.2374886621315198,0,-6.255307382,0.4027702191987907,0,0,54.53361840723944,0,0,0,0,0,0,0.2262990989010992,0.8022594171507053,6160.575624715008,0.3214580196727833,0.2654661097296037,-0.411743354,9,3,10,7,0,0,0,0,0.7692307692307693,1,0.4230769230769231,287
O=[N+]([O-])c1cn(CC(F)([N+](=O)[O-])[N+](=O)[O-])cn1,134.6031,0,11,0,0,0,0,1,8,0,12,1,5,0,0,0,3,0,0,0.631761522374388,-0.357756889,-3.949832766,147.24,0,0,1,0,0,2,0,0,0,0,1,0,1,0,0,0,0,0,0,0,0,0,1,0,3,1,0,0,3,0,0,1,0,0,0,0,0,-1.311666667,0,0,1.3480092592592594,0,0,0,0,-0.695327853,0,-3.949832766,0,0,0,0,0,0,0,0,0,3.1705527210884354,0,-4.368652683,0.5592592592592593,0,0,30.673878023431595,0,0,13.316569349962208,0,0,0,0.294418065810035,0.8957612410087493,1912.409207155807,0.7440343370669359,0.2809958492898833,-0.385365736,5,4,6,5,0,0,0,1,0.6470588235294118,0,0.2941176470588235,192
O=[N+]([O-])c1cn(Cc2nnc(Cn3cc([N+](=O)[O-])c([N+](=O)[O-])n3)n2/N=N/n2c(Cn3cc([N+](=O)[O-])c([N+](=O)[O-])n3)nnc2Cn2cc([N+](=O)[O-])c([N+](=O)[O-])n2)nc1[N+](=O)[O-],292.9332,0,40,0,0,0,0,6,32,0,40,6,18,0,0,0,8,0,0,0.4672060606897464,-0.357562075,-1.193482853,502.54,0,0,4,0,0,4,0,0,0,0,12,0,0,0,0,0,0,0,0,0,0,2,8,0,8,6,0,0,8,0,0,0,0,0,0,0,0,-2.931589197,0,0,2.536132805375785,0,0,0,0,-10.69590863,0,0,0,0,0,0,0,0,0,0,7.904998740236835,29.46082777792707,0,-9.116764061,3.988371289338101,0,0,91.42696564008398,0,0,0,0,0,0,0.6255924837912622,0.7961488873746221,17709.190375626124,1.7588429438533997,0.3978836379827298,-0.568405197,20,12,16,24,0,0,0,0,0.5333333333333333,0,0.5,162
O=[N+]([O-])c1cn(CN(Cn2cc([N+](=O)[O-])c([N+](=O)[O-])n2)[N+](=O)[O-])nc1[N+](=O)[O-],191.58057,0,20,0,0,0,0,2,14,0,20,2,9,0,0,0,5,0,0,0.4672767196523587,-0.357562069,-1.16135456,254.58,0,0,2,0,0,2,0,0,0,0,4,0,0,0,0,0,0,0,0,0,0,0,2,1,5,2,0,0,5,0,0,0,0,0,0,0,0,-1.743779289,0,0,1.144091080876795,0,0,0,0,-4.338285936,0,0,0,0,0,0,0,0,0,0,0,6.51538422776518,0.2508956916099776,-5.605047871,1.038476316452507,0,0,54.20246622325087,0,0,0,0,0,0,0.1477732694365826,0.9845328880442024,8040.951351189175,0.9850709255315184,0.3480889914370108,-0.358034391,8,6,10,10,1,0,0,0,0.7142857142857143,0,0.3571428571428571,261
O=[N+]([O-])c1cn(NCC([N+](=O)[O-])([N+](=O)[O-])[N+](=O)[O-])nc1[N+](=O)[O-],118.77708,1,18,0,0,0,0,1,13,1,18,1,8,0,1,0,5,0,0,0.7184835235608802,-0.357561149,-3.907232615,245.55,0,0,1,0,0,1,0,0,0,0,2,0,1,0,0,0,0,1,0,0,0,0,1,0,5,1,0,0,5,0,0,0,0,0,0,0,0,-1.587312925,0,0,0.3777088057445199,0,0,0,0,-2.395538549,0,-3.907232615,0,0,0,0,1.6718055555555558,0,0,0,0,3.009046674225246,0,-7.853062169,0.1681712962962964,0,0,53.04987363000755,0,0,0,0,0,0,0.2063435525347857,0.9090178885706284,4753.906899058658,0.5252905904748948,0.3332014410962328,-0.095200412,5,4,10,8,0,0,1,0,0.782608695652174,0,0.217391304347826,110
O=[N+]([O-])c1cn[nH]c1-c1nc(-c2noc(-c3[nH]ncc3[N+](=O)[O-])n2)no1,284.1836,2,16,0,0,0,0,4,12,2,16,4,5,0,2,0,2,0,0,0.3192803810333338,-0.331495804,-0.674075505,221.48,0,0,0,0,0,2,0,0,0,0,8,0,0,0,0,0,0,0,2,0,0,0,6,0,2,0,0,0,2,0,2,0,0,0,0,0,0,0,0,0,1.9782378786488564,0,0,0,0,-1.652042548,0,0,0,0,0,0,0,4.750593712410993,0,0,0,22.12119389779036,0,-1.34815101,0,0,0,21.81241058108774,0,9.858680240614763,0,0,0,0,0.0927833175071597,0.9116912384495084,8031.37814548691,0.1200854024747393,0.3886664852889735,-0.71070443,10,4,6,10,0,0,0,0,0.3076923076923077,0,0.7692307692307693,317
O=[N+]([O-])c1cn2c(n1)-c1ncc([N+](=O)[O-])n1CC2,292.43472,0,10,0,1,1,0,2,8,0,10,3,2,1,0,0,2,0,0,0.3820220822468993,-0.357857521,-0.604154069,121.92000000000002,0,0,2,0,0,2,0,0,0,0,4,0,0,0,0,0,0,0,0,0,0,0,2,0,2,2,0,0,2,0,0,0,0,0,0,0,0,0.7287046485260769,0,0,2.43537037037037,0,0,0,0,0.1325056689342423,0,0,0,0,0,0,0,0,0,0,0,7.729580498866214,0,-1.142335916,2.968503401360544,0,0,21.40716899722852,0,0,0,0,0,0,0.1335920778091391,0.8719620620584042,2818.1348196926488,0.2210725673878609,0.3357663066505711,-0.959332305,8,6,4,6,0,0,0,0,0.4444444444444444,0,0.8888888888888888,330
O=[N+]([O-])c1cnc(Nc2nc3c([N+](=O)[O-])cc([N+](=O)[O-])cn3n2)c([N+](=O)[O-])c1,258.22226,1,17,0,0,0,0,3,13,1,17,3,6,0,1,0,4,0,0,0.3202708433067151,-0.301644231,-0.939064644,227.67,0,0,0,0,0,4,0,0,0,0,6,1,0,0,0,0,0,1,0,0,0,0,3,0,4,1,0,0,4,0,0,0,0,0,0,0,0,0,0,0,2.939887355309432,0,0,0,0,-3.631741284,-0.372532649,0,0,0,0,0,2.3133895502645503,0,0,0,0,11.072923910304864,0,-3.599029839,0.7458564814814814,0,0,43.84895657050658,0,0,0,0,0,0,0.1910476556369837,0.8336750501534819,7809.571239511475,0.3968066345963876,0.322072716862296,-0.674819026,11,5,8,9,0,0,0,0,0.5714285714285714,0,0.6071428571428571,290
O=[N+]([O-])c1cnc(Nc2nnn[nH]2)c([N+](=O)[O-])c1,267.07016,2,12,0,0,0,0,2,9,2,12,2,4,0,2,0,2,0,0,0.3181953210081525,-0.3019907,-0.799473734,165.66000000000005,0,0,0,0,0,2,0,0,0,0,4,0,0,0,0,0,0,1,1,0,0,0,4,0,2,0,0,0,2,0,0,0,0,0,0,0,0,0,0,0,1.678830309901738,0,0,0,0,-1.215603741,0,0,0,0,0,0,2.432946900982615,2.309340277777778,0,0,0,13.530167705971277,0,-1.577466538,0,0,0,21.2542258755354,0,0,0,0,0,0,0.2745651375495574,0.7436043018630981,2749.1137095298945,0.2556737344728514,0.444180051556613,-0.634542931,6,4,4,8,0,0,0,0,0.4444444444444444,0,0.6111111111111112,252
O=[N+]([O-])c1cnc(NNc2ncc([N+](=O)[O-])cc2[N+](=O)[O-])c([N+](=O)[O-])c1,261.52118,2,16,0,0,0,0,2,12,2,16,2,7,0,2,0,4,0,0,0.3194896990814714,-0.276904594,-0.956656449,222.4,0,0,0,0,0,4,0,0,0,0,6,0,0,0,0,0,0,2,0,0,0,0,2,0,4,0,0,0,4,0,0,0,0,0,0,0,0,0,0,0,2.7289297600480857,0,0,0,0,-3.818505674,0,0,0,0,0,0,4.3176445578231295,0,0,0,0,6.987418115394306,0,-3.691221443,0,0,0,43.23786734149032,0,0,0,0,0,0,0.4407058592700921,0.7913156510761999,4236.584728452367,1.0651081976790209,0.3058387901891285,-0.655368836,10,6,8,8,0,0,0,0,0.6153846153846154,0,0.4615384615384615,274
O=[N+]([O-])c1cnc2n1CCn1c([N+](=O)[O-])cnc1-2,292.41815,0,10,0,1,1,0,2,8,0,10,3,2,0,0,0,2,0,0,0.342958000181201,-0.357857511,-0.538181847,121.92,0,0,2,0,0,2,0,0,0,0,4,0,0,0,0,0,0,0,0,0,0,0,2,0,2,2,0,0,2,0,0,0,0,0,0,0,0,0.5195370370370367,0,0,2.2609259259259256,0,0,0,0,0.2832464096749827,0,0,0,0,0,0,0,0,0,0,0,7.814673091458806,0,-1.076363694,2.78979969765684,0,0,21.537424099269337,0,0,0,0,0,0,0.1669831242634229,0.8387130107391143,2598.426657797781,0.2289827424218669,0.3357663066505711,-0.959332305,8,6,4,6,0,0,0,0,0.4444444444444444,0,0.8888888888888888,314
O=[N+]([O-])c1cnn(/N=N/n2ncc([N+](=O)[O-])n2)n1,276.20868,0,14,0,0,0,0,2,12,0,14,2,4,0,0,0,2,0,0,0.412320407112401,-0.357700764,-0.767834957,172.41999999999996,0,0,0,0,0,2,0,0,0,0,2,0,0,0,0,0,0,0,0,0,0,2,4,0,2,2,0,0,2,0,0,0,0,0,0,0,0,0,0,0,1.7182284580498863,0,0,0,0,-1.040083249,0,0,0,0,0,0,0,0,0,0,6.565136054421769,13.410321869488536,0,-1.535669915,1.0978703703703705,0,0,20.558764872493228,0,0,0,0,0,0,0.0837606895571267,0.9162393105291498,4143.853415087244,2.1891670181709533e-05,0.5509078173819286,-0.314804467,4,2,4,10,0,0,0,0,0.4444444444444444,0,0.5555555555555556,227
O=[N+]([O-])c1cnn([N+](=O)[O-])c1-c1nc(-c2noc(-c3c([N+](=O)[O-])cnn3[N+](=O)[O-])n2)no1,140.1904,0,22,0,0,0,0,4,18,0,22,4,7,0,0,0,4,0,0,0.3518079261906158,-0.338815114,-1.08675376,286.0399999999999,0,0,0,0,0,2,0,0,0,0,8,0,0,0,0,0,0,0,0,0,0,0,6,0,4,2,0,0,4,0,2,0,0,0,0,0,0,0,0,0,1.179270257303613,0,0,0,0,-5.630507503,0,0,0,0,0,0,0,0,0,0,0,20.69623001250013,0,-4.124792819,0.0477772073271707,0,0,44.30020139447878,0,9.564953388762913,0,0,0,0,0.1833619691425588,0.838636656064428,9912.569078552047,0.334358036279013,0.3731674811195023,-0.390937361,10,2,10,12,2,0,0,0,0.5,0,0.625,172
O=[N+]([O-])c1cnn(C([N+](=O)[O-])([N+](=O)[O-])[N+](=O)[O-])c1,86.738106,0,14,0,0,0,0,1,10,0,14,1,5,0,0,0,4,0,0,0.8204503675029001,-0.258210607,-4.033472222,190.38,0,0,0,0,0,2,0,0,0,0,1,0,1,0,0,0,0,0,0,0,0,0,1,0,4,1,0,0,4,0,0,0,0,0,0,0,0,0,0,0,0.6524305555555558,0,0,0,0,-0.856550926,0,-4.033472222,0,0,0,0,0,0,0,0,0,2.9237037037037035,0,-6.508656463,-0.300462963,0,0,42.01983749055177,0,0,0,0,0,0,0.3430852096160736,0.9505184933013986,1897.163471871732,0.5791368222020755,0.3204957000160248,-0.0610468,4,2,8,6,0,0,1,0,0.7777777777777778,0,0.2777777777777778,132
O=[N+]([O-])c1cnn(-c2cc([N+](=O)[O-])c([N+](=O)[O-])c([N+](=O)[O-])c2)c1,254.21346,0,14,0,0,0,1,2,10,0,14,2,5,0,0,0,4,3,0,0.4219592685197335,-0.258210482,-1.28666126,190.38,0,0,0,0,0,4,0,0,0,0,5,0,0,0,0,0,0,0,0,0,0,0,1,0,4,1,0,0,4,0,0,0,0,0,0,0,0,0,0,0,3.0113249559082886,0,0,0,0,-4.309378832,0,0,0,0,0,0,0,0,0,0,0,3.5430442176870747,0,-4.358737402,0.7657331821617537,0,0,43.340673605862094,0,0,0,0,0,0,0.2265953304275966,0.8009688112285788,4771.76321351087,0.2910401099183823,0.2591272962842996,-0.592290963,9,4,8,6,0,0,0,0,0.6956521739130435,1,0.4782608695652174,281
O=[N+]([O-])c1cnn(-c2n[nH]nc2[N+](=O)[O-])n1,265.5447,1,12,0,0,0,0,2,9,1,12,2,3,0,1,0,2,0,0,0.4401114110595704,-0.357701523,-0.811481481,158.56,0,0,0,0,0,1,0,0,0,0,3,0,0,0,0,0,0,0,1,0,0,0,4,0,2,1,0,0,2,0,0,0,0,0,0,0,0,0,0,0,0.845640589569161,0,0,0,0,-1.485281557,0,0,0,0,0,0,0,2.004301303854876,0,0,0,13.492976190476192,0,-1.593806689,0.6525462962962962,0,0,20.791811933106576,0,0,0,0,0,0,0.2525525517997747,0.7699453748595562,1911.6985979865665,0.2362838616039441,0.4953297480894423,-0.353806963,4,2,4,8,0,0,0,0,0.5,0,0.625,195
O=[N+]([O-])c1cnn(-c2nc([N+](=O)[O-])n[nH]2)n1,257.10046,1,12,0,0,0,0,2,9,1,12,2,3,0,1,0,2,0,0,0.4925724932761771,-0.389690671,-0.82151518,158.56,0,0,0,0,0,1,0,0,0,0,3,0,0,0,0,0,0,0,1,0,0,0,4,0,2,1,0,0,2,0,0,0,0,0,0,0,0,0,0,0,0.8832870370370369,0,0,0,0,-1.352957294,0,0,0,0,0,0,0,2.168224678760393,0,0,0,13.533297430083143,0,-1.577188524,0.7342592592592592,0,0,20.55553870622323,0,0,0,0,0,0,0.1346147981143316,0.8653852018895943,2531.943678800113,4.124192703445434e-06,0.4953297480894423,-0.353806963,4,2,4,8,0,0,0,0,0.5,0,0.625,231
O=[N+]([O-])c1cnn(-c2ncn([N+](=O)[O-])n2)n1,158.76674,0,12,0,0,0,0,2,10,0,12,2,3,0,0,0,2,0,0,0.4293598377180968,-0.357701508,-0.824987402,147.7,0,0,0,0,0,2,0,0,0,0,2,0,0,0,0,0,0,0,0,0,0,0,4,0,2,2,0,0,2,0,0,0,0,0,0,0,0,0,0,0,1.7057407407407406,0,0,0,0,-0.734024943,0,0,0,0,0,0,0,0,0,0,0,13.761938775510204,0,-1.580944192,1.0581944444444442,0,0,20.561214254220207,0,0,0,0,0,0,0.1276252125670378,0.8723747874939303,2541.285983081624,1.6400526552212848e-05,0.4953297480894423,-0.353806963,4,2,4,8,1,0,0,0,0.5,0,0.625,148
O=[N+]([O-])c1cnn(-c2nn(/N=N/n3nc(-n4ncc([N+](=O)[O-])n4)c([N+](=O)[O-])n3)nc2[N+](=O)[O-])n1,273.3863,0,26,0,0,0,0,4,22,0,26,4,8,0,0,0,4,0,0,0.4428298994911299,-0.357701523,-1.018907954,320.1199999999999,0,0,0,0,0,2,0,0,0,0,6,0,0,0,0,0,0,0,0,0,0,2,8,0,4,4,0,0,4,0,0,0,0,0,0,0,0,0,0,0,1.4012764403567348,0,0,0,0,-4.775353127,0,0,0,0,0,0,0,0,0,0,6.63559019904258,27.524219602162493,0,-3.850488279,1.407162326209945,0,0,43.82879641915852,0,0,0,0,0,0,0.1510599580786346,0.8563029457568985,15740.269814343208,0.2558391134475382,0.5269519177285861,-0.301115382,8,2,8,18,0,0,0,0,0.4705882352941176,0,0.5882352941176471,205
O=[N+]([O-])c1cnn(CC(F)([N+](=O)[O-])[N+](=O)[O-])c1,98.10158,0,11,0,0,0,0,1,8,0,12,1,5,0,0,0,3,0,0,0.633376983817464,-0.258210711,-3.972332766,147.24,0,0,1,0,0,2,0,0,0,0,1,0,1,0,0,0,0,0,0,0,0,0,1,0,3,1,0,0,3,0,0,1,0,0,0,0,0,-1.360277778,0,0,1.3488506235827666,0,0,0,0,-0.556438964,0,-3.972332766,0,0,0,0,0,0,0,0,0,3.213356481481481,0,-4.344486017,0.4203703703703705,0,0,30.68163879440665,0,0,13.304347127739986,0,0,0,0.2134199370271933,0.943198703649228,2150.818671929242,0.7163366860262022,0.2809958492898833,-0.385365736,5,4,6,5,0,0,0,1,0.6470588235294118,0,0.2941176470588235,181
O=[N+]([O-])c1cnn(CN(Cn2cc([N+](=O)[O-])cn2)[N+](=O)[O-])c1,184.56653,0,14,0,0,0,0,2,10,0,14,2,7,0,0,0,3,0,0,0.306586466914716,-0.258210702,-0.76287037,168.3,0,0,2,0,0,4,0,0,0,0,2,0,0,0,0,0,0,0,0,0,0,0,2,1,3,2,0,0,3,0,0,0,0,0,0,0,0,-0.7886952,0,0,3.970072715750926,0,0,0,0,-0.614768584,0,0,0,0,0,0,0,0,0,0,0,7.251387314184933,0.632392290249433,-2.130209121,1.997710380448476,0,0,32.00772176907188,0,0,0,0,0,0,0.1508277126649528,0.9751769372565536,4868.27959128024,0.8690938391330615,0.3587420964631874,-0.717484193,8,8,6,8,1,0,0,0,0.5454545454545454,0,0.4545454545454545,262
O=[N+]([O-])c1cnn(NCC([N+](=O)[O-])([N+](=O)[O-])[N+](=O)[O-])c1,126.44313,1,15,0,0,0,0,1,11,1,15,1,7,0,1,0,4,0,0,0.7184262644118261,-0.287588327,-3.721498252,202.41,0,0,1,0,0,2,0,0,0,0,1,0,1,0,0,0,0,1,0,0,0,0,1,0,4,1,0,0,4,0,0,0,0,0,0,0,0,-1.362267574,0,0,1.4898384353741494,0,0,0,0,-0.50795446,0,-3.721498252,0,0,0,0,1.8809722222222225,0,0,0,0,3.3146022297808013,0,-5.888220899,0.5311342592592596,0,0,42.09003035241874,0,0,0,0,0,0,0.2104840778882928,0.9493623389549416,3420.965938425054,0.5187343025985357,0.3366124422950099,-0.2473071,5,5,8,7,0,0,1,0,0.7,0,0.25,112
O=[N+]([O-])c1n[nH]c([N+](=O)[O-])c1-c1c([N+](=O)[O-])n[nH]c1[N+](=O)[O-],242.69357,2,16,0,0,0,0,2,10,2,16,2,5,0,2,0,4,0,0,0.4282156681730551,-0.357789077,-1.181265117,229.92,0,0,0,0,0,0,0,0,0,0,6,0,0,0,0,0,0,0,2,0,0,0,2,0,4,0,0,0,4,0,0,0,0,0,0,0,0,0,0,0,0,0,0,0,0,-6.609722222,0,0,0,0,0,0,0,3.3962320483749053,0,0,0,6.082309145880575,0,-4.676449358,0,0,0,43.40381519274376,0,0,0,0,0,0,0.7393615465649958,0.7951572379255554,2121.818769334161,1.0434670958204182,0.3565402858689077,-0.254671633,6,2,8,8,0,0,0,0,0.7272727272727273,0,0.4545454545454545,298
O=[N+]([O-])c1n[nH]c([N+](=O)[O-])c1-c1cn[nH]c1,258.2874,2,10,0,0,0,0,2,6,2,10,2,3,0,2,0,2,0,0,0.4276584913511746,-0.357789139,-0.799768519,143.64,0,0,0,0,0,2,0,0,0,0,4,0,0,0,0,0,0,0,2,0,0,0,2,0,2,0,0,0,2,0,0,0,0,0,0,0,0,0,0,0,2.551296296296296,0,0,0,0,-1.099907407,0,0,0,0,0,0,0,4.424458616780045,0,0,0,6.852636054421769,0,-1.575231481,0,0,0,21.25670729402872,0,0,0,0,0,0,0.4900507356099976,0.550846215395065,1645.487687608955,0.4319371651342581,0.3747724595781132,-0.713852304,6,4,4,6,0,0,0,0,0.5,0,0.625,302
O=[N+]([O-])c1n[nH]c([N+](=O)[O-])c1-c1nnn[nH]1,257.8326,2,12,0,0,0,0,2,8,2,12,2,3,0,2,0,2,0,0,0.4309060918660458,-0.357787635,-0.873657407,169.42,0,0,0,0,0,0,0,0,0,0,4,0,0,0,0,0,0,0,2,0,0,0,4,0,2,0,0,0,2,0,0,0,0,0,0,0,0,0,0,0,0,0,0,0,0,-1.95587963,0,0,0,0,0,0,0,4.126111111111111,0,0,0,12.913512849584276,0,-1.723009259,0,0,0,21.152965797430085,0,0,0,0,0,0,0.4768300246215,0.5593204716535599,1619.1167943041382,0.2891683763842151,0.4953297480894423,-0.353806963,4,2,4,8,0,0,0,0,0.5,0,0.625,207
O=[N+]([O-])c1n[nH]c([N+](=O)[O-])c1Nc1nnn[nH]1,263.9148,3,13,0,0,0,0,2,9,3,13,2,4,0,3,0,2,0,0,0.4435400966946549,-0.357749776,-0.879334845,181.45,0,0,0,0,0,0,0,0,0,0,4,0,0,0,0,0,0,1,2,0,0,0,4,0,2,0,0,0,2,0,0,0,0,0,0,0,0,0,0,0,0,0,0,0,0,-1.905231481,0,0,0,0,0,0,2.295046296296296,4.169374527588813,0,0,0,12.98027872260015,0,-1.734364135,0,0,0,21.1807813681028,0,0,0,0,0,0,0.4237049747348042,0.670346339538641,1865.2727670212537,0.5780687169998184,0.5225462100884595,-0.364952909,4,3,4,9,0,0,0,0,0.4705882352941176,0,0.5882352941176471,279
O=[N+]([O-])c1n[nH]c(-c2[nH]nc([N+](=O)[O-])c2[N+](=O)[O-])n1,255.3945,2,14,0,0,0,0,2,9,2,14,2,4,0,2,0,3,0,0,0.4909755343213116,-0.389691281,-1.066552973,199.67,0,0,0,0,0,0,0,0,0,0,5,0,0,0,0,0,0,0,2,0,0,0,3,0,3,0,0,0,3,0,0,0,0,0,0,0,0,0,0,0,0,0,0,0,0,-3.700970333,0,0,0,0,0,0,0,4.065754913076342,0,0,0,9.646924603174604,0,-3.050744835,0,0,0,31.686184492315444,0,0,0,0,0,0,0.1609469606039608,0.8666510445228827,3125.291054742735,0.294893159267352,0.4146289995964772,-0.296163571,5,2,6,8,0,0,0,0,0.631578947368421,0,0.5263157894736842,336
O=[N+]([O-])c1n[nH]c(-c2n[nH]c(-c3nc([N+](=O)[O-])n[nH]3)c2[N+](=O)[O-])n1,273.1438,3,17,0,0,0,0,3,11,3,17,3,5,0,3,0,3,0,0,0.4909757978134058,-0.389691281,-0.903563398,241.24,0,0,0,0,0,0,0,0,0,0,7,0,0,0,0,0,0,0,3,0,0,0,5,0,3,0,0,0,3,0,0,0,0,0,0,0,0,0,0,0,0,0,0,0,0,-3.659829421,0,0,0,0,0,0,0,6.552241276140085,0,0,0,17.09033782952524,0,-2.667654951,0,0,0,32.425785966194965,0,0,0,0,0,0,0.143095420614221,0.8698619751650128,5571.642461185214,0.2223656559938522,0.4567401800861281,-0.450808489,7,3,6,11,0,0,0,0,0.5,0,0.625,238.2
O=[N+]([O-])c1n[nH]c(-c2n[nH]c(N=Nc3nc(-c4[nH]nc([N+](=O)[O-])c4[N+](=O)[O-])n[nH]3)n2)c1[N+](=O)[O-],278.6549,4,24,0,0,0,0,4,16,4,24,4,8,0,4,0,4,0,0,0.4678080127762997,-0.357561866,-1.063950152,337.78,0,0,0,0,0,0,0,0,0,0,10,0,0,0,0,0,0,0,4,0,0,2,6,0,4,0,0,0,4,0,0,0,0,0,0,0,0,0,0,0,0,0,0,0,0,-6.407452346,0,0,0,0,0,0,0,8.695894432052164,0,0,7.186364323507181,21.288151656960352,0,-4.204192607,0,0,0,44.053950603455945,0,0,0,0,0,0,0.3568625458036446,0.7401888111088659,8287.089012687075,0.7102733418728879,0.4703451577546056,-0.470345158,10,4,8,16,0,0,0,0,0.4705882352941176,0,0.5882352941176471,354
O=[N+]([O-])c1n[nH]c(-c2n[nH]cc2[N+](=O)[O-])n1,266.97495,2,11,0,0,0,0,2,7,2,11,2,3,0,2,0,2,0,0,0.4909757940262977,-0.389691281,-0.820944822,156.53000000000003,0,0,0,0,0,1,0,0,0,0,4,0,0,0,0,0,0,0,2,0,0,0,3,0,2,0,0,0,2,0,0,0,0,0,0,0,0,0,0,0,1.045324074074074,0,0,0,0,-1.288337113,0,0,0,0,0,0,0,4.462403155706728,0,0,0,10.260367535903251,0,-1.508259637,0,0,0,20.847584325396824,0,0,0,0,0,0,0.2037538183565047,0.831444809020584,2069.4541848123663,0.3112042136901565,0.4353156482649561,-0.533039569,5,3,4,7,0,0,0,0,0.5,0,0.625,278
O=[N+]([O-])c1n[nH]c(-c2n[nH]nc2[N+](=O)[O-])n1,248.07516,2,12,0,0,0,0,2,8,2,12,2,3,0,2,0,2,0,0,0.4909768955425006,-0.38969128,-0.841352986,169.42000000000002,0,0,0,0,0,0,0,0,0,0,4,0,0,0,0,0,0,0,2,0,0,0,4,0,2,0,0,0,2,0,0,0,0,0,0,0,0,0,0,0,0,0,0,0,0,-1.739726002,0,0,0,0,0,0,0,4.172403155706727,0,0,0,13.33484977324263,0,-1.639778912,0,0,0,20.769459325396824,0,0,0,0,0,0,0.2011527999261245,0.8341220331706156,2069.318189270264,0.3240613499435603,0.4953297480894423,-0.353806963,4,2,4,8,0,0,0,0,0.5,0,0.625,210.83
O=[N+]([O-])c1n[nH]c(-c2nc([N+](=O)[O-])n[nH]2)n1,285.01102,2,12,0,0,0,0,2,8,2,12,2,3,0,2,0,2,0,0,0.4910927280941322,-0.38969127,-0.814701121,169.42000000000002,0,0,0,0,0,0,0,0,0,0,4,0,0,0,0,0,0,0,2,0,0,0,4,0,2,0,0,0,2,0,0,0,0,0,0,0,0,0,0,0,0,0,0,0,0,-1.525272109,0,0,0,0,0,0,0,4.39302343159486,0,0,0,13.367896825396826,0,-1.629402242,0,0,0,20.53021038044848,0,0,0,0,0,0,0.0908722419371063,0.9091277581050292,2670.6870749345444,1.4396217839296996e-05,0.4953297480894423,-0.353806963,4,2,4,8,0,0,0,0,0.5,0,0.625,251
O=[N+]([O-])c1n[nH]c(-c2nc(-c3noc(-c4[nH]nc([N+](=O)[O-])c4[N+](=O)[O-])n3)no2)c1[N+](=O)[O-],268.96667,2,22,0,0,0,0,4,16,2,22,4,7,0,2,0,4,0,0,0.4678827057303726,-0.357561859,-1.099835864,307.75999999999993,0,0,0,0,0,0,0,0,0,0,10,0,0,0,0,0,0,0,2,0,0,0,6,0,4,0,0,0,4,0,2,0,0,0,0,0,0,0,0,0,0,0,0,0,0,-7.52191088,0,0,0,0,0,0,0,4.073112997063144,0,0,0,20.76015658718345,0,-4.371159851,0,0,0,44.06048694259289,0,9.605493928236534,0,0,0,0,0.0808021079294182,0.9273736919272512,13035.502111171452,0.1878270717362216,0.3731674811195022,-0.390937361,10,2,10,12,0,0,0,0,0.5,0,0.625,272
O=[N+]([O-])c1n[nH]c(-c2ncn([N+](=O)[O-])n2)n1,143.8223,1,12,0,0,0,0,2,9,1,12,2,3,0,1,0,2,0,0,0.4911258150405082,-0.389691267,-0.818173343,158.56,0,0,0,0,0,1,0,0,0,0,3,0,0,0,0,0,0,0,1,0,0,0,4,0,2,1,0,0,2,0,0,0,0,0,0,0,0,0,0,0,0.8369907407407406,0,0,0,0,-0.933284203,0,0,0,0,0,0,0,2.1919283824640967,0,0,0,13.614871504157218,0,-1.633157911,0.3508796296296295,0,0,20.53588592844545,0,0,0,0,0,0,0.1329889836933769,0.8670110163070562,2556.9927546651943,1.3306485371653328e-06,0.4953297480894423,-0.353806963,4,2,4,8,1,0,0,0,0.5,0,0.625,173
O=[N+]([O-])c1n[nH]c(-c2nn[nH]n2)n1,257.9582,2,10,0,0,0,0,2,7,2,10,2,2,0,2,0,1,0,0,0.4910348348801733,-0.389691275,-0.722140023,139.17,0,0,0,0,0,0,0,0,0,0,3,0,0,0,0,0,0,0,2,0,0,0,5,0,1,0,0,0,1,0,0,0,0,0,0,0,0,0,0,0,0,0,0,0,0,-0.304768519,0,0,0,0,0,0,0,4.499671674225246,0,0,0,17.166933106575964,0,-0.722140023,0,0,0,10.180151880196522,0,0,0,0,0,0,0.1209399351495716,0.8790600648540245,1455.9066113029194,3.564491501026637e-06,0.6150365452518628,-0.439311818,3,2,2,8,0,0,0,0,0.3076923076923077,0,0.7692307692307693,211
O=[N+]([O-])c1n[nH]c(-c2nnc(/N=N\c3nnc(-c4[nH]nc([N+](=O)[O-])c4[N+](=O)[O-])o3)o2)c1[N+](=O)[O-],274.99805,2,24,0,0,0,0,4,18,2,24,4,8,0,2,0,4,0,0,0.4678819359892399,-0.398641747,-1.096307586,332.4799999999999,0,0,0,0,0,0,0,0,0,0,10,0,0,0,0,0,0,0,2,0,0,2,6,0,4,0,0,0,4,0,2,0,0,0,0,0,0,0,0,0,0,0,0,0,0,-7.80921003,0,0,0,0,0,0,0,4.062349661960676,0,0,6.839142101284958,20.06083684214553,0,-4.356685251,0,0,0,43.93931368463883,0,9.991605973758752,0,0,0,0,0.1381962164054294,0.913785325433457,13603.235322189585,0.6696602110438108,0.4098583479362794,-0.368036068,10,2,10,14,0,0,0,0,0.4705882352941176,0,0.5882352941176471,215
O=[N+]([O-])c1n[nH]c(-c2nnc(-c3nnc(-c4[nH]nc([N+](=O)[O-])c4[N+](=O)[O-])o3)o2)c1[N+](=O)[O-],291.88196,2,22,0,0,0,0,4,16,2,22,4,7,0,2,0,4,0,0,0.4678819287863455,-0.410317075,-1.101008704,307.75999999999993,0,0,0,0,0,0,0,0,0,0,10,0,0,0,0,0,0,0,2,0,0,0,6,0,4,0,0,0,4,0,2,0,0,0,0,0,0,0,0,0,0,0,0,0,0,-7.737065201,0,0,0,0,0,0,0,4.068329833797838,0,0,0,20.348787595091157,0,-4.376784851,0,0,0,44.05640572639047,0,10.250587836986648,0,0,0,0,0.0814532774571717,0.9268428537872382,12909.0654394376,0.1894426332010712,0.3731674811195022,-0.390937361,10,2,10,12,0,0,0,0,0.5,0,0.625,265
O=[N+]([O-])c1n[nH]c(-c2noc(-c3[nH]nc([N+](=O)[O-])c3[N+](=O)[O-])n2)c1[N+](=O)[O-],265.16327,2,19,0,0,0,0,3,13,2,19,3,6,0,2,0,4,0,0,0.4678827056996833,-0.357561866,-1.12693642,268.84,0,0,0,0,0,0,0,0,0,0,8,0,0,0,0,0,0,0,2,0,0,0,4,0,4,0,0,0,4,0,1,0,0,0,0,0,0,0,0,0,0,0,0,0,0,-6.936724524,0,0,0,0,0,0,0,3.974113914084152,0,0,0,13.23671065643378,0,-4.484570649,0,0,0,43.67497382195659,0,4.693856292517006,0,0,0,0,0.1084556101741825,0.9078696970897896,7681.671855441044,0.2492571399703304,0.3663339133620293,-0.334933864,8,2,9,10,0,0,0,0,0.5925925925925926,0,0.5555555555555556,274
O=[N+]([O-])c1n[nH]c(N=Nc2[nH]nc([N+](=O)[O-])c2[N+](=O)[O-])c1[N+](=O)[O-],257.38614,2,18,0,0,0,0,2,12,2,18,2,6,0,2,0,4,0,0,0.469580952151809,-0.357561091,-1.166858151,254.64,0,0,0,0,0,0,0,0,0,0,6,0,0,0,0,0,0,0,2,0,0,2,2,0,4,0,0,0,4,0,0,0,0,0,0,0,0,0,0,0,0,0,0,0,0,-6.170907239,0,0,0,0,0,0,0,3.707555272108843,0,0,6.358006424792139,6.105462648022172,0,-4.644939724,0,0,0,42.82241130946308,0,0,0,0,0,0,0.1311910213183475,0.8760998756001152,6096.820194752706,0.1345575427231161,0.4091844369622145,-0.233819678,6,2,8,10,0,0,0,0,0.6666666666666666,0,0.4166666666666667,221.4
O=[N+]([O-])c1n[nH]c(-n2cnc([N+](=O)[O-])n2)n1,253.93571,1,12,0,0,0,0,2,9,1,12,2,3,0,1,0,2,0,0,0.492498389800627,-0.38969132,-0.814145566,158.56,0,0,0,0,0,1,0,0,0,0,3,0,0,0,0,0,0,0,1,0,0,0,4,0,2,1,0,0,2,0,0,0,0,0,0,0,0,0,0,0,0.988464663643235,0,0,0,0,-1.43101285,0,0,0,0,0,0,0,2.190724678760393,0,0,0,13.42146164021164,0,-1.61843002,0.873148148148148,0,0,20.537821869488532,0,0,0,0,0,0,0.1296142345271799,0.8703857655456421,2550.264569169989,1.3057775846545916e-05,0.4953297480894423,-0.353806963,4,2,4,8,0,0,0,0,0.5,0,0.625,250
O=[N+]([O-])c1n[nH]c2c([N+](=O)[O-])n[nH]c12,272.9035,2,10,0,0,0,0,2,6,2,10,2,2,0,2,0,2,0,0,0.4173541326429804,-0.35768585,-0.763155707,143.64,0,0,0,0,0,0,0,0,0,0,2,2,0,0,0,0,0,0,2,0,0,0,2,0,2,0,0,0,2,0,0,0,0,0,0,0,0,0,0,0,0,0,0,0,0,-1.026666667,-0.163518519,0,0,0,0,0,0,4.344722222222222,0,0,0,6.596203703703704,0,-1.526311413,0,0,0,20.7211186696901,0,0,0,0,0,0,0.1973463501439036,0.8431314979422814,1374.344132597525,0.2539894727760202,0.4240325495461841,-0.403840523,4,2,4,6,0,0,0,0,0.5714285714285714,0,0.7142857142857143,336
O=[N+]([O-])c1n[nH]cc1-c1c([N+](=O)[O-])n[nH]c1[N+](=O)[O-],248.3465,2,13,0,0,0,0,2,8,2,13,2,4,0,2,0,3,0,0,0.4279349748841826,-0.357789108,-0.990516818,186.78,0,0,0,0,0,1,0,0,0,0,5,0,0,0,0,0,0,0,2,0,0,0,2,0,3,0,0,0,3,0,0,0,0,0,0,0,0,0,0,0,0.9474074074074073,0,0,0,0,-3.479074074,0,0,0,0,0,0,0,3.9762944066515495,0,0,0,6.424926303854876,0,-2.881048753,0,0,0,32.172414021164016,0,0,0,0,0,0,0.5705697535918384,0.6962133079726227,1869.6677525336224,0.825750653191538,0.3641322320191132,-0.445876202,6,3,6,7,0,0,0,0,0.631578947368421,0,0.5263157894736842,314
O=[N+]([O-])c1n[nH]cc1-c1c[nH]nc1[N+](=O)[O-],258.30386,2,10,0,0,0,0,2,6,2,10,2,3,0,2,0,2,0,0,0.3974197912168633,-0.357726727,-0.733572373,143.64,0,0,0,0,0,2,0,0,0,0,4,0,0,0,0,0,0,0,2,0,0,0,2,0,2,0,0,0,2,0,0,0,0,0,0,0,0,0,0,0,2.408703703703704,0,0,0,0,-0.926018519,0,0,0,0,0,0,0,4.556356764928194,0,0,0,6.767543461829176,0,-1.467144747,0,0,0,21.16361300075586,0,0,0,0,0,0,0.3763583203356968,0.7643979676958499,1562.8628420875193,0.648549313274597,0.3747724595781132,-0.713852304,6,4,4,6,0,0,0,0,0.5,0,0.625,382
O=[N+]([O-])c1n[nH]cc1-c1cn[nH]c1,276.1688,2,7,0,0,0,0,2,4,2,7,2,2,0,2,0,1,0,0,0.3971493104222002,-0.357726751,-0.542824074,100.5,0,0,0,0,0,3,0,0,0,0,3,0,0,0,0,0,0,0,2,0,0,0,2,0,1,0,0,0,1,0,0,0,0,0,0,0,0,0,0,0,4.526481481481481,0,0,0,0,0.8755555555555568,0,0,0,0,0,0,0,5.004520975056689,0,0,0,7.19525321239607,0,-0.542824074,0,0,0,10.47050642479214,0,0,0,0,0,0,0.3367961463545106,0.7041579769481056,1097.9893877226684,0.3034011698427804,0.3907580147259947,-1.116451471,6,5,2,5,0,0,0,0,0.3076923076923077,0,0.7692307692307693,303
O=[N+]([O-])c1n[nH]nc1-c1nc(/N=N\c2n[nH]c(-c3n[nH]nc3[N+](=O)[O-])n2)n[nH]1,274.42087,4,20,0,0,0,0,4,14,4,20,4,6,0,4,0,2,0,0,0.4209759064324204,-0.357684222,-0.749198737,277.28,0,0,0,0,0,0,0,0,0,0,8,0,0,0,0,0,0,0,4,0,0,2,8,0,2,0,0,0,2,0,0,0,0,0,0,0,0,0,0,0,0,0,0,0,0,-1.973537415,0,0,0,0,0,0,0,9.008248503289156,0,0,7.308601505416982,29.109847883428472,0,-1.498397475,0,0,0,21.68928516553808,0,0,0,0,0,0,0.1785931648676398,0.8674521172638846,7557.628191047586,0.5296428270004214,0.576980537210093,-0.576980537,8,4,4,16,0,0,0,0,0.2857142857142857,0,0.7142857142857143,209.5
O=[N+]([O-])c1n[nH]nc1-c1nnn[nH]1,270.7614,2,10,0,0,0,0,2,7,2,10,2,2,0,2,0,1,0,0,0.4210484922751703,-0.357684216,-0.679212963,139.17,0,0,0,0,0,0,0,0,0,0,3,0,0,0,0,0,0,0,2,0,0,0,5,0,1,0,0,0,1,0,0,0,0,0,0,0,0,0,0,0,0,0,0,0,0,-0.338888889,0,0,0,0,0,0,0,4.4463888888888885,0,0,0,16.814441609977322,0,-0.679212963,0,0,0,10.37863567649282,0,0,0,0,0,0,0.3398664830032741,0.697512743906337,1067.535638489465,0.2770620663267752,0.6150365452518628,-0.439311818,3,2,2,8,0,0,0,0,0.3076923076923077,0,0.7692307692307693,188
O=[N+]([O-])c1n[nH]nc1Nc1nnn[nH]1,258.0283,3,11,0,0,0,0,2,8,3,11,2,3,0,3,0,1,0,0,0.4341756315874333,-0.357645032,-0.684890401,151.2,0,0,0,0,0,0,0,0,0,0,3,0,0,0,0,0,0,1,2,0,0,0,5,0,1,0,0,0,1,0,0,0,0,0,0,0,0,0,0,0,0,0,0,0,0,-0.350046296,0,0,0,0,0,0,2.475648148148148,4.459436885865458,0,0,0,16.814764739229023,0,-0.684890401,0,0,0,10.392543461829176,0,0,0,0,0,0,0.2169833026983386,0.8077426208417761,1531.38639002303,0.3261102084048721,0.6392110309560768,-0.446433101,3,3,2,9,0,0,0,0,0.2857142857142857,0,0.7142857142857143,308
O=[N+]([O-])c1nc(/N=N/c2nc([N+](=O)[O-])nn2C([N+](=O)[O-])([N+](=O)[O-])[N+](=O)[O-])n(C([N+](=O)[O-])([N+](=O)[O-])[N+](=O)[O-])n1,89.86701,0,32,0,0,0,0,2,24,0,32,2,12,0,0,0,8,0,0,0.8360591156462441,-0.389690531,-4.831795871,431.25999999999993,0,0,0,0,0,0,0,0,0,0,4,0,2,0,0,0,0,0,0,0,0,2,4,0,8,2,0,0,8,0,0,0,0,0,0,0,0,0,0,0,0,0,0,0,0,-7.491748105,0,-9.663591742,0,0,0,0,0,0,0,0,5.400590513983371,10.725227623456789,0,-16.6592888,-2.016845553,0,0,89.43616136629124,0,0,0,0,0,0,0.3623853395386707,0.7610521203020234,9767.346520632836,0.6330015897468081,0.4056780437625187,0.1159080125035768,6,0,16,16,0,0,2,0,0.7368421052631579,0,0.2631578947368421,175
O=[N+]([O-])c1nc(/N=N/c2nc([N+](=O)[O-])nn2-c2nnn[nH]2)n(-c2nnn[nH]2)n1,273.01804,2,22,0,0,0,0,4,18,2,22,4,6,0,2,0,2,0,0,0.4932079768179087,-0.389690445,-0.882094052,281.34,0,0,0,0,0,0,0,0,0,0,6,0,0,0,0,0,0,0,2,0,0,2,10,0,2,2,0,0,2,0,0,0,0,0,0,0,0,0,0,0,0,0,0,0,0,-2.811459436,0,0,0,0,0,0,0,4.6140728837193485,0,0,7.289210128495842,34.489303963065694,0,-1.764188104,1.568964002267573,0,0,21.807048281204125,0,0,0,0,0,0,0.3209191669257075,0.7413832010400864,6339.623522090973,0.5367013581904964,0.645816034689547,-0.369037734,6,2,4,18,0,0,0,0,0.2857142857142857,0,0.7142857142857143,251
O=[N+]([O-])c1nc(/N=N/c2nc([N+](=O)[O-])nn2Cc2nnn[nH]2)n(Cc2nnn[nH]2)n1,324.88205,2,22,0,0,0,0,4,18,2,22,4,8,0,2,0,2,0,0,0.4927372959744441,-0.389690595,-0.834913089,281.34,0,0,2,0,0,0,0,0,0,0,6,0,0,0,0,0,0,0,2,0,0,2,10,0,2,2,0,0,2,0,0,0,0,0,0,0,0,-0.280226632,0,0,0,0,0,0,0,-1.701642309,0,0,0,0,0,0,0,4.896292210929449,0,0,7.484525699168556,35.36658751782898,0,-1.669826178,1.9986448097757616,0,0,21.952822440175296,0,0,0,0,0,0,0.4343190806066628,0.7695415638795835,6650.326327270039,1.0816557609757156,0.6024989360633868,-0.573808511,8,6,4,18,0,0,0,0,0.2666666666666666,0,0.6666666666666666,171
O=[N+]([O-])c1nc([N+](=O)[O-])n(/N=N/n2nc([N+](=O)[O-])nc2[N+](=O)[O-])n1,225.05833,0,20,0,0,0,0,2,16,0,20,2,6,0,0,0,4,0,0,0.510555134877358,-0.389687748,-1.233594367,258.69999999999993,0,0,0,0,0,0,0,0,0,0,4,0,0,0,0,0,0,0,0,0,0,2,4,0,4,2,0,0,4,0,0,0,0,0,0,0,0,0,0,0,0,0,0,0,0,-4.85659507,0,0,0,0,0,0,0,0,0,0,5.943654572940288,11.85327097505669,0,-4.724207959,-0.064737339,0,0,42.25764074382941,0,0,0,0,0,0,0.2113746679797947,0.8930351051372626,5168.268051659546,0.6666785761916416,0.4882017900732301,0,4,0,8,12,0,0,0,0,0.6666666666666666,0,0.4166666666666667,262.4
O=[N+]([O-])c1nc(C([N+](=O)[O-])([N+](=O)[O-])[N+](=O)[O-])n[nH]1,123.840645,1,15,0,0,0,0,1,10,1,15,1,5,0,1,0,4,0,0,0.781661617704328,-0.389776923,-4.0925,214.13,0,0,0,0,0,0,0,0,0,0,2,0,1,0,0,0,0,0,1,0,0,0,2,0,4,0,0,0,4,0,0,0,0,0,0,0,0,0,0,0,0,0,0,0,0,-2.741550926,0,-4.0925,0,0,0,0,0,1.501550925925926,0,0,0,5.526203703703704,0,-6.790878685,0,0,0,41.840254157218446,0,0,0,0,0,0,0.3553627086432617,0.9584193522532396,1862.392418806548,0.6016571389218022,0.3725074311431416,0.0912263096677081,3,1,8,7,0,0,1,0,0.7777777777777778,0,0.2777777777777778,124
O=[N+]([O-])c1nc(-c2nc([N+](=O)[O-])n(C([N+](=O)[O-])([N+](=O)[O-])[N+](=O)[O-])n2)nn1C([N+](=O)[O-])([N+](=O)[O-])[N+](=O)[O-],83.91474,0,30,0,0,0,0,2,22,0,30,2,11,0,0,0,8,0,0,0.8639471364439522,-0.389764517,-4.88053599,406.54,0,0,0,0,0,0,0,0,0,0,4,0,2,0,0,0,0,0,0,0,0,0,4,0,8,2,0,0,8,0,0,0,0,0,0,0,0,0,0,0,0,0,0,0,0,-7.66552973,0,-9.76107198,0,0,0,0,0,0,0,0,0,11.058364512471655,0,-17.24792746,-2.228924792,0,0,89.50587805752849,0,0,0,0,0,0,0.2325294404940207,0.8924664304839963,9670.77606910865,0.6912900811480736,0.3739401848332911,0.1221029174965848,6,0,16,14,0,0,2,0,0.7777777777777778,0,0.2777777777777778,138
O=[N+]([O-])c1nc(-c2nc([N+](=O)[O-])nn2C([N+](=O)[O-])[N+](=O)[O-])n(C([N+](=O)[O-])[N+](=O)[O-])n1,137.66501,0,24,0,0,0,0,2,18,0,24,2,9,0,0,0,6,0,0,0.5677220758316762,-0.389691149,-3.115677438,320.25999999999993,0,0,0,0,0,0,2,0,0,0,4,0,0,0,0,0,0,0,0,0,0,0,4,0,6,2,0,0,6,0,0,0,0,0,0,0,0,0,0,0,0,-6.231354875,0,0,0,-5.798038549,0,0,0,0,0,0,0,0,0,0,0,11.916931216931218,0,-9.230986395,-0.72356387,0,0,65.70017290249433,0,0,0,0,0,0,0.4909926233767326,0.656909255963756,5694.480240958671,0.7245600196974782,0.3869594659959368,-0.036853282,6,2,12,12,0,0,0,2,0.7333333333333333,0,0.3333333333333333,166
O=[N+]([O-])c1nc(-c2nc([N+](=O)[O-])nn2C(F)([N+](=O)[O-])[N+](=O)[O-])n(C(F)([N+](=O)[O-])[N+](=O)[O-])n1,113.27987,0,24,0,0,0,0,2,18,0,26,2,9,0,0,0,6,0,0,0.7489720056311013,-0.389691139,-5.190120229,320.25999999999993,0,0,0,0,0,0,0,0,0,0,4,0,2,0,0,0,0,0,0,0,0,0,4,0,6,2,0,0,6,0,0,2,0,0,0,0,0,0,0,0,0,0,0,0,0,-7.817560469,0,-10.38024046,0,0,0,0,0,0,0,0,0,10.45030328798186,0,-12.69328231,-2.341897203,0,0,65.38476166855631,0,0,29.17982048374905,0,0,0,0.5041138960669775,0.6513455708333208,5922.828331315875,0.7073466734264423,0.3573449271909709,0,6,0,12,12,0,0,0,2,0.6875,0,0.3125,217
O=[N+]([O-])c1nc(-c2nc([N+](=O)[O-])nn2O)n(O)n1,265.51144,2,14,0,0,0,0,2,12,2,14,2,3,0,0,0,2,0,0,0.4943578423876065,-0.397992143,-1.011194885,188.16,0,0,0,0,0,0,0,0,0,0,4,0,0,0,0,0,0,0,0,0,0,0,4,0,2,2,0,2,2,0,0,0,0,0,0,0,0,0,0,0,0,0,0,0,0,-3.300086924,0,0,0,0,0,0,0,0,0,0,0,12.383174603174602,0,-2.022389771,-0.113904006,0,18.36502456538171,20.677424099269334,0,0,0,0,0,0,0.1618151554023597,0.842784420389127,2924.4543002788223,0.1530312633238446,0.4339235209794274,-0.185967223,4,2,6,8,0,0,0,0,0.4444444444444444,0,0.5555555555555556,191
O=[N+]([O-])c1nc(-c2nc[nH]n2)n(C([N+](=O)[O-])([N+](=O)[O-])[N+](=O)[O-])n1,99.81147,1,18,0,0,0,0,2,13,1,18,2,6,0,1,0,4,0,0,0.8348051397388863,-0.38969113,-4.280532407,244.84,0,0,0,0,0,1,0,0,0,0,3,0,1,0,0,0,0,0,1,0,0,0,4,0,4,1,0,0,4,0,0,0,0,0,0,0,0,0,0,0,0.9090740740740744,0,0,0,0,-2.969166667,0,-4.280532407,0,0,0,0,0,2.111418178382464,0,0,0,12.841678476946337,0,-6.914750567,-0.436203704,0,0,43.74424130763416,0,0,0,0,0,0,0.5311343520648851,0.6823686062925711,2796.8194368564937,0.4782038963555585,0.4240715105730114,-0.145395946,5,2,8,10,0,0,1,0,0.6086956521739131,0,0.4347826086956521,172
O=[N+]([O-])c1nc(-c2ncn([N+](=O)[O-])n2)n(C([N+](=O)[O-])([N+](=O)[O-])[N+](=O)[O-])n1,86.8258,0,21,0,0,0,0,2,16,0,21,2,7,0,0,0,5,0,0,0.8348935266421527,-0.389691122,-4.461637141,277.11999999999995,0,0,0,0,0,1,0,0,0,0,3,0,1,0,0,0,0,0,0,0,0,0,4,0,5,2,0,0,5,0,0,0,0,0,0,0,0,0,0,0,0.4090740740740741,0,0,0,0,-3.79907124,0,-4.461637141,0,0,0,0,0,0,0,0,0,12.169654667422524,0,-8.527110103,-0.697322373,0,0,54.57820605788611,0,0,0,0,0,0,0.4384487025315218,0.7034953036333783,4311.163646060558,0.4492644798942051,0.4105243515581264,-0.02132594,5,1,10,11,1,0,1,0,0.6923076923076923,0,0.3846153846153846,136
O=[N+]([O-])c1nc(-c2ncn(C([N+](=O)[O-])([N+](=O)[O-])[N+](=O)[O-])n2)n(C([N+](=O)[O-])([N+](=O)[O-])[N+](=O)[O-])n1,83.61723,0,27,0,0,0,0,2,20,0,27,2,10,0,0,0,7,0,0,0.8348051414319512,-0.38969113,-4.727725694,363.4,0,0,0,0,0,1,0,0,0,0,3,0,2,0,0,0,0,0,0,0,0,0,4,0,7,2,0,0,7,0,0,0,0,0,0,0,0,0,0,0,-0.082592593,0,0,0,0,-4.837675107,0,-9.219358505,0,0,0,0,0,0,0,0,0,11.561904289493576,0,-14.2115997,-1.517546296,0,0,77.90343395691609,0,0,0,0,0,0,0.3398692552119439,0.8570545980127667,6198.512303787608,0.700341255153652,0.3798385060241968,0.0500885942009929,6,1,14,13,0,0,2,0,0.7272727272727273,0,0.303030303030303,152
O=[N+]([O-])c1nc(-c2nnn[nH]2)c(-c2nnn[nH]2)[nH]1,303.87595,3,13,0,0,0,0,3,9,3,13,3,3,0,3,0,1,0,0,0.433034329483253,-0.389820681,-0.679965986,180.74,0,0,0,0,0,0,0,0,0,0,5,0,0,0,0,0,0,0,3,0,0,0,7,0,1,0,0,0,1,0,0,0,0,0,0,0,0,0,0,0,0,0,0,0,0,0.2324537037037055,0,0,0,0,0,0,0,7.380123771730915,0,0,0,24.513233182161752,0,-0.679965986,0,0,0,10.69374433106576,0,0,0,0,0,0,0.4056885103668545,0.6207045242713572,2360.006216837501,0.3273838358183089,0.6180916220490137,-0.610064458,5,3,2,11,0,0,0,0,0.2222222222222222,0,0.8333333333333334,237.6
O=[N+]([O-])c1nc(-c2nnn[nH]2)n[nH]1,299.35178,2,10,0,0,0,0,2,7,2,10,2,2,0,2,0,1,0,0,0.4534350421878226,-0.389776849,-0.69414966,139.17000000000002,0,0,0,0,0,0,0,0,0,0,3,0,0,0,0,0,0,0,2,0,0,0,5,0,1,0,0,0,1,0,0,0,0,0,0,0,0,0,0,0,0,0,0,0,0,-0.229212963,0,0,0,0,0,0,0,4.483595049130763,0,0,0,17.05218065003779,0,-0.69414966,0,0,0,10.193793461829175,0,0,0,0,0,0,0.1283075618412528,0.8716924381667441,1440.0504254955763,4.11816644674018e-06,0.6150365452518628,-0.439311818,3,2,2,8,0,0,0,0,0.3076923076923077,0,0.7692307692307693,211
O=[N+]([O-])c1nc(-c2nnnn2O)n[nH]1,299.3637,2,11,0,0,0,0,2,9,2,11,2,2,0,1,0,1,0,0,0.4534376115626476,-0.408597796,-0.761893424,148.54,0,0,0,0,0,0,0,0,0,0,3,0,0,0,0,0,0,0,1,0,0,0,5,0,1,1,0,1,1,0,0,0,0,0,0,0,0,0,0,0,0,0,0,0,0,-0.901342593,0,0,0,0,0,0,0,2.040509259259259,0,0,0,16.40245842781557,0,-0.761893424,0.3123998488284201,0,8.968623393801966,10.21962254346183,0,0,0,0,0,0,0.1525312613009562,0.8474687387420133,1650.2036752191275,8.903308319234502e-06,0.5653653168569726,-0.323065895,3,2,3,8,0,0,0,0,0.2857142857142857,0,0.7142857142857143,152
O=[N+]([O-])c1nc(-c2nonc2[N+](=O)[O-])n[nH]1,232.71225,1,12,0,0,0,0,2,9,1,12,2,3,0,1,0,2,0,0,0.4533793951795792,-0.389776855,-0.867037037,166.77,0,0,0,0,0,0,0,0,0,0,4,0,0,0,0,0,0,0,1,0,0,0,4,0,2,0,0,0,2,0,1,0,0,0,0,0,0,0,0,0,0,0,0,0,0,-2.087781557,0,0,0,0,0,0,0,1.96739134542706,0,0,0,12.923068783068782,0,-1.70449263,0,0,0,20.72139951814059,0,4.125681689342404,0,0,0,0,0.1965491882213091,0.8183106349209311,2099.801148275434,0.1867468391377323,0.4315355620530524,-0.24659175,4,1,5,7,0,0,0,0,0.5,0,0.625,191.15
O=[N+]([O-])c1nc(NNc2nc([N+](=O)[O-])nn2-c2nnn[nH]2)n(-c2nnn[nH]2)n1,274.10938,4,22,0,0,0,0,4,18,4,22,4,7,0,4,0,2,0,0,0.4931289786433794,-0.389690452,-0.848205163,280.67999999999995,0,0,0,0,0,0,0,0,0,0,6,0,0,0,0,0,0,2,2,0,0,0,10,0,2,2,0,0,2,0,0,0,0,0,0,0,0,0,0,0,0,0,0,0,0,-2.245348325,0,0,0,0,0,0,4.877299697656841,4.681850661497126,0,0,0,34.929564734040746,0,-1.696410327,1.7425751133786842,0,0,21.85523422224721,0,0,0,0,0,0,0.3535195088496567,0.9668607270787783,5619.225850721424,1.2839231110031524,0.6424965580541533,-0.407934323,6,4,4,18,0,0,0,0,0.2857142857142857,0,0.7142857142857143,248
O=[N+]([O-])c1nc[nH]n1,281.76624,1,6,0,0,0,0,1,4,1,6,1,1,0,1,0,1,0,0,0.4902281035962562,-0.389691554,-0.670138889,84.71,0,0,0,0,0,1,0,0,0,0,1,0,0,0,0,0,0,0,1,0,0,0,2,0,1,0,0,0,1,0,0,0,0,0,0,0,0,0,0,0,1.150925925925926,0,0,0,0,-0.398148148,0,0,0,0,0,0,0,2.208287037037037,0,0,0,6.430555555555555,0,-0.670138889,0,0,0,9.722592592592592,0,0,0,0,0,0,0.231558433928029,0.7684415673575488,395.0778875392113,4.894552252357597e-05,0.4909524477486323,-0.420816384,2,2,2,4,0,0,0,0,0.5,0,0.625,218
O=[N+]([O-])c1nc2c3nc([N+](=O)[O-])nn3nnn2n1,211.08902,0,14,0,0,0,0,3,12,0,14,3,2,0,0,0,2,0,0,0.4932223114139939,-0.389690448,-0.83734001,172.44,0,0,0,0,0,0,0,0,0,0,2,2,0,0,0,0,0,0,0,0,0,0,6,0,2,2,0,0,2,0,0,0,0,0,0,0,0,0,0,0,0,0,0,0,0,-1.438790627,-0.310555556,0,0,0,0,0,0,0,0,0,0,20.65460695389267,0,-1.67468002,1.4838737717309145,0,0,20.976106072058453,0,0,0,0,0,0,0.1700446872665715,0.8299553127356,2771.5361774924704,2.759175107011778e-06,0.5553131569552973,-0.253857443,4,0,4,10,0,0,0,0,0.4444444444444444,0,0.8888888888888888,138
O=[N+]([O-])c1nc2n(c1[N+](=O)[O-])CCn1c([N+](=O)[O-])cnc1-2,277.8403,0,13,0,1,1,0,2,10,0,13,3,3,0,0,0,3,0,0,0.4628039244243527,-0.357857503,-0.967117032,165.06,0,0,2,0,0,1,0,0,0,0,5,0,0,0,0,0,0,0,0,0,0,0,2,0,3,2,0,0,3,0,0,0,0,0,0,0,0,-0.010230537,0,0,0.983472222222222,0,0,0,0,-2.108831255,0,0,0,0,0,0,0,0,0,0,0,7.386963340891912,0,-2.523097758,2.2360884353741497,0,0,32.68448444192492,0,0,0,0,0,0,0.1929058022507199,0.8210792333588112,3597.166970560984,0.2721376823308721,0.332010936033689,-0.677573339,8,5,6,7,0,0,0,0,0.5714285714285714,0,0.7619047619047619,207
O=[N+]([O-])c1nc2n(n1)CCCn1nc([N+](=O)[O-])nc1-2,269.02924,0,12,0,1,1,0,2,10,0,12,3,2,2,0,0,2,0,0,0.4913047695791558,-0.389691189,-0.725469262,147.7,0,0,3,0,0,0,0,0,0,0,4,0,0,0,0,0,0,0,0,0,0,0,4,0,2,2,0,0,2,0,0,0,0,0,0,0,0,1.393899281934996,0,0,0,0,0,0,0,-0.890920257,0,0,0,0,0,0,0,0,0,0,0,14.899841269841271,0,-1.450938524,2.629707105064248,0,0,21.292538895187704,0,0,0,0,0,0,0.2558144390331305,0.7518464237757715,3015.1287963097325,0.2732141405966756,0.4207726437671175,-0.78143491,7,6,4,8,0,0,0,0,0.4210526315789473,0,0.5263157894736842,328
O=[N+]([O-])c1nc2n(n1)CCn1nc([N+](=O)[O-])nc1-2,269.0293,0,12,0,1,1,0,2,10,0,12,3,2,2,0,0,2,0,0,0.4913058629328176,-0.389691189,-0.735673343,147.7,0,0,2,0,0,0,0,0,0,0,4,0,0,0,0,0,0,0,0,0,0,0,4,0,2,2,0,0,2,0,0,0,0,0,0,0,0,0.5906500377928949,0,0,0,0,0,0,0,-0.92101285,0,0,0,0,0,0,0,0,0,0,0,14.65984126984127,0,-1.471346687,2.567207105064248,0,0,21.120663895187704,0,0,0,0,0,0,0.1818742444439458,0.8219292855450607,2849.9763096585098,0.1992487495957801,0.444180051556613,-0.634542931,6,4,4,8,0,0,0,0,0.4444444444444444,0,0.8888888888888888,307
O=[N+]([O-])c1nc2nc(C(F)(F)F)cc(C(F)(F)F)n2n1,296.89987,0,7,0,0,0,0,2,6,0,13,2,1,0,0,0,1,0,0,0.493037540105718,-0.389690461,-5.219485544,86.22,0,0,0,0,0,1,0,0,0,0,3,1,2,0,0,0,0,0,0,0,0,0,3,0,1,1,0,0,1,0,0,6,0,0,0,0,0,0,0,0,-0.300192744,0,0,0,0,-5.030210695,-1.167731481,-10.38369213,0,0,0,0,0,0,0,0,0,8.544271069538926,0,-1.247920446,-0.159351852,0,0,10.349348190665154,0,0,75.21279856,0,0,0,0.361128838169821,0.6999654549763955,3158.750466251405,0.2146766389201306,0.232476270814929,-0.664217917,7,1,2,5,0,0,0,0,0.2,0,0.55,219
O=[N+]([O-])c1nc2onc(-c3nonc3/N=N\c3nonc3-c3noc4nc([N+](=O)[O-])nn34)n2n1,290.61337,0,24,0,0,0,0,6,22,0,24,6,6,0,0,0,2,0,0,0.4945908075450417,-0.389689864,-0.835638587,301.2799999999999,0,0,0,0,0,0,0,0,0,0,8,2,0,0,0,0,0,0,0,0,0,2,10,0,2,2,0,0,2,0,4,0,0,0,0,0,0,0,0,0,0,0,0,0,0,-2.740591955,-0.597127798,0,0,0,0,0,0,0,0,0,7.607123645754598,35.87823605491389,0,-1.671277175,1.7569762335094223,0,0,21.72224947591524,0,18.988828708019653,0,0,0,0,0.0657900945625028,0.9578741505992242,15067.194535261657,0.479084710928193,0.4743612006420815,-0.406595315,10,0,8,16,0,0,0,0,0.2352941176470588,0,0.8823529411764706,190.8
O=[N+]([O-])c1nc2onc(-c3nonc3[N+](=O)[O-])n2n1,271.79294,0,14,0,0,0,0,3,12,0,14,3,3,0,0,0,2,0,0,0.4945908315886796,-0.389689864,-0.863404825,181.42,0,0,0,0,0,0,0,0,0,0,4,1,0,0,0,0,0,0,0,0,0,0,5,0,2,1,0,0,2,0,2,0,0,0,0,0,0,0,0,0,0,0,0,0,0,-2.150964664,-0.32037226,0,0,0,0,0,0,0,0,0,0,16.58727245527841,0,-1.722770298,0.7824074074074072,0,0,21.150652557319223,0,8.856455577601412,0,0,0,0,0.1818183294113946,0.8278307485687408,2948.910560713532,0.15887226271722,0.4177467783144663,-0.238712445,5,0,6,8,0,0,0,0,0.4210526315789473,0,0.7894736842105263,182.4
O=[N+]([O-])c1ncn(/N=[N+](\[O-])c2nonc2/N=N/c2nonc2/[N+]([O-])=N/n2cnc([N+](=O)[O-])n2)n1,258.89948,0,26,0,0,0,0,4,22,0,26,4,8,0,0,0,2,0,0,0.5071943859061291,-0.72131332,-0.918947366,327.11999999999995,0,0,0,0,0,2,0,0,0,0,6,0,0,0,0,0,0,0,0,0,0,4,8,0,2,2,0,0,2,0,2,0,0,0,0,0,0,0,0,0,1.530059428553046,0,0,0,0,-4.172995007,0,0,0,0,0,0,0,0,0,0,13.5539328533902,26.22447217142834,0,-1.837894733,0.92794458119293,0,0,21.139018619830004,0,8.727038544437395,0,0,0,0,0.1150081593321979,0.8849920302599624,15387.993708928265,0.0013181841574123,0.5269519177285861,-0.301115382,8,2,8,18,0,0,0,0,0.2352941176470588,0,0.5882352941176471,184
O=[N+]([O-])c1ncn(/N=[N+](\[O-])c2nonc2[N+](=O)[O-])n1,234.96782,0,15,0,0,0,0,2,12,0,15,2,4,0,0,0,2,0,0,0.5071943859886183,-0.721192903,-1.017815571,194.34,0,0,0,0,0,1,0,0,0,0,3,0,0,0,0,0,0,0,0,0,0,1,4,0,2,1,0,0,2,0,1,0,0,0,0,0,0,0,0,0,0.7523592214663641,0,0,0,0,-2.609772587,0,0,0,0,0,0,0,0,0,0,3.0970370370370373,12.234767809901738,0,-1.933223419,0.4340665154950871,0,0,20.724233381624256,0,4.012367252456539,0,0,0,0,0.1613794115716833,0.8609234910203838,3295.741525316932,0.291924300105958,0.464757717375668,-0.147542133,4,1,6,9,0,0,0,0,0.4210526315789473,0,0.5263157894736842,228
O=[N+]([O-])c1ncn(/N=[N+](\[O-])c2nonc2N(CN(c2nonc2/[N+]([O-])=N/n2cnc([N+](=O)[O-])n2)[N+](=O)[O-])[N+](=O)[O-])n1,124.36202,0,32,0,0,0,0,4,24,0,32,4,12,0,0,0,4,0,0,0.5071943859061957,-0.721312448,-1.506248979,395.1599999999999,0,0,1,0,0,2,0,0,0,0,6,0,0,0,0,0,0,0,0,0,0,2,8,2,4,2,0,0,4,0,2,0,0,0,0,0,0,-1.506248979,0,0,1.2347342327416413,0,0,0,0,-6.344248684,0,0,0,0,0,0,0,0,0,0,6.329602571863783,25.29384545195865,-0.380220459,-4.696898108,0.5691117717125318,0,0,44.82777572642722,0,8.572051232505363,0,0,0,0,0.1458105832921091,0.9176729148298142,18113.17059573358,0.8343191321035516,0.4792395153519241,-0.219080921,9,4,12,20,2,0,0,0,0.3902439024390244,0,0.4878048780487805,147
O=[N+]([O-])c1ncn(/N=N/n2cnc([N+](=O)[O-])c2[N+](=O)[O-])c1[N+](=O)[O-],276.15292,0,18,0,0,0,0,2,14,0,18,2,6,0,0,0,4,0,0,0.4646359575439449,-0.357612759,-1.171700365,232.92,0,0,0,0,0,2,0,0,0,0,4,0,0,0,0,0,0,0,0,0,0,2,2,0,4,2,0,0,4,0,0,0,0,0,0,0,0,0,0,0,1.1328199798437897,0,0,0,0,-4.599852818,0,0,0,0,0,0,0,0,0,0,6.290876795162509,6.2832782186948855,0,-4.631771263,0.5152626606198039,0,0,42.83802654629855,0,0,0,0,0,0,0.1278505935777176,0.882316936128057,6003.052385467096,0.156115949453191,0.4091844369622147,-0.233819678,6,2,8,10,0,0,0,0,0.6666666666666666,0,0.4166666666666667,232
O=[N+]([O-])c1ncn(/N=N/n2cnc([N+](=O)[O-])c2Cl)c1Cl,266.3451,0,12,0,0,0,0,2,10,0,14,2,4,0,0,0,2,0,0,0.402778505877405,-0.357717062,-0.802192811,146.64,0,0,0,0,0,2,0,0,0,0,4,0,0,0,0,0,0,0,0,0,0,2,2,0,2,2,0,0,2,0,0,0,2,0,0,0,0,0,0,0,1.8952632905013855,0,0,0,0,-1.976272676,0,0,0,0,0,0,0,0,0,0,6.942543461829176,6.790947971781305,0,-1.604385621,1.5870061728395064,0,0,21.006933596773063,0,0,0,11.239919095210098,0,0,0.115605852640428,0.8843941474862228,4953.796100435186,2.6748409353618608e-05,0.348866184899078,-0.448542238,6,2,4,8,0,0,0,0,0.4,0,0.5,251
O=[N+]([O-])c1ncn(/N=N/n2cnc([N+](=O)[O-])n2)n1,257.97955,0,14,0,0,0,0,2,12,0,14,2,4,0,0,0,2,0,0,0.4923539376978574,-0.389690733,-0.813166747,172.41999999999996,0,0,0,0,0,2,0,0,0,0,2,0,0,0,0,0,0,0,0,0,0,2,4,0,2,2,0,0,2,0,0,0,0,0,0,0,0,0,0,0,1.874949609473419,0,0,0,0,-1.308294701,0,0,0,0,0,0,0,0,0,0,6.707358276643991,13.248648589065256,0,-1.626333495,1.4000925925925929,0,0,20.51845623051792,0,0,0,0,0,0,0.0865965525803839,0.9134034476135672,4138.994015798929,3.0678473718288514e-05,0.5509078173819286,-0.314804467,4,2,4,10,0,0,0,0,0.4444444444444444,0,0.5555555555555556,247
O=[N+]([O-])c1ncn(C([N+](=O)[O-])[N+](=O)[O-])n1,105.332535,0,12,0,0,0,0,1,9,0,12,1,4,0,0,0,3,0,0,0.5670384533616604,-0.389691434,-2.410925926,160.13,0,0,0,0,0,1,1,0,0,0,1,0,0,0,0,0,0,0,0,0,0,0,2,0,3,1,0,0,3,0,0,0,0,0,0,0,0,0,0,0,0.55,-2.410925926,0,0,0,-0.941018519,0,0,0,0,0,0,0,0,0,0,0,6.021018518518519,0,-3.523548753,0.1925925925925926,0,0,30.555941043083894,0,0,0,0,0,0,0.3081548591348408,0.9318148761114108,1470.8843758625846,0.6331831641825739,0.3851709195955705,-0.073365889,3,2,6,6,0,0,0,1,0.7333333333333333,0,0.3333333333333333,130.5
O=[N+]([O-])c1ncn(NCC([N+](=O)[O-])([N+](=O)[O-])[N+](=O)[O-])n1,137.0809,1,16,0,0,0,0,1,12,1,16,1,7,0,1,0,4,0,0,0.718465634625263,-0.389690744,-3.74927603,215.3,0,0,1,0,0,1,0,0,0,0,1,0,1,0,0,0,0,1,0,0,0,0,2,0,4,1,0,0,4,0,0,0,0,0,0,0,0,-1.402267574,0,0,0.6693754724111867,0,0,0,0,-0.896843348,0,-3.74927603,0,0,0,0,1.8184722222222225,0,0,0,0,6.250039682539683,0,-6.109167611,0.4200231481481484,0,0,41.95815535241874,0,0,0,0,0,0,0.2086771854150792,0.9576791489765866,3376.804336903028,0.5462715624204862,0.3833988306335666,-0.109542523,4,4,8,8,0,0,1,0,0.7,0,0.25,141
O=[N+]([O-])c1nn(/N=N/n2nc([N+](=O)[O-])c(Cl)c2[N+](=O)[O-])c([N+](=O)[O-])c1Cl,245.99857,0,18,0,0,0,0,2,14,0,20,2,6,0,0,0,4,0,0,0.4417449374281662,-0.357699007,-1.186227184,232.92,0,0,0,0,0,0,0,0,0,0,6,0,0,0,0,0,0,0,0,0,0,2,2,0,4,2,0,0,4,0,0,0,2,0,0,0,0,0,0,0,0,0,0,0,0,-6.626397882,0,0,0,0,0,0,0,0,0,0,6.066370622323003,6.180323444192492,0,-4.67915309,-0.044423658,0,0,43.21831278409742,0,0,0,10.8888772178599,0,0,0.191445881966872,0.8309006648852706,7515.96455117346,0.3339169914722675,0.3406044268843938,-0.155704881,6,0,8,10,0,0,0,0,0.6153846153846154,0,0.3846153846153846,251
O=[N+]([O-])c1nn([N+](=O)[O-])c2c([N+](=O)[O-])nn([N+](=O)[O-])c12,142.98578,0,16,0,0,0,0,2,12,0,16,2,4,0,0,0,4,0,0,0.4268679147413388,-0.357681929,-1.311211262,208.2,0,0,0,0,0,0,0,0,0,0,2,2,0,0,0,0,0,0,0,0,0,0,2,0,4,2,0,0,4,0,0,0,0,0,0,0,0,0,0,0,0,0,0,0,0,-2.594444444,-2.104814815,0,0,0,0,0,0,0,0,0,0,5.766481481481481,0,-5.134845049,-0.613888889,0,0,42.67408919123204,0,0,0,0,0,0,0.4110776858695361,0.6475574588854184,2486.120625333563,0.3653267178948637,0.3887647001652248,0,4,0,8,8,2,0,0,0,0.8,0,0.5,145
O=[N+]([O-])c1nn(C([N+](=O)[O-])([N+](=O)[O-])[N+](=O)[O-])c(-c2c([N+](=O)[O-])c([N+](=O)[O-])nn2C([N+](=O)[O-])([N+](=O)[O-])[N+](=O)[O-])c1[N+](=O)[O-],109.41888,0,34,0,0,0,0,2,24,0,34,2,13,0,0,0,10,0,0,0.8379184776276171,-0.357561688,-5.493441515,467.0399999999999,0,0,0,0,0,0,0,0,0,0,6,0,2,0,0,0,0,0,0,0,0,0,2,0,10,2,0,0,10,0,0,0,0,0,0,0,0,0,0,0,0,0,0,0,0,-15.99893141,0,-10.98688303,0,0,0,0,0,0,0,0,0,4.727290249433106,0,-24.18443059,-3.225986395,0,0,116.08447058453012,0,0,0,0,0,0,0.7933308460653189,0.994943948199082,5795.0004343558285,1.4945870090648543,0.3201745931659058,0.1045468059317243,8,0,20,14,0,0,2,0,0.8571428571428571,0,0.238095238095238,125
O=[N+]([O-])c1nn(C([N+](=O)[O-])([N+](=O)[O-])[N+](=O)[O-])c(-c2n[nH]c([N+](=O)[O-])c2[N+](=O)[O-])c1[N+](=O)[O-],128.7336,1,25,0,0,0,0,2,17,1,25,2,9,0,1,0,7,0,0,0.8379197971709735,-0.357668715,-4.934571759,348.4799999999999,0,0,0,0,0,0,0,0,0,0,6,0,1,0,0,0,0,0,1,0,0,0,2,0,7,1,0,0,7,0,0,0,0,0,0,0,0,0,0,0,0,0,0,0,0,-11.20576294,0,-4.934571759,0,0,0,0,0,1.390753968253968,0,0,0,5.535470521541949,0,-13.45202601,-1.073248299,0,0,78.74469226347948,0,0,0,0,0,0,0.525706827025214,0.7120879247408989,5161.846102551217,0.8910438882201566,0.3325071035608486,-0.017273096,7,1,14,11,0,0,1,0,0.8125,0,0.3125,150
O=[N+]([O-])c1nn(C([N+](=O)[O-])([N+](=O)[O-])[N+](=O)[O-])c2c([N+](=O)[O-])nn(C([N+](=O)[O-])([N+](=O)[O-])[N+](=O)[O-])c12,123.46453,0,28,0,0,0,0,2,20,0,28,2,10,0,0,0,8,0,0,0.8379698513044211,-0.357685469,-5.03606883,380.75999999999993,0,0,0,0,0,0,0,0,0,0,2,2,2,0,0,0,0,0,0,0,0,0,2,0,8,2,0,0,8,0,0,0,0,0,0,0,0,0,0,0,0,0,0,0,0,-4.415833333,-4.200509259,-10.07213766,0,0,0,0,0,0,0,0,0,5.079667422524565,0,-17.86132275,-2.375600907,0,0,90.50620157785336,0,0,0,0,0,0,0.3714864742102793,0.8463725276355201,5842.111516998037,0.8577983090423105,0.3386181958906261,0.1289974079583337,6,0,16,12,0,0,2,0,0.8235294117647058,0,0.2941176470588235,160
O=[N+]([O-])c1nn(C([N+](=O)[O-])([N+](=O)[O-])[N+](=O)[O-])nc1-c1nn(C([N+](=O)[O-])([N+](=O)[O-])[N+](=O)[O-])nc1[N+](=O)[O-],139.43471,0,30,0,0,0,0,2,22,0,30,2,11,0,0,0,8,0,0,0.853290241522872,-0.357684716,-4.81939366,406.5399999999999,0,0,0,0,0,0,0,0,0,0,4,0,2,0,0,0,0,0,0,0,0,0,4,0,8,2,0,0,8,0,0,0,0,0,0,0,0,0,0,0,0,0,0,0,0,-7.628142479,0,-9.63878732,0,0,0,0,0,0,0,0,0,10.599615457294028,0,-16.93859065,-2.212365835,0,0,89.4924687447293,0,0,0,0,0,0,0.2604559150618216,0.918538941370216,8858.250930175975,0.9117281816264772,0.3739401848332911,0.1221029174965848,6,0,16,14,0,0,2,0,0.7777777777777778,0,0.2777777777777778,141
O=[N+]([O-])c1nn(C(F)([N+](=O)[O-])[N+](=O)[O-])c2c([N+](=O)[O-])nn(C(F)([N+](=O)[O-])[N+](=O)[O-])c12,137.03004,0,22,0,0,0,0,2,16,0,24,2,8,0,0,0,6,0,0,0.7522038546818841,-0.357685506,-5.201052532,294.48,0,0,0,0,0,0,0,0,0,0,2,2,2,0,0,0,0,0,0,0,0,0,2,0,6,2,0,0,6,0,0,2,0,0,0,0,0,0,0,0,0,0,0,0,0,-4.190648148,-3.984583333,-10.40210506,0,0,0,0,0,0,0,0,0,4.96286470143613,0,-13.04915848,-2.384104308,0,0,65.60620795540439,0,0,29.001985386747293,0,0,0,0.3677075680028225,0.8369864837629695,4878.546772851686,0.7788100533944515,0.3166561114629511,0,6,0,12,10,0,0,0,2,0.7333333333333333,0,0.3333333333333333,213
O=[N+]([O-])c1nn(Cc2nnc(Cn3nc([N+](=O)[O-])c([N+](=O)[O-])c3[N+](=O)[O-])n2/N=N/n2c(Cn3nc([N+](=O)[O-])c([N+](=O)[O-])c3[N+](=O)[O-])nnc2Cn2nc([N+](=O)[O-])c([N+](=O)[O-])c2[N+](=O)[O-])c([N+](=O)[O-])c1[N+](=O)[O-],276.63397,0,52,0,0,0,0,6,40,0,52,6,22,0,0,0,12,0,0,0.4981460777791828,-0.357621116,-1.842731299,675.0999999999998,0,0,4,0,0,0,0,0,0,0,16,0,0,0,0,0,0,0,0,0,0,2,8,0,12,6,0,0,12,0,0,0,0,0,0,0,0,-5.833192337,0,0,0,0,0,0,0,-25.70907801,0,0,0,0,0,0,0,0,0,0,7.218317586293777,26.888690040642256,0,-18.88896822,-0.150956122,0,0,141.57092686041048,0,0,0,0,0,0,0.714000157139221,0.9656826817818168,25384.87892957438,2.243936707013509,0.3826421046877563,-0.312360902,20,8,24,28,0,0,0,0,0.6666666666666666,0,0.4166666666666667,151
O=[N+]([O-])c1nn(Cc2nnn[nH]2)c([N+](=O)[O-])c1[N+](=O)[O-],276.6204,1,15,0,0,0,0,2,11,1,15,2,5,0,1,0,3,0,0,0.498146074244183,-0.357621116,-1.298634732,201.7,0,0,1,0,0,0,0,0,0,0,4,0,0,0,0,0,0,0,1,0,0,0,4,0,3,1,0,0,3,0,0,0,0,0,0,0,0,-0.460324074,0,0,0,0,0,0,0,-3.666532502,0,0,0,0,0,0,0,2.243586545729402,0,0,0,13.032056563366089,0,-3.554957483,0.4706944444444443,0,0,32.30107158604183,0,0,0,0,0,0,0.3499033138084894,0.7722901427942128,2636.024188834176,0.6607021654670001,0.4418943942539701,-0.308624656,5,3,6,9,0,0,0,0,0.6,0,0.5,155
O=[N+]([O-])c1nn(Cc2nnn[nH]2)c([N+](=O)[O-])c1Cl,299.0895,1,12,0,0,0,0,2,9,1,13,2,4,0,1,0,2,0,0,0.4387063754002628,-0.357763734,-0.912232615,158.56,0,0,1,0,0,0,0,0,0,0,4,0,0,0,0,0,0,0,1,0,0,0,4,0,2,1,0,0,2,0,0,0,1,0,0,0,0,-0.239212963,0,0,0,0,0,0,0,-1.985882464,0,0,0,0,0,0,0,2.3411276455026453,0,0,0,13.433586860670191,0,-1.781150794,0.7387499999999998,0,0,21.369724190602167,0,0,0,5.53111111111111,0,0,0.340563381470555,0.7687734359406224,2468.3017389074625,0.6307131416140282,0.4078897532266994,-0.437024736,5,3,4,8,0,0,0,0,0.4444444444444444,0,0.5555555555555556,247
O=[N+]([O-])c1nn(Cc2noc(/N=N/c3nc(Cn4nc([N+](=O)[O-])c([N+](=O)[O-])c4[N+](=O)[O-])no3)n2)c([N+](=O)[O-])c1[N+](=O)[O-],284.37,0,30,0,0,0,0,4,24,0,30,4,12,0,0,0,6,0,0,0.4981460877973301,-0.357621116,-1.481242919,397.0399999999999,0,0,2,0,0,0,0,0,0,0,10,0,0,0,0,0,0,0,0,0,0,2,6,0,6,2,0,0,6,0,2,0,0,0,0,0,0,-1.647534989,0,0,0,0,0,0,0,-10.72105456,0,0,0,0,0,0,0,0,0,0,6.810986190670534,20.45732905601025,0,-7.879365544,0.5465773603993715,0,0,66.86052411060703,0,9.378680930815465,0,0,0,0,0.1829199437479558,0.9534879454052408,21049.677908476016,1.1697808838407069,0.3756737809888938,-0.322006098,12,4,14,16,0,0,0,0,0.5714285714285714,0,0.4761904761904761,250.2
O=[N+]([O-])c1nn(CCn2nc([N+](=O)[O-])c([N+](=O)[O-])c2[N+](=O)[O-])c([N+](=O)[O-])c1[N+](=O)[O-],265.63376,0,22,0,0,0,0,2,16,0,22,2,9,2,0,0,6,0,0,0.4981312574235754,-0.357621254,-1.572290617,294.48,0,0,2,0,0,0,0,0,0,0,6,0,0,0,0,0,0,0,0,0,0,0,2,0,6,2,0,0,6,0,0,0,0,0,0,0,0,-1.857496221,0,0,0,0,0,0,0,-9.053590955,0,0,0,0,0,0,0,0,0,0,0,6.193487024439405,0,-8.38884116,0.2764663643235072,0,0,65.91498747351201,0,0,0,0,0,0,0.1983998444073483,0.8295722740414052,8385.161777803905,0.4813582943933761,0.3239405985496715,-0.222130696,8,4,12,10,0,0,0,0,0.8,0,0.3333333333333333,250
O=[N+]([O-])c1nn(CN(Cn2nc([N+](=O)[O-])c([N+](=O)[O-])c2Cl)[N+](=O)[O-])c(Cl)c1[N+](=O)[O-],209.46191,0,20,0,0,0,0,2,14,0,22,2,9,0,0,0,5,0,0,0.4690535333028128,-0.357561345,-1.294726662,254.58,0,0,2,0,0,0,0,0,0,0,6,0,0,0,0,0,0,0,0,0,0,0,2,1,5,2,0,0,5,0,0,0,2,0,0,0,0,-2.114489166,0,0,0,0,0,0,0,-6.903462163,0,0,0,0,0,0,0,0,0,0,0,6.429452632905013,0.123673469387755,-6.080685731,0.6683578987150418,0,0,54.90767063804401,0,0,0,11.284034005160748,0,0,0.231683514679573,0.8704362913492396,8562.964787655754,0.891094095622196,0.2971856518767273,-0.271712596,8,4,10,10,1,0,0,0,0.6666666666666666,0,0.3333333333333333,354
O=[N+]([O-])c1nn(CN(Cn2nc([N+](=O)[O-])c(Cl)c2[N+](=O)[O-])[N+](=O)[O-])c([N+](=O)[O-])c1Cl,193.51547,0,20,0,0,0,0,2,14,0,22,2,9,0,0,0,5,0,0,0.4387832337196585,-0.357763018,-1.212016251,254.58,0,0,2,0,0,0,0,0,0,0,6,0,0,0,0,0,0,0,0,0,0,0,2,1,5,2,0,0,5,0,0,0,2,0,0,0,0,-2.362491497,0,0,0,0,0,0,0,-6.719145837,0,0,0,0,0,0,0,0,0,0,0,6.405767790655356,0.0278861174099269,-5.957373894,0.3782139707734946,0,0,55.21055923550422,0,0,0,11.028247099999742,0,0,0.201283144789582,0.8981508707554798,8848.592952951652,0.7994465983490086,0.2971856518767273,-0.271712596,8,4,10,10,1,0,0,0,0.6666666666666666,0,0.3333333333333333,252
O=[N+]([O-])c1nn(Cn2nc([N+](=O)[O-])c([N+](=O)[O-])c2[N+](=O)[O-])c([N+](=O)[O-])c1[N+](=O)[O-],265.63376,0,22,0,0,0,0,2,16,0,22,2,8,0,0,0,6,0,0,0.4983222313898717,-0.357619459,-1.681658688,294.48,0,0,1,0,0,0,0,0,0,0,6,0,0,0,0,0,0,0,0,0,0,0,2,0,6,2,0,0,6,0,0,0,0,0,0,0,0,-1.406759259,0,0,0,0,0,0,0,-9.812738305,0,0,0,0,0,0,0,0,0,0,0,5.975287226001512,0,-8.883939279,-0.187067271,0,0,65.9076084446124,0,0,0,0,0,0,0.3222421505662619,0.9377046059464637,5563.196958373094,0.9678661175661988,0.3348072825366911,-0.114791068,7,2,12,10,0,0,0,0,0.8275862068965517,0,0.3448275862068966,205
O=[N+]([O-])c1nn(O)c2c([N+](=O)[O-])nn(O)c12,300.08286,2,12,0,0,0,0,2,10,2,12,2,2,0,0,0,2,0,0,0.4256116578558881,-0.394884365,-1.020655707,162.38000000000002,0,0,0,0,0,0,0,0,0,0,2,2,0,0,0,0,0,0,0,0,0,0,2,0,2,2,0,2,2,0,0,0,0,0,0,0,0,0,0,0,0,0,0,0,0,-1.887777778,-1.307037037,0,0,0,0,0,0,0,0,0,0,6.002037037037037,0,-2.041311413,-0.156111111,0,18.232407407407408,20.91222978080121,0,0,0,0,0,0,0.2952698669878666,0.7494173101310709,1674.6168613439297,0.3089563522536689,0.3650650163410054,-0.208608581,4,2,6,6,0,0,0,0,0.5,0,0.625,296
O=[N+]([O-])c1nn2c(c1[N+](=O)[O-])-c1c([N+](=O)[O-])c([N+](=O)[O-])nn1CC2,264.16638,0,16,0,1,1,0,2,12,0,16,3,4,2,0,0,4,0,0,0.4680065703423041,-0.35756177,-1.115887188,208.2,0,0,2,0,0,0,0,0,0,0,6,0,0,0,0,0,0,0,0,0,0,0,2,0,4,2,0,0,4,0,0,0,0,0,0,0,0,-0.26388511,0,0,0,0,0,0,0,-5.517224112,0,0,0,0,0,0,0,0,0,0,0,6.934563492063492,0,-4.445250693,1.6746145124716556,0,0,44.30859095490048,0,0,0,0,0,0,0.2883334851096616,0.7645029630642025,3730.7989309105615,0.3859798483279853,0.329249076926695,-0.470355824,8,4,8,8,0,0,0,0,0.6666666666666666,0,0.6666666666666666,261
O=[N+]([O-])c1nn2c(c1[N+](=O)[O-])-c1c([N+](=O)[O-])c([N+](=O)[O-])nn1CCC2,264.1667,0,16,0,1,1,0,2,12,0,16,3,4,2,0,0,4,0,0,0.4680051778731914,-0.35756177,-1.104999055,208.2,0,0,3,0,0,0,0,0,0,0,6,0,0,0,0,0,0,0,0,0,0,0,2,0,4,2,0,0,4,0,0,0,0,0,0,0,0,0.16927343159486,0,0,0,0,0,0,0,-5.473798186,0,0,0,0,0,0,0,0,0,0,0,7.054563492063492,0,-4.397064752,1.7371145124716556,0,0,44.70495575081885,0,0,0,0,0,0,0.3464014567897779,0.7467536240757539,3777.069386185792,0.5997550698831009,0.3162099973178616,-0.587247138,9,6,8,8,0,0,0,0,0.64,0,0.4,280
O=[N+]([O-])c1nn2c(c1[N+](=O)[O-])Nc1c([N+](=O)[O-])c([N+](=O)[O-])nn1C2,259.1891,1,17,0,1,1,0,2,13,1,17,3,4,0,1,0,4,0,0,0.469768531877497,-0.357560996,-1.092502047,220.23,0,0,1,0,0,0,0,0,0,0,6,0,0,0,0,0,0,1,0,0,0,0,2,0,4,2,0,0,4,0,0,0,0,0,0,0,0,-0.526759259,0,0,0,0,0,0,0,-5.237213299,0,0,0,0,0,0,2.1996296296296296,0,0,0,0,6.823762282690854,0,-4.359128559,1.5073771730914591,0,0,43.79616601578904,0,0,0,0,0,0,0.1841284880187625,0.8296128398160738,4918.587179688141,0.2183602243735485,0.3693325047778729,-0.351745243,7,3,8,9,0,0,0,0,0.6666666666666666,0,0.6666666666666666,261
O=[N+]([O-])c1nn2c(c1[N+](=O)[O-])Nc1c([N+](=O)[O-])c([N+](=O)[O-])nn1CC2,259.1891,1,17,0,1,1,0,2,13,1,17,3,4,2,1,0,4,0,0,0.4696835751917793,-0.357561004,-1.073829995,220.23,0,0,2,0,0,0,0,0,0,0,6,0,0,0,0,0,0,1,0,0,0,0,2,0,4,2,0,0,4,0,0,0,0,0,0,0,0,-0.38888511,0,0,0,0,0,0,0,-5.161912845,0,0,0,0,0,0,2.2621296296296296,0,0,0,0,6.989512786596119,0,-4.294006677,1.7510034013605444,0,0,44.171079407071474,0,0,0,0,0,0,0.1973395971543894,0.8340929348059253,5115.561528968947,0.392120286400866,0.3547467080350129,-0.472995611,8,5,8,9,0,0,0,0,0.64,0,0.4,307
O=[N+]([O-])c1nn2c(c1[N+](=O)[O-])Nc1c([N+](=O)[O-])c([N+](=O)[O-])nn1CCC2,259.1891,1,17,0,1,1,0,2,13,1,17,3,4,2,1,0,4,0,0,0.4696821791535365,-0.357561004,-1.063625913,220.23,0,0,3,0,0,0,0,0,0,0,6,0,0,0,0,0,0,1,0,0,0,0,2,0,4,2,0,0,4,0,0,0,0,0,0,0,0,0.1284467120181405,0,0,0,0,0,0,0,-5.130060994,0,0,0,0,0,0,2.3021296296296296,0,0,0,0,7.085068342151676,0,-4.25319035,1.837947845804989,0,0,44.514829407071474,0,0,0,0,0,0,0.332674054685901,0.7923638944547643,4431.140803515971,0.756462007345972,0.3412691963922971,-0.585032908,9,7,8,9,0,0,0,0,0.6153846153846154,0,0.3846153846153846,276
O=[N+]([O-])c1nn2nnn3nc([N+](=O)[O-])c([N+](=O)[O-])c3c2c1[N+](=O)[O-],244.20467,0,18,0,0,0,0,3,14,0,18,3,4,0,0,0,4,0,0,0.4703977601895229,-0.357560828,-1.263378685,232.94,0,0,0,0,0,0,0,0,0,0,4,2,0,0,0,0,0,0,0,0,0,0,4,0,4,2,0,0,4,0,0,0,0,0,0,0,0,0,0,0,0,0,0,0,0,-5.003057445,-1.65,0,0,0,0,0,0,0,0,0,0,12.874743008314436,0,-4.85191736,0.5912811791383221,0,0,44.01947530864199,0,0,0,0,0,0,0.2832362057581825,0.7576258593344812,3678.389484298762,0.2574899238963344,0.4116097469188068,-0.188164456,6,0,8,10,0,0,0,0,0.6666666666666666,0,0.6666666666666666,233
O=[N+]([O-])c1nnc(Nn2cnnn2)[nH]1,274.05695,2,11,0,0,0,0,2,9,2,11,2,3,0,2,0,1,0,0,0.457218224014863,-0.389773917,-0.696658163,140.34,0,0,0,0,0,1,0,0,0,0,2,0,0,0,0,0,0,1,1,0,0,0,5,0,1,1,0,0,1,0,0,0,0,0,0,0,0,0,0,0,1.258287037037037,0,0,0,0,-0.38465325,0,0,0,0,0,0,2.506111111111111,2.302083333333333,0,0,0,16.805632401108593,0,-0.696658163,1.115316515495087,0,0,10.21360717435122,0,0,0,0,0,0,0.1594110750834364,0.8405890583246494,1719.8461352097074,0.0007456450568415,0.6392110309560768,-0.446433101,3,3,2,9,0,0,0,0,0.2857142857142857,0,0.7142857142857143,186
O=[N+]([O-])c1nnn(C([N+](=O)[O-])[N+](=O)[O-])n1,140.87433,0,13,0,0,0,0,1,10,0,13,1,4,0,0,0,3,0,0,0.5824275715041686,-0.389644334,-2.522037037,173.02000000000004,0,0,0,0,0,0,1,0,0,0,1,0,0,0,0,0,0,0,0,0,0,0,3,0,3,1,0,0,3,0,0,0,0,0,0,0,0,0,0,0,0,-2.522037037,0,0,0,-1.05212963,0,0,0,0,0,0,0,0,0,0,0,8.470740740740741,0,-3.711048753,-0.057407407,0,0,30.4359410430839,0,0,0,0,0,0,0.3245925015363401,0.9586278766438516,1430.6318565312313,0.7514415047672371,0.4473394713177798,0.1095525235880277,2,1,6,7,0,0,0,1,0.7333333333333333,0,0.3333333333333333,109.3
O=[N+]([O-])c1nnn(C(CO)([N+](=O)[O-])[N+](=O)[O-])n1,161.5291,1,14,0,0,0,0,1,11,1,14,1,5,0,0,0,3,0,0,0.613320822569522,-0.389644333,-3.332083333,193.25,0,0,1,0,0,0,0,0,0,0,1,0,1,0,0,0,0,0,0,0,0,0,3,0,3,1,0,1,3,0,0,0,0,0,0,0,0,-1.596712018,0,0,0,0,0,0,0,-1.160625,0,-3.332083333,0,0,0,0,0,0,0,0,0,8.41863425925926,0,-4.122681406,-0.231018519,0,8.736864134542706,31.35214427437642,0,0,0,0,0,0,0.3322044381126713,0.931396408449067,1729.9635036344669,0.8395595461488379,0.3934178780324288,-0.032115745,3,3,7,7,0,0,0,1,0.6470588235294118,0,0.2941176470588235,123.9
O=[N+]([O-])c1nnn(Cc2ncon2)n1,288.4853,0,10,0,0,0,0,2,9,0,10,2,3,0,0,0,1,0,0,0.5142632241686274,-0.389644376,-0.736383456,125.66,0,0,1,0,0,1,0,0,0,0,2,0,0,0,0,0,0,0,0,0,0,0,5,0,1,1,0,0,1,0,1,0,0,0,0,0,0,0.0806944444444441,0,0,1.1395581380700426,0,0,0,0,-0.244636243,0,0,0,0,0,0,0,0,0,0,0,17.246159297052152,0,-0.736383456,1.0029629629629628,0,0,10.194152179390276,0,4.456673831569665,0,0,0,0,0.1971547788206102,0.9305512182310788,1529.7860283808538,0.7533694643182264,0.4971742240530859,-0.527613462,4,3,3,7,0,0,0,0,0.2857142857142857,0,0.7142857142857143,241.1
O=[N+]([O-])c1nnn(Cc2noc(C(F)(F)F)n2)n1,281.0778,0,10,0,0,0,0,2,9,0,13,2,3,0,0,0,1,0,0,0.5142632241744478,-0.389644376,-4.756903108,125.66,0,0,1,0,0,0,0,0,0,0,3,0,1,0,0,0,0,0,0,0,0,0,5,0,1,1,0,0,1,0,1,3,0,0,0,0,0,-0.430138889,0,0,0,0,0,0,0,-2.684002097,0,-4.756903108,0,0,0,0,0,0,0,0,0,15.603007487717308,0,-0.901915864,0.6697826908541193,0,0,10.23097401729797,0,3.9462571649029994,36.34196457983254,0,0,0,0.2106853244217489,0.894296457183818,2975.4466707482693,0.682758632807872,0.3696564835106805,-0.482816632,5,2,3,7,0,0,0,0,0.2222222222222222,0,0.5555555555555556,261.6
O=[N+]([O-])c1nnn2c1-c1c([N+](=O)[O-])nnn1CC2,305.06226,0,12,0,1,1,0,2,10,0,12,3,2,2,0,0,2,0,0,0.4200101483666524,-0.357684843,-0.744822373,147.7,0,0,2,0,0,0,0,0,0,0,4,0,0,0,0,0,0,0,0,0,0,0,4,0,2,2,0,0,2,0,0,0,0,0,0,0,0,0.5906500377928947,0,0,0,0,0,0,0,-1.158703704,0,0,0,0,0,0,0,0,0,0,0,13.978049886621315,0,-1.489644747,2.479814814814815,0,0,21.633250188964475,0,0,0,0,0,0,0.5344261387502298,0.5355304944925228,1770.5202497357457,0.3990051836882085,0.444180051556613,-0.634542931,6,4,4,8,0,0,0,0,0.4444444444444444,0,0.8888888888888888,277
O=[N+]([O-])c1nnn2c1-c1c([N+](=O)[O-])nnn1CCC2,305.06253,0,12,0,1,1,0,2,10,0,12,3,2,2,0,0,2,0,0,0.4200089504507311,-0.357684843,-0.730933485,147.7,0,0,3,0,0,0,0,0,0,0,4,0,0,0,0,0,0,0,0,0,0,0,4,0,2,2,0,0,2,0,0,0,0,0,0,0,0,1.313892668178382,0,0,0,0,0,0,0,-1.124537037,0,0,0,0,0,0,0,0,0,0,0,14.181383219954649,0,-1.461866969,2.542314814814815,0,0,21.85773998488284,0,0,0,0,0,0,0.5410256274324606,0.6171717981022184,1849.5533458257207,0.6645875506790853,0.4207726437671175,-0.78143491,7,6,4,8,0,0,0,0,0.4210526315789473,0,0.5263157894736842,290
O=[N+]([O-])c1no[n+]([O-])c1/N=N/c1c([N+](=O)[O-])no[n+]1[O-],84.039825,0,16,0,0,0,0,2,12,0,16,2,4,0,0,0,2,0,0,0.4320981069054337,-0.390383669,-1.111573051,216.94,0,0,0,0,0,0,0,0,0,0,4,0,0,0,0,0,0,0,0,0,0,2,2,0,2,2,0,0,2,0,2,0,0,0,0,0,0,0,0,0,0,0,0,0,0,-4.239251701,0,0,0,0,0,0,0,0,0,0,5.971203703703703,5.519813712522046,0,-2.223146101,-0.952140967,0,0,20.923319790879315,0,7.785228804484757,0,0,0,0,0.3322521333805689,0.7218887169322308,2934.65596451506,0.3905731405382414,0.3887647001652249,0,4,0,8,8,0,0,0,0,0.4,0,0.5,117
O=[N+]([O-])c1no[n+]([O-])c1-c1c([N+](=O)[O-])no[n+]1[O-],84.762024,0,14,0,0,0,0,2,10,0,14,2,3,0,0,0,2,0,0,0.4447035139876285,-0.358748227,-1.179722222,192.22,0,0,0,0,0,0,0,0,0,0,4,0,0,0,0,0,0,0,0,0,0,0,2,0,2,2,0,0,2,0,2,0,0,0,0,0,0,0,0,0,0,0,0,0,0,-4.520648148,0,0,0,0,0,0,0,0,0,0,0,5.489765684051398,0,-2.32547808,-1.071296296,0,0,21.042796674225247,0,7.791322751322751,0,0,0,0,0.5884943037333866,0.6817414440869628,1630.997968304841,0.7568543692833564,0.3229800290682025,0,4,0,8,6,0,0,0,0,0.4444444444444444,0,0.5555555555555556,140
O=[N+]([O-])c1no[n+]([O-])c1-c1nnc(/N=N/c2nnc(-c3c([N+](=O)[O-])no[n+]3[O-])o2)o1,200.6877,0,22,0,0,0,0,4,18,0,22,4,6,0,0,0,2,0,0,0.4454938974347943,-0.396657593,-1.023026054,294.7799999999999,0,0,0,0,0,0,0,0,0,0,8,0,0,0,0,0,0,0,0,0,0,2,6,0,2,2,0,0,2,0,4,0,0,0,0,0,0,0,0,0,0,0,0,0,0,-6.093676053,0,0,0,0,0,0,0,0,0,0,6.768530643738977,19.27831335121878,0,-2.046052108,-0.664916626,0,0,21.61983589547193,0,17.988511935081892,0,0,0,0,0.1428336989732001,0.9120928037779892,9668.081067425212,0.6192267648092732,0.3960750845195936,-0.22632862,8,0,10,12,0,0,0,0,0.2666666666666666,0,0.6666666666666666,194
O=[N+]([O-])c1no[n+]([O-])c1-c1nnn[nH]1,131.5358,1,11,0,0,0,0,2,8,1,11,2,2,0,1,0,1,0,0,0.4437122849523757,-0.358772808,-0.879212963,150.57,0,0,0,0,0,0,0,0,0,0,3,0,0,0,0,0,0,0,1,0,0,0,4,0,1,1,0,0,1,0,1,0,0,0,0,0,0,0,0,0,0,0,0,0,0,-1.410648148,0,0,0,0,0,0,0,2.178148148148148,0,0,0,12.561895313681028,0,-0.879212963,-0.152453704,0,0,10.37863567649282,0,4.034629629629629,0,0,0,0,0.4231805766583418,0.613612382735911,1206.815987357866,0.2865866888750709,0.4922495805832654,-0.200918196,3,1,4,7,0,0,0,0,0.2857142857142857,0,0.7142857142857143,169
O=[N+]([O-])c1no[n+]([O-])c1-c1no[n+]([O-])c1-c1c([N+](=O)[O-])no[n+]1[O-],92.38263,0,18,0,0,0,0,3,13,0,18,3,4,0,0,0,2,0,0,0.4446266506370059,-0.358875101,-1.226290627,245.18999999999997,0,0,0,0,0,0,0,0,0,0,6,0,0,0,0,0,0,0,0,0,0,0,3,0,2,3,0,0,2,0,3,0,0,0,0,0,0,0,0,0,0,0,0,0,0,-6.531844293,0,0,0,0,0,0,0,0,0,0,0,8.70593427185689,0,-2.341853584,-1.564463341,0,0,21.680591143864955,0,12.170771132527085,0,0,0,0,0.4868167541602451,0.8210859940307134,2781.426817470613,0.8476948910942808,0.3254754266052912,-0.092992979,6,0,10,8,0,0,0,0,0.3333333333333333,0,0.625,146.5
O=[N+]([O-])c1noc(N=C2NCN([N+](=O)[O-])CN2)n1,121.56497,2,13,0,1,1,0,1,8,2,13,2,3,0,2,0,2,0,0,0.5116971718287155,-0.389657097,-0.829974088,164.86,0,0,2,0,0,0,0,0,0,1,2,0,0,0,0,0,0,2,0,0,0,1,2,1,2,0,0,0,2,0,1,0,0,0,0,0,0,-0.148683075,0,0,0,0,0,0,0.1450444066515497,-1.038582819,0,0,0,0,0,0,5.126010015117158,0,0,0,3.715345804988662,6.424055492567398,0.8564332955404383,-1.418942281,0,0,0,20.67704828771117,0,4.4852225844041325,0,0,0,0,0.1530944807999949,0.8696271182583322,3420.6260412352867,0.4440200726899912,0.4338495626641462,-0.495828072,5,6,5,8,1,0,0,0,0.4444444444444444,0,0.6111111111111112,269
O=[N+]([O-])c1noc(Nc2nnc3nnc([N+](=O)[O-])n3n2)n1,269.68933,1,16,0,0,0,0,3,14,1,16,3,4,0,1,0,2,0,0,0.5116351555235338,-0.389716544,-0.873401798,206.09,0,0,0,0,0,0,0,0,0,0,4,1,0,0,0,0,0,1,0,0,0,0,7,0,2,1,0,0,2,0,1,0,0,0,0,0,0,0,0,0,0,0,0,0,0,-2.13536995,-0.204852188,0,0,0,0,0,2.298826530612245,0,0,0,0,23.734588270442345,0,-1.696814436,0.7084470269589318,0,0,21.06172140389673,0,4.505065271478962,0,0,0,0,0.2832409924790828,0.7167590075816298,3470.5811875008017,1.4645943795236407e-05,0.5217951107120471,-0.298168635,5,1,5,11,0,0,0,0,0.3809523809523809,0,0.7619047619047619,209.8
O=[N+]([O-])c1noc(Nc2nnc3nncn3n2)n1,289.8732,1,13,0,0,0,0,3,12,1,13,3,3,0,1,0,1,0,0,0.5116351513097439,-0.389657103,-0.794872396,162.95,0,0,0,0,0,1,0,0,0,0,3,1,0,0,0,0,0,1,0,0,0,0,7,0,1,1,0,0,1,0,1,0,0,0,0,0,0,0,0,0,1.3109703325774753,0,0,0,0,-0.895734074,0.2056107751742675,0,0,0,0,0,2.455277777777778,0,0,0,0,24.903396534488703,0,-0.794872396,1.2501136936255983,0,0,10.335329610264676,0,4.561244803476947,0,0,0,0,0.1201132558647915,0.8798867441994016,3145.8018080671864,1.805713857961616e-05,0.5596910505401018,-0.511717532,5,2,3,10,0,0,0,0,0.2222222222222222,0,0.8888888888888888,226.2
O=[N+]([O-])c1nonc1-c1nnc(/N=N/c2nnc(-c3nonc3[N+](=O)[O-])o2)o1,260.1184,0,20,0,0,0,0,4,18,0,20,4,6,0,0,0,2,0,0,0.4472826129468763,-0.398489071,-0.86593301,266.6799999999999,0,0,0,0,0,0,0,0,0,0,8,0,0,0,0,0,0,0,0,0,0,2,8,0,2,0,0,0,2,0,4,0,0,0,0,0,0,0,0,0,0,0,0,0,0,-4.02794154,0,0,0,0,0,0,0,0,0,0,6.960424067775259,26.582974875638044,0,-1.731866019,0,0,0,21.529631813839277,0,18.49047832102264,0,0,0,0,0.0920287742032426,0.9132634801152638,10135.88919200067,0.1807766645472598,0.4283922032619005,-0.32639406,8,0,8,12,0,0,0,0,0.2857142857142857,0,0.7142857142857143,278
O=[N+]([O-])c1nonc1-c1nnc(N=Nc2nnc(-c3nonc3[N+](=O)[O-])o2)o1,260.11838,0,20,0,0,0,0,4,18,0,20,4,6,0,0,0,2,0,0,0.4472826129468763,-0.398489071,-0.86593301,266.6799999999999,0,0,0,0,0,0,0,0,0,0,8,0,0,0,0,0,0,0,0,0,0,2,8,0,2,0,0,0,2,0,4,0,0,0,0,0,0,0,0,0,0,0,0,0,0,-4.02794154,0,0,0,0,0,0,0,0,0,0,6.960424067775259,26.582974875638044,0,-1.731866019,0,0,0,21.529631813839277,0,18.49047832102264,0,0,0,0,0.2038154896389092,0.8878802598274506,7026.501721832525,0.6834026719918237,0.4283922032619005,-0.32639406,8,0,8,12,0,0,0,0,0.2857142857142857,0,0.7142857142857143,278
O=[N+]([O-])c1nonc1-c1nnn[nH]1,250.70222,1,10,0,0,0,0,2,8,1,10,2,2,0,1,0,1,0,0,0.4455394177630265,-0.357639448,-0.741712963,136.52,0,0,0,0,0,0,0,0,0,0,3,0,0,0,0,0,0,0,1,0,0,0,5,0,1,0,0,0,1,0,1,0,0,0,0,0,0,0,0,0,0,0,0,0,0,-0.623611111,0,0,0,0,0,0,0,2.2956481481481483,0,0,0,16.21888605442177,0,-0.741712963,0,0,0,10.33863567649282,0,4.173518518518518,0,0,0,0,0.3401006774678101,0.6809948394437092,1073.3415018599458,0.1781080628879499,0.5352646556008891,-0.305865517,3,1,3,7,0,0,0,0,0.3076923076923077,0,0.7692307692307693,215
O=[N+]([O-])c1nonc1-c1noc(-c2[nH]nc([N+](=O)[O-])c2[N+](=O)[O-])n1,256.675,1,17,0,0,0,0,3,13,1,17,3,5,0,1,0,3,0,0,0.4678827056998142,-0.357639441,-1.081540708,235.93999999999997,0,0,0,0,0,0,0,0,0,0,7,0,0,0,0,0,0,0,1,0,0,0,5,0,3,0,0,0,3,0,2,0,0,0,0,0,0,0,0,0,0,0,0,0,0,-4.977244399,0,0,0,0,0,0,0,2.026409202569917,0,0,0,16.408493902164988,0,-3.07528797,0,0,0,32.44488824026703,0,8.894519450890753,0,0,0,0,0.135395715925814,0.8779740926941679,5560.687567839074,0.2000271767487028,0.371527982544082,-0.306658017,7,1,8,9,0,0,0,0,0.5,0,0.625,265
O=[N+]([O-])c1nonc1Nc1nnc2nnc([N+](=O)[O-])n2n1,263.06558,1,16,0,0,0,0,3,14,1,16,3,4,0,1,0,2,0,0,0.484319285056929,-0.389716544,-0.855145818,206.09,0,0,0,0,0,0,0,0,0,0,4,1,0,0,0,0,0,1,0,0,0,0,7,0,2,1,0,0,2,0,1,0,0,0,0,0,0,0,0,0,0,0,0,0,0,-2.130779767,-0.222196738,0,0,0,0,0,2.289196900982615,0,0,0,0,23.57537745653817,0,-1.689901738,0.6891647770219198,0,0,21.31436586671706,0,4.193740709246661,0,0,0,0,0.1745855212264748,0.8360314293071007,4103.605252342944,0.2093878029967701,0.5217951107120471,-0.298168635,5,1,5,11,0,0,0,0,0.3809523809523809,0,0.7619047619047619,184.2
O=[N+]([O-])c1nonc1Nc1nnc2nncn2n1,282.80292,1,13,0,0,0,0,3,12,1,13,3,3,0,1,0,1,0,0,0.4586803127778842,-0.35760009,-0.760354151,162.95,0,0,0,0,0,1,0,0,0,0,3,1,0,0,0,0,0,1,0,0,0,0,7,0,1,1,0,0,1,0,1,0,0,0,0,0,0,0,0,0,1.29628267510708,0,0,0,0,-0.849280045,0.1882662246997568,0,0,0,0,0,2.445648148148148,0,0,0,0,24.74418572058453,0,-0.760354151,1.2308314436885863,0,0,10.565536396657428,0,4.24001385739481,0,0,0,0,0.1509277234223161,0.8611555005190207,2818.0555847537125,0.2256480516508525,0.5596910505401018,-0.511717532,5,2,3,10,0,0,0,0,0.2222222222222222,0,0.8888888888888888,229.1
O=[N+]([O-])CC1=NN=C(C2=NN=C(C[N+](=O)[O-])C2)C1,115.25097,0,10,0,2,2,0,0,8,0,10,2,5,0,0,0,2,0,0,0.2434519510921112,-0.264131834,-0.483712907,135.72,0,0,4,0,0,0,0,0,0,4,0,0,0,0,0,0,0,0,0,0,0,4,0,0,2,0,0,0,2,0,0,0,0,0,0,0,0,-0.214345868,0,0,0,0,0,0,1.6840263080540874,0,0,0,0,0,0,0,0,0,0,0,14.954278470647518,0,0,-0.967425815,0,0,0,20.605066785233632,0,0,0,0,0,0,0.082660608753115,0.9712532629006858,3912.250523723331,0.6561042588176302,0.3330821999286251,-1.015107657,8,8,4,6,0,0,0,0,0.4444444444444444,0,0.5555555555555556,180.7
O=[N+]([O-])Cc1nnc(-c2c([N+](=O)[O-])cc([N+](=O)[O-])cc2[N+](=O)[O-])o1,170.68457,0,15,0,0,0,1,2,11,0,15,2,6,0,0,0,4,3,1,0.2955478024344933,-0.413887764,-1.104456412,211.48,0,0,1,0,0,2,0,0,0,0,6,0,0,0,0,0,0,0,0,0,0,0,2,0,4,0,0,0,4,0,1,0,0,0,0,0,0,-0.901213703,0,0,0.9716427311665404,0,0,0,0,-4.989462002,0,0,0,0,0,0,0,0,0,0,0,6.554012818090198,0,-4.078242561,0,0,0,43.31168403244117,0,4.819894652305366,0,0,0,0,0.2683164739565906,0.7810023495491468,4443.516504399816,0.4517558482972499,0.2469397114333086,-0.517397491,9,4,9,6,0,0,0,0,0.6666666666666666,1,0.4583333333333333,243.2
O=[N+]([O-])Cc1nnc(-c2n[nH]/c(=N\[N+](=O)[O-])[nH]2)o1,143.89969,2,13,0,0,0,0,2,8,2,13,2,4,0,2,0,2,0,0,0.29455953084176,-0.411729531,-0.930779234,182.03,0,0,1,0,0,0,0,0,0,0,3,0,0,0,0,0,0,0,2,0,0,1,3,0,2,0,0,0,2,0,1,0,0,0,0,0,0,-0.621475419,0,0,0,0,0,0,0,-0.370591721,0,0,0,0,0,0,0,4.59641085600907,0,0,2.9113273966994204,10.478925894431846,0,-1.570606323,0,0,0,20.28269795807314,0,4.909663170823885,0,0,0,0,0.0866096191337692,0.960363983948494,3714.212190485445,0.4658946420214064,0.4372642872201703,-0.437264287,5,4,5,8,1,0,0,0,0.4444444444444444,0,0.5555555555555556,150.4
O=[N+]([O-])Cc1nnc(-c2nonc2N[N+](=O)[O-])o1,126.69778,1,13,0,0,0,0,2,10,1,13,2,5,0,1,0,2,0,0,0.2878846697079876,-0.412694462,-0.891533683,176.15000000000003,0,0,1,0,0,0,0,0,0,0,4,0,0,0,0,0,0,1,0,0,0,0,4,0,2,0,0,0,2,0,2,0,0,0,0,0,0,-0.670359111,0,0,0,0,0,0,0,-1.117959184,0,0,0,0,0,0,1.695072515117158,0,0,0,0,13.315809870244394,0,-1.563634495,0,0,0,20.43647266313933,0,9.134791745401865,0,0,0,0,0.1755140684503785,0.8740811733125071,3101.5069141755016,0.4333662426005749,0.3811420259643283,-0.342249982,5,3,6,7,1,0,0,0,0.4444444444444444,0,0.5555555555555556,94.3
O=[N+]([O-])CCC1(CO[N+](=O)[O-])CC(CO[N+](=O)[O-])(CO[N+](=O)[O-])C1,140.66959,0,15,1,0,1,0,0,11,0,15,1,12,0,0,0,1,0,0,0.2940164557983343,-0.313315421,-1.156054422,200.25,0,0,7,0,0,0,0,0,0,0,0,0,2,0,0,0,0,0,0,0,0,0,0,0,4,0,0,0,4,3,0,0,0,0,0,0,0,-2.228040596,0,0,0,0,0,0,0,0,0,-2.169886621,0,0,0,0,0,0,0,0,0,0,0,-3.846422902,0,0,0,41.49709120685311,12.75016770597128,0,0,0,0,0,0.4905652776928659,0.5891309568588134,5182.036087935759,0.8388420458646751,0.1580902695439096,-0.632361078,9,14,11,4,0,3,0,0,0.6666666666666666,0,0,196.2
O=[N+]([O-])Cn1nc([N+](=O)[O-])c([N+](=O)[O-])c1[N+](=O)[O-],157.11018,0,14,0,0,0,0,1,10,0,14,1,5,0,0,0,4,0,0,0.4984214805210507,-0.357618532,-1.493657407,190.38,0,0,1,0,0,0,0,0,0,0,3,0,0,0,0,0,0,0,0,0,0,0,1,0,4,1,0,0,4,0,0,0,0,0,0,0,0,-1.300601852,0,0,0,0,0,0,0,-4.329814815,0,0,0,0,0,0,0,0,0,0,0,2.8849074074074075,0,-5.142483938,-0.017592593,0,0,41.70279289493576,0,0,0,0,0,0,0.385546537811837,0.6987963607174342,2136.701832113276,0.5149732200693672,0.3204957000160248,-0.0610468,4,2,8,6,0,0,0,0,0.8888888888888888,0,0.2777777777777778,202
O=[N+]([O-])N(c1nc(Nc2nnn[nH]2)nc(N(c2nnn[nH]2)[N+](=O)[O-])n1)c1nnn[nH]1,184.87318,4,24,0,0,0,0,4,17,4,24,4,8,0,4,0,2,0,0,0.3139151765314676,-0.291407102,-0.9785782,306.8399999999999,0,0,0,0,0,0,0,0,0,0,6,0,0,0,0,0,0,1,3,0,0,0,12,2,2,0,0,0,2,0,0,0,0,0,0,0,0,0,0,0,0,0,0,0,0,-2.957591805,0,0,0,0,0,0,2.4667356386999244,6.623514266817838,0,0,0,41.23273022171832,0.428091458805744,-1.9571564,0,0,0,23.08183830939783,0,0,0,0,0,0,0.4641948253686704,0.5727413723368285,6780.70993179963,0.4127260342965904,0.6662954449187832,-0.380740254,6,4,4,20,2,0,0,0,0.2666666666666666,0,0.7,279.11
O=[N+]([O-])N(CC([N+](=O)[O-])([N+](=O)[O-])[N+](=O)[O-])c1nc(-c2nonc2N(CC([N+](=O)[O-])([N+](=O)[O-])[N+](=O)[O-])[N+](=O)[O-])n[nH]1,141.07872,1,32,0,0,0,0,2,21,1,32,2,15,0,1,0,8,0,0,0.723504734821128,-0.252564059,-4.465473017,432.0899999999999,0,0,2,0,0,0,0,0,0,0,4,0,2,0,0,0,0,0,1,0,0,0,4,2,8,0,0,0,8,0,1,0,0,0,0,0,0,-4.506802474,0,0,0,0,0,0,0,-4.982961939,0,-8.896049413,0,0,0,0,0,1.6459980867346935,0,0,0,12.44948047035236,-1.306186016,-15.77350617,0,0,0,89.69118916732035,0,4.154315785274931,0,0,0,0,0.1624019705545592,0.9461569710816692,13446.8672348421,0.9843156185555076,0.3600724259965431,-0.041151134,8,5,17,15,2,0,2,0,0.7,0,0.25,91.82
O=[N+]([O-])N(CC([N+](=O)[O-])([N+](=O)[O-])[N+](=O)[O-])c1nonc1/N=[N+](/[O-])c1nonc1N(CC([N+](=O)[O-])([N+](=O)[O-])[N+](=O)[O-])[N+](=O)[O-],131.98192,0,35,0,0,0,0,2,24,0,35,2,16,0,0,0,8,0,0,0.723434290415147,-0.690255243,-4.554474648,467.8699999999999,0,0,2,0,0,0,0,0,0,0,4,0,2,0,0,0,0,0,0,0,0,1,4,2,8,0,0,0,8,0,2,0,0,0,0,0,0,-4.752096361,0,0,0,0,0,0,0,-6.374256544,0,-9.088815722,0,0,0,0,0,0,0,0,2.8748540249433105,11.178311118294886,-1.617064279,-16.36672192,0,0,0,89.85535763410152,0,8.047350371890413,0,0,0,0,0.2512317024622114,0.960627329923359,12104.356979057024,1.135896484216542,0.3565669605691061,0.025469068612079,8,4,19,16,2,0,2,0,0.6511627906976745,0,0.2325581395348837,144.6
O=[N+]([O-])N(CC([N+](=O)[O-])([N+](=O)[O-])[N+](=O)[O-])c1nonc1/N=N\c1nonc1N(CC([N+](=O)[O-])([N+](=O)[O-])[N+](=O)[O-])[N+](=O)[O-],132.64197,0,34,0,0,0,0,2,24,0,34,2,16,0,0,0,8,0,0,0.7234298828577558,-0.252564059,-4.464905487,454.1599999999999,0,0,2,0,0,0,0,0,0,0,4,0,2,0,0,0,0,0,0,0,0,2,4,2,8,0,0,0,8,0,2,0,0,0,0,0,0,-4.554851463,0,0,0,0,0,0,0,-5.436386174,0,-8.929810975,0,0,0,0,0,0,0,0,6.13859693877551,11.583311118294883,-1.380675391,-15.8821093,0,0,0,89.7232596560214,0,8.182072594112636,0,0,0,0,0.2130642319092536,0.9132725902825924,13074.235052253274,0.955863034935556,0.3658851316696447,0,8,4,18,16,2,0,2,0,0.6666666666666666,0,0.238095238095238,159
O=[N+]([O-])N(CC([N+](=O)[O-])([N+](=O)[O-])[N+](=O)[O-])c1nonc1Nc1nnc(Nc2nonc2N(CC([N+](=O)[O-])([N+](=O)[O-])[N+](=O)[O-])[N+](=O)[O-])nn1,128.49818,2,38,0,0,0,0,3,28,2,38,3,18,0,2,0,8,0,0,0.7234298544854246,-0.299907706,-4.38156335,505.05999999999983,0,0,2,0,0,0,0,0,0,0,6,0,2,0,0,0,0,2,0,0,0,0,8,2,8,0,0,0,8,0,2,0,0,0,0,0,0,-4.338378576,0,0,0,0,0,0,0,-5.958109957,0,-8.763126699,0,0,0,0,4.031717232737046,0,0,0,0,25.728962059208616,-1.091963582,-15.25868873,0,0,0,90.34090855834974,0,8.467771136903359,0,0,0,0,0.0838608905640249,0.9957677576209916,30442.03133616644,0.979533706550148,0.4032955003744884,-0.115227286,10,6,18,20,2,0,2,0,0.5833333333333334,0,0.3333333333333333,144
O=[N+]([O-])N(CC(F)([N+](=O)[O-])[N+](=O)[O-])c1nc[nH]n1,164.45322,1,13,0,0,0,0,1,8,1,14,1,6,0,1,0,3,0,0,0.637816450119841,-0.263773815,-4.242361111,174.23000000000002,0,0,1,0,0,1,0,0,0,0,1,0,1,0,0,0,0,0,1,0,0,0,2,1,3,0,0,0,3,0,0,1,0,0,0,0,0,-1.779907407,0,0,0.8790325018896445,0,0,0,0,-0.744699074,0,-4.242361111,0,0,0,0,0,2.0399225245653816,0,0,0,6.423327664399093,-0.247916667,-5.058718348,0,0,0,31.109285241874524,0,0,13.429416099773242,0,0,0,0.4619708048128285,0.7537199729735748,1705.0738276021532,0.7219520019347332,0.3696481176235399,-0.241402852,4,4,6,7,1,0,0,1,0.6111111111111112,0,0.2777777777777778,102
O=[N+]([O-])N(CC(F)([N+](=O)[O-])[N+](=O)[O-])n1cnnc1,149.783,0,13,0,0,0,0,1,9,0,14,1,6,0,0,0,3,0,0,0.6393396491278144,-0.339220704,-4.224861111,163.37,0,0,1,0,0,2,0,0,0,0,0,0,1,0,0,0,0,0,0,0,0,0,2,1,3,1,0,0,3,0,0,1,0,0,0,0,0,-1.751944444,0,0,1.4506179138321995,0,0,0,0,0,0,-4.224861111,0,0,0,0,0,0,0,0,0,6.299773242630385,-0.202777778,-5.007535431,0.4596527777777779,0,0,31.143024376417237,0,0,13.441026077097506,0,0,0,0.5160074079259063,0.7139998966680704,1668.0491629441208,0.8543955933457412,0.3696481176235398,-0.241402852,4,4,6,7,1,0,0,1,0.6111111111111112,0,0.2777777777777778,100
O=[N+]([O-])N(CC(N(F)F)([N+](=O)[O-])[N+](=O)[O-])CC(N(F)F)([N+](=O)[O-])[N+](=O)[O-],178.91356,0,18,0,0,0,0,0,12,0,22,0,11,0,0,0,5,0,0,0.5971308146490923,-0.256895153,-4.843786848,225.42,0,0,2,0,0,0,0,0,0,0,0,0,2,0,0,0,0,0,0,0,0,0,0,3,5,0,0,0,5,0,0,4,0,0,0,0,0,-5.352638889,0,0,0,0,0,0,0,0,0,-9.687573696,0,0,0,0,0,0,0,0,0,0,-6.742222222,-11.54847222,0,0,0,53.09010078105315,0,0,50.65070546737213,0,0,0,0.3860760638195223,0.9306569729326164,3710.6167661546,1.0052491271841637,0.2799202227365201,0,4,4,10,8,1,0,0,2,0.6923076923076923,0,0,154
O=[N+]([O-])N(Cc1nnn[nH]1)Cc1nnn[nH]1,171.94463,2,12,0,0,0,0,2,8,2,12,2,5,0,2,0,1,0,0,0.1735500388219402,-0.241118386,-0.578333333,155.29999999999998,0,0,2,0,0,0,0,0,0,0,2,0,0,0,0,0,0,0,2,0,0,0,6,1,1,0,0,0,1,0,0,0,0,0,0,0,0,-0.1375,0,0,0,0,0,0,0,0.5632860922146643,0,0,0,0,0,0,0,4.843804799697657,0,0,0,20.339662698412692,0.8654629629629627,-0.578333333,0,0,0,10.718475056689345,0,0,0,0,0,0,0.4593150032806607,0.750985980111133,1483.0763150236855,0.8841491976279608,0.6190307746727978,-0.636717368,4,6,2,10,1,0,0,0,0.25,0,0.625,198
O=[N+]([O-])N(CCN(c1nonc1-c1ncon1)[N+](=O)[O-])c1nonc1-c1ncon1,104.12617,0,20,0,0,0,0,4,16,0,20,4,9,0,0,0,2,0,0,0.2676753146467306,-0.342358776,-0.872631881,248.43999999999997,0,0,2,0,0,2,0,0,0,0,6,0,0,0,0,0,0,0,0,0,0,0,8,2,2,0,0,0,2,0,4,0,0,0,0,0,0,-1.155577759,0,0,1.936120232188539,0,0,0,0,-1.482619347,0,0,0,0,0,0,0,0,0,0,0,28.27729184347081,0.8893424036281177,-1.745263763,0,0,0,23.06564446733188,0,18.149417454351827,0,0,0,0,0.3717184188599992,0.9395443064260238,4773.145291870802,1.1885153435065403,0.3978836379827298,-0.568405197,10,6,8,12,2,0,0,0,0.2666666666666666,0,0.6666666666666666,175
O=[N+]([O-])N(CCN(c1nonc1-c1nnn[nH]1)[N+](=O)[O-])c1nonc1-c1nnn[nH]1,118.507866,2,22,0,0,0,0,4,16,2,22,4,9,0,2,0,2,0,0,0.267593260851629,-0.24139788,-0.867774235,279.5199999999999,0,0,2,0,0,0,0,0,0,0,6,0,0,0,0,0,0,0,2,0,0,0,10,2,2,0,0,0,2,0,2,0,0,0,0,0,0,-1.143424981,0,0,0,0,0,0,0,-1.267218112,0,0,0,0,0,0,0,4.693514447033358,0,0,0,34.35873381072807,0.9048439468379944,-1.735548469,0,0,0,23.072163167787267,0,9.044773022258592,0,0,0,0,0.3720495028547068,0.8342328981307537,5168.862823133365,0.941154585793908,0.5305014659839618,-0.492608504,8,6,6,16,2,0,0,0,0.2666666666666666,0,0.6666666666666666,163
O=[N+]([O-])N(CN(c1nonc1C(F)([N+](=O)[O-])[N+](=O)[O-])[N+](=O)[O-])c1nonc1C(F)([N+](=O)[O-])[N+](=O)[O-],92.71224,0,26,0,0,0,0,2,18,0,28,2,12,0,0,0,6,0,0,0.6673969862342718,-0.255554197,-4.949432292,343.1599999999999,0,0,1,0,0,0,0,0,0,0,4,0,2,0,0,0,0,0,0,0,0,0,4,2,6,0,0,0,6,0,2,2,0,0,0,0,0,-2.056107332,0,0,0,0,0,0,0,-7.87548346,0,-9.898864584,0,0,0,0,0,0,0,0,0,10.25632462079567,-1.542351663,-12.43226413,0,0,0,66.31910556793629,0,7.656948845807071,28.92025323408621,0,0,0,0.3716459566775599,0.8551688154127292,6796.337296370546,0.9979620214716936,0.3254811017535292,-0.0309982,7,2,14,12,2,0,0,2,0.6285714285714286,0,0.2857142857142857,128
O=[N+]([O-])N(CN(c1nonc1-c1ncon1)[N+](=O)[O-])c1nonc1-c1ncon1,104.12617,0,20,0,0,0,0,4,16,0,20,4,8,0,0,0,2,0,0,0.2700793707740748,-0.342358776,-1.043522298,248.43999999999997,0,0,1,0,0,2,0,0,0,0,6,0,0,0,0,0,0,0,0,0,0,0,8,2,2,0,0,0,2,0,4,0,0,0,0,0,0,-1.043522298,0,0,1.872759649659139,0,0,0,0,-2.069306783,0,0,0,0,0,0,0,0,0,0,0,27.94736483444005,0.4715849395313678,-1.99771542,0,0,0,23.14066200554296,0,18.037511065376187,0,0,0,0,0.4392787373246016,0.8050217371040199,4149.6084829665615,0.6064923958113726,0.4115559017851236,-0.470349602,9,4,8,12,2,0,0,0,0.2758620689655172,0,0.6896551724137931,149
O=[N+]([O-])N(CN(c1nonc1-c1nn[nH]n1)[N+](=O)[O-])c1nonc1-c1nn[nH]n1,127.31835,2,22,0,0,0,0,4,16,2,22,4,8,0,2,0,2,0,0,0.2700890850619054,-0.24139484,-1.043522298,279.5199999999999,0,0,1,0,0,0,0,0,0,0,6,0,0,0,0,0,0,0,2,0,0,0,10,2,2,0,0,0,2,0,2,0,0,0,0,0,0,-1.043522298,0,0,0,0,0,0,0,-2.069306783,0,0,0,0,0,0,0,4.273714486615266,0,0,0,34.622034158011445,0.471584939531368,-1.99771542,0,0,0,23.14066200554296,0,8.961886904848665,0,0,0,0,0.4067783161813978,0.9368317949535736,4261.174668112697,1.06339471953459,0.5487304484156632,-0.39195032,7,4,6,16,2,0,0,0,0.2758620689655172,0,0.6896551724137931,154
O=[N+]([O-])N(CN(c1nonc1-c1nnn[nH]1)[N+](=O)[O-])c1nonc1-c1nnn[nH]1,118.507866,2,22,0,0,0,0,4,16,2,22,4,8,0,2,0,2,0,0,0.2699973187621156,-0.241396327,-1.036152683,279.5199999999999,0,0,1,0,0,0,0,0,0,0,6,0,0,0,0,0,0,0,2,0,0,0,10,2,2,0,0,0,2,0,2,0,0,0,0,0,0,-1.036152683,0,0,0,0,0,0,0,-1.851946246,0,0,0,0,0,0,0,4.619879066206628,0,0,0,33.995269661762265,0.4885903250188967,-1.987066484,0,0,0,23.14779084782061,0,8.97584466426097,0,0,0,0,0.4194174559724568,0.926221581855742,4308.731160682236,1.2393282871063338,0.5487304484156632,-0.39195032,7,4,6,16,2,0,0,0,0.2758620689655172,0,0.6896551724137931,149
O=[N+]([O-])N(Cn1nc(I)c(I)c1I)Cn1nc(I)c(I)c1I,243.49966,0,8,0,0,0,0,2,6,0,14,2,5,0,0,0,1,0,0,0.1735961441760195,-0.234543064,-0.42164777,82.02,0,0,2,0,0,0,0,0,0,0,6,0,0,0,0,0,0,0,0,0,0,0,2,1,1,2,0,0,1,0,0,0,0,0,6,0,0,0.125743310657596,0,0,0,0,0,0,0,5.439449088771312,0,0,0,0,0,0,0,0,0,0,0,8.652971151423532,1.0859555555555556,-0.42164777,3.248424036281179,0,0,11.351131897203327,0,0,0,0,0,12.886840833123372,0.6134587311310309,0.909220608198968,10171.895714720931,1.0994219814889925,0.0859261199037627,-0.26187008,8,4,2,6,1,0,0,0,0.1818181818181818,0,0.4545454545454545,270
O=[N+]([O-])N1C2C(N([N+](=O)[O-])C1(C(F)(F)F)C(F)(F)F)N([N+](=O)[O-])C(C(F)(F)F)(C(F)(F)F)N2[N+](=O)[O-],138.3207,0,16,0,2,2,0,0,8,0,28,2,4,0,0,0,4,0,0,0.4512630127242803,-0.234501442,-7.472825255,185.52,0,0,0,0,0,0,2,0,0,0,0,0,6,0,0,0,0,0,0,0,0,0,0,4,4,0,0,0,4,0,0,12,0,0,0,0,0,0,0,0,0,-9.727222222,0,0,0,0,0,-43.62501039,0,0,0,0,0,0,0,0,0,0,-10.94842593,-12.2793613,0,0,0,45.03388321995465,0,0,164.6789200680272,0,0,0,0.5236838669741843,0.8241182091178162,5414.438232202791,1.0251281153675122,0.1978351185597603,-0.254359438,8,2,8,8,4,0,0,0,0.4444444444444444,0,0.2777777777777778,115
O=[N+]([O-])N1C2C(NC1(C(F)(F)F)C(F)(F)F)N([N+](=O)[O-])C(C(F)(F)F)(C(F)(F)F)N2[N+](=O)[O-],135.51834,1,13,0,2,2,0,0,7,1,25,2,3,0,1,0,3,0,0,0.4512287740857274,-0.245396597,-7.237298044,151.17000000000002,0,0,0,0,0,0,2,0,0,0,0,0,6,0,0,0,0,1,0,0,0,0,0,3,3,0,0,0,3,0,0,12,0,0,0,0,0,0,0,0,0,-8.63037037,0,0,0,0,0,-41.2560393,0,0,0,0,-0.034606481,0,0,0,0,0,-7.275902778,-8.532383787,0,0,0,33.34170493197279,0,0,161.71255952380952,0,0,0,0.477023876792113,0.8799446440508685,4883.111696105258,1.0218038316886295,0.188052524221357,-0.353078209,8,3,6,7,3,0,0,0,0.3636363636363636,0,0.303030303030303,120
O=[N+]([O-])N1C2NC(C(F)(F)F)(C(F)(F)F)N([N+](=O)[O-])C2NC1(C(F)(F)F)C(F)(F)F,127.819214,2,10,0,2,2,0,0,6,2,22,2,2,0,2,0,2,0,0,0.4397988330114942,-0.246093204,-6.7859786,116.82000000000002,0,0,0,0,0,0,2,0,0,0,0,0,6,0,0,0,0,2,0,0,0,0,0,2,2,0,0,0,2,0,0,12,0,0,0,0,0,0,0,0,0,-7.533518519,0,0,0,0,0,-38.88706822,0,0,0,0,0.3282870370370374,0,0,0,0,0,-4.096435185,-5.153569539,0,0,0,21.881386054421768,0,0,158.74619897959187,0,0,0,0.4218871134855431,0.9502741122276236,4438.096274319005,1.005264113740696,0.1764209235215296,-0.470455796,8,4,4,6,2,0,0,0,0.2666666666666666,0,0.3333333333333333,165
O=[N+]([O-])N1C2OC3OC2N([N+](=O)[O-])C2OC3OC21,163.56415,0,12,0,5,5,0,0,8,0,12,5,2,0,0,0,2,0,0,0.2434956416588415,-0.313595419,-1.189305556,129.68,0,0,0,0,0,0,6,0,0,0,0,0,0,0,0,0,0,0,0,0,0,0,0,2,2,0,0,0,2,4,0,0,0,0,0,0,0,0,0,0,0,-6.752777778,0,0,0,0,0,0,0,0,0,0,0,0,0,0,0,0,1.3101851851851858,-1.453533636,0,0,0,21.9948223733938,20.90648148148148,0,0,0,0,0,0.5730601915646356,0.8560500916267484,1397.9530530828956,1.1402301881309282,0.2136311962584023,-0.427262393,6,6,8,4,2,0,0,0,0.4444444444444444,0,0.3333333333333333,304
O=[N+]([O-])n1ccc(C([N+](=O)[O-])([N+](=O)[O-])[N+](=O)[O-])n1,102.4646,0,14,0,0,0,0,1,10,0,14,1,5,0,0,0,4,0,0,0.7708664929494996,-0.338837904,-3.970972222,190.38,0,0,0,0,0,2,0,0,0,0,1,0,1,0,0,0,0,0,0,0,0,0,1,0,4,1,0,0,4,0,0,0,0,0,0,0,0,0,0,0,0.9700231481481484,0,0,0,0,-1.278518519,0,-3.970972222,0,0,0,0,0,0,0,0,0,2.8386111111111108,0,-6.548656463,-0.110532407,0,0,42.0083560090703,0,0,0,0,0,0,0.3467718915177938,0.9578506910301596,1883.1913074745075,0.5942021194742383,0.3204957000160248,-0.0610468,4,2,8,6,1,0,1,0,0.7777777777777778,0,0.2777777777777778,113
O=[N+]([O-])n1ccc(-c2ccn([N+](=O)[O-])n2)n1,147.41211,0,10,0,0,0,0,2,8,0,10,2,3,0,0,0,2,0,0,0.2561359616413045,-0.338837832,-0.728179012,121.92,0,0,0,0,0,4,0,0,0,0,2,0,0,0,0,0,0,0,0,0,0,0,2,0,2,2,0,0,2,0,0,0,0,0,0,0,0,0,0,0,4.936373771730914,0,0,0,0,0.3838888888888894,0,0,0,0,0,0,0,0,0,0,0,7.143654572940287,0,-1.456358025,1.001018518518518,0,0,20.66237780297304,0,0,0,0,0,0,0.0858527275628172,0.9141472724830064,2724.656283943753,1.388893079603132e-05,0.3747724595781132,-0.713852304,6,4,4,6,2,0,0,0,0.5,0,0.625,183
O=[N+]([O-])N1CCN([N+](=O)[O-])n2nnnc21,136.65349,0,12,0,1,1,0,1,8,0,12,2,2,0,0,0,2,0,0,0.4240924332117767,-0.339177733,-0.738942744,136.36,0,0,2,0,0,0,0,0,0,0,1,0,0,0,0,0,0,0,0,0,0,0,3,2,2,1,0,0,2,0,0,0,0,0,0,0,0,-0.332962963,0,0,0,0,0,0,0,-0.288935185,0,0,0,0,0,0,0,0,0,0,0,9.757685185185183,1.2314814814814812,-1.461681784,0.6729166666666664,0,0,21.04408163265306,0,0,0,0,0,0,0.2771342052846192,0.7389212178543334,1552.02474086032,0.2703876777014609,0.5182378063733994,-0.296135889,3,4,4,8,2,0,0,0,0.5333333333333333,0,0.7333333333333333,96.6
O=[N+]([O-])N1CN([N+](=O)[O-])CC([N+](=O)[O-])([N+](=O)[O-])C1,152.29567,0,14,0,1,1,0,0,8,0,14,1,4,0,0,0,4,0,0,0.5029460517808797,-0.258191424,-3.001597222,179.04,0,0,3,0,0,0,0,0,0,0,0,0,1,0,0,0,0,0,0,0,0,0,0,2,4,0,0,0,4,0,0,0,0,0,0,0,0,-3.168541667,0,0,0,0,0,0,0,0,0,-3.001597222,0,0,0,0,0,0,0,0,0,0,0.1069444444444445,-5.034583333,0,0,0,42.42388888888889,0,0,0,0,0,0,0.6006316529540323,0.6644579860007584,1852.2850151918133,0.6955666926190532,0.3156399600189385,-0.180365691,4,6,8,6,2,0,0,1,0.8333333333333334,0,0.3333333333333333,222.2
O=[N+]([O-])N1CN([N+](=O)[O-])CC(F)([N+](=O)[O-])C1,147.67548,0,11,0,1,1,0,0,6,0,12,1,3,0,0,0,3,0,0,0.4035864070960496,-0.261224606,-3.223819444,135.9,0,0,3,0,0,0,0,0,0,0,0,0,1,0,0,0,0,0,0,0,0,0,0,2,3,0,0,0,3,0,0,1,0,0,0,0,0,-3.061319444,0,0,0,0,0,0,0,0,0,-3.223819444,0,0,0,0,0,0,0,0,0,0,0.1569444444444443,-3.63875,0,0,0,30.996111111111112,0,0,13.524722222222223,0,0,0,0.5242794080031625,0.5896285239284812,1784.511737542295,0.5397387927531407,0.292741271082599,-0.334561453,4,6,6,5,2,0,0,0,0.75,0,0.375,143.2
O=[N+]([O-])N1CN([N+](=O)[O-])CN([N+](=O)[O-])C1,161.00543,0,12,0,1,1,0,0,6,0,12,1,3,0,0,0,3,0,0,0.2121302706465247,-0.234539305,-0.924444444,139.14,0,0,3,0,0,0,0,0,0,0,0,0,0,0,0,0,0,0,0,0,0,0,0,3,3,0,0,0,3,0,0,0,0,0,0,0,0,-1.77875,0,0,0,0,0,0,0,0,0,0,0,0,0,0,0,0,0,0,0,0,1.1104166666666668,-2.773333333,0,0,0,30.97083333333333,0,0,0,0,0,0,0.5055473041611777,0.5240885665599834,1760.8519032734491,0.4748470361114868,0.3781790677885978,-0.216102324,3,6,6,6,3,0,0,0,0.8,0,0.4,210
O=[N+]([O-])N1CN([N+](=O)[O-])CN([N+](=O)[O-])CN([N+](=O)[O-])C1,161.00584,0,16,0,1,1,0,0,8,0,16,1,4,0,0,0,4,0,0,0.2121302706465247,-0.234539305,-1.060694444,185.52,0,0,4,0,0,0,0,0,0,0,0,0,0,0,0,0,0,0,0,0,0,0,0,4,4,0,0,0,4,0,0,0,0,0,0,0,0,-3.798888889,0,0,0,0,0,0,0,0,0,0,0,0,0,0,0,0,0,0,0,0,0.7892290249433114,-4.242777778,0,0,0,42.62621882086168,0,0,0,0,0,0,0.5073371442720416,0.6548520312099644,2350.3018308563333,0.921120977179312,0.378179067788598,-0.216102324,4,8,8,8,4,0,0,0,0.8,0,0,279
O=[N+]([O-])N1CN=C(C([N+](=O)[O-])([N+](=O)[O-])[N+](=O)[O-])NC1,119.671906,1,15,0,1,1,0,0,10,1,15,1,5,0,1,0,4,0,0,0.7600535782550579,-0.331684807,-3.900110544,200.19,0,0,2,0,0,0,0,0,0,1,0,0,1,0,0,0,0,1,0,0,0,1,0,1,4,0,0,0,4,0,0,0,0,0,0,0,0,-1.476481481,0,0,0,0,0,0,-1.17537037,0,0,-3.900110544,0,0,0,0,1.8447222222222224,0,0,0,3.1331944444444444,0,0.4108106575963723,-6.123611111,0,0,0,42.35175642479214,0,0,0,0,0,0,0.3151692975236784,0.9681540700641024,2283.8195943598357,0.7976789859839619,0.3510971786833857,-0.143304971,4,5,8,7,1,0,1,0,0.7368421052631579,0,0.3157894736842105,136
O=[N+]([O-])N1CN=C(C(Cl)([N+](=O)[O-])[N+](=O)[O-])N([N+](=O)[O-])C1,113.81165,0,15,0,1,1,0,0,9,0,16,1,5,0,0,0,4,0,0,0.6009319917957695,-0.256807902,-3.601429989,191.4,0,0,2,0,0,0,0,0,0,1,0,0,1,0,0,0,0,0,0,0,0,1,0,2,4,0,0,0,4,0,0,0,1,0,0,0,0,-1.94662037,0,0,0,0,0,0,-1.321975309,0,0,-3.601429989,0,0,0,0,0,0,0,0,3.119305555555556,0,-0.01944413,-5.554511369,0,0,0,42.58093474426808,0,0,0,5.190583900226756,0,0,0.3885891458867279,0.8810316942104693,2518.6836290136093,0.7705186160458997,0.3125298976305131,-0.102050579,4,4,8,7,2,0,0,1,0.75,0,0.3,137
O=[N+]([O-])N1CN=C(C(Cl)([N+](=O)[O-])[N+](=O)[O-])NC1,106.56437,1,12,0,1,1,0,0,8,1,13,1,4,0,1,0,3,0,0,0.5948913936800361,-0.337744085,-3.150110544,157.05,0,0,2,0,0,0,0,0,0,1,0,0,1,0,0,0,0,1,0,0,0,1,0,1,3,0,0,0,3,0,0,0,1,0,0,0,0,-1.034259259,0,0,0,0,0,0,-0.743271605,0,0,-3.150110544,0,0,0,0,2.0727777777777776,0,0,0,3.32125,0,0.5562503149407914,-3.494117851,0,0,0,31.381937830687832,0,0,0,5.235383282942806,0,0,0.2790148218873984,0.9532046151747092,2208.2224164682284,0.7505310958950658,0.3127641274439353,-0.268083538,4,5,6,6,1,0,0,1,0.6470588235294118,0,0.3529411764705882,152
O=[N+]([O-])N1CN=C(C(F)([N+](=O)[O-])[N+](=O)[O-])NC1,109.07523,1,12,0,1,1,0,0,8,1,13,1,4,0,1,0,3,0,0,0.6749767810858631,-0.336038091,-4.122332766,157.05,0,0,2,0,0,0,0,0,0,1,0,0,1,0,0,0,0,1,0,0,0,1,0,1,3,0,0,0,3,0,0,1,0,0,0,0,0,-1.34537037,0,0,0,0,0,0,-1.17537037,0,0,-4.122332766,0,0,0,0,1.8297222222222225,0,0,0,3.078194444444444,0,0.4482256235827664,-4.437680461,0,0,0,30.835062830687832,0,0,13.47115268329554,0,0,0,0.232065215501648,0.9542588141122156,2132.6020056327634,0.6854781590443221,0.3331773217303008,-0.285580561,4,5,6,6,1,0,0,1,0.6470588235294118,0,0.3529411764705882,157.5
O=[N+]([O-])n1cnc(-c2nc(/N=N/c3n[nH]c(-c4ncn([N+](=O)[O-])n4)n3)n[nH]2)n1,154.81822,2,20,0,0,0,0,4,16,2,20,4,6,0,2,0,2,0,0,0.3386221968341154,-0.338793083,-0.779874003,255.55999999999997,0,0,0,0,0,2,0,0,0,0,6,0,0,0,0,0,0,0,2,0,0,2,8,0,2,2,0,0,2,0,0,0,0,0,0,0,0,0,0,0,1.782726777265502,0,0,0,0,-0.374842583,0,0,0,0,0,0,0,4.887919027372421,0,0,7.362080183925422,29.79067785768085,0,-1.559748006,0.8105045550432797,0,0,21.150341094054937,0,0,0,0,0,0,0.0917044586132667,0.908295541690164,12922.939784365752,6.72820727835189e-05,0.576980537210093,-0.576980537,8,4,4,16,2,0,0,0,0.2857142857142857,0,0.7142857142857143,166
O=[N+]([O-])n1cnc2c3no[n+]([O-])c3c3c(no[n+]3[O-])c21,236.00908,0,13,0,0,0,1,4,10,0,13,4,1,0,0,0,1,0,0,0.2851149007541008,-0.358878694,-0.768092876,166.89999999999998,0,0,0,0,0,1,0,0,0,0,0,6,0,0,0,0,0,0,0,0,0,0,3,0,1,3,0,0,1,0,2,0,0,0,0,0,0,0,0,0,0.899992441421013,0,0,0,0,0,-1.008057445,0,0,0,0,0,0,0,0,0,0,10.660657596371882,0,-0.768092876,0.4695719954648516,0,0,10.942221041194257,0,8.780972694633409,0,0,0,0,0.3219424609553535,0.6822790771895891,2504.152580015553,0.0704965349258939,0.3510934051761199,-0.487231664,7,1,6,7,1,0,0,0,0.2,1,1.05,148
O=[N+]([O-])N1COCC([N+](=O)[O-])([N+](=O)[O-])C1,154.39943,0,11,0,1,1,0,0,7,0,11,1,3,0,0,0,3,0,0,0.5028360593024219,-0.33975236,-2.661388889,141.89,0,0,3,0,0,0,0,0,0,0,0,0,1,0,0,0,0,0,0,0,0,0,0,1,3,0,0,0,3,1,0,0,0,0,0,0,0,-2.200625,0,0,0,0,0,0,0,0,0,-2.661388889,0,0,0,0,0,0,0,0,0,0,0.2868055555555555,-3.327152778,0,0,0,31.33472222222222,4.482916666666666,0,0,0,0,0,0.4089775621163103,0.8896618408306568,1269.4800464981515,0.8141885723555518,0.2521239189061423,-0.288141622,4,6,7,4,1,0,0,1,0.7333333333333333,0,0.4,231
O=[N+]([O-])n1nc2c3nn([N+](=O)[O-])nc3c3nn([N+](=O)[O-])nc3c2n1,173.98544,0,18,0,0,0,1,4,15,0,18,4,3,0,0,0,3,0,0,0.2630934728242587,-0.37226049,-0.978655833,221.54999999999995,0,0,0,0,0,0,0,0,0,0,0,6,0,0,0,0,0,0,0,0,0,0,6,0,3,3,0,0,3,0,0,0,0,0,0,0,0,0,0,0,0,0,0,0,0,0,-1.429455782,0,0,0,0,0,0,0,0,0,0,21.23063492063492,0,-2.935967498,0.2497222222222221,0,0,32.442533068783064,0,0,0,0,0,0,0.4953612089642083,0.5046387910400644,4864.21039932731,3.934575449649604e-06,0.4997858060831071,-0.285591889,6,0,6,12,3,0,0,0,0.5,1,0.875,38
O=[N+]([O-])NC(N[N+](=O)[O-])C(N[N+](=O)[O-])N[N+](=O)[O-],161.98518,4,16,0,0,0,0,0,8,4,16,0,9,0,4,0,4,0,0,0.2599677009044202,-0.234757094,-2.064074074,220.68,0,0,0,0,0,0,2,0,0,0,0,0,0,0,0,0,0,4,0,0,0,0,0,0,4,0,0,0,4,0,0,0,0,0,0,0,0,0,0,0,0,-4.128148148,0,0,0,0,0,0,0,0,0,0,5.030185185185186,0,0,0,0,0,0,-5.065801209,0,0,0,40.41521541950114,0,0,0,0,0,0,0.6106223805646751,0.801364490118965,1913.97845145818,1.094599334665178,0.4146336045728165,0.0592333720818309,2,6,8,8,4,0,0,0,0.8888888888888888,0,0,158.7
O=[N+]([O-])Nc1[nH]nc([N+](=O)[O-])c1[N+](=O)[O-],128.07109,2,12,0,0,0,0,1,7,2,12,1,4,0,2,0,3,0,0,0.4696562262031292,-0.357561084,-1.14537037,170.13,0,0,0,0,0,0,0,0,0,0,3,0,0,0,0,0,0,1,1,0,0,0,1,0,3,0,0,0,3,0,0,0,0,0,0,0,0,0,0,0,0,0,0,0,0,-2.932638889,0,0,0,0,0,0,1.3880092592592592,1.7822685185185183,0,0,0,2.9572685185185184,0,-3.377515117,0,0,0,30.59130385487528,0,0,0,0,0,0,0.2952296901073352,0.7904710571879664,1454.7493628717425,0.3600671568964494,0.3851709195955705,-0.073365889,3,2,6,6,1,0,0,0,0.8,0,0.3333333333333333,135
O=[N+]([O-])NC1=NCN=C1Nc1nnc2nnc(N[N+](=O)[O-])n2n1,118.02517,3,17,0,1,1,0,2,13,3,17,3,4,0,3,0,2,0,0,0.3079778884913535,-0.303168629,-0.848726957,215.95,0,0,1,0,0,0,0,0,0,2,2,1,0,0,0,0,0,3,0,0,0,2,5,0,2,1,0,0,2,0,0,0,0,0,0,0,0,-0.018909059,0,0,0,0,0,0,-0.105737985,-0.448320631,-0.092066851,0,0,0,0,0,6.185171232787575,0,0,0,7.618008210974931,18.161328528273877,0,-1.651752646,0.9220146762408667,0,0,20.88179892856796,0,0,0,0,0,0,0.2107051133434859,0.8002601066203265,5310.939182603263,0.2027308405910747,0.5631310084067415,-0.519813239,6,5,4,13,2,0,0,0,0.3478260869565217,0,0.6956521739130435,125
O=[N+]([O-])Nc1c([N+](=O)[O-])c(N[N+](=O)[O-])c([N+](=O)[O-])c(N[N+](=O)[O-])c1[N+](=O)[O-],104.92568,3,21,0,0,0,1,1,12,3,21,1,9,0,3,0,6,3,0,0.3413109071832892,-0.258160348,-1.837316704,294.93,0,0,0,0,0,0,0,0,0,0,6,0,0,0,0,0,0,3,0,0,0,0,0,0,6,0,0,0,6,0,0,0,0,0,0,0,0,0,0,0,0,0,0,0,0,-10.56945011,0,0,0,0,0,0,2.967494331065759,0,0,0,0,0,0,-9.581388889,0,0,0,65.3416723356009,0,0,0,0,0,0,0.5251817479169527,0.6212044888819561,4311.4868999417695,0.7061076627897342,0.3204957000160247,-0.0610468,6,3,12,9,3,0,0,0,0.8888888888888888,1,0.2222222222222222,65
O=[N+]([O-])Nc1c([N+](=O)[O-])cc(-n2cnc([N+](=O)[O-])c2)cc1[N+](=O)[O-],121.35621,1,15,0,0,0,1,2,10,1,15,2,6,0,1,0,4,2,0,0.3813937609260758,-0.35775673,-1.183467673,202.41,0,0,0,0,0,4,0,0,0,0,5,0,0,0,0,0,0,1,0,0,0,0,1,0,4,1,0,0,4,0,0,0,0,0,0,0,0,0,0,0,3.3605032753842274,0,0,0,0,-3.621696035,0,0,0,0,0,0,1.412530076845553,0,0,0,0,3.412259463970773,0,-4.138490892,0.9385648148148148,0,0,43.23483131450213,0,0,0,0,0,0,0.2226154524307763,0.8285793616370929,5202.369786335964,0.4651352647649542,0.2889321304322189,-0.589657409,9,5,8,7,1,0,0,0,0.6666666666666666,1,0.4583333333333333,98
O=[N+]([O-])Nc1c([N+](=O)[O-])cc(-n2cncc2[N+](=O)[O-])cc1[N+](=O)[O-],121.32897,1,15,0,0,0,1,2,10,1,15,2,6,0,1,0,4,2,0,0.3472897734420239,-0.357846489,-1.199729938,202.41,0,0,0,0,0,4,0,0,0,0,5,0,0,0,0,0,0,1,0,0,0,0,1,0,4,1,0,0,4,0,0,0,0,0,0,0,0,0,0,0,3.1839253432854626,0,0,0,0,-3.889450376,0,0,0,0,0,0,1.394653013983371,0,0,0,0,3.497352056563366,0,-4.237389377,0.7598611111111111,0,0,43.562190780633244,0,0,0,0,0,0,0.3129214425765826,0.8072897476352277,4042.785986016323,0.6777408199922842,0.2889321304322189,-0.589657409,9,5,8,7,1,0,0,0,0.6666666666666666,1,0.4583333333333333,109
O=[N+]([O-])Nc1c(-c2no[n+]([O-])c2N[N+](=O)[O-])no[n+]1[O-],67.24122,2,16,0,0,0,0,2,10,2,16,2,5,0,2,0,2,0,0,0.3689296720910661,-0.390521023,-1.114712931,216.28,0,0,0,0,0,0,0,0,0,0,4,0,0,0,0,0,0,2,0,0,0,0,2,0,2,2,0,0,2,0,2,0,0,0,0,0,0,0,0,0,0,0,0,0,0,-2.982040816,0,0,0,0,0,0,2.8715032123960693,0,0,0,0,6.183006424792139,0,-2.229425863,-0.781952003,0,0,20.616955467372136,0,8.147487717309147,0,0,0,0,0.2201940332003586,0.8105697943589272,3373.49060781462,0.2953160286337435,0.3860631213203359,-0.055151874,4,2,8,8,2,0,0,0,0.4,0,0.5,74.5
O=[N+]([O-])Nc1cc(N[N+](=O)[O-])c([N+](=O)[O-])cc1[N+](=O)[O-],104.910576,2,14,0,0,0,1,1,8,2,14,1,6,0,2,0,4,2,0,0.3049019438502024,-0.258235406,-1.148703704,196.62,0,0,0,0,0,2,0,0,0,0,4,0,0,0,0,0,0,2,0,0,0,0,0,0,4,0,0,0,4,0,0,0,0,0,0,0,0,0,0,0,0.9023148148148148,0,0,0,0,-3.421763039,0,0,0,0,0,0,2.8596579743008315,0,0,0,0,0,0,-4.502222222,0,0,0,41.914339569161,0,0,0,0,0,0,0.3493051853639072,0.7398805853564638,3009.4147040882312,0.472413807574265,0.2915330473532964,-0.333180626,6,4,8,6,2,0,0,0,0.8,1,0.3,125
O=[N+]([O-])Nc1n[nH]c(-c2nnc(-c3nc(N[N+](=O)[O-])n[nH]3)nn2)n1,120.380714,4,18,0,0,0,0,3,12,4,18,3,6,0,4,0,2,0,0,0.303509141926026,-0.254166131,-0.839417485,245.04,0,0,0,0,0,0,0,0,0,0,6,0,0,0,0,0,0,2,2,0,0,0,8,0,2,0,0,0,2,0,0,0,0,0,0,0,0,0,0,0,0,0,0,0,0,-0.80854102,0,0,0,0,0,0,3.4751137609882337,4.717105743149213,0,0,0,29.23140877720708,0,-1.678834971,0,0,0,20.53187385489167,0,0,0,0,0,0,0.0567544103005835,0.9432457546561762,8514.879164683656,0.0011372251020573,0.5830001903674091,-0.475918523,6,4,4,14,2,0,0,0,0.3333333333333333,0,0.6666666666666666,162
O=[N+]([O-])Nc1n[nH]nc1[N+](=O)[O-],127.676605,2,10,0,0,0,0,1,6,2,10,1,3,0,2,0,2,0,0,0.4396260486167235,-0.357642605,-0.967407407,139.88,0,0,0,0,0,0,0,0,0,0,2,0,0,0,0,0,0,1,1,0,0,0,2,0,2,0,0,0,2,0,0,0,0,0,0,0,0,0,0,0,0,0,0,0,0,-1.239166667,0,0,0,0,0,0,1.5103703703703704,1.8764351851851853,0,0,0,6.213657407407407,0,-1.860925926,0,0,0,19.916481481481483,0,0,0,0,0,0,0.2985763746879745,0.7131651594317703,1063.823420107797,0.1330493867074735,0.4825478526620556,-0.091913877,2,2,4,6,1,0,0,0,0.6666666666666666,0,0.4166666666666667,130
O=[N+]([O-])Nc1nc(/N=N/c2noc(N[N+](=O)[O-])n2)no1,139.70358,2,16,0,0,0,0,2,12,2,16,2,6,0,2,0,2,0,0,0.3805725095161529,-0.307746687,-0.913519091,212.9,0,0,0,0,0,0,0,0,0,0,4,0,0,0,0,0,0,2,0,0,0,2,4,0,2,0,0,0,2,0,2,0,0,0,0,0,0,0,0,0,0,0,0,0,0,-1.730176485,0,0,0,0,0,0,3.189135064136868,0,0,0,6.721415343915344,13.27134511211892,0,-1.827038182,0,0,0,20.132814841381,0,8.776356131142386,0,0,0,0,0.1019103534489074,0.8980896484389489,5179.184276368182,0.000100857757517,0.48929834617159,-0.167759433,4,2,6,10,2,0,0,0,0.4,0,0.5,140
O=[N+]([O-])Nc1nc(/N=N\c2noc(N[N+](=O)[O-])n2)no1,139.70358,2,16,0,0,0,0,2,12,2,16,2,6,0,2,0,2,0,0,0.3805725095161529,-0.307746687,-0.913519091,212.9,0,0,0,0,0,0,0,0,0,0,4,0,0,0,0,0,0,2,0,0,0,2,4,0,2,0,0,0,2,0,2,0,0,0,0,0,0,0,0,0,0,0,0,0,0,-1.730176485,0,0,0,0,0,0,3.189135064136868,0,0,0,6.721415343915344,13.27134511211892,0,-1.827038182,0,0,0,20.132814841381,0,8.776356131142386,0,0,0,0,0.1103762392474186,0.9233283100057866,4646.545854326345,0.4193503985309416,0.48929834617159,-0.167759433,4,2,6,10,2,0,0,0,0.4,0,0.5,140
O=[N+]([O-])Nc1nc([N+](=O)[O-])nn1C([N+](=O)[O-])([N+](=O)[O-])[N+](=O)[O-],117.004524,1,19,0,0,0,0,1,13,1,19,1,7,0,1,0,5,0,0,0.8361096186342859,-0.389690527,-4.48650463,258.43999999999994,0,0,0,0,0,0,0,0,0,0,2,0,1,0,0,0,0,1,0,0,0,0,2,0,5,1,0,0,5,0,0,0,0,0,0,0,0,0,0,0,0,0,0,0,0,-3.12400463,0,-4.48650463,0,0,0,0,1.0122916666666666,0,0,0,0,5.3632175925925925,0,-9.064828042,-0.783796296,0,0,53.083478835978845,0,0,0,0,0,0,0.5443411251245331,0.6765478807830639,2764.4859869731163,0.5267567842785248,0.3899793868038403,0.1733241719128179,3,1,10,9,1,0,1,0,0.8181818181818182,0,0.2272727272727272,121
O=[N+]([O-])Nc1nc([N+](=O)[O-])nn1Cc1nnn[nH]1,146.6766,2,14,0,0,0,0,2,10,2,14,2,5,0,2,0,2,0,0,0.4927843302276484,-0.389690591,-0.913814248,183.48,0,0,1,0,0,0,0,0,0,0,3,0,0,0,0,0,0,1,1,0,0,0,5,0,2,1,0,0,2,0,0,0,0,0,0,0,0,-0.134907407,0,0,0,0,0,0,0,-0.961925548,0,0,0,0,0,0,1.685702947845805,2.376334089191232,0,0,0,16.883362307886117,0,-1.788554422,0.8919907407407406,0,0,20.7739986457546,0,0,0,0,0,0,0.4495938695704404,0.6491118770028842,2386.3111378163867,0.6727856903986021,0.5465718234416845,-0.374792108,4,4,4,10,1,0,0,0,0.4444444444444444,0,0.5555555555555556,149
O=[N+]([O-])Nc1nc([N+](=O)[O-])nn1CCn1nc([N+](=O)[O-])nc1N[N+](=O)[O-],128.17256,2,20,0,0,0,0,2,14,2,20,2,9,2,2,0,4,0,0,0.4927721358885641,-0.389690592,-1.037431588,258.04,0,0,2,0,0,0,0,0,0,0,4,0,0,0,0,0,0,2,0,0,0,0,4,0,4,2,0,0,4,0,0,0,0,0,0,0,0,-0.742218443,0,0,0,0,0,0,0,-3.078404982,0,0,0,0,0,0,3.16982457797934,0,0,0,0,13.37845694759385,0,-4.071578206,1.4253703703703706,0,0,42.29260820081527,0,0,0,0,0,0,0.2747051623119274,0.7384157013152972,6910.094491682742,0.389958995842065,0.4489697747133809,-0.299313183,6,6,8,12,2,0,0,0,0.6153846153846154,0,0.3846153846153846,107
O=[N+]([O-])Nc1nc(C([N+](=O)[O-])([N+](=O)[O-])[N+](=O)[O-])n[nH]1,132.80974,2,16,0,0,0,0,1,10,2,16,1,6,0,2,0,4,0,0,0.7645706857799225,-0.25218916,-4.048582766,226.16,0,0,0,0,0,0,0,0,0,0,2,0,1,0,0,0,0,1,1,0,0,0,2,0,4,0,0,0,4,0,0,0,0,0,0,0,0,0,0,0,0,0,0,0,0,-2.299282407,0,-4.048582766,0,0,0,0,1.3392573696145122,1.6797453703703704,0,0,0,5.819675925925925,0,-6.638101852,0,0,0,41.865310846560845,0,0,0,0,0,0,0.2592399906425908,0.979515679550988,2486.662218090785,0.6785458792217862,0.4027371744391346,0.0575338820627335,3,2,8,8,1,0,1,0,0.7368421052631579,0,0.2631578947368421,125
O=[N+]([O-])Nc1nc(C2=NNC(c3nnc(N[N+](=O)[O-])[nH]3)=NN2)n[nH]1,121.05056,6,18,0,1,1,0,2,12,6,18,3,6,0,6,0,2,0,0,0.2831197997502342,-0.300100377,-0.810810913,242.26,0,0,0,0,0,0,0,0,0,2,4,0,0,0,0,0,0,4,2,0,0,2,4,0,2,0,0,0,2,0,0,0,0,0,0,0,0,0,0,0,0,0,0,0,0.1494230809607799,-0.317574441,0,0,0,0,0,0,8.55902065225714,4.781819125314762,0,0,7.725638070042832,14.57952910136539,0,-1.620961817,0,0,0,20.57155311378568,0,0,0,0,0,0,0.0553584319286031,0.944641714864818,8746.79565632386,0.0011594841647564,0.5795250260194911,-0.520389819,6,6,4,14,2,0,0,0,0.3333333333333333,0,0.6666666666666666,151
O=[N+]([O-])Nc1nc(-c2c(/N=N/c3no[n+]([O-])c3-c3noc(N[N+](=O)[O-])n3)no[n+]2[O-])no1,74.85492,2,24,0,0,0,0,4,18,2,24,4,8,0,2,0,2,0,0,0.3792977485828488,-0.358847218,-0.994450786,318.8399999999999,0,0,0,0,0,0,0,0,0,0,8,0,0,0,0,0,0,2,0,0,0,2,6,0,2,2,0,0,2,0,4,0,0,0,0,0,0,0,0,0,0,0,0,0,0,-4.669182916,0,0,0,0,0,0,3.123332727486733,0,0,0,7.074290595867977,20.27867012526145,0,-1.988901573,-0.413949715,0,0,20.80114102805714,0,17.739014669383188,0,0,0,0,0.3527039933184893,0.7442377028277014,9209.924157606933,0.8661748484783542,0.4315355620530523,-0.24659175,8,2,10,14,2,0,0,0,0.25,0,0.625,126
O=[N+]([O-])Nc1nc(-c2nnnn2O)n[nH]1,130.6573,3,12,0,0,0,0,2,9,3,12,2,3,0,2,0,1,0,0,0.2810766314322603,-0.408644278,-0.813278534,160.56999999999996,0,0,0,0,0,0,0,0,0,0,3,0,0,0,0,0,0,1,1,0,0,0,5,0,1,1,0,1,1,0,0,0,0,0,0,0,0,0,0,0,0,0,0,0,0,-0.409724112,0,0,0,0,0,0,1.7401077097505668,2.218703703703704,0,0,0,16.80402620307382,0,-0.813278534,0.3463425925925927,0,9.02747795414462,10.043172241118672,0,0,0,0,0,0,0.1119547063648585,0.901203277758549,2152.8257027281165,0.1684516537321104,0.5912245386337082,-0.337842594,3,3,3,9,1,0,0,0,0.2666666666666666,0,0.6666666666666666,116
O=[N+]([O-])Nc1nc(-c2noc(N[N+](=O)[O-])n2)no1,119.97658,2,14,0,0,0,0,2,10,2,14,2,5,0,2,0,2,0,0,0.3792762807145563,-0.309366033,-0.909483331,188.18,0,0,0,0,0,0,0,0,0,0,4,0,0,0,0,0,0,2,0,0,0,0,4,0,2,0,0,0,2,0,2,0,0,0,0,0,0,0,0,0,0,0,0,0,0,-1.466512241,0,0,0,0,0,0,3.211654069035021,0,0,0,0,13.592465986394558,0,-1.818966662,0,0,0,20.143623883999062,0,8.860777746283699,0,0,0,0,0.057361301509981,0.9426386985027922,4156.437023679838,7.166152346098875e-06,0.4339235209794274,-0.185967223,4,2,6,8,2,0,0,0,0.4444444444444444,0,0.5555555555555556,137
O=[N+]([O-])Nc1nc(Cc2noc(N[N+](=O)[O-])n2)no1,130.46742,2,14,0,0,0,0,2,10,2,14,2,6,0,2,0,2,0,0,0.3788556184932595,-0.30985309,-0.870285756,188.18,0,0,1,0,0,0,0,0,0,0,4,0,0,0,0,0,0,2,0,0,0,0,4,0,2,0,0,0,2,0,2,0,0,0,0,0,0,-0.077590703,0,0,0,0,0,0,0,-0.740855642,0,0,0,0,0,0,3.3165113058538385,0,0,0,0,14.030199042579994,0,-1.740571513,0,0,0,20.19436378836812,0,8.990246598639455,0,0,0,0,0.1655559580155475,0.9214567723229128,3979.3755215698,0.7117841649875019,0.4115574140965764,-0.352763498,5,4,6,8,2,0,0,0,0.4210526315789473,0,0.5263157894736842,152
O=[N+]([O-])Nc1nc(Cn2nnnc2N[N+](=O)[O-])n[nH]1,124.487144,3,15,0,0,0,0,2,10,3,15,2,6,0,3,0,2,0,0,0.3037300316143604,-0.240625174,-0.833441665,195.51,0,0,1,0,0,0,0,0,0,0,3,0,0,0,0,0,0,2,1,0,0,0,5,0,2,1,0,0,2,0,0,0,0,0,0,0,0,-0.112036092,0,0,0,0,0,0,0,-0.306950638,0,0,0,0,0,0,3.5319190917107584,2.2596728552532124,0,0,0,17.43464663643235,0,-1.651857898,1.015787037037037,0,0,20.414409503802545,0,0,0,0,0,0,0.2542275879455848,0.8976419860470657,2981.4443683974728,0.8871851773351707,0.5679366566232849,-0.383541638,4,5,4,11,2,0,0,0,0.4210526315789473,0,0.5263157894736842,159
O=[N+]([O-])Nc1nc(Nc2nnn[nH]2)c([N+](=O)[O-])cc1[N+](=O)[O-],131.44745,3,16,0,0,0,0,2,11,3,16,2,6,0,3,0,3,0,0,0.3238131901475268,-0.301927018,-1.096279841,220.83,0,0,0,0,0,1,0,0,0,0,5,0,0,0,0,0,0,2,1,0,0,0,4,0,3,0,0,0,3,0,0,0,0,0,0,0,0,0,0,0,0.5188133030990172,0,0,0,0,-3.215533825,0,0,0,0,0,0,3.769817176870748,2.2153009259259258,0,0,0,13.241801303854876,0,-3.102542674,0,0,0,32.20283856135047,0,0,0,0,0,0,0.3720918536480979,0.6830452388452986,3690.497558474631,0.4188091455977207,0.4484850814641116,-0.410043503,6,4,6,10,1,0,0,0,0.5454545454545454,0,0.5,169
O=[N+]([O-])Nc1nc2nnc3nc(N[N+](=O)[O-])nn3n2n1,121.66801,2,16,0,0,0,0,3,12,2,16,3,4,0,2,0,2,0,0,0.3067549476231662,-0.234422888,-0.860655147,196.5,0,0,0,0,0,0,0,0,0,0,2,2,0,0,0,0,0,2,0,0,0,0,6,0,2,2,0,0,2,0,0,0,0,0,0,0,0,0,0,0,0,0,0,0,0,-0.701693647,-0.223327664,0,0,0,0,0,3.4478029730410684,0,0,0,0,21.85589600655077,0,-1.721310294,1.8735959939531368,0,0,20.56785164917921,0,0,0,0,0,0,0.1587012408860996,0.8412987596483349,3910.193225227798,3.687659689643419e-05,0.5954490678386617,-0.283547175,4,2,4,12,2,0,0,0,0.4,0,0.8,178
O=[N+]([O-])Nc1nnc(-c2cc(-c3nnc(N[N+](=O)[O-])[nH]3)[nH]n2)[nH]1,116.16973,5,16,0,0,0,0,3,9,5,16,3,6,0,5,0,2,0,0,0.2830741090328836,-0.30152189,-0.793019746,222.16,0,0,0,0,0,1,0,0,0,0,6,0,0,0,0,0,0,2,3,0,0,0,5,0,2,0,0,0,2,0,0,0,0,0,0,0,0,0,0,0,1.4929629629629628,0,0,0,0,0.7031448260867472,0,0,0,0,0,0,3.622385524613089,7.728037902603649,0,0,0,18.35786212551544,0,-1.583647911,0,0,0,20.58962728451639,0,0,0,0,0,0,0.0523787456319055,0.950700892089036,7823.538259193673,0.1011389653327519,0.5214071786595491,-0.645551745,7,6,4,12,2,0,0,0,0.3478260869565217,0,0.6521739130434783,142
O=[N+]([O-])Nc1nnc(-c2nc(-c3noc(-c4nnc(N[N+](=O)[O-])o4)n3)no2)o1,150.04297,2,20,0,0,0,0,4,16,2,20,4,7,0,2,0,2,0,0,0.3752106357269435,-0.39515441,-0.901287836,266.0199999999999,0,0,0,0,0,0,0,0,0,0,8,0,0,0,0,0,0,2,0,0,0,0,8,0,2,0,0,0,2,0,4,0,0,0,0,0,0,0,0,0,0,0,0,0,0,-2.514827708,0,0,0,0,0,0,3.300973239788695,0,0,0,0,28.5441549782214,0,-1.802575671,0,0,0,20.621651463863877,0,19.562305566509973,0,0,0,0,0.1913868587117496,0.8086131412910729,10440.811681683192,4.290935505663063e-06,0.426201227865442,-0.365315338,8,2,8,12,2,0,0,0,0.2857142857142857,0,0.7142857142857143,215
O=[N+]([O-])Nc1nnc(N[N+](=O)[O-])nn1,232.12863,2,12,0,0,0,0,1,8,2,12,1,4,0,2,0,2,0,0,0.3221154030084041,-0.234422191,-0.917364575,161.89999999999998,0,0,0,0,0,0,0,0,0,0,2,0,0,0,0,0,0,2,0,0,0,0,4,0,2,0,0,0,2,0,0,0,0,0,0,0,0,0,0,0,0,0,0,0,0,-0.937226002,0,0,0,0,0,0,3.125269274376417,0,0,0,0,12.51425925925926,0,-1.834729151,0,0,0,19.732879976064503,0,0,0,0,0,0,0.1213104728367529,0.8786895271689861,1949.0023701075595,3.432716691607364e-06,0.5542085209560096,-0.079172646,2,2,4,8,2,0,0,0,0.5714285714285714,0,0.4285714285714285,108.3
O=[N+]([O-])Nc1nnc2c3nnc(N[N+](=O)[O-])n3c3nonc3n12,123.12098,2,17,0,0,0,0,4,13,2,17,4,4,0,2,0,2,0,0,0.2917349802027925,-0.240111923,-0.843718261,209.64,0,0,0,0,0,0,0,0,0,0,2,4,0,0,0,0,0,2,0,0,0,0,6,0,2,2,0,0,2,0,1,0,0,0,0,0,0,0,0,0,0,0,0,0,0,-0.555582535,-0.065748299,0,0,0,0,0,3.668451121189216,0,0,0,0,21.87154415469892,0,-1.687436523,2.239259259259259,0,0,21.21884324026009,0,4.591826341647771,0,0,0,0,0.2779825899036168,0.7756813239061923,3449.2255664388786,0.397258795027172,0.5214783912391631,-0.39731687,6,2,5,12,2,0,0,0,0.3478260869565217,0,0.9130434782608696,151
O=[N+]([O-])Nc1nnc2n[n+]([O-])c(N[N+](=O)[O-])nn12,125.500084,2,15,0,0,0,0,2,10,2,15,2,4,0,2,0,2,0,0,0.495108411378604,-0.721244476,-1.046421643,193.25,0,0,0,0,0,0,0,0,0,0,2,1,0,0,0,0,0,2,0,0,0,0,4,0,2,2,0,0,2,0,0,0,0,0,0,0,0,0,0,0,0,0,0,0,0,-1.270188964,-0.37199263,0,0,0,0,0,3.08843253968254,0,0,0,0,13.191763983371125,0,-1.993855663,0.450185185185185,0,0,20.38240709246661,0,0,0,0,0,0,0.4483303300215889,0.5831009901039145,2178.5277073344464,0.2039241222144504,0.5423959955678499,-0.123976228,3,2,5,10,2,0,0,0,0.4444444444444444,0,0.6111111111111112,114
O=[N+]([O-])Nc1nnc2nnc(/N=N\c3nnc4nnc(N[N+](=O)[O-])nn34)n2n1,126.46614,2,22,0,0,0,0,4,18,2,22,4,6,0,2,0,2,0,0,0.3208330360179383,-0.234422196,-0.888902626,272.7799999999999,0,0,0,0,0,0,0,0,0,0,4,2,0,0,0,0,0,2,0,0,0,2,10,0,2,2,0,0,2,0,0,0,0,0,0,0,0,0,0,0,0,0,0,0,0,-1.374410777,-0.230721702,0,0,0,0,0,3.409390237010742,0,0,0,7.436980662635424,35.91007715876888,0,-1.777805253,1.8303872366210028,0,0,20.89805121809285,0,0,0,0,0,0,0.1371674836095835,0.903587486919512,8944.825894484555,0.5894008044503305,0.6458160346895468,-0.369037734,6,2,4,18,2,0,0,0,0.2857142857142857,0,0.7857142857142857,170
O=[N+]([O-])Nc1nnc2nnc(C(F)(F)F)n2n1,140.44865,1,10,0,0,0,0,2,8,1,13,2,2,0,1,0,1,0,0,0.4531198051435682,-0.234422196,-4.804229734,124.03,0,0,0,0,0,0,0,0,0,0,2,1,1,0,0,0,0,1,0,0,0,0,5,0,1,1,0,0,1,0,0,3,0,0,0,0,0,0,0,0,0,0,0,0,0,-2.165187075,-0.522015779,-4.804229734,0,0,0,0,1.4590986394557823,0,0,0,0,15.3799716553288,0,-1.041204649,0.2071759259259258,0,0,10.048827121126228,0,0,37.138736772486766,0,0,0,0.2091206369642617,0.8312941895064386,2390.27460645435,0.1255004348885319,0.4478208716513395,-0.415833667,4,1,2,8,1,0,0,0,0.2352941176470588,0,0.6470588235294118,113.2
O=[N+]([O-])Nc1nnc2nnc(N[N+](=O)[O-])n2n1,112.887505,2,14,0,0,0,0,2,10,2,14,2,4,0,2,0,2,0,0,0.3208338006770239,-0.234422883,-0.908921643,179.2,0,0,0,0,0,0,0,0,0,0,2,1,0,0,0,0,0,2,0,0,0,0,5,0,2,1,0,0,2,0,0,0,0,0,0,0,0,0,0,0,0,0,0,0,0,-0.819448224,-0.149770408,0,0,0,0,0,3.3226303854875283,0,0,0,0,16.998375850340135,0,-1.798638826,0.7932870370370371,0,0,20.326782092466612,0,0,0,0,0,0,0.2846569105185749,0.7400470855972759,2269.543670747709,0.2141219046113641,0.5782376143568139,-0.198252896,3,2,4,10,2,0,0,0,0.4705882352941176,0,0.6470588235294118,138
O=[N+]([O-])Nc1nnc2nnc(Nc3nnn[nH]3)nn12,128.60883,3,15,0,0,0,0,3,12,3,15,3,4,0,3,0,1,0,0,0.3079778938331718,-0.289052799,-0.799570578,190.52,0,0,0,0,0,0,0,0,0,0,3,1,0,0,0,0,0,2,1,0,0,0,8,0,1,1,0,0,1,0,0,0,0,0,0,0,0,0,0,0,0,0,0,0,0,-0.038052984,-0.008708428,0,0,0,0,0,4.415177705341396,2.418867000503905,0,0,0,28.469135359339635,0,-0.799570578,1.001915154950869,0,0,10.353951718058411,0,0,0,0,0,0,0.2923192956150722,0.7179381266178946,3035.5848784317936,0.2315227776645305,0.686385801619418,-0.452562067,4,3,2,13,1,0,0,0,0.2105263157894736,0,0.8421052631578947,167
O=[N+]([O-])Nc1nnc2nncn2n1,125.67804,1,10,0,0,0,0,2,8,1,10,2,2,0,1,0,1,0,0,0.3207712085813262,-0.234422196,-0.78452003,124.03,0,0,0,0,0,1,0,0,0,0,1,1,0,0,0,0,0,1,0,0,0,0,5,0,1,1,0,0,1,0,0,0,0,0,0,0,0,0,0,0,1.2590665154950869,0,0,0,0,-0.224722222,0.1749055177626608,0,0,0,0,0,1.747777777777778,0,0,0,0,17.516881141345426,0,-0.78452003,1.1655092592592593,0,0,9.98921768707483,0,0,0,0,0,0,0.162211436349456,0.8377885636860168,1288.455572557918,9.072273057457088e-06,0.6150365452518628,-0.439311818,3,2,2,8,1,0,0,0,0.3076923076923077,0,0.8461538461538461,148
O=[N+]([O-])Nc1nnc2nncnn12,125.4784,1,10,0,0,0,0,2,8,1,10,2,2,0,1,0,1,0,0,0.3079064098450517,-0.234422883,-0.765315571,124.03,0,0,0,0,0,1,0,0,0,0,1,1,0,0,0,0,0,1,0,0,0,0,5,0,1,1,0,0,1,0,0,0,0,0,0,0,0,0,0,0,1.1264739229024945,0,0,0,0,-0.115833333,0.0896759259259263,0,0,0,0,0,1.8090277777777777,0,0,0,0,17.504272486772486,0,-0.765315571,1.0652777777777775,0,0,10.05987717309146,0,0,0,0,0,0,0.2912132640669506,0.7494038310184681,1050.2489665556168,0.2399283557893915,0.6150365452518628,-0.439311818,3,2,2,8,1,0,0,0,0.3076923076923077,0,0.8461538461538461,132
O=[N+]([O-])Nc1no[n+]([O-])c1-c1c(N[N+](=O)[O-])no[n+]1[O-],67.213295,2,16,0,0,0,0,2,10,2,16,2,5,0,2,0,2,0,0,0.3770441972948271,-0.358824378,-1.092648022,216.28,0,0,0,0,0,0,0,0,0,0,4,0,0,0,0,0,0,2,0,0,0,0,2,0,2,2,0,0,2,0,2,0,0,0,0,0,0,0,0,0,0,0,0,0,0,-3.210188964,0,0,0,0,0,0,2.934898904006047,0,0,0,0,5.953223733938019,0,-2.185296044,-0.781959562,0,0,20.602077349458305,0,8.120344860166288,0,0,0,0,0.4401552933563954,0.800940443192593,2328.757728016709,0.7586920648949789,0.3860631213203359,-0.055151874,4,2,8,8,2,0,0,0,0.4,0,0.5,91.3
O=[N+]([O-])Nc1nonc1/[N+]([O-])=N\c1nonc1/N=N\c1nonc1/N=[N+](/[O-])c1nonc1N[N+](=O)[O-],123.06617,2,28,0,0,0,0,4,22,2,28,4,10,0,2,0,2,0,0,0.4481551457654351,-0.690255365,-1.037131348,367.5999999999999,0,0,0,0,0,0,0,0,0,0,8,0,0,0,0,0,0,2,0,0,0,4,8,0,2,0,0,0,2,0,4,0,0,0,0,0,0,0,0,0,0,0,0,0,0,-5.170174339,0,0,0,0,0,0,3.1028463897605123,0,0,0,13.790569266137656,25.720441187309248,0,-2.074262695,0,0,0,21.018629348017438,0,17.23274925389913,0,0,0,0,0.2661905565240713,0.8608253210163229,10645.633220924226,0.9188647602619427,0.4939045901767863,-0.219513151,8,2,10,18,2,0,0,0,0.2222222222222222,0,0.5555555555555556,120
O=[N+]([O-])Nc1nonc1/N=[N+](/[O-])c1nonc1N[N+](=O)[O-],115.42346,2,17,0,0,0,0,2,12,2,17,2,6,0,2,0,2,0,0,0.448155154329122,-0.690255359,-1.019591907,226.61,0,0,0,0,0,0,0,0,0,0,4,0,0,0,0,0,0,2,0,0,0,1,4,0,2,0,0,0,2,0,2,0,0,0,0,0,0,0,0,0,0,0,0,0,0,-2.529087826,0,0,0,0,0,0,3.093613158226253,0,0,0,3.2008087679516253,12.32273966994205,0,-2.014557964,0,0,0,20.48343743905072,0,8.279705687830688,0,0,0,0,0.7548480046918522,0.904958560562684,1941.478895669277,1.138498768831321,0.4633874282990702,-0.105917126,4,2,7,10,2,0,0,0,0.3809523809523809,0,0.4761904761904761,70
O=[N+]([O-])Nc1nonc1/N=N\c1nonc1N[N+](=O)[O-],113.40396,2,16,0,0,0,0,2,12,2,16,2,6,0,2,0,2,0,0,0.2811678527739569,-0.239812809,-0.920703018,212.89999999999995,0,0,0,0,0,0,0,0,0,0,4,0,0,0,0,0,0,2,0,0,0,2,4,0,2,0,0,0,2,0,2,0,0,0,0,0,0,0,0,0,0,0,0,0,0,-1.591217456,0,0,0,0,0,0,3.296113158226253,0,0,0,6.790506424792139,12.72773966994205,0,-1.841406036,0,0,0,20.43525149800763,0,8.414427910052911,0,0,0,0,0.1976981715346999,0.868326151106178,3701.6991945690015,0.5440018003378229,0.4892983461715899,-0.167759433,4,2,6,10,2,0,0,0,0.4,0,0.5,100
O=[N+]([O-])Nc1nonc1C1=NOC(c2nonc2N[N+](=O)[O-])=NO1,104.810104,2,18,0,1,1,0,2,14,2,18,3,6,0,2,0,2,0,0,0.3174339886080071,-0.326676655,-0.918069242,231.35999999999996,0,0,0,0,0,0,0,0,0,2,4,0,0,0,0,0,0,2,0,0,0,2,4,0,2,0,0,0,2,2,2,0,0,0,0,0,0,0,0,0,0,0,0,0,-0.880389792,-1.451429897,0,0,0,0,0,0,3.375624261667732,0,0,0,6.857989417989418,13.105136942849786,0,-1.836138484,0,0,0,20.785255891492504,9.64351946334089,8.615176303941636,0,0,0,0,0.1344283187918619,0.8692667943738634,6620.714380159334,0.1704324721434399,0.4091844369622147,-0.233819678,6,2,8,10,2,0,0,0,0.3333333333333333,0,0.6666666666666666,95
O=[N+]([O-])Nc1nonc1-c1nnc(/N=N/c2nnc(-c3nonc3N[N+](=O)[O-])o2)o1,122.65679,2,22,0,0,0,0,4,18,2,22,4,8,0,2,0,2,0,0,0.3617134734302084,-0.398693953,-0.898638699,290.7399999999999,0,0,0,0,0,0,0,0,0,0,8,0,0,0,0,0,0,2,0,0,0,2,8,0,2,0,0,0,2,0,4,0,0,0,0,0,0,0,0,0,0,0,0,0,0,-2.717280733,0,0,0,0,0,0,3.450323205466222,0,0,0,7.070332262534643,27.46987449228292,0,-1.797277397,0,0,0,20.971362237390643,0,18.914637028927288,0,0,0,0,0.0779492438724215,0.9360094719604826,13671.519294848567,0.3141313376107174,0.4642415571988231,-0.34107543,8,2,8,14,2,0,0,0,0.2666666666666666,0,0.6666666666666666,248
O=[N+]([O-])Nc1nonc1-c1nnc(N=Nc2nnc(-c3nonc3N[N+](=O)[O-])o2)o1,122.65682,2,22,0,0,0,0,4,18,2,22,4,8,0,2,0,2,0,0,0.3617134734302084,-0.398693953,-0.898638699,290.7399999999999,0,0,0,0,0,0,0,0,0,0,8,0,0,0,0,0,0,2,0,0,0,2,8,0,2,0,0,0,2,0,4,0,0,0,0,0,0,0,0,0,0,0,0,0,0,-2.717280733,0,0,0,0,0,0,3.450323205466222,0,0,0,7.070332262534643,27.46987449228292,0,-1.797277397,0,0,0,20.971362237390643,0,18.914637028927288,0,0,0,0,0.0771862210311295,0.9366293190857836,13672.480862328535,0.3145100190697145,0.4642415571988231,-0.34107543,8,2,8,14,2,0,0,0,0.2666666666666666,0,0.6666666666666666,248
O=[N+]([O-])Nc1nonc1-c1noc(-c2nc(-c3nonc3N[N+](=O)[O-])no2)n1,124.09907,2,20,0,0,0,0,4,16,2,20,4,7,0,2,0,2,0,0,0.3163341439175676,-0.328094289,-0.892054639,266.0199999999999,0,0,0,0,0,0,0,0,0,0,8,0,0,0,0,0,0,2,0,0,0,0,8,0,2,0,0,0,2,0,4,0,0,0,0,0,0,0,0,0,0,0,0,0,0,-2.248985535,0,0,0,0,0,0,3.4789406065412694,0,0,0,0,28.258188318726184,0,-1.784109278,0,0,0,21.01624693748355,0,18.59680534596466,0,0,0,0,0.1343985108790026,0.8665131741496603,9971.726111728793,0.0723765724831942,0.4262012278654421,-0.365315338,8,2,8,12,2,0,0,0,0.2857142857142857,0,0.7142857142857143,84
O=[N+]([O-])Nc1nonc1-c1noc(CO[N+](=O)[O-])n1,137.61679,1,14,0,0,0,0,2,11,1,14,2,6,0,1,0,1,0,0,0.2945095965738947,-0.336754663,-1.04042524,185.38,0,0,1,0,0,0,0,0,0,0,4,0,0,0,0,0,0,1,0,0,0,0,4,0,2,0,0,0,2,1,2,0,0,0,0,0,0,-0.566192445,0,0,0,0,0,0,0,-0.949399355,0,0,0,0,0,0,1.7050300768455529,0,0,0,0,13.602514251070795,0,-1.929437263,0,0,0,20.213321567084648,3.996010251322751,8.881498015873017,0,0,0,0,0.188560101422482,0.9154815584415824,3414.763935132662,0.649820455386088,0.3588153236111468,-0.263619421,5,3,7,7,1,1,0,0,0.4210526315789473,0,0.5263157894736842,60
O=[N+]([O-])Nc1nonc1-c1noc2nc([N+](=O)[O-])cn12,156.8301,1,14,0,0,0,0,3,11,1,14,3,4,0,1,0,2,0,0,0.4465032819011761,-0.357755017,-0.878300265,180.56,0,0,0,0,0,1,0,0,0,0,4,1,0,0,0,0,0,1,0,0,0,0,4,0,2,1,0,0,2,0,2,0,0,0,0,0,0,0,0,0,1.0196296296296297,0,0,0,0,-1.061906914,-0.178932351,0,0,0,0,0,1.741467072940287,0,0,0,0,13.773742756361802,0,-1.610910336,1.086103552532124,0,0,20.97644775657177,0,9.111244409800957,0,0,0,0,0.2270684681330639,0.8241267554610647,3127.7371490137098,0.3731816944605353,0.3969773014050162,-0.396977301,6,2,6,8,1,0,0,0,0.4,0,0.75,128
O=[N+]([O-])Nc1nonc1-c1nonc1N[N+](=O)[O-],117.025314,2,14,0,0,0,0,2,10,2,14,2,5,0,2,0,2,0,0,0.2629793543921167,-0.241464918,-0.919496095,188.18,0,0,0,0,0,0,0,0,0,0,4,0,0,0,0,0,0,2,0,0,0,0,4,0,2,0,0,0,2,0,2,0,0,0,0,0,0,0,0,0,0,0,0,0,0,-1.334448224,0,0,0,0,0,0,3.3398989040060467,0,0,0,0,12.97623015873016,0,-1.838992189,0,0,0,20.50570546737213,0,8.512567082388511,0,0,0,0,0.1843663509282798,0.8297389521013381,2917.913886774099,0.2700185014155678,0.4339235209794274,-0.185967223,4,2,6,8,2,0,0,0,0.4444444444444444,0,0.5555555555555556,80
O=[N+]([O-])Nc1nonc1Cc1nnc2nnc(N[N+](=O)[O-])n2n1,138.94,2,17,0,0,0,0,3,13,2,17,3,6,0,2,0,2,0,0,0.3079160159090634,-0.241884826,-0.848318794,218.11999999999995,0,0,1,0,0,0,0,0,0,0,4,1,0,0,0,0,0,2,0,0,0,0,7,0,2,1,0,0,2,0,1,0,0,0,0,0,0,-0.140180933,0,0,0,0,0,0,0,-0.458641949,-0.083316851,0,0,0,0,0,3.5734470894265264,0,0,0,0,25.091915474446587,0,-1.691344482,0.9436983497102543,0,0,20.853117225170344,0,4.391522185626623,0,0,0,0,0.329775764922836,0.7686827671280719,3715.3746774505744,0.7226876617846959,0.5182354084342813,-0.444201779,6,4,5,12,2,0,0,0,0.3478260869565217,0,0.6956521739130435,125
O=[N+]([O-])Nc1nonc1N[N+](=O)[O-],120.60207,2,11,0,0,0,0,1,7,2,11,1,4,0,2,0,2,0,0,0.2828424880615206,-0.239748197,-0.953711262,149.26000000000002,0,0,0,0,0,0,0,0,0,0,2,0,0,0,0,0,0,2,0,0,0,0,2,0,2,0,0,0,2,0,1,0,0,0,0,0,0,0,0,0,0,0,0,0,0,-0.941296296,0,0,0,0,0,0,3.0932407407407405,0,0,0,0,6.007129629629629,0,-1.907422525,0,0,0,19.784081632653063,0,4.013518518518518,0,0,0,0,0.4065272759998364,0.6515970389084791,1205.9657894646475,0.3325584918533165,0.4419308167828488,0,2,2,5,6,2,0,0,0,0.6153846153846154,0,0.3846153846153846,99
O=[N+]([O-])Nc1nonc1Nc1nnc(Nc2nonc2N[N+](=O)[O-])nn1,117.93203,4,20,0,0,0,0,3,16,4,20,3,8,0,4,0,2,0,0,0.2774228889302052,-0.299916338,-0.877392203,263.79999999999995,0,0,0,0,0,0,0,0,0,0,6,0,0,0,0,0,0,4,0,0,0,0,8,0,2,0,0,0,2,0,2,0,0,0,0,0,0,0,0,0,0,0,0,0,0,-1.456083762,0,0,0,0,0,0,8.3129853486091,0,0,0,0,27.6791730830533,0,-1.754784406,0,0,0,20.777685918008928,0,8.663337900344436,0,0,0,0,0.062149493409809,0.9378505076862654,10350.156101725446,7.972391678687795e-05,0.5323338493712485,-0.347646596,6,4,6,14,2,0,0,0,0.3076923076923077,0,0.6153846153846154,149
O=[N+]([O-])Nn1c(-c2nc([N+](=O)[O-])c([N+](=O)[O-])n2N[N+](=O)[O-])nc([N+](=O)[O-])c1[N+](=O)[O-],139.18646,2,24,0,0,0,0,2,16,2,24,2,9,0,2,0,6,0,0,0.4655192137638488,-0.357612687,-1.687352608,318.54,0,0,0,0,0,0,0,0,0,0,6,0,0,0,0,0,0,2,0,0,0,0,2,0,6,2,0,0,6,0,0,0,0,0,0,0,0,0,0,0,0,0,0,0,0,-9.372928949,0,0,0,0,0,0,2.2087707860922148,0,0,0,0,6.118834089191232,0,-8.920825775,-0.626897203,0,0,65.7965235260771,0,0,0,0,0,0,0.3772615720841579,0.6945953477979231,6115.302110964119,0.5462818970984986,0.3869594659959368,-0.036853282,6,2,12,12,2,0,0,0,0.8,0,0.3333333333333333,116
O=[N+]([O-])NN1c2c([N+](=O)[O-])c([N+](=O)[O-])nn2Cn2nc([N+](=O)[O-])c([N+](=O)[O-])c21,162.71126,1,21,0,1,1,0,2,15,1,21,3,6,0,1,0,5,0,0,0.4698569392883522,-0.357560988,-1.329860166,266.61,0,0,1,0,0,0,0,0,0,0,6,0,0,0,0,0,0,1,0,0,0,0,2,1,5,2,0,0,5,0,0,0,0,0,0,0,0,-0.773887944,0,0,0,0,0,0,0,-7.137772634,0,0,0,0,0,0,1.368949357520786,0,0,0,0,6.655287226001512,0.0831018518518516,-6.345547682,1.000432728647014,0,0,55.574718547912994,0,0,0,0,0,0,0.2741088657596693,0.8055951784590539,5306.704622147523,0.4848182866640447,0.3838790731065288,-0.21935947,7,3,10,11,1,0,0,0,0.7142857142857143,0,0.5714285714285714,117
O=[N+]([O-])Nn1cnnc1Nn1cnnn1,142.70319,2,12,0,0,0,0,2,10,2,12,2,4,0,2,0,1,0,0,0.3591653935178592,-0.339399847,-0.75582483,141.51,0,0,0,0,0,2,0,0,0,0,1,0,0,0,0,0,0,2,0,0,0,0,5,0,1,2,0,0,1,0,0,0,0,0,0,0,0,0,0,0,2.375665154950869,0,0,0,0,0.0685185185185193,0,0,0,0,0,0,4.376073318216175,0,0,0,0,17.20002771478962,0,-0.75582483,2.0732331821617533,0,0,10.164486803980852,0,0,0,0,0,0,0.3240885564095015,0.7386308433413021,1629.9671422979775,0.4381946558648251,0.6599633248952306,-0.45254628,3,4,2,10,1,0,0,0,0.2666666666666666,0,0.6666666666666666,177
O=[N+]([O-])Nn1nc([N+](=O)[O-])c2c1c([N+](=O)[O-])nn2N[N+](=O)[O-],143.85135,2,18,0,0,0,0,2,12,2,18,2,6,0,2,0,4,0,0,0.4730117469102244,-0.357569679,-1.196268582,232.26,0,0,0,0,0,0,0,0,0,0,2,2,0,0,0,0,0,2,0,0,0,0,2,0,4,2,0,0,4,0,0,0,0,0,0,0,0,0,0,0,0,0,0,0,0,-2.251296296,-1.606018519,0,0,0,0,0,2.7057322373393804,0,0,0,0,6.273839758125472,0,-4.690175107,0.2157256235827664,0,0,42.50942948475687,0,0,0,0,0,0,0.3560587252481798,0.7021062075480066,3404.9240422908506,0.4226455400090584,0.4400827355542842,-0.05029517,4,2,8,10,2,0,0,0,0.7272727272727273,0,0.4545454545454545,128
O=[N+]([O-])Nn1nc([N+](=O)[O-])nc1-c1nc([N+](=O)[O-])nn1N[N+](=O)[O-],137.47443,2,20,0,0,0,0,2,14,2,20,2,7,0,2,0,4,0,0,0.5160540130354129,-0.389645449,-1.182582514,258.04,0,0,0,0,0,0,0,0,0,0,4,0,0,0,0,0,0,2,0,0,0,0,4,0,4,2,0,0,4,0,0,0,0,0,0,0,0,0,0,0,0,0,0,0,0,-3.933321995,0,0,0,0,0,0,2.7567422524565384,0,0,0,0,12.71329365079365,0,-4.619774502,0.2579327286470148,0,0,42.24589726631393,0,0,0,0,0,0,0.4140651022253893,0.6999661536758968,4387.962983916655,0.7162423159675895,0.4853583562530335,-0.046224605,4,2,8,12,2,0,0,0,0.6666666666666666,0,0.4166666666666667,121
O=[N+]([O-])Nn1nnnc1-c1nnnn1N[N+](=O)[O-],140.59584,2,16,0,0,0,0,2,12,2,16,2,5,0,2,0,2,0,0,0.3653215268583513,-0.339349863,-0.935588309,197.54,0,0,0,0,0,0,0,0,0,0,2,0,0,0,0,0,0,2,0,0,0,0,6,0,2,2,0,0,2,0,0,0,0,0,0,0,0,0,0,0,0,0,0,0,0,-0.599907407,0,0,0,0,0,0,3.2368433484504915,0,0,0,0,19.516768707483,0,-1.871176619,1.0631330309901736,0,0,20.49383613630637,0,0,0,0,0,0,0.1884672066395722,0.839185935477966,2788.427662920584,0.3720817228656768,0.6508651082063243,-0.061987153,2,2,4,12,2,0,0,0,0.4444444444444444,0,0.5555555555555556,107
O=[N+]([O-])OC[C@@]1(O[N+](=O)[O-])CO[C@@](CO[N+](=O)[O-])(O[N+](=O)[O-])CO1,139.51457,0,18,0,1,1,0,0,14,0,18,1,10,0,0,0,0,0,0,0.2970750427256108,-0.341490049,-2.449756944,227.94,0,0,4,0,0,0,0,0,0,0,0,0,2,0,0,0,0,0,0,0,0,0,0,0,4,0,0,0,4,6,0,0,0,0,0,0,0,-4.356444791,0,0,0,0,0,0,0,0,0,-4.899513889,0,0,0,0,0,0,0,0,0,0,0,-5.358756597,0,0,0,41.22657941960837,25.66155643738977,0,0,0,0,0,0.3000670643111665,0.8575526472723847,4410.804709656215,0.8834730348144828,0.1554933582122706,-0.088853348,6,8,14,4,0,4,0,0,0.6666666666666666,0,0,45
O=[N+]([O-])OC[C@H]1[C@@H](CO[N+](=O)[O-])[C@@H](CO[N+](=O)[O-])[C@H]1CO[N+](=O)[O-],136.70807,0,16,1,0,1,0,0,12,0,16,1,12,0,0,0,0,0,0,0.2940053691708186,-0.313590779,-1.099519637,209.48,0,0,4,0,0,0,4,0,0,0,0,0,0,0,0,0,0,0,0,0,0,0,0,0,4,0,0,0,4,4,0,0,0,0,0,0,0,-2.113308768,0,0,0,-3.127207105,0,0,0,0,0,0,0,0,0,0,0,0,0,0,0,0,0,-4.398078546,0,0,0,41.10494236583522,16.762043020912067,0,0,0,0,0,0.4750412427473386,0.688111677766455,4365.344756261282,1.0151364733561934,0.1572150477259966,-0.449185851,8,12,12,4,0,4,0,0,0.6666666666666666,0,0,194.3
O=[N+]([O-])OC[C@H]1[C@H](CO[N+](=O)[O-])[C@@H](CO[N+](=O)[O-])[C@@H]1CO[N+](=O)[O-],136.72319,0,16,1,0,1,0,0,12,0,16,1,12,0,0,0,0,0,0,0.2940053691708186,-0.313590779,-1.099519637,209.48,0,0,4,0,0,0,4,0,0,0,0,0,0,0,0,0,0,0,0,0,0,0,0,0,4,0,0,0,4,4,0,0,0,0,0,0,0,-2.113308768,0,0,0,-3.127207105,0,0,0,0,0,0,0,0,0,0,0,0,0,0,0,0,0,-4.398078546,0,0,0,41.10494236583522,16.762043020912067,0,0,0,0,0,0.7712653854709957,0.8503938070910071,4248.460538649946,1.4877206939682146,0.1572150477259966,-0.449185851,8,12,12,4,0,4,0,0,0.6666666666666666,0,0,199.7
O=[N+]([O-])OC[C@H]1[C@H](CO[N+](=O)[O-])[C@@H](CO[N+](=O)[O-])[C@H]1CO[N+](=O)[O-],136.54181,0,16,1,0,1,0,0,12,0,16,1,12,0,0,0,0,0,0,0.2940053691708186,-0.313590779,-1.099519637,209.48,0,0,4,0,0,0,4,0,0,0,0,0,0,0,0,0,0,0,0,0,0,0,0,0,4,0,0,0,4,4,0,0,0,0,0,0,0,-2.113308768,0,0,0,-3.127207105,0,0,0,0,0,0,0,0,0,0,0,0,0,0,0,0,0,-4.398078546,0,0,0,41.10494236583522,16.762043020912067,0,0,0,0,0,0.3764573501485566,0.7237856413608617,5291.58332938164,0.8150162122589033,0.1572150477259966,-0.449185851,8,12,12,4,0,4,0,0,0.6666666666666666,0,0,186.8
O=[N+]([O-])OC[C@H]1[C@H](CO[N+](=O)[O-])[C@H](CO[N+](=O)[O-])[C@H]1CO[N+](=O)[O-],136.72665,0,16,1,0,1,0,0,12,0,16,1,12,0,0,0,0,0,0,0.2940053691708186,-0.313590779,-1.099519637,209.48,0,0,4,0,0,0,4,0,0,0,0,0,0,0,0,0,0,0,0,0,0,0,0,0,4,0,0,0,4,4,0,0,0,0,0,0,0,-2.113308768,0,0,0,-3.127207105,0,0,0,0,0,0,0,0,0,0,0,0,0,0,0,0,0,-4.398078546,0,0,0,41.10494236583522,16.762043020912067,0,0,0,0,0,0.4766029631455651,0.6323690402762727,5395.707078268198,0.7855478249213017,0.1572150477259966,-0.449185851,8,12,12,4,0,4,0,0,0.6666666666666666,0,0,198.5
O=[N+]([O-])OC1(O[N+](=O)[O-])COC1,141.74934,0,9,0,1,1,0,0,7,0,9,1,4,0,0,0,0,0,0,0.3089946321340682,-0.371776585,-1.854166667,113.97,0,0,2,0,0,0,0,0,0,0,0,0,1,0,0,0,0,0,0,0,0,0,0,0,2,0,0,0,2,3,0,0,0,0,0,0,0,-0.648888889,0,0,0,0,0,0,0,0,0,-1.854166667,0,0,0,0,0,0,0,0,0,0,0,-2.321388889,0,0,0,19.62875,12.316944444444443,0,0,0,0,0,0.5869914661111375,0.6693714850927256,838.1600425077786,0.7914019232907261,0.1554933582122706,-0.088853348,3,4,7,2,0,2,0,0,0.6666666666666666,0,0,93
O=[N+]([O-])OC1COC1,140.69589,0,5,0,1,1,0,0,4,0,5,1,2,0,0,0,0,0,0,0.2944456034845192,-0.376649877,-0.798425926,61.60000000000001,0,0,2,0,0,0,1,0,0,0,0,0,0,0,0,0,0,0,0,0,0,0,0,0,1,0,0,0,1,2,0,0,0,0,0,0,0,0.696388888888889,0,0,0,-0.314814815,0,0,0,0,0,0,0,0,0,0,0,0,0,0,0,0,0,-0.798425926,0,0,0,9.530277777777778,8.689629629629628,0,0,0,0,0,0.1914444659936044,0.9191528433640088,465.5551075422374,0.5868393794348447,0.1175719708421512,-0.60465585,3,5,4,1,0,1,0,0,0.5,0,0,153
O=[N+]([O-])OCC(CO[N+](=O)[O-])(CO[N+](=O)[O-])CO[N+](=O)[O-],143.02487,0,16,0,0,0,0,0,12,0,16,0,12,0,0,0,0,0,0,0.2940186573325569,-0.313102926,-2.0275,209.48,0,0,4,0,0,0,0,0,0,0,0,0,1,0,0,0,0,0,0,0,0,0,0,0,4,0,0,0,4,4,0,0,0,0,0,0,0,-4.128888889,0,0,0,0,0,0,0,0,0,-2.0275,0,0,0,0,0,0,0,0,0,0,0,-5.225277778,0,0,0,40.47853174603175,15.674603174603176,0,0,0,0,0,0.7036294353814676,0.7791966004038895,3158.946862528988,1.2382959558059885,0.1771395131826593,-0.101222579,5,8,12,4,0,4,0,0,0.7619047619047619,0,0,160
O=[N+]([O-])OCC(CO[N+](=O)[O-])(CO[N+](=O)[O-])Nc1nnc2nncn2n1,137.56711,1,19,0,0,0,0,2,16,1,19,2,11,0,1,0,0,0,0,0.2940849018817028,-0.34034455,-1.989507275,238,0,0,3,0,0,1,0,0,0,0,1,1,1,0,0,0,0,1,0,0,0,0,5,0,3,1,0,0,3,3,0,0,0,0,0,0,0,-2.817691327,0,0,1.1442812263794406,0,0,0,0,-0.344311224,0.0053468285462336,-1.989507275,0,0,0,0,2.391111111111111,0,0,0,0,18.044441461616785,0,-3.634408856,1.0527465986394555,0,0,31.370115814921007,12.491093159486017,0,0,0,0,0,0.4848607126148963,0.8583074392428102,4836.184226158875,1.1209248830772676,0.3721404989872463,-0.382773085,7,8,9,10,0,3,0,0,0.4615384615384615,0,0.4230769230769231,154.6
O=[N+]([O-])OCC1([N+](=O)[O-])CN([N+](=O)[O-])CN([N+](=O)[O-])C1,134.83759,0,15,0,1,1,0,0,9,0,15,1,6,0,0,0,3,0,0,0.2942673354090755,-0.306124309,-2.355694444,188.27,0,0,4,0,0,0,0,0,0,0,0,0,1,0,0,0,0,0,0,0,0,0,0,2,4,0,0,0,4,1,0,0,0,0,0,0,0,-3.632842971,0,0,0,0,0,0,0,0,0,-2.355694444,0,0,0,0,0,0,0,0,0,0,0.441281179138322,-4.476532029,0,0,0,42.44482071995465,3.8841468253968254,0,0,0,0,0,0.3765821764713215,0.7676860216929693,2928.7736802729664,0.6265095360370945,0.2836381317701721,-0.270131554,5,8,9,6,2,1,0,0,0.8,0,0.3,201.3
O=[N+]([O-])OCC1([N+](=O)[O-])COCN([N+](=O)[O-])C1,134.72614,0,12,0,1,1,0,0,8,0,12,1,5,0,0,0,2,0,0,0.2942676704171909,-0.347723569,-2.015486111,151.12,0,0,4,0,0,0,0,0,0,0,0,0,1,0,0,0,0,0,0,0,0,0,0,1,3,0,0,0,3,2,0,0,0,0,0,0,0,-2.433120748,0,0,0,0,0,0,0,0,0,-2.015486111,0,0,0,0,0,0,0,0,0,0,0.4539739229024941,-2.938407029,0,0,0,31.282363236961448,8.618313492063493,0,0,0,0,0,0.3900901008124144,0.8880606657023654,1993.6890680929157,1.012169693577719,0.2220997148398303,-0.380742368,5,8,8,4,1,1,0,0,0.7058823529411765,0,0.3529411764705882,202.4
O=[N+]([O-])OCC1(CO[N+](=O)[O-])CCC1(CO[N+](=O)[O-])CO[N+](=O)[O-],142.23476,0,16,1,0,1,0,0,12,0,16,1,12,0,0,0,0,0,0,0.2940168223476656,-0.313223632,-1.514722222,209.48,0,0,6,0,0,0,0,0,0,0,0,0,2,0,0,0,0,0,0,0,0,0,0,0,4,0,0,0,4,4,0,0,0,0,0,0,0,-2.855544218,0,0,0,0,0,0,0,0,0,-3.029444444,0,0,0,0,0,0,0,0,0,0,0,-4.667830058,0,0,0,41.58814688838498,16.876524943310656,0,0,0,0,0,0.5624878715834235,0.6318631204164854,4356.747206649552,1.008496085868008,0.1572150477259967,-0.449185851,8,12,12,4,0,4,0,0,0.6666666666666666,0,0,192.8
O=[N+]([O-])OCc1nc(-c2noc(CO[N+](=O)[O-])n2)no1,139.83423,0,14,0,0,0,0,2,12,0,14,2,7,0,0,0,0,0,0,0.2945095965994033,-0.33669546,-1.022548493,182.58,0,0,2,0,0,0,0,0,0,0,4,0,0,0,0,0,0,0,0,0,0,0,4,0,2,0,0,0,2,2,2,0,0,0,0,0,0,-1.065191828,0,0,0,0,0,0,0,-0.596958249,0,0,0,0,0,0,0,0,0,0,0,14.23731355505165,0,-2.045096985,0,0,0,19.929119489247697,8.027932245824562,9.25042894935752,0,0,0,0,0.1784228202477801,0.9347792057794944,4153.948667368584,0.73036753869318,0.2915330473532965,-0.333180626,6,4,8,6,0,2,0,0,0.4,0,0.5,183.4
O=[N+]([O-])OCc1nc(-c2nonc2/N=N\c2nonc2-c2noc(CO[N+](=O)[O-])n2)no1,137.77832,0,22,0,0,0,0,4,20,0,22,4,10,0,0,0,0,0,0,0.2945095965738947,-0.336754673,-1.034976058,285.14,0,0,2,0,0,0,0,0,0,0,8,0,0,0,0,0,0,0,0,0,0,2,8,0,2,0,0,0,2,2,4,0,0,0,0,0,0,-1.175609022,0,0,0,0,0,0,0,-1.490542726,0,0,0,0,0,0,0,0,0,0,7.5096579248473185,28.837242714827624,0,-2.069952115,0,0,0,20.4257682208596,8.214836038399596,18.65616407690254,0,0,0,0,0.3144220088106848,0.8941038505533858,10086.556818764831,1.2296705980980165,0.3715038831001113,-0.424575866,10,4,10,12,0,2,0,0,0.25,0,0.625,200
O=[N+]([O-])OCc1nc(-c2nonc2[N+](=O)[O-])no1,137.33684,0,13,0,0,0,0,2,11,0,13,2,5,0,0,0,1,0,0,0.4456229167473257,-0.357639441,-1.051607773,173.35000000000002,0,0,1,0,0,0,0,0,0,0,4,0,0,0,0,0,0,0,0,0,0,0,4,0,2,0,0,0,2,1,2,0,0,0,0,0,0,-0.584248394,0,0,0,0,0,0,0,-1.585607783,0,0,0,0,0,0,0,0,0,0,0,13.175572641093474,0,-1.903406006,0,0,0,20.43924238368187,3.968884479717813,8.716986961451248,0,0,0,0,0.2787884995076626,0.894994916957458,2420.565373567831,0.7879174145988035,0.3254476842847513,-0.24796014,5,2,7,6,0,1,0,0,0.4444444444444444,0,0.5555555555555556,221
O=[N+]([O-])OCc1onc(-c2noc(CO[N+](=O)[O-])c2CO[N+](=O)[O-])c1CO[N+](=O)[O-],142.36322,0,20,0,0,0,0,2,16,0,20,2,13,0,0,0,0,0,0,0.294448391491166,-0.358247277,-1.175766636,261.54,0,0,4,0,0,0,0,0,0,0,6,0,0,0,0,0,0,0,0,0,0,0,2,0,4,0,0,0,4,4,2,0,0,0,0,0,0,-3.282445701,0,0,0,0,0,0,0,-1.891513343,0,0,0,0,0,0,0,0,0,0,0,7.071621630133535,0,-4.685200426,0,0,0,41.731917234965714,16.637545805665397,9.686157564877805,0,0,0,0,0.3231881471528638,0.9957892553826307,6865.8530510361925,1.0860160992745151,0.1925713316307581,-0.366802536,10,8,14,6,0,4,0,0,0.5333333333333333,0,0.3333333333333333,193.7
O=[N+]([O-])OCCN(c1cc(CO[N+](=O)[O-])on1)[N+](=O)[O-],143.09563,0,14,0,0,0,0,1,10,0,14,1,9,0,0,0,1,0,0,0.2944482073063299,-0.35693442,-1.099925753,177.15,0,0,3,0,0,1,0,0,0,0,2,0,0,0,0,0,0,0,0,0,0,0,1,1,3,0,0,0,3,2,1,0,0,0,0,0,0,-1.616498252,0,0,1.02625,0,0,0,0,-0.428110618,0,0,0,0,0,0,0,0,0,0,0,3.294735449735449,0.4193055555555556,-3.06055713,0,0,0,30.605633557843603,7.913580872890938,4.573360339506173,0,0,0,0,0.1454111471507345,0.9184403871566396,5019.125417656146,0.6722472114303041,0.2387872337522344,-0.354769604,6,7,9,5,1,2,0,0,0.6,0,0.25,140
O=[N+]([O-])OCCN(c1nc(N(CCO[N+](=O)[O-])[N+](=O)[O-])c([N+](=O)[O-])nc1[N+](=O)[O-])[N+](=O)[O-],140.70898,0,24,0,0,0,0,1,16,0,24,1,14,0,0,0,4,0,0,0.4169956361214103,-0.35769557,-1.594358754,309.56,0,0,4,0,0,0,0,0,0,0,4,0,0,0,0,0,0,0,0,0,0,0,2,2,6,0,0,0,6,2,0,0,0,0,0,0,0,-4.225376484,0,0,0,0,0,0,0,-5.948731261,0,0,0,0,0,0,0,0,0,0,0,6.188108780549257,-0.457330404,-8.301836775,0,0,0,65.35735368830726,7.697125434767376,0,0,0,0,0,0.3844651933101276,0.9316312538619574,6582.949390181464,1.333860718807797,0.299012404743191,-0.205037078,8,8,14,10,2,2,0,0,0.75,0,0.1875,152.9
O=[N+]([O-])OCCN(CCO[N+](=O)[O-])c1c([N+](=O)[O-])cc([N+](=O)[O-])cc1[N+](=O)[O-],139.52194,0,18,0,0,0,1,1,13,0,18,1,12,0,0,0,3,3,1,0.3060437720939147,-0.356452495,-1.190117254,237.4,0,0,4,0,0,2,0,0,0,0,4,0,0,0,0,0,0,0,0,0,0,0,0,1,5,0,0,0,5,2,0,0,0,0,0,0,0,-2.531139613,0,0,0.91279793398841,0,0,0,0,-3.795471099,0,0,0,0,0,0,0,0,0,0,0,0,0.7847146636432349,-5.731507483,0,0,0,53.97181986844324,8.083632527084909,0,0,0,0,0,0.4868467579738341,0.6997920746209836,5722.941323673126,0.9739395994596648,0.2067845010093053,-0.512037812,10,10,12,6,0,2,0,0,0.7142857142857143,1,0.2142857142857142,208.8
O=[N+]([O-])OCCn1nnc(/N=N/c2nnn(CCO[N+](=O)[O-])n2)n1,142.54149,0,18,0,0,0,0,2,16,0,18,2,10,0,0,0,0,0,0,0.307410812394646,-0.31187374,-0.9412253,216.66,0,0,4,0,0,0,0,0,0,0,2,0,0,0,0,0,0,0,0,0,0,2,6,0,2,2,0,0,2,2,0,0,0,0,0,0,0,-0.507097294,0,0,0,0,0,0,0,-0.270114862,0,0,0,0,0,0,0,0,0,0,7.178231449987402,21.679043624355813,0,-1.882450601,2.049752368181023,0,0,19.95274968738214,8.180469272899794,0,0,0,0,0,0.1130362275194742,0.9240543939853446,9844.382293650862,0.6339769482640006,0.4880769767117558,-0.464835216,6,8,6,12,0,2,0,0,0.3333333333333333,0,0.4166666666666667,97
O=[N+]([O-])OCCn1nnnc1/N=N/c1nnnn1CCO[N+](=O)[O-],129.64728,0,18,0,0,0,0,2,16,0,18,2,10,0,0,0,0,0,0,0.2940624157784691,-0.3119441,-0.951691883,216.65999999999997,0,0,4,0,0,0,0,0,0,0,2,0,0,0,0,0,0,0,0,0,0,2,6,0,2,2,0,0,2,2,0,0,0,0,0,0,0,-0.637944462,0,0,0,0,0,0,0,-0.142519474,0,0,0,0,0,0,0,0,0,0,7.397368039808516,20.88882421020137,0,-1.903383765,2.216240883635364,0,0,20.125947853407062,8.262852193971284,0,0,0,0,0,0.2293761438986037,0.8637847039023586,5911.616815055992,0.8265158742773768,0.4880769767117557,-0.464835216,6,8,6,12,0,2,0,0,0.3333333333333333,0,0.4166666666666667,179
O=[N+]([O-])OCCNc1c([N+](=O)[O-])cc([N+](=O)[O-])cc1[N+](=O)[O-],136.10507,1,14,0,0,0,1,1,10,1,14,1,8,0,1,0,3,3,1,0.305829792644608,-0.371884398,-1.110772725,193.82,0,0,2,0,0,2,0,0,0,0,4,0,0,0,0,0,0,1,0,0,0,0,0,0,4,0,0,0,4,1,0,0,0,0,0,0,0,-0.89011204,0,0,1.0906582262534643,0,0,0,0,-3.234217031,0,0,0,0,0,0,2.230678382464097,0,0,0,0,0,0,-4.21492773,0,0,0,42.3732969492128,3.937992961073318,0,0,0,0,0,0.3880698253538642,0.7670713870112785,3435.498478399423,0.7808774646175315,0.2207018318252042,-0.529684396,8,7,9,5,0,1,0,0,0.7272727272727273,1,0.2727272727272727,204.7
O=[N+]([O-])OCCNc1nc(NCCO[N+](=O)[O-])c([N+](=O)[O-])nc1[N+](=O)[O-],138.8682,2,18,0,0,0,0,1,14,2,18,1,12,0,2,0,2,0,0,0.4107588438502196,-0.360942986,-1.083421169,240.86,0,0,4,0,0,0,0,0,0,0,4,0,0,0,0,0,0,2,0,0,0,0,2,0,4,0,0,0,4,2,0,0,0,0,0,0,0,-1.554674324,0,0,0,0,0,0,0,-3.036783037,0,0,0,0,0,0,4.636694696397077,0,0,0,0,6.89394211388259,0,-4.257477241,0,0,0,41.997056086177935,7.990852286619228,0,0,0,0,0,0.4359418945955985,0.6230238572398978,7176.070576120951,0.5520739165932511,0.2961286467449645,-0.465345016,8,10,10,8,0,2,0,0,0.6153846153846154,0,0.2307692307692307,205.1
O=[N+]([O-])OCN1c2nonc2N(CO[N+](=O)[O-])c2nonc21,132.36136,0,16,0,1,1,0,2,14,0,16,3,6,0,0,0,0,0,0,0.2958129625370005,-0.292003654,-1.025206278,189.06,0,0,2,0,0,0,0,0,0,0,4,0,0,0,0,0,0,0,0,0,0,0,4,2,2,0,0,0,2,2,2,0,0,0,0,0,0,-1.195714443,0,0,0,0,0,0,0,-0.177785336,0,0,0,0,0,0,0,0,0,0,0,14.130608465608466,2.17287037037037,-2.050412556,0,0,0,20.63322222951011,8.477003023431596,9.04365268329554,0,0,0,0,0.2608718799189252,0.8370094969314933,3655.7648691072927,0.7428549479183638,0.3542666995628601,-0.303657171,6,4,8,8,0,2,0,0,0.3636363636363636,0,0.7272727272727273,196
O=[N+]([O-])OCn1nc([N+](=O)[O-])c2c1c([N+](=O)[O-])nn2CO[N+](=O)[O-],130.39963,0,18,0,0,0,0,2,14,0,18,2,8,0,0,0,2,0,0,0.4180597977490691,-0.357685625,-1.244592143,226.66,0,0,2,0,0,0,0,0,0,0,2,2,0,0,0,0,0,0,0,0,0,0,2,0,4,2,0,0,4,2,0,0,0,0,0,0,0,-2.000066295,0,0,0,0,0,0,0,-1.963896447,-1.193522298,0,0,0,0,0,0,0,0,0,0,6.698131141345427,0,-4.602162367,0.924722222222222,0,0,42.42949868453656,7.944463340891913,0,0,0,0,0,0.2400595141401477,0.8444676107752133,4594.5525081443175,0.6591469039731204,0.3217059607518728,-0.183831978,6,4,10,8,0,2,0,0,0.6666666666666666,0,0.4166666666666667,206
O=[N+]([O-])OCn1nc([N+](=O)[O-])nc1-c1nc([N+](=O)[O-])nn1CO[N+](=O)[O-],128.22685,0,20,0,0,0,0,2,16,0,20,2,9,0,0,0,2,0,0,0.4913704303140266,-0.389691184,-1.235795847,252.44,0,0,2,0,0,0,0,0,0,0,4,0,0,0,0,0,0,0,0,0,0,0,4,0,4,2,0,0,4,2,0,0,0,0,0,0,0,-1.972372606,0,0,0,0,0,0,0,-3.323252604,0,0,0,0,0,0,0,0,0,0,0,13.394104623330811,0,-4.593016329,0.96692932728647,0,0,42.09241151942361,8.009451215671454,0,0,0,0,0,0.516592971924488,0.703031907700139,4463.6344530682745,0.8648262538984519,0.3721840290516219,-0.17014127,6,4,10,10,0,2,0,0,0.6153846153846154,0,0.3846153846153846,176
O=[N+]([O-])OCn1nnc([N+](=O)[O-])n1,141.73581,0,11,0,0,0,0,1,9,0,11,1,4,0,0,0,1,0,0,0.5143163089978373,-0.389644371,-1.074212963,139.11,0,0,1,0,0,0,0,0,0,0,1,0,0,0,0,0,0,0,0,0,0,0,3,0,2,1,0,0,2,1,0,0,0,0,0,0,0,-0.631111111,0,0,0,0,0,0,0,-0.743566704,0,0,0,0,0,0,0,0,0,0,0,9.235299508692366,0,-1.953518519,0.5842592592592593,0,0,19.67838624338624,3.818531746031746,0,0,0,0,0,0.2377505515795628,0.9452999359559264,1267.5090225820095,0.6938983286240146,0.4419308167828488,0,2,2,5,6,0,1,0,0,0.6153846153846154,0,0.3846153846153846,170.81
O=[N+]([O-])OCn1nnc(-c2nnn(CO[N+](=O)[O-])n2)n1,141.15779,0,16,0,0,0,0,2,14,0,16,2,7,0,0,0,0,0,0,0.2959351916682852,-0.288453355,-1.021324213,191.94,0,0,2,0,0,0,0,0,0,0,2,0,0,0,0,0,0,0,0,0,0,0,6,0,2,2,0,0,2,2,0,0,0,0,0,0,0,-1.113944662,0,0,0,0,0,0,0,-0.186479592,0,0,0,0,0,0,0,0,0,0,0,21.219548847316705,0,-2.042648425,1.5681627928949355,0,0,19.933563933692135,8.021566505083822,0,0,0,0,0,0.1871644191442236,0.9357190905985636,3964.031196079654,0.7522009828889601,0.485874921912959,-0.22211425,4,4,6,10,0,2,0,0,0.4,0,0.5,150
O=[N+]=Nc1cc(N=[N+]=O)nc(N=[N+]=O)n1,155.2264,0,11,0,0,0,0,1,8,0,11,1,3,0,0,0,0,0,0,0.3965950576762637,-0.178010505,-0.405277778,156.37,0,0,0,0,0,1,0,0,0,0,3,0,0,0,0,0,0,0,0,0,0,3,2,0,0,0,0,0,3,0,0,0,0,0,0,0,0,0,0,0,1.0482369614512472,0,0,0,0,-0.840833333,0,0,0,0,0,0,0,0,0,0,8.939092970521543,6.9189569160997735,0,0,0,0,0,29.392324263038542,0,0,0,0,0,0,0.3110785573251634,0.6889214426750063,1984.6268205250908,7.487704293663787e-07,0.5356160780469141,-0.420841204,4,1,3,8,0,0,0,0,0,0,0.4,169
O=C(/C=C/C(=O)OCC(F)([N+](=O)[O-])[N+](=O)[O-])OCC(F)([N+](=O)[O-])[N+](=O)[O-],138.15594,0,16,0,0,0,0,0,12,0,18,0,10,0,0,0,4,0,0,0.6483020851991679,-0.44262856,-4.351924417,225.16,0,0,2,0,2,0,0,0,0,2,0,0,2,0,0,0,0,0,0,0,0,0,0,0,4,0,0,0,6,2,0,2,0,0,0,0,0,-3.941548936,0,0.1684051398337116,0,0,0,0,-3.439371798,0,0,-8.703848834,0,0,0,0,0,0,0,0,0,0,0,-7.967067047,0,0,0,62.83731023937793,7.639352560468632,0,26.478357954359872,0,0,0,0.0830376895534759,0.9685681594798724,9448.13222699944,0.7598307094549499,0.1442748642270474,-0.288549728,8,6,12,4,0,0,0,2,0.5384615384615384,0,0,190.7
O=C(C[C@H](C(=O)O)N(CC([N+](=O)[O-])([N+](=O)[O-])[N+](=O)[O-])[N+](=O)[O-])OCC([N+](=O)[O-])([N+](=O)[O-])[N+](=O)[O-],135.08444,1,26,0,0,0,0,0,17,1,26,0,15,0,0,0,7,0,0,0.7336360323867697,-0.479539181,-4.60845293,368.82,0,0,3,0,0,0,1,0,0,2,0,0,2,0,0,0,0,0,0,0,0,0,0,1,7,0,0,1,9,1,0,0,0,0,0,0,0,-6.671722175,0,0,0,-3.029682067,0,0,-4.62058327,0,0,-8.988239045,0,0,0,0,0,0,0,0,0,0,-0.986360544,-14.83200503,0,0,9.058731221655332,99.20830270371464,3.896336687452759,0,0,0,0,0,0.2114471979998918,0.9375399510745192,9150.31750402532,0.9812233768985776,0.2221384795414426,-0.063468137,8,8,18,8,1,0,2,0,0.7058823529411765,0,0,159
O=C(c1nc([N+](=O)[O-])nn1C([N+](=O)[O-])([N+](=O)[O-])[N+](=O)[O-])c1nc([N+](=O)[O-])nn1C([N+](=O)[O-])([N+](=O)[O-])[N+](=O)[O-],94.54246,0,31,0,0,0,0,2,23,0,31,2,12,0,0,0,8,0,0,0.8348107716977669,-0.38969113,-5.060081885,423.6099999999999,0,0,0,0,0,0,0,0,0,1,4,0,2,0,0,0,0,0,0,0,0,0,4,0,8,2,0,0,9,0,0,0,0,0,0,0,0,0,0,0,0,0,0,0,-2.628657407,-8.634770618,0,-10.12016377,0,0,0,0,0,0,0,0,0,10.279408856135046,0,-17.69330971,-2.491111111,0,0,103.04161669606113,0,0,0,0,0,0,0.4400325399206755,0.7425122850441473,8177.954814502365,0.8848984473516817,0.3549708597901324,0.0869316391322773,7,0,17,14,0,0,2,0,0.7368421052631579,0,0.2631578947368421,164
O=C(c1nc(C([N+](=O)[O-])([N+](=O)[O-])[N+](=O)[O-])n[nH]1)c1nc(C([N+](=O)[O-])([N+](=O)[O-])[N+](=O)[O-])n[nH]1,116.13352,2,25,0,0,0,0,2,17,2,25,2,10,0,2,0,6,0,0,0.764520191020096,-0.281474673,-4.333721142,359.05,0,0,0,0,0,0,0,0,0,1,4,0,2,0,0,0,0,0,2,0,0,0,4,0,6,0,0,0,7,0,0,0,0,0,0,0,0,0,0,0,0,0,0,0,-1.643159486,-5.884547509,0,-8.667442284,0,0,0,0,0,3.153589852607709,0,0,0,11.67910265495087,0,-11.85365851,0,0,0,78.15441157087263,0,0,0,0,0,0,0.1255817554821107,0.9877047602662112,10334.819170092822,0.8110465366142977,0.3635073264036141,-0.069239491,7,2,13,12,0,0,2,0,0.625,0,0.3125,150
O=C(c1nnc(C([N+](=O)[O-])([N+](=O)[O-])[N+](=O)[O-])o1)c1nnc(C([N+](=O)[O-])([N+](=O)[O-])[N+](=O)[O-])o1,136.24686,0,25,0,0,0,0,2,19,0,25,2,10,0,0,0,6,0,0,0.7806654744380691,-0.399087682,-4.440934861,353.7499999999999,0,0,0,0,0,0,0,0,0,1,4,0,2,0,0,0,0,0,0,0,0,0,4,0,6,0,0,0,7,0,2,0,0,0,0,0,0,0,0,0,0,0,0,0,-1.865381708,-6.926214175,0,-8.881869721,0,0,0,0,0,0,0,0,0,10.871371173469388,0,-12.25490851,0,0,0,77.7520041634652,0,8.520702475434618,0,0,0,0,0.121761684643605,0.9875678484469046,10409.044595493377,0.712226117857455,0.3016383270276557,0.0344729516603035,7,0,15,10,0,0,2,0,0.625,0,0.3125,108
O=C(CC(=O)OCC(F)([N+](=O)[O-])[N+](=O)[O-])OCC(F)([N+](=O)[O-])[N+](=O)[O-],146.27391,0,16,0,0,0,0,0,12,0,18,0,10,0,0,0,4,0,0,0.6482887546732905,-0.445352315,-4.397925497,225.16,0,0,3,0,0,0,0,0,0,2,0,0,2,0,0,0,0,0,0,0,0,0,0,0,4,0,0,0,6,2,0,2,0,0,0,0,0,-5.608202239,0,0,0,0,0,0,-3.634464286,0,0,-8.795850994,0,0,0,0,0,0,0,0,0,0,0,-8.094361532,0,0,0,62.78071599055906,7.53539383345931,0,26.45171933595905,0,0,0,0.1570111148530178,0.9726779702829716,6505.919413269987,0.8846331313206612,0.1488819233417611,-0.212688462,7,6,12,4,0,0,0,2,0.56,0,0,192.5
O=C(CCC([N+](=O)[O-])([N+](=O)[O-])[N+](=O)[O-])NC(=O)OCC([N+](=O)[O-])([N+](=O)[O-])[N+](=O)[O-],135.00983,1,22,0,0,0,0,0,15,1,22,0,11,0,1,0,6,0,0,0.7336924014740157,-0.423921559,-4.209928271,314.23999999999995,0,0,3,0,0,0,0,0,0,2,0,0,2,0,0,0,0,1,0,0,0,0,0,0,6,0,0,0,8,1,0,0,0,0,0,0,0,-5.132559996,0,0,0,0,0,0,-3.710492252,0,0,-8.238450646,0,0,0,0,1.1229591836734694,0,0,0,0,0,0,-11.70860497,0,0,0,86.42236603043422,3.838916052532124,0,0,0,0,0,0.2172382304463458,0.9558926985604792,6763.49266477281,0.9299623475905996,0.2283493372043982,-0.093203811,7,7,15,7,0,0,2,0,0.6896551724137931,0,0,183
O=C(CCC([N+](=O)[O-])([N+](=O)[O-])[N+](=O)[O-])NCC([N+](=O)[O-])([N+](=O)[O-])[N+](=O)[O-],142.7806,1,20,0,0,0,0,0,13,1,20,0,11,0,1,0,6,0,0,0.7168214174065713,-0.335223203,-4.081290509,287.94,0,0,3,0,0,0,0,0,0,1,0,0,2,0,0,0,0,1,0,0,0,0,0,0,6,0,0,0,7,0,0,0,0,0,0,0,0,-4.803953137,0,0,0,0,0,0,-1.601990741,0,0,-8.091469907,0,0,0,0,1.325229591836735,0,0,0,0,0,0,-11.46346301,0,0,0,75.11379582388511,0,0,0,0,0,0,0.2338164356291176,0.974758935433484,5109.344207291503,0.9257191751798052,0.2544410345884026,-0.103853484,6,7,13,7,0,0,2,0,0.7692307692307693,0,0,155
O=C(CCC([N+](=O)[O-])([N+](=O)[O-])[N+](=O)[O-])OCC([N+](=O)[O-])([N+](=O)[O-])[N+](=O)[O-],154.53893,0,20,0,0,0,0,0,14,0,20,0,11,0,0,0,6,0,0,0.7336360213317266,-0.440720068,-4.19240162,285.14,0,0,3,0,0,0,0,0,0,1,0,0,2,0,0,0,0,0,0,0,0,0,0,0,6,0,0,0,7,1,0,0,0,0,0,0,0,-5.227564248,0,0,0,0,0,0,-1.851990741,0,0,-8.242581019,0,0,0,0,0,0,0,0,0,0,0,-11.73429634,0,0,0,74.82146022297808,3.894345238095238,0,0,0,0,0,0.1869157844005237,0.9716392613810676,5929.112162942308,0.9430508488513352,0.2175365539102195,-0.041435534,6,6,14,6,0,0,2,0,0.7692307692307693,0,0,155
O=C(CCN(CC([N+](=O)[O-])([N+](=O)[O-])[N+](=O)[O-])[N+](=O)[O-])OCC([N+](=O)[O-])([N+](=O)[O-])[N+](=O)[O-],136.51204,0,24,0,0,0,0,0,16,0,24,0,14,0,0,0,7,0,0,0.7336360293488364,-0.440679776,-4.310536264,331.52,0,0,4,0,0,0,0,0,0,1,0,0,2,0,0,0,0,0,0,0,0,0,0,1,7,0,0,0,8,1,0,0,0,0,0,0,0,-6.831586121,0,0,0,0,0,0,-1.781773904,0,0,-8.522386106,0,0,0,0,0,0,0,0,0,0,-0.502564248,-13.70061,0,0,0,86.76861114885197,3.979253354119425,0,0,0,0,0,0.191676594074486,0.978134657153809,7939.797133390663,1.0019891076506218,0.243382495148648,-0.069537856,7,8,16,8,1,0,2,0,0.7741935483870968,0,0,164
O=C(Cl)CN(CC([N+](=O)[O-])([N+](=O)[O-])[N+](=O)[O-])[N+](=O)[O-],137.12123,0,14,0,0,0,0,0,9,0,15,0,8,0,0,0,4,0,0,0.7228671755043135,-0.279021941,-4.070030864,192.87,0,0,2,0,0,0,0,0,0,1,0,0,1,0,0,0,0,0,0,0,0,0,0,1,4,0,0,0,5,0,0,0,1,0,0,0,0,-3.14158179,0,0,0,0,0,0,-1.374403817,0,0,-4.070030864,0,0,0,0,0,0,0,0,0,0,-0.385185185,-7.140721372,0,0,0,52.40694318468128,0,0,0,4.789591206853111,0,0,0.344167107612933,0.9315717527759498,2435.4124344213105,0.8761338478554552,0.232130125516075,-0.053058314,4,4,9,5,1,0,1,0,0.7368421052631579,0,0,174
O=C(CN(CC([N+](=O)[O-])([N+](=O)[O-])[N+](=O)[O-])[N+](=O)[O-])OCC([N+](=O)[O-])([N+](=O)[O-])[N+](=O)[O-],136.51205,0,24,0,0,0,0,0,16,0,24,0,13,0,0,0,7,0,0,0.7336370752160203,-0.439256142,-4.430935374,331.52,0,0,3,0,0,0,0,0,0,1,0,0,2,0,0,0,0,0,0,0,0,0,0,1,7,0,0,0,8,1,0,0,0,0,0,0,0,-6.393171769,0,0,0,0,0,0,-2.105954743,0,0,-8.749017149,0,0,0,0,0,0,0,0,0,0,-0.774907407,-14.31266377,0,0,0,86.58802111150933,3.8484339569161,0,0,0,0,0,0.3378355118237367,0.9178485826476124,5307.848543360616,1.04598747678388,0.2510343961950357,0.0358620565992908,6,6,16,8,1,0,2,0,0.8,0,0,183
O=C(CO[N+](=O)[O-])CO[N+](=O)[O-],143.77966,0,9,0,0,0,0,0,7,0,9,0,6,0,0,0,0,0,0,0.2944380674249852,-0.30591198,-1.176527778,121.81,0,0,2,0,0,0,0,0,0,1,0,0,0,0,0,0,0,0,0,0,0,0,0,0,2,0,0,0,3,2,0,0,0,0,0,0,0,-1.692777778,0,0,0,0,0,0,-0.885740741,0,0,0,0,0,0,0,0,0,0,0,0,0,0,-2.353055556,0,0,0,29.3896626984127,7.2119708994708995,0,0,0,0,0,0.0994787568595191,0.9775384095793078,1799.74986802475,0.6209258890474513,0.1554933582122706,-0.088853348,3,4,7,2,0,2,0,0,0.6666666666666666,0,0,115
O=C(N/N=C/c1c([N+](=O)[O-])cc([N+](=O)[O-])cc1[N+](=O)[O-])N/N=C/c1c([N+](=O)[O-])cc([N+](=O)[O-])cc1[N+](=O)[O-],259.18698,2,23,0,0,0,2,2,15,2,23,2,10,0,2,0,6,6,2,0.3550467528638445,-0.258302309,-1.363948518,324.68999999999994,0,0,0,0,2,4,0,0,0,1,8,0,0,0,0,0,0,2,0,0,0,2,0,0,6,0,0,0,7,0,0,0,0,0,0,0,0,0,0,0.8517837224021318,1.6774869078332284,0,0,0,-1.363948518,-7.94094563,0,0,0,0,0,0,3.310806258402759,0,0,0,6.438588008512251,0,0,-6.897435181,0,0,0,78.3726777271344,0,0,0,0,0,0,0.1187148794414049,0.9921922004386268,18161.748368320143,0.913129164565028,0.2610547357193733,-0.626531366,15,8,13,10,0,0,0,0,0.631578947368421,2,0.3157894736842105,203
O=C(N/N=C/c1c([N+](=O)[O-])cc([N+](=O)[O-])cc1[N+](=O)[O-])n1ncc2c([N+](=O)[O-])cc([N+](=O)[O-])cc21,246.8486,1,20,0,0,0,2,3,14,1,20,3,7,0,1,0,5,5,3,0.3625044151758075,-0.258304852,-1.251607668,274.98,0,0,0,0,1,5,0,0,0,1,6,2,0,0,0,0,0,1,0,0,0,1,1,0,5,1,0,0,6,0,0,0,0,0,0,0,0,0,0,0.4806377551020404,3.2770839425540976,0,0,0,-1.251607668,-5.272295668,-0.590489654,0,0,0,0,0,1.8049364606953893,0,0,0,3.34815554925674,3.599231645979481,0,-5.216516116,0.4636254231311951,0,0,68.14469573736606,0,0,0,0,0,0,0.1726204015800384,0.8732128953398979,12325.894427680529,0.6167390999487088,0.2575249400641359,-0.735785543,15,7,11,9,0,0,0,0,0.5714285714285714,2,0.4857142857142857,244
O=C(N[N+](=O)[O-])OCCN(CCOC(=O)N[N+](=O)[O-])[N+](=O)[O-],185.36414,2,16,0,0,0,0,0,10,2,16,0,9,0,2,0,3,0,0,0.4651801854619996,-0.443776978,-1.407491924,209.32,0,0,4,0,0,0,0,0,0,2,0,0,0,0,0,0,0,2,0,0,0,0,0,1,3,0,0,0,5,2,0,0,0,0,0,0,0,-2.027585349,0,0,0,0,0,0,-2.814983848,0,0,0,0,0,0,0,2.306477424075659,0,0,0,0,0,0.471111111111111,-3.241784859,0,0,0,51.75976998241026,8.532638570043872,0,0,0,0,0,0.1679075366324642,0.9512151481185596,6350.501431336117,0.8957986509120105,0.2575280981549953,-0.343370798,6,10,10,6,3,0,0,0,0.5454545454545454,0,0,153
O=C(NC(=O)OCC([N+](=O)[O-])([N+](=O)[O-])[N+](=O)[O-])NC(=O)OCC([N+](=O)[O-])([N+](=O)[O-])[N+](=O)[O-],136.66205,2,25,0,0,0,0,0,17,2,25,0,10,0,2,0,6,0,0,0.7336924100499541,-0.423882755,-4.246349078,352.56999999999994,0,0,2,0,0,0,0,0,0,3,0,0,2,0,0,0,0,2,0,0,0,0,0,0,6,0,0,0,9,2,0,0,0,0,0,0,0,-4.276619258,0,0,0,0,0,0,-6.232674871,0,0,-8.492698155,0,0,0,0,1.968354591836734,0,0,0,0,0,0,-12.14327461,0,0,0,97.43906966004393,7.592720604311513,0,0,0,0,0,0.1350095503863115,0.9561079735482252,12975.696731185371,0.7692670692305641,0.2362051948271062,0,7,6,17,8,0,0,2,0,0.625,0,0,169
O=C(NC(=O)OCC([N+](=O)[O-])([N+](=O)[O-])[N+](=O)[O-])OCC([N+](=O)[O-])([N+](=O)[O-])[N+](=O)[O-],133.47467,1,23,0,0,0,0,0,16,1,23,0,10,0,1,0,6,0,0,0.7336924176490216,-0.423848292,-4.250744597,323.47,0,0,2,0,0,0,0,0,0,2,0,0,2,0,0,0,0,1,0,0,0,0,0,0,6,0,0,0,8,2,0,0,0,0,0,0,0,-4.302094907,0,0,0,0,0,0,-4.335492252,0,0,-8.501489194,0,0,0,0,0.900736961451247,0,0,0,0,0,0,-12.17735497,0,0,0,85.80606973413792,7.517832105064247,0,0,0,0,0,0.1246801776508705,0.9836596280777034,9188.660617288951,0.8888574049776595,0.2273048831119429,0.0556665019865982,6,5,16,7,0,0,2,0,0.6896551724137931,0,0,183
O=C(NC(=O)OCC(F)([N+](=O)[O-])[N+](=O)[O-])NC(=O)OCC(F)([N+](=O)[O-])[N+](=O)[O-],161.53607,2,19,0,0,0,0,0,13,2,21,0,8,0,2,0,4,0,0,0.6483674422565144,-0.429315489,-4.442190629,266.29,0,0,2,0,0,0,0,0,0,3,0,0,2,0,0,0,0,2,0,0,0,0,0,0,4,0,0,0,7,2,0,2,0,0,0,0,0,-4.181348367,0,0,0,0,0,0,-5.966461719,0,0,-8.884381258,0,0,0,0,2.037090419501133,0,0,0,0,0,0,-8.200113273,0,0,0,73.96074666888623,7.398423083650356,0,26.52841206845154,0,0,0,0.1327777244356649,0.9516634121800064,10973.992528286635,0.7542528464911381,0.1999285969296679,-0.15232655,7,6,13,6,0,0,0,2,0.5,0,0,211
O=C(Nc1nonc1[N+](=O)[O-])N[N+](=O)[O-],144.99658,2,12,0,0,0,0,1,8,2,12,1,3,0,2,0,2,0,0,0.4587313604051806,-0.357600085,-1.306666667,166.33000000000004,0,0,0,0,0,0,0,0,0,1,2,0,0,0,0,0,0,2,0,0,0,0,2,0,2,0,0,0,3,0,1,0,0,0,0,0,0,0,0,0,0,0,0,0,-1.306666667,-1.478844482,0,0,0,0,0,0,2.8897524565381705,0,0,0,0,5.812744708994709,0,-2.118103741,0,0,0,30.72102820294784,0,3.958783541194256,0,0,0,0,0.1707145354604075,0.8353886517914423,2198.2328722300413,0.147143047150177,0.3851709195955705,-0.073365889,3,2,6,6,1,0,0,0,0.5333333333333333,0,0.3333333333333333,122
O=C(Nc1nonc1NC(=O)N[N+](=O)[O-])N[N+](=O)[O-],154.5123,4,15,0,0,0,0,1,9,4,15,1,4,0,4,0,2,0,0,0.3779802756084419,-0.28192515,-1.293116287,207.46,0,0,0,0,0,0,0,0,0,2,2,0,0,0,0,0,0,4,0,0,0,0,2,0,2,0,0,0,4,0,1,0,0,0,0,0,0,0,0,0,0,0,0,0,-2.586232573,-0.976207483,0,0,0,0,0,0,6.05813318846057,0,0,0,0,6.205304232804233,0,-2.286920335,0,0,0,41.736682746432926,0,4.132659674981103,0,0,0,0,0.1348519920953959,0.8651480080722032,4731.589795917861,2.992972203541525e-05,0.4056133997283839,-0.173834314,4,4,7,8,2,0,0,0,0.4210526315789473,0,0.2631578947368421,140
O=C(NCC([N+](=O)[O-])([N+](=O)[O-])[N+](=O)[O-])NC(=O)N[N+](=O)[O-],138.33575,3,17,0,0,0,0,0,10,3,17,0,6,0,3,0,4,0,0,0.7168783390582741,-0.31647447,-3.961389164,242.79,0,0,1,0,0,0,0,0,0,2,0,0,1,0,0,0,0,3,0,0,0,0,0,0,4,0,0,0,6,0,0,0,0,0,0,0,0,-1.710736489,0,0,0,0,0,0,-3.33732946,0,0,-3.961389164,0,0,0,0,3.453142715419501,0,0,0,0,0,0,-6.919555579,0,0,0,62.84941995779793,0,0,0,0,0,0,0.2881785886328616,0.9001262141314907,3304.479176113673,0.8241702930291432,0.3149879629599869,-0.025713303,4,5,10,7,1,0,1,0,0.6666666666666666,0,0,114
O=C(NCC([N+](=O)[O-])([N+](=O)[O-])[N+](=O)[O-])NCC([N+](=O)[O-])([N+](=O)[O-])[N+](=O)[O-],156.07848,2,21,0,0,0,0,0,13,2,21,0,10,0,2,0,6,0,0,0.7168781512572387,-0.316882051,-4.121290509,299.97,0,0,2,0,0,0,0,0,0,1,0,0,2,0,0,0,0,2,0,0,0,0,0,0,6,0,0,0,7,0,0,0,0,0,0,0,0,-3.761455971,0,0,0,0,0,0,-1.851990741,0,0,-8.242581019,0,0,0,0,2.428236961451248,0,0,0,0,0,0,-11.73429634,0,0,0,74.82146022297806,0,0,0,0,0,0,0.1866913819033133,0.9849496104931068,5797.456950020447,0.9289136358472444,0.2900457339969856,0,5,6,13,8,0,0,2,0,0.7692307692307693,0,0,142
O=C(NCC([N+](=O)[O-])([N+](=O)[O-])[N+](=O)[O-])OCC(COC(=O)NCC([N+](=O)[O-])([N+](=O)[O-])[N+](=O)[O-])([N+](=O)[O-])[N+](=O)[O-],135.09444,2,30,0,0,0,0,0,20,2,30,0,16,0,2,0,8,0,0,0.7169289110702002,-0.433477665,-4.267847421,421.7799999999999,0,0,4,0,0,0,0,0,0,2,0,0,3,0,0,0,0,2,0,0,0,0,0,0,8,0,0,0,10,2,0,0,0,0,0,0,0,-8.158940827,0,0,0,0,0,0,-4.314473884,0,0,-12.38938697,0,0,0,0,2.217221547946448,0,0,0,0,0,0,-15.92684228,0,0,0,110.43696340343266,8.049727407032602,0,0,0,0,0,0.0859029149771017,0.9864397585298312,20261.98903587072,0.9230297625445136,0.2421186069878886,-0.083012094,9,10,20,10,0,0,2,1,0.6923076923076923,0,0,169
O=C(NCN(CC([N+](=O)[O-])([N+](=O)[O-])[N+](=O)[O-])[N+](=O)[O-])OCC([N+](=O)[O-])([N+](=O)[O-])[N+](=O)[O-],133.1935,1,25,0,0,0,0,0,16,1,25,0,13,0,1,0,7,0,0,0.7336921578383258,-0.424190676,-4.350536264,343.54999999999995,0,0,3,0,0,0,0,0,0,1,0,0,2,0,0,0,0,1,0,0,0,0,0,1,7,0,0,0,8,1,0,0,0,0,0,0,0,-5.894508456,0,0,0,0,0,0,-2.031773904,0,0,-8.602386106,0,0,0,0,1.2803202947845804,0,0,0,0,0,-0.613675359,-13.92977667,0,0,0,86.49505105814899,3.8681422430083146,0,0,0,0,0,0.2698450911725771,0.932250057999754,6484.157474745041,1.0378828979480248,0.2732187115786186,0.0173472197827694,6,7,16,9,1,0,2,0,0.7741935483870968,0,0,170
O=C(Nn1cnnc1N[N+](=O)[O-])c1nnc(N[N+](=O)[O-])[nH]1,140.70755,4,16,0,0,0,0,2,10,4,16,2,6,0,4,0,2,0,0,0.3074977028599536,-0.298631785,-0.902554196,211.72,0,0,0,0,0,1,0,0,0,1,3,0,0,0,0,0,0,3,1,0,0,0,4,0,2,1,0,0,3,0,0,0,0,0,0,0,0,0,0,0,0.9824246504157216,0,0,0,-0.884170446,-1.102634742,0,0,0,0,0,0,5.479931405375128,2.221478410808768,0,0,0,13.33642812829907,0,-1.804248682,0.8137465356512978,0,0,32.178178927103446,0,0,0,0,0,0,0.1485531541352936,0.8804572318961916,5333.368737122473,0.4640957599271699,0.514762657646064,-0.401113759,5,5,5,11,2,0,0,0,0.3809523809523809,0,0.4761904761904761,205.3
O=C(O)C[C@@H](C(=O)O)N(CC([N+](=O)[O-])([N+](=O)[O-])[N+](=O)[O-])[N+](=O)[O-],164.02185,2,17,0,0,0,0,0,10,2,17,0,10,0,0,0,4,0,0,0.7228846380113507,-0.481158567,-4.347943122,250.4,0,0,2,0,0,0,1,0,0,2,0,0,1,0,0,0,0,0,0,0,0,0,0,1,4,0,0,2,6,0,0,0,0,0,0,0,0,-3.697636054,0,0,0,-2.609513889,0,0,-4.063700869,0,0,-4.347943122,0,0,0,0,0,0,0,0,0,0,-0.745185185,-7.858621504,0,0,17.210187074829932,64.190291005291,0,0,0,0,0,0,0.4934123302683321,0.8637797894933488,2531.052427866903,1.0496049643768393,0.205191340925413,-0.164153073,6,7,12,5,1,0,1,0,0.6086956521739131,0,0,160
O=C(O)c1cn(-c2nn[nH]n2)nc1[N+](=O)[O-],266.34363,2,11,0,0,0,0,2,8,2,11,2,3,0,1,0,1,0,0,0.4047304353503872,-0.477368125,-1.456995465,152.72,0,0,0,0,0,1,0,0,0,1,3,0,0,0,0,0,0,0,1,0,0,0,4,0,1,1,0,1,2,0,0,0,0,0,0,0,0,0,0,0,0.9358333333333332,0,0,0,-1.456995465,-1.414166667,0,0,0,0,0,0,0,2.1261692176870746,0,0,0,13.61331396447468,0,-0.902741875,0.8522685185185184,0,8.70336333144369,21.198359315948604,0,0,0,0,0,0,0.2391398353770813,0.7710551370447629,2089.9649090540984,0.0932680124394291,0.4353156482649561,-0.533039569,5,3,4,7,0,0,0,0,0.25,0,0.625,312
O=C(O)CCC([N+](=O)[O-])([N+](=O)[O-])[N+](=O)[O-],141.28978,1,11,0,0,0,0,0,7,1,11,0,6,0,0,0,3,0,0,0.6998790297006884,-0.481218913,-3.682152778,166.72000000000003,0,0,2,0,0,0,0,0,0,1,0,0,1,0,0,0,0,0,0,0,0,0,0,0,3,0,0,1,4,0,0,0,0,0,0,0,0,-2.348935185,0,0,0,0,0,0,-1.592662037,0,0,-3.682152778,0,0,0,0,0,0,0,0,0,0,0,-5.137083333,0,0,8.15435657596372,40.78455782312925,0,0,0,0,0,0,0.5146941784165776,0.908062109140446,1068.1511276947635,0.8314884088736567,0.1882589187662765,-0.179294208,4,5,8,3,0,0,1,0,0.6666666666666666,0,0,176
O=C(O)CCN(CC([N+](=O)[O-])([N+](=O)[O-])[N+](=O)[O-])[N+](=O)[O-],142.99971,1,15,0,0,0,0,0,9,1,15,0,9,0,0,0,4,0,0,0.7228472522035098,-0.481178753,-4.050026455,213.1,0,0,3,0,0,0,0,0,0,1,0,0,1,0,0,0,0,0,0,0,0,0,0,1,4,0,0,1,5,0,0,0,0,0,0,0,0,-3.676501795,0,0,0,0,0,0,-1.5224452,0,0,-4.050026455,0,0,0,0,0,0,0,0,0,0,-0.261388889,-7.034730726,0,0,8.319131708238851,52.44266109221466,0,0,0,0,0,0,0.4233924641625155,0.7814800791677597,2408.2982246558445,0.8198950134011572,0.2355823595929137,-0.188465888,5,7,10,5,1,0,1,0,0.7,0,0,146
O=C(O)CN(CC([N+](=O)[O-])([N+](=O)[O-])[N+](=O)[O-])[N+](=O)[O-],142.99973,1,15,0,0,0,0,0,9,1,15,0,8,0,0,0,4,0,0,0.72286945188937,-0.47976325,-4.1225,213.1,0,0,2,0,0,0,0,0,0,1,0,0,1,0,0,0,0,0,0,0,0,0,0,1,4,0,0,1,5,0,0,0,0,0,0,0,0,-3.427013889,0,0,0,0,0,0,-1.846626039,0,0,-4.1225,0,0,0,0,0,0,0,0,0,0,-0.503240741,-7.331923186,0,0,8.289759070294785,52.05605583900227,0,0,0,0,0,0,0.4601928900837459,0.8043253006579066,1856.838042620928,0.9026434356432094,0.2472545909879234,-0.028257668,4,5,10,5,1,0,1,0,0.7368421052631579,0,0,167
O=C(OCC([N+](=O)[O-])([N+](=O)[O-])[N+](=O)[O-])C(=O)OCC([N+](=O)[O-])([N+](=O)[O-])[N+](=O)[O-],135.37329,0,22,0,0,0,0,0,16,0,22,0,10,0,0,0,6,0,0,0.7336489750601798,-0.432206174,-4.331143707,311.43999999999994,0,0,2,0,0,0,0,0,0,2,0,0,2,0,0,0,0,0,0,0,0,0,0,0,6,0,0,0,8,2,0,0,0,0,0,0,0,-4.530189437,0,0,0,0,0,0,-4.918761338,0,0,-8.662287415,0,0,0,0,0,0,0,0,0,0,0,-12.48303556,0,0,0,85.77176981237858,7.303719765684051,0,0,0,0,0,0.154176912219896,0.974777800446385,7060.7623081049405,0.8914642596466604,0.2018629062490987,0.0769001547615614,6,4,16,6,0,0,2,0,0.7142857142857143,0,0,186
O=C(OCC([N+](=O)[O-])([N+](=O)[O-])[N+](=O)[O-])N(CCN(CC([N+](=O)[O-])([N+](=O)[O-])[N+](=O)[O-])[N+](=O)[O-])[N+](=O)[O-],134.67676,0,28,0,0,0,0,0,18,0,28,0,15,0,0,0,8,0,0,0.7336959865138212,-0.420414508,-4.434761818,377.9,0,0,4,0,0,0,0,0,0,1,0,0,2,0,0,0,0,0,0,0,0,0,0,2,8,0,0,0,9,1,0,0,0,0,0,0,0,-7.778254054,0,0,0,0,0,0,-2.40526392,0,0,-8.843953318,0,0,0,0,0,0,0,0,0,0,-1.471433177,-16.14528477,0,0,0,98.6264803688044,3.830543154761904,0,0,0,0,0,0.1665213763537058,0.993087629052875,10238.355901564477,1.0019014561973925,0.2691308802694381,0,7,8,18,10,2,0,2,0,0.8,0,0,157
O=C(OCC([N+](=O)[O-])([N+](=O)[O-])[N+](=O)[O-])N(CN(CC([N+](=O)[O-])([N+](=O)[O-])[N+](=O)[O-])[N+](=O)[O-])[N+](=O)[O-],134.67674,0,28,0,0,0,0,0,18,0,28,0,14,0,0,0,8,0,0,0.7336959979474822,-0.420362648,-4.586063475,377.9,0,0,3,0,0,0,0,0,0,1,0,0,2,0,0,0,0,0,0,0,0,0,0,2,8,0,0,0,9,1,0,0,0,0,0,0,0,-7.101175123,0,0,0,0,0,0,-2.610477608,0,0,-9.073440528,0,0,0,0,0,0,0,0,0,0,-2.085109599,-16.97773963,0,0,0,98.52249720327372,3.73744779856387,0,0,0,0,0,0.168874650770588,0.9744647337425112,9380.126908850709,1.0074321945890277,0.2765891031795892,0.0948305496615734,6,6,18,10,2,0,2,0,0.8235294117647058,0,0,161
O=C(OCC(COC(=O)OCC([N+](=O)[O-])([N+](=O)[O-])[N+](=O)[O-])([N+](=O)[O-])[N+](=O)[O-])OCC([N+](=O)[O-])([N+](=O)[O-])[N+](=O)[O-],139.73276,0,30,0,0,0,0,0,22,0,30,0,16,0,0,0,8,0,0,0.7337522751644064,-0.418202166,-4.387222995,416.18,0,0,4,0,0,0,0,0,0,2,0,0,3,0,0,0,0,0,0,0,0,0,0,0,8,0,0,0,10,4,0,0,0,0,0,0,0,-8.859496382,0,0,0,0,0,0,-4.845723884,0,0,-12.70813812,0,0,0,0,0,0,0,0,0,0,0,-16.45462006,0,0,0,109.83291421154463,15.306468239683568,0,0,0,0,0,0.1845519797423406,0.9006053788943112,16187.8076924227,0.9771951518210856,0.1930378819607821,0,9,8,22,8,0,0,2,1,0.6923076923076923,0,0,176
O=C(OCC(F)([N+](=O)[O-])[N+](=O)[O-])C(=O)OCC(F)([N+](=O)[O-])[N+](=O)[O-],138.15593,0,16,0,0,0,0,0,12,0,18,0,8,0,0,0,4,0,0,0.6483072597720024,-0.437378527,-4.512440004,225.16,0,0,2,0,0,0,0,0,0,2,0,0,2,0,0,0,0,0,0,0,0,0,0,0,4,0,0,0,6,2,0,2,0,0,0,0,0,-4.404417832,0,0,0,0,0,0,-4.704127929,0,0,-9.024880008,0,0,0,0,0,0,0,0,0,0,0,-8.398111862,0,0,0,62.37781891008623,7.087571806500378,0,26.36308235024956,0,0,0,0.1157068903406625,0.9662959586060076,6992.43999095624,0.6605355791991995,0.15464913976416,-0.088370937,6,4,12,4,0,0,0,2,0.5833333333333334,0,0,207.7
O=C(OCC(F)([N+](=O)[O-])[N+](=O)[O-])c1c([N+](=O)[O-])cc([N+](=O)[O-])cc1[N+](=O)[O-],119.741005,0,17,0,0,0,1,1,12,0,18,1,8,0,0,0,5,3,1,0.6483025885317649,-0.441825498,-4.527781203,242,0,0,1,0,0,2,0,0,0,1,4,0,1,0,0,0,0,0,0,0,0,0,0,0,5,0,0,0,6,1,0,1,0,0,0,0,0,-2.183403329,0,0,0.2922480473670945,0,0,0,-2.116645408,-5.689679745,0,-4.527781203,0,0,0,0,0,0,0,0,0,0,0,-8.278130924,0,0,0,65.2256801536807,3.921839096749811,0,13.568946936033877,0,0,0,0.2645069938584953,0.8789802689627138,5599.324753901451,0.6872186513674247,0.1780481849259319,-0.325573824,9,4,12,5,0,0,0,1,0.7037037037037037,1,0.2222222222222222,202.6
O=C(OCC(F)([N+](=O)[O-])[N+](=O)[O-])c1cc(C(=O)OCC(F)([N+](=O)[O-])[N+](=O)[O-])c([N+](=O)[O-])cc1[N+](=O)[O-],117.314156,0,22,0,0,0,1,1,16,0,24,1,12,0,0,0,6,2,0,0.6483025473546079,-0.442013195,-4.636406308,311.43999999999994,0,0,2,0,0,2,0,0,0,2,4,0,2,0,0,0,0,0,0,0,0,0,0,0,6,0,0,0,8,2,0,2,0,0,0,0,0,-4.563897655,0,0,-0.196446208,0,0,0,-4.34852899,-6.153711446,0,-9.272812617,0,0,0,0,0,0,0,0,0,0,0,-11.56185667,0,0,0,88.68233433725376,7.91321238826109,0,27.548217158710276,0,0,0,0.3231151190640836,0.8301184473017214,10118.64619774456,0.9085832732867388,0.1590300680421504,-0.333205857,12,6,16,6,0,0,0,2,0.6111111111111112,1,0.1666666666666666,208.3
O=C(OCCC([N+](=O)[O-])([N+](=O)[O-])[N+](=O)[O-])C(=O)OCC([N+](=O)[O-])([N+](=O)[O-])[N+](=O)[O-],135.37329,0,22,0,0,0,0,0,16,0,22,0,11,0,0,0,6,0,0,0.7336489750590264,-0.456288336,-4.269896147,311.43999999999994,0,0,3,0,0,0,0,0,0,2,0,0,2,0,0,0,0,0,0,0,0,0,0,0,6,0,0,0,8,2,0,0,0,0,0,0,0,-5.347282218,0,0,0,0,0,0,-4.507664872,0,0,-8.309390744,0,0,0,0,0,0,0,0,0,0,0,-11.86316421,0,0,0,86.10001082446294,7.658299083522298,0,0,0,0,0,0.1358218985848414,0.987463917030072,9271.718597320723,0.8932173525642653,0.1952802620475135,-0.03719624,7,6,16,6,0,0,2,0,0.6896551724137931,0,0,168
O=C(OOC(=O)c1cc([N+](=O)[O-])cc([N+](=O)[O-])c1)c1ccc([N+](=O)[O-])cc1,266.25012,0,13,0,0,0,2,2,10,0,13,2,5,0,0,0,3,3,3,0.3863454882664923,-0.258309633,-1.391609557,182.02,0,0,0,0,0,7,0,0,0,2,5,0,0,0,0,0,0,0,0,0,0,0,0,0,3,0,0,0,5,2,0,0,0,0,0,0,0,0,0,0,6.174035002762456,0,0,0,-2.573851673,-2.533368032,0,0,0,0,0,0,0,0,0,0,0,0,0,-2.59357261,0,0,0,55.643978526225965,8.471190554925673,0,0,0,0,0,0.1102003157192912,0.8897996843020481,10433.832520262724,1.781419724633812e-05,0.1113405669355629,-0.911932263,14,7,10,3,0,0,0,0,0.4444444444444444,2,0.4444444444444444,141
O=C(OOC(=O)c1cc([N+](=O)[O-])cc([N+](=O)[O-])c1)c1cccc([N+](=O)[O-])c1,266.25012,0,13,0,0,0,2,2,10,0,13,2,5,0,0,0,3,3,3,0.3863454884628641,-0.2583093,-1.416128853,182.02,0,0,0,0,0,7,0,0,0,2,5,0,0,0,0,0,0,0,0,0,0,0,0,0,3,0,0,0,5,2,0,0,0,0,0,0,0,0,0,0,6.3473986981576624,0,0,0,-2.673554264,-2.822063047,0,0,0,0,0,0,0,0,0,0,0,0,0,-2.677773903,0,0,0,55.83630675807447,8.439512944066514,0,0,0,0,0,0.1433146462266652,0.9075657318155508,9123.362153439492,0.7303386538445981,0.1113405669355629,-0.911932263,14,7,10,3,0,0,0,0,0.4444444444444444,2,0.4444444444444444,143
O=C(OOC(=O)c1cccc([N+](=O)[O-])c1)c1ccc([N+](=O)[O-])cc1,271.58405,0,10,0,0,0,2,2,8,0,10,2,4,0,0,0,2,2,2,0.3860878078616875,-0.258309633,-1.102813261,138.88000000000002,0,0,0,0,0,8,0,0,0,2,4,0,0,0,0,0,0,0,0,0,0,0,0,0,2,0,0,0,4,2,0,0,0,0,0,0,0,0,0,0,9.07430382475192,0,0,0,-2.154962522,-0.806086099,0,0,0,0,0,0,0,0,0,0,0,0,0,-1.336199898,0,0,0,44.4704790893412,8.628551193625597,0,0,0,0,0,0.0744361367426906,0.9608905390999264,7851.131145731824,0.6461013949737067,0.0842804854555962,-1.155846658,14,8,8,2,0,0,0,0,0.3333333333333333,2,0.5,125
O=c1[nH]/c(=N/[N+](=O)[O-])[nH]c2n[nH]nc12,165.0843,3,10,0,0,0,0,2,5,3,10,2,1,0,3,0,1,0,0,0.2820739772372174,-0.301737324,-0.936815949,145.72000000000003,0,0,0,0,0,0,0,0,0,0,0,2,0,0,0,0,0,0,3,0,0,1,2,0,1,0,0,0,2,0,0,0,0,0,0,0,0,0,0,0,0,0,0,0,0,0,0.1404147770219204,0,0,0,0,0,0,6.732310563114134,0,0,2.8794444444444443,7.0690873015873015,0,-0.936815949,0,0,0,21.168844246031743,0,0,0,0,0,0,0.2313358736808438,0.7908142708083585,1450.324534924845,0.1239164638032718,0.4971742240530859,-0.527613462,4,3,3,7,1,0,0,0,0.2857142857142857,0,0.7857142857142857,242
O=c1[nH][nH]c(=O)n1NCC([N+](=O)[O-])([N+](=O)[O-])[N+](=O)[O-],160.74716,3,15,0,0,0,0,1,10,3,15,1,6,0,3,0,3,0,0,0.7183812457584072,-0.295491655,-3.816319444,212.1,0,0,1,0,0,0,0,0,0,0,0,0,1,0,0,0,0,1,2,0,0,0,0,0,3,1,0,0,5,0,0,0,0,0,0,0,0,-1.513055556,0,0,0,0,0,0,0,0,0,-3.816319444,0,0,0,0,1.650324074074074,3.517381897203326,0,0,0,0,0,-5.232497166,0.0885416666666669,0,0,53.54565334467121,0,0,0,0,0,0,0.3574993629352825,0.8608071576056547,2004.9430662535567,0.7690437077223877,0.3510971786833856,-0.143304971,4,5,8,7,0,0,1,0,0.5263157894736842,0,0.2631578947368421,152
O=c1[nH]c(/N=N/c2noc(=O)[nH]2)no1,220.0784,2,10,0,0,0,0,2,8,2,10,2,2,0,2,0,0,0,0,0.4399915773668145,-0.293824866,-0.75685529,142.5,0,0,0,0,0,0,0,0,0,0,2,0,0,0,0,0,0,0,2,0,0,2,2,0,0,0,0,0,2,0,2,0,0,0,0,0,0,0,0,0,0,0,0,0,0,-0.279909297,0,0,0,0,0,0,0,4.217850056689342,0,0,6.765185185185185,6.367532123960695,0,0,0,0,0,20.85475240404804,0,8.254966773746535,0,0,0,0,0.0779472813604094,0.9220527186533338,2138.327199281345,1.0353475669251657e-05,0.4240325495461842,-0.403840523,4,2,4,6,0,0,0,0,0,0,0.7142857142857143,123
O=c1[nH]c(C([N+](=O)[O-])([N+](=O)[O-])[N+](=O)[O-])no1,114.91458,1,13,0,0,0,0,1,9,1,13,1,4,0,1,0,3,0,0,0.7642204621059192,-0.295010577,-3.98,188.31,0,0,0,0,0,0,0,0,0,0,1,0,1,0,0,0,0,0,1,0,0,0,1,0,3,0,0,0,4,0,1,0,0,0,0,0,0,0,0,0,0,0,0,0,0,-1.418981481,0,-3.98,0,0,0,0,0,1.402638888888889,0,0,0,2.583981481481481,0,-5.414305556,0,0,0,41.75,0,3.7465509259259258,0,0,0,0,0.5132806430847916,0.968047567877574,1181.9750358078163,0.6486151134933343,0.2977861725117838,0.1020981162897544,3,1,8,5,0,0,1,0,0.625,0,0.3125,112
O=c1[nH]c(C([N+](=O)[O-])[N+](=O)[O-])no1,133.65353,1,10,0,0,0,0,1,7,1,10,1,3,0,1,0,2,0,0,0.5106105159145414,-0.295377758,-2.299583333,145.17000000000002,0,0,0,0,0,0,1,0,0,0,1,0,0,0,0,0,0,0,1,0,0,0,1,0,2,0,0,0,3,0,1,0,0,0,0,0,0,0,0,0,0,-2.299583333,0,0,0,-0.736111111,0,0,0,0,0,0,0,1.7221296296296296,0,0,0,2.832222222222222,0,-2.401203704,0,0,0,30.531666666666663,0,3.875787037037037,0,0,0,0,0.3702822401438767,0.8671545860228059,1016.1639162035968,0.7171713625049548,0.294626744742754,-0.08417907,3,2,6,4,0,0,0,1,0.5384615384615384,0,0.3846153846153846,76
O=c1[nH]c(-c2c(/N=N/c3no[n+]([O-])c3-c3noc(=O)[nH]3)no[n+]2[O-])no1,203.7608,2,18,0,0,0,0,4,14,2,18,4,4,0,2,0,0,0,0,0.4388098267056928,-0.35884825,-0.939574557,248.43999999999997,0,0,0,0,0,0,0,0,0,0,6,0,0,0,0,0,0,0,2,0,0,2,4,0,0,2,0,0,2,0,4,0,0,0,0,0,0,0,0,0,0,0,0,0,0,-2.417815446,0,0,0,0,0,0,0,4.191479977921175,0,0,7.119359410430839,13.19326615767723,0,0,-0.232641006,0,0,21.97583569886739,0,17.20681535906887,0,0,0,0,0.3758791823039968,0.6784398767172921,4583.028846768634,0.4388640465187934,0.3823402500505234,-0.393264257,8,2,8,10,0,0,0,0,0,0,0.7692307692307693,189
O=c1[nH]c(-c2noc(=O)[nH]2)no1,369.4472,2,8,0,0,0,0,2,6,2,8,2,1,0,2,0,0,0,0,0.4387883916077831,-0.295455284,-0.727917611,117.78,0,0,0,0,0,0,0,0,0,0,2,0,0,0,0,0,0,0,2,0,0,0,2,0,0,0,0,0,2,0,2,0,0,0,0,0,0,0,0,0,0,0,0,0,0,0.0386111111111115,0,0,0,0,0,0,0,4.359351851851852,0,0,0,6.527314814814815,0,0,0,0,0,20.87054421768708,0,8.326679894179893,0,0,0,0,0.1154898533754052,0.88451014682501,1171.7030925795648,2.500666251178653e-05,0.329249076926695,-0.470355824,4,2,4,4,0,0,0,0,0,0,0.8333333333333334,148
O=c1[nH]c(-c2nonc2/N=N\c2nonc2-c2noc(=O)[nH]2)no1,207.108,2,16,0,0,0,0,4,14,2,16,4,4,0,2,0,0,0,0,0.438744908058895,-0.295513206,-0.797349274,220.34,0,0,0,0,0,0,0,0,0,0,6,0,0,0,0,0,0,0,2,0,0,2,6,0,0,0,0,0,2,0,4,0,0,0,0,0,0,0,0,0,0,0,0,0,0,-0.45532227,0,0,0,0,0,0,0,4.491788619896484,0,0,7.456581632653061,20.83917410725131,0,0,0,0,0,21.903751217692,0,17.692058574046932,0,0,0,0,0.1869748823154647,0.8800351951692742,5488.9500829794215,0.5975842766092657,0.4189509468291397,-0.52668119,8,2,6,10,0,0,0,0,0,0,0.8333333333333334,315.75
O=c1[nH]c(-c2nonc2[N+](=O)[O-])no1,257.77606,1,10,0,0,0,0,2,8,1,10,2,2,0,1,0,1,0,0,0.4455452036422191,-0.357639448,-0.849724112,140.95000000000002,0,0,0,0,0,0,0,0,0,0,3,0,0,0,0,0,0,0,1,0,0,0,3,0,1,0,0,0,2,0,2,0,0,0,0,0,0,0,0,0,0,0,0,0,0,-1.140416667,0,0,0,0,0,0,0,2.073425925925926,0,0,0,9.404339569160998,0,-0.820605631,0,0,0,20.888892668178386,0,8.255112433862433,0,0,0,0,0.2634552436589716,0.7503751016788104,1388.0048571099762,0.1601643259683341,0.3516139078369717,-0.281291126,4,1,5,5,0,0,0,0,0.2857142857142857,0,0.7142857142857143,221.68
O=c1[nH]c(-c2nonc2N[N+](=O)[O-])no1,116.95754,2,11,0,0,0,0,2,8,2,11,2,3,0,2,0,1,0,0,0.438744915358264,-0.295513196,-0.859897487,152.98000000000002,0,0,0,0,0,0,0,0,0,0,3,0,0,0,0,0,0,1,1,0,0,0,3,0,1,0,0,0,2,0,2,0,0,0,0,0,0,0,0,0,0,0,0,0,0,-0.534537037,0,0,0,0,0,0,1.7122373393801964,2.13364134542706,0,0,0,9.76454648526077,0,-0.859897487,0,0,0,20.725809476568408,0,8.419623488284202,0,0,0,0,0.4069072861110956,0.6588001147628874,1475.3804792700384,0.3581552479382917,0.3923455256262348,-0.298929924,4,2,5,6,1,0,0,0,0.2666666666666666,0,0.6666666666666666,127.25
O=c1[nH]c(-c2nonc2NCC([N+](=O)[O-])([N+](=O)[O-])[N+](=O)[O-])no1,110.83791,2,17,0,0,0,0,2,13,2,17,2,7,0,2,0,3,0,0,0.7167853412491876,-0.344614402,-3.756494552,239.26,0,0,1,0,0,0,0,0,0,0,3,0,1,0,0,0,0,1,1,0,0,0,3,0,3,0,0,0,4,0,2,0,0,0,0,0,0,-1.38561815,0,0,0,0,0,0,0,-1.113955499,0,-3.756494552,0,0,0,0,1.9898762282690852,2.046818074452003,0,0,0,9.719838907785336,0,-5.026314327,0,0,0,43.1401382590073,0,8.460570554610733,0,0,0,0,0.3192261044237141,0.8215057555643299,3840.727106546455,0.5898187412208095,0.3372021255776845,-0.240858661,6,4,9,8,0,0,1,0,0.4347826086956521,0,0.4347826086956521,161.83
O=c1[nH]c2c([N+](=O)[O-])c([N+](=O)[O-])c([N+](=O)[O-])c([N+](=O)[O-])c2[nH]1,234.16898,2,15,0,0,0,1,2,9,2,15,2,4,0,2,0,4,4,0,0.4318098194250246,-0.299540342,-1.690324074,221.21,0,0,0,0,0,0,0,0,0,0,4,2,0,0,0,0,0,0,2,0,0,0,0,0,4,0,0,0,5,0,0,0,0,0,0,0,0,0,0,0,0,0,0,0,0,-6.222037037,-1.751851852,0,0,0,0,0,0,3.561634542705971,0,0,0,0,0,-5.67659675,0,0,0,55.058412698412695,0,0,0,0,0,0,0.5159267226408011,0.5516183871472086,2903.024399398852,0.3239361000225521,0.2674086194711676,-0.305609851,7,2,9,6,0,0,0,0,0.7272727272727273,1,0.5,299
O=c1[nH]cc([N+](=O)[O-])nc1-c1n[nH]/c(=N/[N+](=O)[O-])o1,166.71243,2,13,0,0,0,0,2,8,2,13,2,3,0,2,0,2,0,0,0.3863588390689731,-0.395313352,-1.049704979,186.21,0,0,0,0,0,1,0,0,0,0,3,0,0,0,0,0,0,0,2,0,0,1,2,0,2,0,0,0,3,0,1,0,0,0,0,0,0,0,0,0,0.7924551209372639,0,0,0,0,-1.609849091,0,0,0,0,0,0,0,4.084104544595617,0,0,2.756415028974553,6.80973544973545,0,-1.888592451,0,0,0,31.990812363525656,0,4.71598544973545,0,0,0,0,0.1443224977280612,0.8556775023131783,3386.5540398834887,1.1782455459089895e-05,0.3641322320191133,-0.445876202,6,3,6,7,1,0,0,0,0.4210526315789473,0,0.5789473684210527,270
O=c1[nH]nc([N+](=O)[O-])[nH]1,270.17065,2,7,0,0,0,0,1,4,2,7,1,1,0,2,0,1,0,0,0.4565124206806947,-0.389774163,-0.79375,104.68,0,0,0,0,0,0,0,0,0,0,1,0,0,0,0,0,0,0,2,0,0,0,1,0,1,0,0,0,2,0,0,0,0,0,0,0,0,0,0,0,0,0,0,0,0,-0.569444444,0,0,0,0,0,0,0,3.701342592592592,0,0,0,3.023148148148148,0,-0.79375,0,0,0,19.883842592592597,0,0,0,0,0,0,0.2046998994635432,0.7953001005393844,553.2739263618108,3.3420007829275727e-06,0.4305605744908236,-0.246034614,2,2,3,4,0,0,0,0,0.4444444444444444,0,0.5555555555555556,236
O=c1[nH]nc(C([N+](=O)[O-])[N+](=O)[O-])[nH]1,170.26907,2,10,0,0,0,0,1,6,2,10,1,3,0,2,0,2,0,0,0.508967186000355,-0.280712754,-2.237083333,147.82,0,0,0,0,0,0,1,0,0,0,1,0,0,0,0,0,0,0,2,0,0,0,1,0,2,0,0,0,3,0,0,0,0,0,0,0,0,0,0,0,0,-2.237083333,0,0,0,-0.625,0,0,0,0,0,0,0,3.622083333333333,0,0,0,3.082222222222222,0,-2.321203704,0,0,0,30.69833333333333,0,0,0,0,0,0,0.3478229205647264,0.8427674460824304,1051.9613767416631,0.7980044038439216,0.3701999608645755,-0.211542835,3,3,5,5,0,0,0,1,0.5384615384615384,0,0.3846153846153846,127
O=c1n(-c2nc([N+](=O)[O-])nn2C([N+](=O)[O-])[N+](=O)[O-])[n+]([O-])c2nc([N+](=O)[O-])[nH]n12,163.59744,1,22,0,0,0,0,3,16,1,22,3,6,0,1,0,4,0,0,0.5688753385308257,-0.722318389,-2.982743397,285.3,0,0,0,0,0,0,1,0,0,0,3,1,0,0,0,0,0,0,1,0,0,0,3,0,4,4,0,0,5,0,0,0,0,0,0,0,0,0,0,0,0,-2.982743397,0,0,0,-3.693693993,-0.951241497,0,0,0,0,0,0,1.8113182634164773,0,0,0,9.27573822121441,0,-5.414709023,-0.65210097,0,0,55.67295514280093,0,0,0,0,0,0,0.3102959043768204,0.8414730751993184,5697.40487963522,0.7967769879103744,0.4177483364664457,-0.119356668,6,2,10,12,0,0,0,1,0.5357142857142857,0,0.5357142857142857,129
O=c1n(Cc2nn[nH]n2)c(=O)n(Cc2nn[nH]n2)c(=O)n1Cc1nn[nH]n1,299.5744,3,18,0,0,0,0,4,15,3,18,4,6,0,3,0,0,0,0,0.3366835164570589,-0.247291725,-0.899109269,229.38,0,0,3,0,0,0,0,0,0,0,3,0,0,0,0,0,0,0,3,0,0,0,9,0,0,3,0,0,3,0,0,0,0,0,0,0,0,-0.937694161,0,0,0,0,0,0,0,0.2224200050390539,0,0,0,0,0,0,0,6.700784921597963,0,0,0,32.276384311836146,0,0,2.3107709750566894,0,0,38.12466175359032,0,0,0,0,0,0,0.4525109104258324,0.6729449183773161,4842.133133423879,0.9661392072205552,0.5595926165751334,-0.831394745,9,9,3,15,0,0,0,0,0,0,0.7777777777777778,283.6
O=c1n(CO[N+](=O)[O-])c2nc3nonc3nc2n1CO[N+](=O)[O-],126.247574,0,16,0,0,0,0,3,14,0,16,3,6,0,0,0,0,0,0,0.3343739038727948,-0.291889107,-1.11830491,196.37,0,0,2,0,0,0,0,0,0,0,0,4,0,0,0,0,0,0,0,0,0,0,4,0,2,2,0,0,3,2,1,0,0,0,0,0,0,-1.612570862,0,0,0,0,0,0,0,0,-0.487600676,0,0,0,0,0,0,0,0,0,0,14.656474080372892,0,-2.23660982,1.4495219198790623,0,0,32.76395646993365,8.238417107583775,4.411304563492063,0,0,0,0,0.4474640928557897,0.63643302071446,4061.705490356278,0.7200308356408188,0.3413000484524176,-0.390057198,7,4,8,8,0,2,0,0,0.3478260869565217,0,0.6956521739130435,190
O=c1n[n+]([O-])nc2c([N+](=O)[O-])c[nH]n12,252.95312,1,10,0,0,0,0,2,7,1,10,2,1,0,1,0,1,0,0,0.4321742998652993,-0.569091815,-0.960092593,133.13,0,0,0,0,0,1,0,0,0,0,1,1,0,0,0,0,0,0,1,0,0,0,2,0,1,2,0,0,2,0,0,0,0,0,0,0,0,0,0,0,0.9498148148148148,0,0,0,0,-0.463796296,-0.37037037,0,0,0,0,0,0,2.250277777777778,0,0,0,6.035716175359033,0,-0.765601852,0.4355555555555555,0,0,21.36973450491308,0,0,0,0,0,0,0.3218404935951413,0.6781595065324691,1301.8087124148708,1.8072901998221996e-05,0.4240325495461842,-0.403840523,4,2,4,6,0,0,0,0,0.2857142857142857,0,0.7857142857142857,225
O=c1nc(OCC([N+](=O)[O-])([N+](=O)[O-])[N+](=O)[O-])nc(OCC([N+](=O)[O-])([N+](=O)[O-])[N+](=O)[O-])[nH]1,148.78967,1,24,0,0,0,0,1,17,1,24,1,12,0,1,0,6,0,0,0.7336434788127054,-0.439593777,-4.147828875,335.93999999999994,0,0,2,0,0,0,0,0,0,0,2,0,2,0,0,0,0,0,1,0,0,0,2,0,6,0,0,0,7,2,0,0,0,0,0,0,0,-3.916122685,0,0,0,0,0,0,0,-2.595908919,0,-8.285861832,0,0,0,0,0,1.553066184807256,0,0,0,5.919821900982615,0,-11.58185114,0,0,0,76.09256822242213,8.640332105064246,0,0,0,0,0,0.1518385194128816,0.952028253734704,9461.521998276176,0.8036767579215949,0.2768226906726131,-0.052728132,7,5,15,9,0,0,2,0,0.6451612903225806,0,0.1935483870967742,167.6
O=c1nc2nnc3nc([N+](=O)[O-])nn3n2[nH]1,257.7593,1,12,0,0,0,0,3,10,1,12,3,1,0,1,0,1,0,0,0.4945836100069029,-0.38968986,-0.782193405,149.27,0,0,0,0,0,0,0,0,0,0,1,2,0,0,0,0,0,0,1,0,0,0,5,0,1,2,0,0,2,0,0,0,0,0,0,0,0,0,0,0,0,0,0,0,0,-0.642269463,-0.175788927,0,0,0,0,0,0,2.2390580120937265,0,0,0,17.47375094482237,0,-0.782193405,1.9300925925925925,0,0,21.356654856387,0,0,0,0,0,0,0.1865398233165039,0.8134601767648189,1914.725464050323,1.840946946999404e-05,0.5647387859012514,-0.394420739,4,1,3,9,0,0,0,0,0.25,0,1,300
O=c1nc2nnc3nc(=O)[nH]n3n2[nH]1,357.3136,2,10,0,0,0,0,3,8,2,10,3,0,0,2,0,0,0,0,0.3643649420703284,-0.244142083,-0.582084278,126.09999999999997,0,0,0,0,0,0,0,0,0,0,0,2,0,0,0,0,0,0,2,0,0,0,4,0,0,2,0,0,2,0,0,0,0,0,0,0,0,0,0,0,0,0,0,0,0,0,0.1039814814814823,0,0,0,0,0,0,4.630185185185185,0,0,0,14.104049508692366,0,0,2.2759259259259257,0,0,21.71669312169312,0,0,0,0,0,0,0.2213570505252039,0.7786429495613754,1251.929326290641,1.6171368555144026e-05,0.5769805372100929,-0.576980537,4,2,2,8,0,0,0,0,0,0,1.1428571428571428,374
O=Cc1c([N+](=O)[O-])cc([N+](=O)[O-])cc1[N+](=O)[O-],248.43771,0,10,0,0,0,1,1,7,0,10,1,4,0,0,0,3,3,1,0.2932683273506155,-0.297334378,-1.093518519,146.49,0,0,0,0,1,2,0,0,0,0,4,0,0,0,0,0,0,0,0,0,0,0,0,0,3,0,0,0,4,0,0,0,0,0,0,0,0,0,0,-0.083340892,0.9935185185185182,0,0,0,0,-3.568148148,0,0,0,0,0,0,0,0,0,0,0,0,0,-3.206300076,0,0,0,42.045192743764176,0,0,0,0,0,0,0.4694970768283129,0.5753397911921216,2059.6864827673235,0.2304754274287392,0.1741907388590506,-0.564046202,7,3,7,3,0,0,0,0,0.7058823529411765,1,0.3529411764705882,185.1
O=CNc1nonc1-c1ncon1,364.8448,1,8,0,0,0,0,2,7,1,8,2,3,0,1,0,0,0,0,0.227846898781249,-0.342358808,0.1494444444444447,106.94,0,0,0,0,1,1,0,0,0,0,3,0,0,0,0,0,0,1,0,0,0,0,4,0,0,0,0,0,1,0,2,0,0,0,0,0,0,0,0,0.4475359032501891,1.1336342592592592,0,0,0,0,0.5720833333333342,0,0,0,0,0,0,2.274814814814815,0,0,0,0,14.09900321239607,0,0,0,0,0,10.1092259542706,0,8.863702522675737,0,0,0,0,0.2445270646609997,0.7554729355897009,1252.9401716306195,2.721566757917653e-05,0.3865033046032543,-0.750920706,5,3,3,5,0,0,0,0,0,0,0.7692307692307693,136
O=N(=O)NC1=NC(=NN1)C1=NON=C1N(=O)=O,116.90197,2,13,0,0,0,0,2,9,2,13,2,4,0,2,0,2,0,0,0.4455592394970729,-0.357639446,-0.875245103,178.8,0,0,0,0,0,0,0,0,0,0,4,0,0,0,0,0,0,1,1,0,0,0,4,0,2,0,0,0,2,0,1,0,0,0,0,0,0,0,0,0,0,0,0,0,0,-1.565834278,0,0,0,0,0,0,1.6801705404383975,2.1455857898715043,0,0,0,13.292981072058453,0,-1.719693011,0,0,0,20.585793099647265,0,4.161870354623331,0,0,0,0,0.1537124971384291,0.8717131583062296,2680.672356630699,0.2583456543240334,0.4625977340971702,-0.264341562,4,2,5,8,1,0,0,0,0.4705882352941176,0,0.5882352941176471,163.2
O=N(=O)NC1=NNC(=N1)C1=NON=C1\N=N\C1=NON=C1C1=NC(NN(=O)=O)=NN1,120.92122,4,22,0,0,0,0,4,16,4,22,4,8,0,4,0,2,0,0,0.3034518647997838,-0.255410404,-0.857332995,296.04,0,0,0,0,0,0,0,0,0,0,8,0,0,0,0,0,0,2,2,0,0,2,8,0,2,0,0,0,2,0,2,0,0,0,0,0,0,0,0,0,0,0,0,0,0,-1.322347412,0,0,0,0,0,0,3.483894431017968,4.757374248516578,0,0,7.527476536911061,28.81164430426876,0,-1.71466599,0,0,0,20.83538097156906,0,9.11919527119598,0,0,0,0,0.1025560622671537,0.897444823741475,12284.74932336346,0.0024298421619128,0.5330465035480907,-0.456897003,8,4,6,16,2,0,0,0,0.2666666666666666,0,0.6666666666666666,174.3
O=N(=O)NC1=NNC(CC2=NON=C2\N=N\C2=NON=C2CC2=NC(NN(=O)=O)=NN2)=N1,157.72495,4,22,0,0,0,0,4,16,4,22,4,10,0,4,0,2,0,0,0.303085620493803,-0.260647044,-0.813274779,296.04,0,0,2,0,0,0,0,0,0,0,8,0,0,0,0,0,0,2,2,0,0,2,8,0,2,0,0,0,2,0,2,0,0,0,0,0,0,-0.003059148,0,0,0,0,0,0,0,0.2763620075122497,0,0,0,0,0,0,3.5845265418098267,4.97145551912018,0,0,7.736371675162259,29.480621831026404,0,-1.626549558,0,0,0,20.821751395447517,0,9.270101673755033,0,0,0,0,0.272797343914244,0.859725527683688,11673.149309670876,0.8991462867091304,0.4996876951905059,-0.642455608,10,8,6,16,2,0,0,0,0.25,0,0.625,196.3
O=NN1CN([N+](=O)[O-])CN=C1C(Cl)([N+](=O)[O-])[N+](=O)[O-],104.10233,0,14,0,1,1,0,0,9,0,15,1,5,0,0,0,3,0,0,0.5969826797645064,-0.256810012,-3.433929989,177.69,0,0,2,0,0,0,0,0,0,1,0,0,1,0,0,0,0,0,0,0,0,2,0,2,3,0,0,0,4,0,0,0,1,0,0,0,0,-1.601203704,0,0,0,0,0,0,-1.099753086,0,0,-3.433929989,0,0,0,0,0,0,0,0,5.42238425925926,0,0.4236114260519024,-3.937034518,0,0,0,42.24760141093474,0,0,0,5.230830813807003,0,0,0.3534026732093377,0.8626194967091654,2471.7068321973243,0.7101305401449535,0.3293331675465688,-0.161306041,4,4,7,7,1,0,0,1,0.5789473684210527,0,0.3157894736842105,141
OC(Cn1cc(C(F)(F)F)nn1)Cn1cc(C(F)(F)F)nn1,317.5656,1,7,0,0,0,0,2,7,1,13,2,4,0,0,0,0,0,0,0.4362810604450408,-0.389255686,-4.66992469,81.64999999999999,0,0,2,0,0,2,1,0,0,0,2,0,2,0,0,0,0,0,0,0,0,0,4,0,0,2,0,1,0,0,0,6,0,0,0,0,0,-0.797041289,0,0,1.1502021919879055,-1.328178382,0,0,0,-2.47256758,0,-9.33984938,0,0,0,0,0,0,0,0,0,12.09473786341391,0,0,1.462476615646259,0,9.640451625094483,0,0,0,73.75643500168663,0,0,0,0.111805368880254,0.978967228379962,6439.413805178321,0.8016189669701004,0.2543974414885885,-1.017589766,9,8,1,6,0,0,0,0,0,0,0.4545454545454545,275
Oc1nnc2nncn2n1,343.9248,1,7,0,0,0,0,2,7,1,7,2,0,0,0,0,0,0,0,0.3507305631421506,-0.476889663,-0.396018519,89.09,0,0,0,0,0,1,0,0,0,0,1,1,0,0,0,0,0,0,0,0,0,0,5,0,0,1,0,1,0,0,0,0,0,0,0,0,0,0,0,0,1.3231481481481482,0,0,0,0,-0.396018519,0.2618518518518522,0,0,0,0,0,0,0,0,0,0,17.232314814814814,0,0,1.224537037037037,0,8.6875,0,0,0,0,0,0,0,0.215914841503951,0.7840851584973416,577.9094581853689,1.539353695743466e-06,0.6082989354768628,-0.695198783,3,2,1,6,0,0,0,0,0,0,1.1,232
On1nnnc1-c1n[nH]nc1-c1nnnn1O,274.052,3,13,0,0,0,0,3,12,3,13,3,2,0,1,0,0,0,0,0.2443466567826638,-0.408691078,-0.072453704,169.23,0,0,0,0,0,0,0,0,0,0,4,0,0,0,0,0,0,0,1,0,0,0,8,0,0,2,0,2,0,0,0,0,0,0,0,0,0,0,0,0,0,0,0,0,0,0.0265740740740756,0,0,0,0,0,0,0,2.289351851851852,0,0,0,27.44853552532124,0,0,0.8191761148904004,0,18.583029100529103,0,0,0,0,0,0,0,0.3251162639598324,0.7261856018668614,1880.9260148561057,0.3814884944289767,0.6493971991583137,-0.506023792,4,3,2,11,0,0,0,0,0,0,0.8823529411764706,246
On1nnnc1-c1ncon1,300.4112,1,8,0,0,0,0,2,8,1,8,2,1,0,0,0,0,0,0,0.2624275194445671,-0.408643482,0.0405092592592595,102.75,0,0,0,0,0,1,0,0,0,0,2,0,0,0,0,0,0,0,0,0,0,0,5,0,0,1,0,1,0,0,1,0,0,0,0,0,0,0,0,0,1.1150925925925923,0,0,0,0,0.1770833333333339,0,0,0,0,0,0,0,0,0,0,0,16.78462962962963,0,0,0.4631481481481478,0,8.881203703703704,0,0,4.412175925925926,0,0,0,0,0.2321369612125661,0.7678630388649393,784.8805026861545,1.225108663820694e-05,0.5451394973035063,-0.519180474,3,2,2,6,0,0,0,0,0,0,0.9090909090909092,143
On1nnnc1-c1nnn[nH]1,285.7672,2,9,0,0,0,0,2,8,2,9,2,1,0,1,0,0,0,0,0.2603331293659731,-0.408644541,0.0648148148148151,118.29,0,0,0,0,0,0,0,0,0,0,2,0,0,0,0,0,0,0,1,0,0,0,6,0,0,1,0,1,0,0,0,0,0,0,0,0,0,0,0,0,0,0,0,0,0,0.2708333333333339,0,0,0,0,0,0,0,2.3848148148148147,0,0,0,19.81597222222222,0,0,0.4743981481481478,0,8.887314814814815,0,0,0,0,0,0,0,0.2393903185117844,0.7881032770881488,765.7592314958198,0.2827457212753559,0.7268337951756406,-0.415333597,2,2,1,8,0,0,0,0,0,0,0.9090909090909092,192
