,can_smiles,NHOHCount,NOCount,NumAliphaticCarbocycles,NumAliphaticHeterocycles,NumAliphaticRings,NumAromaticCarbocycles,NumAromaticHeterocycles,NumAromaticRings,NumHAcceptors,NumHDonors,NumHeteroatoms,RingCount,NumRotatableBonds,fr_aryl_methyl,fr_NH1,fr_NH2,fr_nitrile,fr_nitro,fr_nitro_arom,fr_nitro_arom_nonortho,MolWt,MaxPartialCharge,MinPartialCharge,MaxAbsEStateIndex,MinAbsEStateIndex,MinEStateIndex,TPSA,0,1,2,3,4,5,6,7,8,9,10,11,12,13,14,15,16,17,18,19,20,21,22,23,24,25,26,27,28,29,30,31,32,33,34,35,36,37,38,39,40,41,42,43,44,45,46,47,48,49,50,51,52,53,54,55,56,57,58,59,60,61,62,63,64,65,66,67,68,69,NPR1,NPR2,PMI3,PBF,Nper,OB,C,H,O,N,N_NO2,O_NO2,c_3NO2,c_2NO2,c_NO2,NO2_content,benzene_ono2,benzene_1no2,benzene_2no2,benzene_3no2,benzene_4no2,six_N1_0no2,six_N1_1no2,six_N1_2no2,six_N1_3no2,six_N2_0no2,six_N2_1no2,six_N2_2no2,six_N2_3no2,six_N3_0no2,six_N3_1no2,six_N3_2no2,six_N3_3no2,six_N4_0no2,six_N4_1no2,five_N1_0no2,five_N1_1no2,five_N1_2no2,five_N1_3no2,five_N1_4no2,five_N2_0no2,five_N2_1no2,five_N2_2no2,five_N2_3no2,five_N2_4no2,five_N3_0no2,five_N3_1no2,five_N3_2no2,five_N3_3no2,five_N3_4no2,five_N4_0no2,five_N4_1no2,five_N4_2no2,five_N4_3no2,five_N4_4no2,ring_content,con_rings,axis_symmetry,count_3n,T,bde_gnn
0,Nc1nc(N)[n+]([O-])nc1[N+](=O)[O-],4,9,0,0,0,0,1,1,7,2,9,1,1,0,0,2,0,1,0,0,172.10399999999998,0.4633844487113424,-0.703347923,10.554537037037038,0.1721296296296297,-0.920462963,147.9,0,0,0,0,0,0,0,0,0,0,3,0,0,0,2,0,0,0,0,0,0,0,2,0,1,1,0,0,1,0,0,0,0,0,0,0,0,0,0,0,0,0,0,0,0,-1.817685185,0,0,0,10.007643613000756,0,0,0,0,0,0,0,6.1175,0,-0.920462963,-0.17212963,0,0,10.115298563869992,0,0,0,0,0,0,0.2949235652596188,0.729305893261215,993.6921234207474,0.1265442285913378,0.4880769767117555,-0.464835216,3,4,3,6,0,0,0,0,1,0.25,0,0,0,0,0,0,0,0,0,0,0,0,0,0,1,0,0,0,0,0,0,0,0,0,0,0,0,0,0,0,0,0,0,0,0,0,0,0,0,0,1,0,0,190,262.5071
1,O=[N+]([O-])c1cn(-c2cc([N+](=O)[O-])c([N+](=O)[O-])c([N+](=O)[O-])c2)nc1[N+](=O)[O-],0,17,0,0,0,1,1,2,12,0,17,2,6,0,0,0,0,5,3,0,369.1620000000001,0.4676584566799795,-0.357561897,11.005556185437138,0.4027702191987907,-1.416754115,233.52,0,0,0,0,0,3,0,0,0,0,6,0,0,0,0,0,0,0,0,0,0,0,1,0,5,1,0,0,5,0,0,0,0,0,0,0,0,0,0,0,1.4483342781557067,0,0,0,0,-6.900522592,0,0,0,0,0,0,0,0,0,0,0,3.2374886621315198,0,-6.255307382,0.4027702191987907,0,0,54.53361840723944,0,0,0,0,0,0,0.2287103971861912,0.8017675252722066,6144.38918113635,0.3456048520236281,0.2654661097296037,-0.411743354,9,3,10,7,0,0,0,0,5,0.6896551724137931,0,0,0,1,0,0,0,0,0,0,0,0,0,0,0,0,0,0,0,0,0,0,0,0,0,0,1,0,0,0,0,0,0,0,0,0,0,0,0,0,0,0,0,287,227.58456
2,Nc1nn2nnnc2c(N)c1[N+](=O)[O-],4,10,0,0,0,0,2,2,9,2,10,2,1,0,0,2,0,1,0,0,196.13,0.3391517762718634,-0.389811461,10.535857898715042,0.005462962962963,-0.729814815,151.15,0,0,0,0,0,0,0,0,0,0,3,1,0,0,2,0,0,0,0,0,0,0,4,0,1,1,0,0,1,0,0,0,0,0,0,0,0,0,0,0,0,0,0,0,0,-1.007314815,0.005462962962963,0,0,10.738611111111112,0,0,0,0,0,0,0,13.6597656840514,0,-0.729814815,0.9282407407407404,0,0,10.535857898715042,0,0,0,0,0,0,0.3045336976740924,0.7432881669928251,1212.5757970886527,0.1366444445051313,0.5710498138989445,-0.652628359,4,4,2,8,0,0,0,0,1,0.2222222222222222,0,0,0,0,0,0,0,0,0,0,1,0,0,0,0,0,0,0,0,0,0,0,0,0,0,0,0,0,0,0,0,0,0,0,1,0,0,0,0,0.2777777777777778,2,0,0,287,294.49026
3,Cn1nc([N+](=O)[O-])c([N+](=O)[O-])c1[N+](=O)[O-],0,11,0,0,0,0,1,1,8,0,11,1,3,1,0,0,0,3,0,0,217.097,0.4981141036393152,-0.357621399,10.408148148148149,0.4824074074074074,-1.215277778,147.24,1,0,0,0,0,0,0,0,0,0,3,0,0,0,0,0,0,0,0,0,0,0,1,0,3,1,0,0,3,0,0,0,0,0,0,1.012037037037037,0,0,0,0,0,0,0,0,0,-3.381111111,0,0,0,0,0,0,0,0,0,0,0,3.086851851851852,0,-3.451851852,0.4824074074074074,0,0,31.125833333333333,0,0,0,0,0,0,0.3882029216545614,0.6516563894280316,1444.719766391029,0.2770668767791496,0.3224365145534024,-0.257949212,4,3,6,5,0,0,0,0,3,0.6666666666666666,0,0,0,0,0,0,0,0,0,0,0,0,0,0,0,0,0,0,0,0,0,0,0,0,0,0,0,1,0,0,0,0,0,0,0,0,0,0,0,0,1,0,0,285,233.92838
4,Nc1c([N+](=O)[O-])c(Cl)nc2c([N+](=O)[O-])cnn12,2,10,0,0,0,0,2,2,8,1,11,2,2,0,0,1,0,2,0,0,258.581,0.3476941622600923,-0.377750808,10.65308342781557,0.247129629629629,-0.835694444,142.48999999999998,0,0,0,0,0,1,0,0,0,0,4,1,0,0,1,0,0,0,0,0,0,0,2,0,2,1,0,0,2,0,0,0,1,0,0,0,0,0,0,0,0.887646762408667,0,0,0,0,-2.020960569,-0.24712963,0,0,5.445976946334088,0,0,0,0,0,0,0,7.089475308641975,0,-1.574845679,0.7937962962962961,0,0,21.26495559334845,0,0,0,5.5405738221214405,0,0,0.2843214817379904,0.7372126060019971,2318.768747725135,0.1197223575864615,0.3248498536242029,-0.587823545,6,3,4,6,0,0,0,0,2,0.4,0,0,0,0,0,0,0,0,0,0,1,0,0,0,0,0,0,0,0,0,0,0,0,0,0,1,0,0,0,0,0,0,0,0,0,0,0,0,0,0,2,0,0,284,285.05136
5,O=[N+]([O-])c1cnn(-c2cc([N+](=O)[O-])c([N+](=O)[O-])c([N+](=O)[O-])c2)c1,0,14,0,0,0,1,1,2,10,0,14,2,5,0,0,0,0,4,3,0,324.165,0.4219592685197335,-0.258210482,10.938619457042076,0.3036111111111108,-1.28666126,190.38,0,0,0,0,0,4,0,0,0,0,5,0,0,0,0,0,0,0,0,0,0,0,1,0,4,1,0,0,4,0,0,0,0,0,0,0,0,0,0,0,3.0113249559082886,0,0,0,0,-4.309378832,0,0,0,0,0,0,0,0,0,0,0,3.5430442176870747,0,-4.358737402,0.7657331821617537,0,0,43.340673605862094,0,0,0,0,0,0,0.2198821482890307,0.8080107207740604,4798.387235979264,0.2875317766169193,0.2591272962842996,-0.592290963,9,4,8,6,0,0,0,0,4,0.5925925925925926,0,0,0,1,0,0,0,0,0,0,0,0,0,0,0,0,0,0,0,0,0,0,0,0,0,1,0,0,0,0,0,0,0,0,0,0,0,0,0,0,0,0,0,281,235.76462
6,Nc1nc(-c2n[nH]cc2[N+](=O)[O-])n[nH]1,4,9,0,0,0,0,2,2,6,3,9,2,2,0,2,1,0,1,0,0,195.142,0.3175501220086546,-0.368155896,10.511536753590324,0.0582870370370374,-0.577992252,139.41000000000005,0,0,0,0,0,1,0,0,0,0,4,0,0,0,1,0,0,0,2,0,0,0,3,0,1,0,0,0,1,0,0,0,0,0,0,0,0,0,0,0,1.1546466364323509,0,0,0,0,0.0413869992441433,0,0,0,5.273865268329554,0,0,0,4.724279100529101,0,0,0,11.02740740740741,0,-0.577992252,0,0,0,10.511536753590324,0,0,0,0,0,0,0.2742973850283061,0.7461574510487161,1396.6633654382108,0.1758984928034498,0.5021983991144908,-0.860911541,5,5,2,7,0,0,0,0,1,0.2105263157894736,0,0,0,0,0,0,0,0,0,0,0,0,0,0,0,0,0,0,0,0,0,0,0,0,0,1,0,0,0,1,0,0,0,0,0,0,0,0,0,0.2631578947368421,0,0,0,281,311.02057
7,NC1=NC(c2n[nH]cc2[N+](=O)[O-])N(N)N1,6,10,0,1,1,0,1,1,8,4,10,2,2,0,2,2,0,1,0,0,212.173,0.3132075515961808,-0.368788105,10.613872354497357,0.0831462585034019,-0.794768519,151.49,0,0,0,0,0,1,1,0,0,1,2,0,0,0,2,0,0,1,1,0,0,1,1,1,1,0,0,0,1,0,0,0,0,0,0,0,0,0,0,0,1.1599244142101286,-0.794768519,0,0,0.0831462585034019,-0.077638889,0,0,0,10.83799036281179,0,0,2.4835950491307632,2.3802210884353743,0,0,3.852314814814815,3.713333333333333,1.040185185185185,-0.572714475,0,0,0,10.613872354497357,0,0,0,0,0,0,0.3205184529865411,0.7825216864214087,1477.5941022665977,0.6658363710627797,0.5278711240355746,-0.904921927,5,8,2,8,0,0,0,0,1,0.1739130434782608,0,0,0,0,0,0,0,0,0,0,0,0,0,0,0,0,0,0,0,0,0,0,0,0,0,1,0,0,0,1,0,0,0,0,0,0,0,0,0,0.217391304347826,0,0,0,281,365.5221
8,O=[N+]([O-])c1nn2c(c1[N+](=O)[O-])-c1c([N+](=O)[O-])c([N+](=O)[O-])nn1CCC2,0,16,0,1,1,0,2,2,12,0,16,3,4,2,0,0,0,4,0,0,354.19500000000016,0.4680051778731914,-0.35756177,11.317539210128498,0.0155503590325019,-1.104999055,208.2,0,0,3,0,0,0,0,0,0,0,6,0,0,0,0,0,0,0,0,0,0,0,2,0,4,2,0,0,4,0,0,0,0,0,0,0,0,0.16927343159486,0,0,0,0,0,0,0,-5.473798186,0,0,0,0,0,0,0,0,0,0,0,7.054563492063492,0,-4.397064752,1.7371145124716556,0,0,44.70495575081885,0,0,0,0,0,0,0.3466482414257077,0.7502517196881042,3762.9346951787975,0.605024090993342,0.3162099973178616,-0.587247138,9,6,8,8,0,0,0,0,4,0.5161290322580645,0,0,0,0,0,0,0,0,0,0,0,0,0,0,0,0,0,0,0,0,0,0,0,0,0,0,2,0,0,0,0,0,0,0,0,0,0,0,0,0,3,1,0,280,232.57727
9,N#Cc1nnc2c([N+](=O)[O-])c([N+](=O)[O-])nn2c1N,2,12,0,0,0,0,2,2,10,1,12,2,2,0,0,1,1,2,0,0,250.134,0.4703834764715776,-0.379483759,10.74124472474175,0.338151927437641,-1.04335223,179.17000000000002,0,0,0,0,0,0,0,0,1,0,4,1,0,0,1,0,0,0,0,1,0,0,3,0,2,1,0,0,2,0,0,0,0,0,0,0,0,0,0,0,0,0,0,1.575408163265306,0,-2.645115268,-0.497037037,0,0,5.442277966742252,0,0,0,0,8.631006550768456,0,0,9.994466175359031,0,-2.056611867,0.6406944444444442,0,0,21.374122102544725,0,0,0,0,0,0,0.2485869841269882,0.7638256636174618,2360.945516081961,0.1066897862713515,0.4477600006396571,-0.575691429,6,2,4,8,0,0,0,0,2,0.4,0,0,0,0,0,0,0,0,0,0,0,0,0,1,0,0,0,0,0,0,0,0,0,0,0,0,1,0,0,0,0,0,0,0,0,0,0,0,0,0.3,2,0,0,280,271.2947
10,O=[N+]([O-])N(c1nc(Nc2nnn[nH]2)nc(N(c2nnn[nH]2)[N+](=O)[O-])n1)c1nnn[nH]1,4,24,0,0,0,0,4,4,17,4,24,4,8,0,4,0,0,2,0,0,420.2340000000001,0.3139151765314676,-0.291407102,11.540919154698916,0.0823425820945651,-0.9785782,306.8399999999999,0,0,0,0,0,0,0,0,0,0,6,0,0,0,0,0,0,1,3,0,0,0,12,2,2,0,0,0,2,0,0,0,0,0,0,0,0,0,0,0,0,0,0,0,0,-2.957591805,0,0,0,0,0,0,2.4667356386999244,6.623514266817838,0,0,0,41.23273022171832,0.428091458805744,-1.9571564,0,0,0,23.08183830939783,0,0,0,0,0,0,0.4708544195290355,0.5771487197810035,6754.941136264244,0.5106314800420907,0.6662954449187832,-0.380740254,6,4,4,20,2,0,0,0,0,0.2352941176470588,0,0,0,0,0,0,0,0,0,0,0,0,0,1,0,0,0,0,0,0,0,0,0,0,0,0,0,0,0,0,0,0,0,0,3,0,0,0,0,0.6176470588235294,0,0,0,279.11,134.37114
11,O=[N+]([O-])c1c(I)c([N+](=O)[O-])c(I)c([N+](=O)[O-])c1I,0,9,0,0,0,1,0,1,6,0,12,1,3,0,0,0,0,3,3,0,590.7930000000001,0.3094536971483552,-0.258236272,10.851843688586545,0.2203703703703698,-0.861481481,129.42000000000002,0,0,0,0,0,0,0,0,0,0,6,0,0,0,0,0,0,0,0,0,0,0,0,0,3,0,0,0,3,0,0,0,0,0,3,0,0,0,0,0,0,0,0,0,0,-2.508288889,0,0,0,0,0,0,0,0,0,0,0,0,0,-2.584444444,0,0,0,32.55553106575964,0,0,0,0,0,4.34167120181406,0.5151034801675723,0.51660654529709,6445.709341434643,0.3620729743334264,0.0710908897024846,-0.162493462,6,0,6,3,0,0,0,0,3,0.6666666666666666,0,0,0,1,0,0,0,0,0,0,0,0,0,0,0,0,0,0,0,0,0,0,0,0,0,0,0,0,0,0,0,0,0,0,0,0,0,0,0,0,1,1,0,367,258.45276
12,O=[N+]([O-])N1CN([N+](=O)[O-])CN([N+](=O)[O-])CN([N+](=O)[O-])C1,0,16,0,1,1,0,0,0,8,0,16,1,4,0,0,0,0,4,0,0,296.15600000000006,0.2121302706465247,-0.234539305,10.65655470521542,0.1973072562358275,-1.060694444,185.52,0,0,4,0,0,0,0,0,0,0,0,0,0,0,0,0,0,0,0,0,0,0,0,4,4,0,0,0,4,0,0,0,0,0,0,0,0,-3.798888889,0,0,0,0,0,0,0,0,0,0,0,0,0,0,0,0,0,0,0,0,0.7892290249433114,-4.242777778,0,0,0,42.62621882086168,0,0,0,0,0,0,0.6369994862537834,0.9817997775065582,1787.1739946909547,1.1993902909019938,0.378179067788598,-0.216102324,4,8,8,8,4,0,0,0,0,0.5714285714285714,0,0,0,0,0,0,0,0,0,0,0,0,0,0,0,0,0,0,0,0,0,0,0,0,0,0,0,0,0,0,0,0,0,0,0,0,0,0,0,0,1,1,0,279,146.83452
13,O=[N+]([O-])c1n[nH]c([N+](=O)[O-])c1Nc1nnn[nH]1,3,13,0,0,0,0,2,2,9,3,13,2,4,0,3,0,0,2,0,0,241.12700000000004,0.4435400966946549,-0.357749776,10.596015684051398,0.0855555555555551,-0.879334845,181.45,0,0,0,0,0,0,0,0,0,0,4,0,0,0,0,0,0,1,2,0,0,0,4,0,2,0,0,0,2,0,0,0,0,0,0,0,0,0,0,0,0,0,0,0,0,-1.905231481,0,0,0,0,0,0,2.295046296296296,4.169374527588813,0,0,0,12.98027872260015,0,-1.734364135,0,0,0,21.1807813681028,0,0,0,0,0,0,0.4336431291957748,0.6542010257004416,1873.8542455716715,0.5138626441506584,0.5225462100884595,-0.364952909,4,3,4,9,0,0,0,0,2,0.4,0,0,0,0,0,0,0,0,0,0,0,0,0,0,0,0,0,0,0,0,0,0,0,0,0,0,1,0,0,0,0,0,0,0,1,0,0,0,0,0.25,0,0,0,279,238.77979
14,O=[N+]([O-])c1cn(-c2cc([N+](=O)[O-])c([N+](=O)[O-])c([N+](=O)[O-])c2)cn1,0,14,0,0,0,1,1,2,10,0,14,2,5,0,0,0,0,4,3,0,324.165,0.421956957408109,-0.35775673,10.94340262030738,0.2549999999999994,-1.279291646,190.38,0,0,0,0,0,4,0,0,0,0,5,0,0,0,0,0,0,0,0,0,0,0,1,0,4,1,0,0,4,0,0,0,0,0,0,0,0,0,0,0,3.1333805744520027,0,0,0,0,-4.367842551,0,0,0,0,0,0,0,0,0,0,0,3.3889608528596624,0,-4.387826121,0.9046220710506424,0,0,43.33101925338036,0,0,0,0,0,0,0.227859688772743,0.8062129708408322,4757.383352020693,0.3745858294786102,0.2591272962842997,-0.592290963,9,4,8,6,0,0,0,0,4,0.5925925925925926,0,0,0,1,0,0,0,0,0,0,0,0,0,0,0,0,0,0,0,0,0,0,0,0,0,1,0,0,0,0,0,0,0,0,0,0,0,0,0,0,0,0,0,279,238.0187
15,O=[N+]([O-])c1nonc1-c1nnc(N=Nc2nnc(-c3nonc3[N+](=O)[O-])o2)o1,0,20,0,0,0,0,4,4,18,0,20,4,6,0,0,0,0,2,0,0,392.16400000000016,0.4472826129468763,-0.398489071,10.764815906919637,0.4051718405452165,-0.86593301,266.6799999999999,0,0,0,0,0,0,0,0,0,0,8,0,0,0,0,0,0,0,0,0,0,2,8,0,2,0,0,0,2,0,4,0,0,0,0,0,0,0,0,0,0,0,0,0,0,-4.02794154,0,0,0,0,0,0,0,0,0,0,6.960424067775259,26.582974875638044,0,-1.731866019,0,0,0,21.529631813839277,0,18.49047832102264,0,0,0,0,0.0674712452239302,0.9415229707679698,11326.055388822508,0.2415959014280427,0.4283922032619005,-0.32639406,8,0,8,12,0,0,0,0,2,0.2857142857142857,0,0,0,0,0,0,0,0,0,0,0,0,0,0,0,0,0,0,0,0,0,0,0,0,2,2,0,0,0,0,0,0,0,0,0,0,0,0,0,0.3571428571428571,0,0,0,278,214.3311
16,O=[N+]([O-])c1nonc1-c1nnc(/N=N/c2nnc(-c3nonc3[N+](=O)[O-])o2)o1,0,20,0,0,0,0,4,4,18,0,20,4,6,0,0,0,0,2,0,0,392.16400000000016,0.4472826129468763,-0.398489071,10.764815906919637,0.4051718405452165,-0.86593301,266.6799999999999,0,0,0,0,0,0,0,0,0,0,8,0,0,0,0,0,0,0,0,0,0,2,8,0,2,0,0,0,2,0,4,0,0,0,0,0,0,0,0,0,0,0,0,0,0,-4.02794154,0,0,0,0,0,0,0,0,0,0,6.960424067775259,26.582974875638044,0,-1.731866019,0,0,0,21.529631813839277,0,18.49047832102264,0,0,0,0,0.1510626550061889,0.8585520804174712,8813.231204714823,0.1864155359903409,0.4283922032619005,-0.32639406,8,0,8,12,0,0,0,0,2,0.2857142857142857,0,0,0,0,0,0,0,0,0,0,0,0,0,0,0,0,0,0,0,0,0,0,0,0,2,2,0,0,0,0,0,0,0,0,0,0,0,0,0,0.3571428571428571,0,0,0,278,233.5106
17,O=[N+]([O-])c1n[nH]c(-c2n[nH]cc2[N+](=O)[O-])n1,2,11,0,0,0,0,2,2,7,2,11,2,3,0,2,0,0,2,0,0,225.124,0.4909757940262977,-0.389691281,10.54647156084656,0.1337037037037032,-0.820944822,156.53000000000003,0,0,0,0,0,1,0,0,0,0,4,0,0,0,0,0,0,0,2,0,0,0,3,0,2,0,0,0,2,0,0,0,0,0,0,0,0,0,0,0,1.045324074074074,0,0,0,0,-1.288337113,0,0,0,0,0,0,0,4.462403155706728,0,0,0,10.260367535903251,0,-1.508259637,0,0,0,20.847584325396824,0,0,0,0,0,0,0.2585326366613918,0.765113864236758,1921.3793349452533,0.2290863909999493,0.4353156482649561,-0.533039569,5,3,4,7,0,0,0,0,2,0.4210526315789473,0,0,0,0,0,0,0,0,0,0,0,0,0,0,0,0,0,0,0,0,0,0,0,0,0,1,0,0,0,0,1,0,0,0,0,0,0,0,0,0,0,0,0,278,265.1789
18,[N-]=[N+]=C1C(n2nc([N+](=O)[O-])c(N)c2[N+](=O)[O-])=NN=C1n1nc([N+](=O)[O-])c(N)c1[N+](=O)[O-],4,22,0,1,1,0,2,2,16,2,22,3,4,0,0,2,0,4,0,0,436.2210000000002,0.4587038680253381,-0.38460838,11.29710829087272,0.1866301335348952,-1.16341716,321.36,0,0,0,0,0,0,0,0,0,3,6,0,0,0,2,0,0,0,0,0,0,2,2,0,4,2,0,0,4,0,0,0,0,0,0,0,0,0,0,0,0,0,0,0,-2.563851096,-6.579642464,0,0,0,10.733615128124509,0,0,0,0,0,0,6.789346182917612,6.611474237843286,0,-4.614465918,0.3732602670697904,0,0,44.58930731592709,0,0,0,0,0,0,0.219262553375136,0.8301802951847687,8415.201507862403,0.4767619152368226,0.4493135360287559,-0.440143872,9,4,8,14,0,0,0,0,4,0.4571428571428571,0,0,0,0,0,0,0,0,0,0,0,0,0,0,0,0,0,0,0,0,0,0,0,0,1,0,2,0,0,0,0,0,0,0,0,0,0,0,0,0.1428571428571428,0,0,0,278,283.66864
19,O=[N+]([O-])c1nnn2c1-c1c([N+](=O)[O-])nnn1CC2,0,12,0,1,1,0,2,2,10,0,12,3,2,2,0,0,0,2,0,0,252.15,0.4200101483666524,-0.357684843,10.816625094482236,0.0389351851851846,-0.744822373,147.7,0,0,2,0,0,0,0,0,0,0,4,0,0,0,0,0,0,0,0,0,0,0,4,0,2,2,0,0,2,0,0,0,0,0,0,0,0,0.5906500377928947,0,0,0,0,0,0,0,-1.158703704,0,0,0,0,0,0,0,0,0,0,0,13.978049886621315,0,-1.489644747,2.479814814814815,0,0,21.633250188964475,0,0,0,0,0,0,0.4646533091320257,0.6275716329959369,1732.8627930428654,0.4852217282677676,0.444180051556613,-0.634542931,6,4,4,8,0,0,0,0,2,0.3636363636363636,0,0,0,0,0,0,0,0,0,1,0,0,0,0,0,0,0,0,0,0,0,0,0,0,0,0,0,0,0,0,2,0,0,0,0,0,0,0,0,0.2727272727272727,3,1,0,277,286.0677
20,Nc1nnnn1CCn1nc([N+](=O)[O-])nc1N,4,12,0,0,0,0,2,2,11,2,12,2,4,2,0,2,0,1,0,0,240.187,0.4925721559336199,-0.38969061,10.40763327244478,0.0524574829931969,-0.723966049,169.49000000000004,0,0,2,0,0,0,0,0,0,0,3,0,0,0,2,0,0,0,0,0,0,0,5,0,1,2,0,0,1,0,0,0,0,0,0,0,0,0.5054176114890401,0,0,0,0,0,0,0,-0.464148505,0,0,0,10.887690224237843,0,0,0,0,0,0,0,17.487471655328797,0,-0.723966049,2.492268518518518,0,0,10.40763327244478,0,0,0,0,0,0,0.155130010319163,0.8642645127387625,2905.939937030398,0.3924200702959242,0.5828791733107952,-0.799377152,5,8,2,10,0,0,0,0,1,0.16,0,0,0,0,0,0,0,0,0,0,0,0,0,0,0,0,0,0,0,0,0,0,0,0,0,0,0,0,0,0,1,0,0,0,1,0,0,0,0,0.2,0,0,0,277,297.54205
21,O=[N+]([O-])c1nn2c(c1[N+](=O)[O-])Nc1c([N+](=O)[O-])c([N+](=O)[O-])nn1CCC2,1,17,0,1,1,0,2,2,13,1,17,3,4,2,1,0,0,4,0,0,369.2100000000002,0.4696821791535365,-0.357561004,11.244938665280928,0.0159637188208614,-1.063625913,220.23,0,0,3,0,0,0,0,0,0,0,6,0,0,0,0,0,0,1,0,0,0,0,2,0,4,2,0,0,4,0,0,0,0,0,0,0,0,0.1284467120181405,0,0,0,0,0,0,0,-5.130060994,0,0,0,0,0,0,2.3021296296296296,0,0,0,0,7.085068342151676,0,-4.25319035,1.837947845804989,0,0,44.514829407071474,0,0,0,0,0,0,0.3351995214406181,0.7893459508551799,4411.942634646852,0.7534819802542702,0.3412691963922971,-0.585032908,9,7,8,9,0,0,0,0,4,0.4848484848484848,0,0,0,0,0,0,0,0,0,0,0,0,0,0,0,0,0,0,0,0,0,0,0,0,0,0,2,0,0,0,0,0,0,0,0,0,0,0,0,0,3,1,0,276,268.27255
22,O=[N+]([O-])c1cc([N+](=O)[O-])c2[n-][n+]3nc4c([N+](=O)[O-])cc([N+](=O)[O-])nc4n3c2c1,0,17,0,0,0,1,3,4,11,0,17,4,4,0,0,0,0,4,2,2,389.2000000000001,0.3709711836507223,-0.357793767,11.248644914756026,0.2308371126228261,-0.97226285,220.95,0,0,0,0,0,3,0,0,0,0,4,4,0,0,0,0,0,0,0,0,0,0,3,0,4,2,0,0,4,0,0,0,0,0,0,0,0,0,0,0,2.209400982615268,0,0,0,0,-2.995534979,-1.357397959,0,0,0,0,0,0,0,0,0,0,11.292868480725623,0,-3.673310658,1.5698922902494328,0,0,44.643707587973466,0,0,0,0,0,0,0.2851689513400318,0.7148310488502527,6646.353720313797,2.35367171615051e-05,0.3237410071942445,-0.637204522,11,3,8,9,0,0,0,0,4,0.5161290322580645,0,0,1,0,0,0,0,1,0,0,0,0,0,0,0,0,0,0,0,0,0,0,0,0,0,0,0,0,0,2,0,0,0,0,0,0,0,0,0,0.3225806451612903,4,0,0,366,249.7766
23,Nc1c([N+](=O)[O-])c(N)[n+]([O-])c(N)[n+]1[O-],6,10,0,0,0,0,1,1,7,3,10,1,1,0,0,3,0,1,0,0,202.13,0.4513857275672629,-0.706296459,10.952685185185183,0.2624074074074074,-1.034814815,175.07999999999998,0,0,0,0,0,0,0,0,0,0,4,0,0,0,3,0,0,0,0,0,0,0,0,0,1,2,0,0,1,0,0,0,0,0,0,0,0,0,0,0,0,0,0,0,0,-3.468518519,0,0,0,15.072180650037794,0,0,0,0,0,0,0,0,0,-1.034814815,-0.524814815,0,0,10.358631897203326,0,0,0,0,0,0,0.4020220981763299,0.6477492842373938,1251.5101177060185,0.1282044068807114,0.4155741354573788,-0.554098847,4,6,4,6,0,0,0,0,1,0.2,0,0,0,0,0,0,0,0,0,0,1,0,0,0,0,0,0,0,0,0,0,0,0,0,0,0,0,0,0,0,0,0,0,0,0,0,0,0,0,0,1,1,0,276,361.3911
24,NC(N)=C(c1ncnc(N)n1)[N+](=O)[O-],6,9,0,0,0,0,1,1,8,3,9,1,2,0,0,3,0,1,0,0,197.158,0.352354476457986,-0.379857112,10.49915343915344,0.1429629629629627,-0.787592593,159.87,0,0,0,0,0,1,0,0,0,2,2,0,0,0,3,0,0,0,0,0,0,0,3,0,1,0,0,0,1,0,0,0,0,0,0,0,0,0,0,0,1.0318518518518518,0,0,0,-1.069722222,-0.404537037,0,0,0,15.39605253212396,0,0,0,0,0,0,0,10.502307256235827,0,-0.787592593,0,0,0,10.49915343915344,0,0,0,0,0,0,0.3245832545635085,0.7654494291558936,1337.4070067593632,0.5530339311396754,0.4970632690532464,-0.933261648,5,7,2,7,0,0,0,0,1,0.1904761904761904,0,0,0,0,0,0,0,0,0,0,0,0,0,1,0,0,0,0,0,0,0,0,0,0,0,0,0,0,0,0,0,0,0,0,0,0,0,0,0,0.2857142857142857,1,0,0,276,295.9895
25,COc1c([N+](=O)[O-])cc(-n2cc([N+](=O)[O-])c([N+](=O)[O-])n2)cc1[N+](=O)[O-],0,15,0,0,0,1,1,2,11,0,15,2,6,0,0,0,0,4,2,0,354.1910000000001,0.4676584565239299,-0.48536341,11.084445074326029,0.3653703703703701,-1.124025731,199.61,1,0,0,0,0,3,0,0,0,0,6,0,0,0,0,0,0,0,0,0,0,0,1,0,4,1,0,0,4,1,0,0,0,0,0,0.9847236038839576,0,0,0,0,2.1864720332577474,0,0,0,0,-4.73373504,0,0,0,0,0,0,0,0,0,0,0,3.34750141723356,0,-4.140593663,0.5651851851851852,0,0,43.812280346584096,4.6658857709750565,0,0,0,0,0,0.2314858950266491,0.7934891853702757,5798.97083864556,0.461173223423819,0.2371601762890643,-0.632427137,10,6,9,6,0,0,0,0,4,0.5161290322580645,0,0,1,0,0,0,0,0,0,0,0,0,0,0,0,0,0,0,0,0,0,0,0,0,0,0,1,0,0,0,0,0,0,0,0,0,0,0,0,0,0,0,0,276,240.22078
26,NC1C([N+](=O)[O-])N=Nc2ncnn21,2,9,0,1,1,0,1,1,8,1,9,2,1,0,0,1,0,1,0,0,183.13100000000003,0.3553547438326226,-0.301861197,10.406729024943312,0.1857407407407412,-1.283148148,124.59,0,0,0,0,0,1,2,0,0,0,1,0,0,0,1,0,0,0,0,0,0,2,2,0,1,1,0,0,1,0,0,0,0,0,0,0,0,0,0,0,1.2187887377173092,-2.222962963,0,0,0,0.1857407407407412,0,0,0,5.501018518518519,0,0,0,0,0,0,6.899907407407408,7.382568027210884,0,-0.612314815,1.1671296296296296,0,0,10.406729024943312,0,0,0,0,0,0,0.2478928201055715,0.883800848122053,1001.8307724813216,0.6831232985360112,0.5351360501498925,-0.742637784,4,5,2,7,0,0,0,0,1,0.2222222222222222,0,0,0,0,0,0,0,0,0,0,0,0,0,0,1,0,0,0,0,0,0,0,0,0,0,0,0,0,0,1,0,0,0,0,0,0,0,0,0,0.2777777777777778,2,0,0,275.6,231.88998
27,Nc1c([N+](=O)[O-])cc(-n2cncc2[N+](=O)[O-])cc1[N+](=O)[O-],2,12,0,0,0,1,1,2,9,1,12,2,4,0,0,1,0,3,2,0,294.18300000000005,0.347289773178528,-0.387495853,10.881393613000755,0.16037037037037,-0.908139645,173.26,0,0,0,0,0,4,0,0,0,0,5,0,0,0,1,0,0,0,0,0,0,0,1,0,3,1,0,0,3,0,0,0,0,0,0,0,0,0,0,0,3.721387944066516,0,0,0,0,-2.72585034,0,0,0,5.363227040816327,0,0,0,0,0,0,0,3.54156887755102,0,-2.593041383,0.8744444444444444,0,0,32.57579837490552,0,0,0,0,0,0,0.3995153843441407,0.7296401601432213,3038.222417466852,0.5986687108616716,0.2855365537777507,-0.815818725,9,6,6,6,0,0,0,0,3,0.4444444444444444,0,0,1,0,0,0,0,0,0,0,0,0,0,0,0,0,0,0,0,0,0,0,0,0,0,1,0,0,0,0,0,0,0,0,0,0,0,0,0,0,0,0,0,275,250.03908
28,NC(N)=C(c1nnn[nH]1)[N+](=O)[O-],5,9,0,0,0,0,1,1,7,3,9,1,2,0,1,2,0,1,0,0,171.12,0.3536284602959113,-0.379856369,10.31148148148148,0.1666666666666663,-0.766342593,149.64,0,0,0,0,0,0,0,0,0,2,1,0,0,0,2,0,0,0,1,0,0,0,3,0,1,0,0,0,1,0,0,0,0,0,0,0,0,0,0,0,0,0,0,0,-0.973564815,-0.166666667,0,0,0,10.057962962962964,0,0,0,2.1681481481481484,0,0,0,9.5575,0,-0.766342593,0,0,0,10.31148148148148,0,0,0,0,0,0,0.3937170979071,0.714309228443837,896.5713115959605,0.4132509806483163,0.5726975222066384,-0.607760636,3,5,2,7,0,0,0,0,1,0.2352941176470588,0,0,0,0,0,0,0,0,0,0,0,0,0,0,0,0,0,0,0,0,0,0,0,0,0,0,0,0,0,0,0,0,0,0,1,0,0,0,0,0.2941176470588235,1,0,0,275,278.6844
29,O=[N+]([O-])c1n[nH]c(-c2noc(-c3[nH]nc([N+](=O)[O-])c3[N+](=O)[O-])n2)c1[N+](=O)[O-],2,19,0,0,0,0,3,3,13,2,19,3,6,0,2,0,0,4,0,0,382.1650000000001,0.4678827056996833,-0.357561866,11.054475081329338,0.6075453514739222,-1.12693642,268.84,0,0,0,0,0,0,0,0,0,0,8,0,0,0,0,0,0,0,2,0,0,0,4,0,4,0,0,0,4,0,1,0,0,0,0,0,0,0,0,0,0,0,0,0,0,-6.936724524,0,0,0,0,0,0,0,3.974113914084152,0,0,0,13.23671065643378,0,-4.484570649,0,0,0,43.67497382195659,0,4.693856292517006,0,0,0,0,0.1763968667009761,0.8379339265758355,6373.190778281222,0.1963064950255512,0.3663339133620293,-0.334933864,8,2,9,10,0,0,0,0,4,0.5517241379310345,0,0,0,0,0,0,0,0,0,0,0,0,0,0,0,0,0,0,0,0,0,0,0,0,1,0,2,0,0,0,0,0,0,0,0,0,0,0,0,0.1724137931034483,0,0,0,274,263.59137
30,O=[N+]([O-])c1cnc(NNc2ncc([N+](=O)[O-])cc2[N+](=O)[O-])c([N+](=O)[O-])c1,2,16,0,0,0,0,2,2,12,2,16,2,7,0,2,0,0,4,0,0,366.2060000000001,0.3194896990814714,-0.276904594,10.97905474035344,0.4906937620727298,-0.956656449,222.4,0,0,0,0,0,4,0,0,0,0,6,0,0,0,0,0,0,2,0,0,0,0,2,0,4,0,0,0,4,0,0,0,0,0,0,0,0,0,0,0,2.7289297600480857,0,0,0,0,-3.818505674,0,0,0,0,0,0,4.3176445578231295,0,0,0,0,6.987418115394306,0,-3.691221443,0,0,0,43.23786734149032,0,0,0,0,0,0,0.1490172493318396,0.9013547170502616,6886.682796655869,0.5097629858560607,0.3058387901891285,-0.655368836,10,6,8,8,0,0,0,0,4,0.5,0,0,0,0,0,0,0,2,0,0,0,0,0,0,0,0,0,0,0,0,0,0,0,0,0,0,0,0,0,0,0,0,0,0,0,0,0,0,0,0,0,0,0,274,265.82718
31,Nc1c(-c2nnn[nH]2)[n+]([O-])nc2c([N+](=O)[O-])c([N+](=O)[O-])nn12,3,16,0,0,0,0,3,3,12,2,16,3,3,0,1,1,0,2,0,0,309.16200000000003,0.4705785657784029,-0.59359955,11.882781557067272,0.0919982993197279,-1.099958428,223.89,0,0,0,0,0,0,0,0,0,0,5,1,0,0,1,0,0,0,1,0,0,0,5,0,2,2,0,0,2,0,0,0,0,0,0,0,0,0,0,0,0,0,0,0,0,-3.205702003,-0.680162509,0,0,5.672416855631141,0,0,0,2.244823790627362,0,0,0,16.65805650037793,0,-2.167007905,0.5077239229024944,0,0,21.793534895439656,0,0,0,0,0,0,0.1956895772217962,0.8237103668818003,3841.6505994615104,0.261136150722857,0.4981207263505864,-0.439898823,6,3,5,11,0,0,0,0,2,0.32,0,0,0,0,0,0,0,0,0,0,0,0,0,1,0,0,0,0,0,0,0,0,0,0,0,0,1,0,0,0,0,0,0,0,1,0,0,0,0,0.44,2,0,0,273,257.82538
32,O=[N+]([O-])c1n[nH]c(-c2nc(-c3noc(-c4[nH]nc([N+](=O)[O-])c4[N+](=O)[O-])n3)no2)c1[N+](=O)[O-],2,22,0,0,0,0,4,4,16,2,22,4,7,0,2,0,0,4,0,0,450.2000000000002,0.4678827057303726,-0.357561859,11.154521214546604,0.4460934219366754,-1.099835864,307.75999999999993,0,0,0,0,0,0,0,0,0,0,10,0,0,0,0,0,0,0,2,0,0,0,6,0,4,0,0,0,4,0,2,0,0,0,0,0,0,0,0,0,0,0,0,0,0,-7.52191088,0,0,0,0,0,0,0,4.073112997063144,0,0,0,20.76015658718345,0,-4.371159851,0,0,0,44.06048694259289,0,9.605493928236534,0,0,0,0,0.0806600398282195,0.9278809116507458,13689.738846742011,0.2111796987381302,0.3731674811195022,-0.390937361,10,2,10,12,0,0,0,0,4,0.4705882352941176,0,0,0,0,0,0,0,0,0,0,0,0,0,0,0,0,0,0,0,0,0,0,0,0,2,0,2,0,0,0,0,0,0,0,0,0,0,0,0,0.2941176470588235,0,0,0,272,249.0171
33,O=[N+]([O-])c1c[nH]nc1-c1n[nH]cc1[N+](=O)[O-],2,10,0,0,0,0,2,2,6,2,10,2,3,0,2,0,0,2,0,0,224.136,0.3161455623923546,-0.277861825,10.596936885865455,0.1685648148148144,-0.697183485,143.64,0,0,0,0,0,2,0,0,0,0,4,0,0,0,0,0,0,0,2,0,0,0,2,0,2,0,0,0,2,0,0,0,0,0,0,0,0,0,0,0,2.070910808767952,0,0,0,0,-1.068240741,0,0,0,0,0,0,0,4.531912320483749,0,0,0,7.138703703703704,0,-1.394366969,0,0,0,21.193873771730917,0,0,0,0,0,0,0.3678585314828105,0.7353734281635539,1585.3890835028376,0.4831922144350914,0.3747724595781132,-0.713852304,6,4,4,6,0,0,0,0,2,0.4,0,0,0,0,0,0,0,0,0,0,0,0,0,0,0,0,0,0,0,0,0,0,0,0,0,2,0,0,0,0,0,0,0,0,0,0,0,0,0,0,0,0,0,365,312.76764
34,O=[N+]([O-])c1c[nH]nc1-c1nc(-c2nonc2[N+](=O)[O-])no1,1,14,0,0,0,0,3,3,11,1,14,3,4,0,1,0,0,2,0,0,294.14300000000003,0.4456231020899294,-0.357639441,10.764128453850676,0.2103174603174598,-0.8483516,192.8,0,0,0,0,0,1,0,0,0,0,6,0,0,0,0,0,0,0,1,0,0,0,5,0,2,0,0,0,2,0,2,0,0,0,0,0,0,0,0,0,1.0270959309649783,0,0,0,0,-2.297780665,0,0,0,0,0,0,0,2.2776472348198538,0,0,0,17.139825680272107,0,-1.553894558,0,0,0,21.44944171495759,0,9.008222946586042,0,0,0,0,0.1961334548283532,0.8386339978197991,3669.897962600685,0.328755805320951,0.3807671778692677,-0.4895578,7,2,6,8,0,0,0,0,2,0.3478260869565217,0,0,0,0,0,0,0,0,0,0,0,0,0,0,0,0,0,0,0,0,0,0,0,0,1,2,0,0,0,0,0,0,0,0,0,0,0,0,0,0.217391304347826,0,0,0,272,240.85287
35,Nn1nc([N+](=O)[O-])nc1-c1nc([N+](=O)[O-])nn1N,4,14,0,0,0,0,2,2,12,2,14,2,3,0,0,2,0,2,0,0,256.142,0.4930867288030342,-0.38969046,10.425517605190224,0.3288888888888885,-0.890378559,199.74000000000004,0,0,0,0,0,0,0,0,0,0,4,0,0,0,2,0,0,0,0,0,0,0,4,0,2,2,0,0,2,0,0,0,0,0,0,0,0,0,0,0,0,0,0,0,0,-2.244531368,0,0,0,10.59505857898715,0,0,0,0,0,0,0,13.34873015873016,0,-1.780757118,1.046095993953137,0,0,20.85103521038045,0,0,0,0,0,0,0.2158334847512521,0.847058452677455,2795.599297437954,0.6137508461758862,0.5465718234416845,-0.374792108,4,4,4,10,0,0,0,0,2,0.3636363636363636,0,0,0,0,0,0,0,0,0,0,0,0,0,0,0,0,0,0,0,0,0,0,0,0,0,0,0,0,0,0,2,0,0,0,0,0,0,0,0,0,0,0,0,271,297.4417
36,Nc1c([N+](=O)[O-])c(N)[n+]([O-])c(=O)n1O,5,10,0,0,0,0,1,1,8,3,10,1,1,0,0,2,0,1,0,0,203.114,0.4816726292783811,-0.737296297,10.805185185185184,0.3457407407407409,-1.508703704,164.35,0,0,0,0,0,0,0,0,0,0,3,0,0,0,2,0,0,0,0,0,0,0,0,0,1,2,0,1,2,0,0,0,0,0,0,0,0,0,0,0,0,0,0,0,0,-2.880092593,0,0,0,9.951574074074074,0,0,0,0,0,0,0,0,0,-1.078148148,-0.878981481,0,8.839629629629629,21.09101851851852,0,0,0,0,0,0,0.410047210343511,0.6402352069455556,1238.532919831853,0.1345195684527297,0.3446340478745925,-0.433254232,4,5,5,5,0,0,0,0,1,0.2105263157894736,0,0,0,0,0,0,0,0,0,0,1,0,0,0,0,0,0,0,0,0,0,0,0,0,0,0,0,0,0,0,0,0,0,0,0,0,0,0,0,0,1,0,0,271,325.77493
37,O=c1[nH]cc([N+](=O)[O-])nc1-c1n[nH]/c(=N/[N+](=O)[O-])o1,2,13,0,0,0,0,2,2,8,2,13,2,3,0,2,0,0,2,0,0,269.13300000000004,0.3863588390689731,-0.395313352,11.406887282690851,0.4670833333333333,-1.049704979,186.21,0,0,0,0,0,1,0,0,0,0,3,0,0,0,0,0,0,0,2,0,0,1,2,0,2,0,0,0,3,0,1,0,0,0,0,0,0,0,0,0,0.7924551209372639,0,0,0,0,-1.609849091,0,0,0,0,0,0,0,4.084104544595617,0,0,2.756415028974553,6.80973544973545,0,-1.888592451,0,0,0,31.990812363525656,0,4.71598544973545,0,0,0,0,0.2760233100406978,0.7239766899598801,3121.434353277792,1.718857381298203e-06,0.3641322320191133,-0.445876202,6,3,6,7,1,0,0,0,1,0.3636363636363636,0,0,0,0,0,0,0,0,0,0,1,0,0,0,0,0,0,0,0,0,0,0,0,0,1,0,0,0,0,0,0,0,0,0,0,0,0,0,0,0.2272727272727272,0,0,0,270,199.8164
38,Nc1nc([N+](=O)[O-])nn1-c1c([N+](=O)[O-])n[nH]c1[N+](=O)[O-],3,15,0,0,0,0,2,2,11,2,15,2,4,0,1,1,0,3,0,0,285.136,0.4929576763272746,-0.389690468,10.758483087679515,0.4006944444444444,-1.035925926,214.83,0,0,0,0,0,0,0,0,0,0,5,0,0,0,1,0,0,0,1,0,0,0,3,0,3,1,0,0,3,0,0,0,0,0,0,0,0,0,0,0,0,0,0,0,0,-4.221211262,0,0,0,5.306490929705214,0,0,0,1.814579081632653,0,0,0,9.589896069538929,0,-3.056862245,0.4006944444444444,0,0,31.99987315759637,0,0,0,0,0,0,0.4281644118311989,0.7248215950474506,2533.4631352116376,0.808184310334442,0.4418943942539701,-0.308624656,5,3,6,9,0,0,0,0,3,0.5217391304347826,0,0,0,0,0,0,0,0,0,0,0,0,0,0,0,0,0,0,0,0,0,0,0,0,0,0,1,0,0,0,1,0,0,0,0,0,0,0,0,0,0,0,0,270,247.19334
39,Cn1nc([N+](=O)[O-])c(N)c1[N+](=O)[O-],2,9,0,0,0,0,1,1,7,1,9,1,2,1,0,1,0,2,0,0,187.115,0.4430402933633712,-0.384624709,10.320648148148148,0.5300925925925923,-0.872685185,130.12,1,0,0,0,0,0,0,0,0,0,3,0,0,0,1,0,0,0,0,0,0,0,1,0,2,1,0,0,2,0,0,0,0,0,0,1.209814814814815,0,0,0,0,0,0,0,0,0,-1.807037037,0,0,0,5.139351851851852,0,0,0,0,0,0,0,3.281851851851852,0,-1.696759259,0.7574074074074073,0,0,20.557685185185186,0,0,0,0,0,0,0.2796959272355319,0.7347557869729296,1212.4635081709932,0.196969772678189,0.374101488389493,-0.555807926,4,5,4,5,0,0,0,0,2,0.4444444444444444,0,0,0,0,0,0,0,0,0,0,0,0,0,0,0,0,0,0,0,0,0,0,0,0,0,0,1,0,0,0,0,0,0,0,0,0,0,0,0,0,1,0,0,270,305.7073
40,O=[N+]([O-])c1noc(N=C2NCN([N+](=O)[O-])CN2)n1,2,13,0,1,1,0,1,1,8,2,13,2,3,0,2,0,0,2,0,0,258.154,0.5116971718287155,-0.389657097,10.393417930073774,0.0743415375409424,-0.829974088,164.86,0,0,2,0,0,0,0,0,0,1,2,0,0,0,0,0,0,2,0,0,0,1,2,1,2,0,0,0,2,0,1,0,0,0,0,0,0,-0.148683075,0,0,0,0,0,0,0.1450444066515497,-1.038582819,0,0,0,0,0,0,5.126010015117158,0,0,0,3.715345804988662,6.424055492567398,0.8564332955404383,-1.418942281,0,0,0,20.67704828771117,0,4.4852225844041325,0,0,0,0,0.1409375764195498,0.8714834601192855,3506.707073188284,0.3500835250863246,0.4338495626641462,-0.495828072,5,6,5,8,1,0,0,0,1,0.3333333333333333,0,0,0,0,0,0,0,0,0,0,0,0,0,0,1,0,0,0,0,0,0,0,0,0,0,1,0,0,0,0,0,0,0,0,0,0,0,0,0,0,0,0,0,269,224.16087
41,Cc1cc(C)n2nc([N+](=O)[O-])nc2n1,0,7,0,0,0,0,2,2,6,0,7,2,1,2,0,0,0,1,0,0,193.16600000000005,0.4930320934030681,-0.389690461,10.406235355253212,0.2585185185185188,-0.635462963,86.22,2,0,0,0,0,1,0,0,0,0,3,1,0,0,0,0,0,0,0,0,0,0,3,0,1,1,0,0,1,0,0,0,0,0,0,3.5908720710506428,0,0,0,0,1.783140589569161,0,0,0,0,1.107961073318216,0.2585185185185188,0,0,0,0,0,0,0,0,0,0,11.396851851851851,0,-0.635462963,1.3523148148148143,0,0,10.406235355253212,0,0,0,0,0,0,0.2184981230470631,0.7860113095986765,1479.2552128699688,0.1972605970755906,0.362382613917563,-1.283869832,7,7,2,5,0,0,0,0,1,0.1904761904761904,0,0,0,0,0,0,0,0,0,1,0,0,0,0,0,0,0,0,0,0,0,0,0,0,0,0,0,0,0,0,1,0,0,0,0,0,0,0,0,0.2857142857142857,2,0,0,269,268.6489
42,Nn1cc([N+](=O)[O-])nc1[N+](=O)[O-],2,9,0,0,0,0,1,1,7,1,9,1,2,0,0,1,0,2,0,0,173.088,0.4602185627304271,-0.389763438,10.077314814814816,0.4842592592592591,-0.909722222,130.12,0,0,0,0,0,1,0,0,0,0,2,0,0,0,1,0,0,0,0,0,0,0,1,0,2,1,0,0,2,0,0,0,0,0,0,0,0,0,0,0,0.7620370370370371,0,0,0,0,-1.411203704,0,0,0,4.988148148148148,0,0,0,0,0,0,0,3.048611111111111,0,-1.774444444,0.4842592592592591,0,0,20.117962962962963,0,0,0,0,0,0,0.2349037927881996,0.7740293102155927,1105.779924669498,0.0919600186221174,0.4044185616564983,-0.323534849,3,3,4,5,0,0,0,0,2,0.5333333333333333,0,0,0,0,0,0,0,0,0,0,0,0,0,0,0,0,0,0,0,0,0,0,0,0,0,0,1,0,0,0,0,0,0,0,0,0,0,0,0,0,1,0,0,268.8,268.7985
43,Nc1c([N+](=O)[O-])c(N)c([N+](=O)[O-])c(-c2c([N+](=O)[O-])c(N)c([N+](=O)[O-])c(N)c2[N+](=O)[O-])c1[N+](=O)[O-],8,22,0,0,0,2,0,2,16,4,22,2,7,0,0,4,0,6,6,0,484.2540000000003,0.3285708042723536,-0.387400331,11.713286407155454,1.434692478103372,-1.771802721,362.92,0,0,0,0,0,0,0,0,0,0,12,0,0,0,4,0,0,0,0,0,0,0,0,0,6,0,0,0,6,0,0,0,0,0,0,0,0,0,0,0,0,0,0,0,0,-19.34277988,0,0,0,21.61376732174351,0,0,0,0,0,0,0,0,0,-9.125925647,0,0,0,69.42746910109824,0,0,0,0,0,0,0.3948429536052464,0.9495885812341556,5768.613517248971,1.3009293291460375,0.2891044782283677,-0.528648189,12,8,12,10,0,0,0,0,6,0.5714285714285714,0,0,0,2,0,0,0,0,0,0,0,0,0,0,0,0,0,0,0,0,0,0,0,0,0,0,0,0,0,0,0,0,0,0,0,0,0,0,0,0,0,0,0,268,282.25208
44,Nc1n[n+]([O-])nc2[nH]nc([N+](=O)[O-])c12,3,10,0,0,0,0,2,2,7,2,10,2,1,0,1,1,0,1,0,0,197.114,0.4030815150092316,-0.569193149,10.68018896447468,0.0420908919123204,-0.74236489,150.56,0,0,0,0,0,0,0,0,0,0,2,2,0,0,1,0,0,0,1,0,0,0,3,0,1,1,0,0,1,0,0,0,0,0,0,0,0,0,0,0,0,0,0,0,0,-0.78837963,-0.137685185,0,0,5.303703703703704,0,0,0,2.207546296296296,0,0,0,9.805370370370367,0,-0.74236489,-0.042090892,0,0,10.44018896447468,0,0,0,0,0,0,0.2200082975660175,0.7799917024341546,1365.076365722943,9.449409247606812e-07,0.4971742240530859,-0.527613462,4,3,3,7,0,0,0,0,1,0.2352941176470588,0,0,0,0,0,0,0,0,0,0,0,0,0,1,0,0,0,0,0,0,0,0,0,0,0,1,0,0,0,0,0,0,0,0,0,0,0,0,0,0.3529411764705882,2,0,0,365,284.00394
45,Nn1cnnc1-n1ncc2c([N+](=O)[O-])cc([N+](=O)[O-])cc21,2,12,0,0,0,1,2,3,10,1,12,3,3,0,0,1,0,2,2,2,290.199,0.2867806390546978,-0.334997771,11.040487055933484,0.0692554799697664,-0.725246126,160.83000000000004,0,0,0,0,0,4,0,0,0,0,3,2,0,0,1,0,0,0,0,0,0,0,3,0,2,2,0,0,2,0,0,0,0,0,0,0,0,0,0,0,4.450419658604182,0,0,0,0,-0.784843159,0.2677777777777783,0,0,5.581580687830688,0,0,0,0,0,0,0,11.19348434744268,0,-1.439010771,2.18,0,0,21.94196239606954,0,0,0,0,0,0,0.3619960216157397,0.6965161211759612,3146.6351268216254,0.4838210384959439,0.3859420604481752,-0.937287861,9,6,4,8,0,0,0,0,2,0.2962962962962963,0,0,1,0,0,0,0,0,0,0,0,0,0,0,0,0,0,0,0,0,0,0,0,0,1,0,0,0,0,1,0,0,0,0,0,0,0,0,0,0.3703703703703703,2,0,0,267,282.1863
46,NC(N)=C(c1ncn[nH]1)[N+](=O)[O-],5,8,0,0,0,0,1,1,6,3,8,1,2,0,1,2,0,1,0,0,170.13199999999998,0.3516965731021446,-0.379857443,10.33925925925926,0.0555555555555551,-0.726342593,136.75000000000003,0,0,0,0,0,1,0,0,0,2,1,0,0,0,2,0,0,0,1,0,0,0,2,0,1,0,0,0,1,0,0,0,0,0,0,0,0,0,0,0,1.1267592592592592,0,0,0,-0.871064815,-0.055555556,0,0,0,10.113518518518518,0,0,0,2.279259259259259,0,0,0,6.954907407407408,0,-0.726342593,0,0,0,10.33925925925926,0,0,0,0,0,0,0.3819026321164215,0.6949214613376326,910.9022121761088,0.4294264607332081,0.4937342769143957,-0.846401618,4,6,2,6,0,0,0,0,1,0.2222222222222222,0,0,0,0,0,0,0,0,0,0,0,0,0,0,0,0,0,0,0,0,0,0,0,0,0,0,0,0,0,1,0,0,0,0,0,0,0,0,0,0.2777777777777778,1,0,0,267,302.34192
47,O=[N+]([O-])c1cc([N+](=O)[O-])c(/C=N/Nc2nnc(-n3ncc4c([N+](=O)[O-])cc([N+](=O)[O-])cc43)nn2)c([N+](=O)[O-])c1,1,23,0,0,0,2,2,4,18,1,23,4,9,0,1,0,0,5,5,3,541.3130000000003,0.2915629831288534,-0.258304852,11.315064502086804,0.0626963039306593,-1.070593594,309.4699999999999,0,0,0,0,1,5,0,0,0,0,8,2,0,0,0,0,0,1,0,0,0,1,5,0,5,1,0,0,5,0,0,0,0,0,0,0,0,0,0,0.635453378663779,3.855362370845654,0,0,0,0,-5.48253386,-0.163603607,0,0,0,0,0,2.1554311639205217,0,0,0,3.5457434598163315,18.43917955313907,0,-4.849275369,0.8948162845385066,0,0,56.06804664577382,0,0,0,0,0,0,0.1646306266085949,0.9246629089103556,18015.76843453915,0.7888937701829708,0.3362195254871023,-0.753722892,16,7,10,13,0,0,0,0,5,0.4347826086956521,0,0,1,1,0,0,0,0,0,0,0,0,0,0,0,0,0,1,0,0,0,0,0,0,1,0,0,0,0,0,0,0,0,0,0,0,0,0,0,0.2391304347826087,2,0,0,266,285.2806
48,O=[N+]([O-])c1nonc1-c1noc(-c2[nH]nc([N+](=O)[O-])c2[N+](=O)[O-])n1,1,17,0,0,0,0,3,3,13,1,17,3,5,0,1,0,0,3,0,0,339.1400000000001,0.4678827056998142,-0.357639441,10.984961787184009,0.468054610733182,-1.081540708,235.93999999999997,0,0,0,0,0,0,0,0,0,0,7,0,0,0,0,0,0,0,1,0,0,0,5,0,3,0,0,0,3,0,2,0,0,0,0,0,0,0,0,0,0,0,0,0,0,-4.977244399,0,0,0,0,0,0,0,2.026409202569917,0,0,0,16.408493902164988,0,-3.07528797,0,0,0,32.44488824026703,0,8.894519450890753,0,0,0,0,0.1351550831579187,0.8777252734978684,5574.266756209794,0.1952330865031762,0.371527982544082,-0.306658017,7,1,8,9,0,0,0,0,3,0.48,0,0,0,0,0,0,0,0,0,0,0,0,0,0,0,0,0,0,0,0,0,0,0,0,1,1,1,0,0,0,0,0,0,0,0,0,0,0,0,0.2,0,0,0,265,257.18347
49,O=[N+]([O-])c1n[nH]c(-c2nnc(-c3nnc(-c4[nH]nc([N+](=O)[O-])c4[N+](=O)[O-])o3)o2)c1[N+](=O)[O-],2,22,0,0,0,0,4,4,16,2,22,4,7,0,2,0,0,4,0,0,450.2000000000003,0.4678819287863455,-0.410317075,11.153348375040434,0.5398434219366754,-1.101008704,307.75999999999993,0,0,0,0,0,0,0,0,0,0,10,0,0,0,0,0,0,0,2,0,0,0,6,0,4,0,0,0,4,0,2,0,0,0,0,0,0,0,0,0,0,0,0,0,0,-7.737065201,0,0,0,0,0,0,0,4.068329833797838,0,0,0,20.348787595091157,0,-4.376784851,0,0,0,44.05640572639047,0,10.250587836986648,0,0,0,0,0.065805613575607,0.9412658428594334,14063.945140482052,0.1648613673448438,0.3731674811195022,-0.390937361,10,2,10,12,0,0,0,0,4,0.4705882352941176,0,0,0,0,0,0,0,0,0,0,0,0,0,0,0,0,0,0,0,0,0,0,0,0,2,0,2,0,0,0,0,0,0,0,0,0,0,0,0,0.2941176470588235,0,0,0,265,251.83339
50,Nc1nc2c([N+](=O)[O-])c([N+](=O)[O-])nn2c(N)c1[N+](=O)[O-],4,14,0,0,0,0,2,2,11,2,14,2,3,0,0,2,0,3,0,0,284.148,0.4703099849316946,-0.377763787,10.83497307256236,0.4352777777777776,-1.144353741,211.65,0,0,0,0,0,0,0,0,0,0,5,1,0,0,2,0,0,0,0,0,0,0,2,0,3,1,0,0,3,0,0,0,0,0,0,0,0,0,0,0,0,0,0,0,0,-4.450194633,-0.650648148,0,0,10.673330498866212,0,0,0,0,0,0,0,6.637962962962963,0,-3.205445956,0.4352777777777776,0,0,32.27985874905518,0,0,0,0,0,0,0.24927653847501,0.7785622677349487,3000.916893203791,0.1845314060846916,0.3941607894477526,-0.450469474,6,4,6,8,0,0,0,0,3,0.5,0,0,0,0,0,0,0,0,0,0,1,0,0,0,0,0,0,0,0,0,0,0,0,0,0,0,1,0,0,0,0,0,0,0,0,0,0,0,0,0,2,0,0,265,262.9942
51,Nc1c([N+](=O)[O-])nn(CCCn2nnnc2N)c1[N+](=O)[O-],4,14,0,0,0,0,2,2,12,2,14,2,6,2,0,2,0,2,0,0,298.223,0.4430540963583041,-0.384624527,10.90902216133367,0.0214814814814816,-0.876822667,199.74,0,0,3,0,0,0,0,0,0,0,4,0,0,0,2,0,0,0,0,0,0,0,4,0,2,2,0,0,2,0,0,0,0,0,0,0,0,0.6027357331821617,0,0,0,0,0,0,0,-1.849611573,0,0,0,10.82519748869857,0,0,0,0,0,0,0,13.921813274641558,0,-1.695557235,2.15388636936256,0,0,21.60410130452293,0,0,0,0,0,0,0.2723978436929583,0.8055304017460065,3858.5449052449626,0.7520196577525262,0.4694473598615803,-0.804766903,7,10,4,10,0,0,0,0,2,0.2580645161290322,0,0,0,0,0,0,0,0,0,0,0,0,0,0,0,0,0,0,0,0,0,0,0,0,0,0,1,0,0,0,0,0,0,0,1,0,0,0,0,0.1612903225806451,0,0,0,265,280.3201
52,Nc1c([N+](=O)[O-])c(Nc2nnn[nH]2)nc(Nc2nnn[nH]2)c1[N+](=O)[O-],6,18,0,0,0,0,3,3,14,5,18,3,6,0,4,1,0,2,0,0,350.2190000000001,0.3412508656697998,-0.387246689,11.276355505165029,0.100800920676912,-0.929318389,258.17,0,0,0,0,0,0,0,0,0,0,7,0,0,0,1,0,0,2,2,0,0,0,7,0,2,0,0,0,2,0,0,0,0,0,0,0,0,0,0,0,0,0,0,0,0,-3.486890957,0,0,0,5.617688964474679,0,0,4.823865268329554,4.588189090450995,0,0,0,23.877029058537,0,-1.858636779,0,0,0,22.552711010330057,0,0,0,0,0,0,0.4765760227329007,0.5635332826831086,4452.016755400318,0.5318059918551192,0.5596498191131835,-0.593914094,7,6,4,14,0,0,0,0,2,0.2580645161290322,0,0,0,0,0,0,0,1,0,0,0,0,0,0,0,0,0,0,0,0,0,0,0,0,0,0,0,0,0,0,0,0,0,0,2,0,0,0,0,0.3225806451612903,0,0,0,265,283.17496
53,CN(Cn1ncc([N+](=O)[O-])c1-n1cc([N+](=O)[O-])c([N+](=O)[O-])n1)[N+](=O)[O-],0,17,0,0,0,0,2,2,12,0,17,2,7,0,0,0,0,4,0,0,357.19900000000007,0.4677315476455826,-0.357561891,11.083431594860166,0.5091128117913835,-1.143815928,211.44,1,0,1,0,0,2,0,0,0,0,4,0,0,0,0,0,0,0,0,0,0,0,2,1,4,2,0,0,4,0,0,0,0,0,0,1.046906651549509,0,-0.585685941,0,0,1.3266591080876795,0,0,0,0,-3.37194308,0,0,0,0,0,0,0,0,0,0,0,6.94468820861678,0.5203880070546736,-3.961047808,1.260486583522298,0,0,43.49310746829596,0,0,0,0,0,0,0.5256189964124492,0.7994058590804703,3520.412808173576,0.9866227989870328,0.3527445485569669,-0.515119023,8,7,8,9,1,0,0,0,3,0.5,0,0,0,0,0,0,0,0,0,0,0,0,0,0,0,0,0,0,0,0,0,0,0,0,0,1,1,0,0,0,0,0,0,0,0,0,0,0,0,0,0,0,0,264,172.28604
54,Nc1nc(-c2n[nH]nc2[N+](=O)[O-])n[nH]1,4,10,0,0,0,0,2,2,7,3,10,2,2,0,2,1,0,1,0,0,196.13,0.4210681834399066,-0.36815589,10.449036753590324,0.0305092592592592,-0.689103364,152.29999999999998,0,0,0,0,0,0,0,0,0,0,4,0,0,0,1,0,0,0,2,0,0,0,4,0,1,0,0,0,1,0,0,0,0,0,0,0,0,0,0,0,0,0,0,0,0,-0.41000189,0,0,0,5.253457105064248,0,0,0,4.446501322751322,0,0,0,14.167739984882845,0,-0.689103364,0,0,0,10.449036753590324,0,0,0,0,0,0,0.2682799977577511,0.7506673895826117,1397.379638385037,0.1782150235353702,0.5710498138989444,-0.652628359,4,4,2,8,0,0,0,0,1,0.2222222222222222,0,0,0,0,0,0,0,0,0,0,0,0,0,0,0,0,0,0,0,0,0,0,0,0,0,0,0,0,0,1,1,0,0,0,0,0,0,0,0,0.2777777777777778,0,0,0,263.32,280.0914
55,Nc1nc2c([N+](=O)[O-])c(N)nn2c(N)c1[N+](=O)[O-],6,12,0,0,0,0,2,2,10,3,12,2,2,0,0,3,0,2,0,0,254.166,0.3567432639028028,-0.37776579,10.75497307256236,0.3489814814814809,-0.860307067,194.53,0,0,0,0,0,0,0,0,0,0,5,1,0,0,3,0,0,0,0,0,0,0,2,0,2,1,0,0,2,0,0,0,0,0,0,0,0,0,0,0,0,0,0,0,0,-2.780005669,-0.348981481,0,0,16.112723922902497,0,0,0,0,0,0,0,7.0579629629629625,0,-1.684334845,0.7102777777777776,0,0,21.46617866591081,0,0,0,0,0,0,0.2451219743082371,0.7799235634175771,2378.687306055131,0.1199189651703499,0.440656893526278,-0.692460833,6,6,4,8,0,0,0,0,2,0.3333333333333333,0,0,0,0,0,0,0,0,0,0,1,0,0,0,0,0,0,0,0,0,0,0,0,0,0,1,0,0,0,0,0,0,0,0,0,0,0,0,0,0,2,0,0,364,337.01886
56,Nc1nnc(-c2n[nH]nc2[N+](=O)[O-])n1N,5,11,0,0,0,0,2,2,9,3,11,2,2,0,1,2,0,1,0,0,211.145,0.4210691076228465,-0.366453829,10.527834939531369,0.0343055555555555,-0.718547808,167.46,0,0,0,0,0,0,0,0,0,0,4,0,0,0,2,0,0,0,1,0,0,0,4,0,1,1,0,0,1,0,0,0,0,0,0,0,0,0,0,0,0,0,0,0,0,-0.725881519,0,0,0,10.734248866213152,0,0,0,2.095498866213152,0,0,0,13.845863567649282,0,-0.718547808,0.8798148148148148,0,0,10.527834939531369,0,0,0,0,0,0,0.2966727879476439,0.7523842106840903,1512.6214443825356,0.3880224778049547,0.5967463117762674,-0.64410713,4,5,2,9,0,0,0,0,1,0.2,0,0,0,0,0,0,0,0,0,0,0,0,0,0,0,0,0,0,0,0,0,0,0,0,0,0,0,0,0,1,1,0,0,0,0,0,0,0,0,0.25,0,0,0,263,291.86713
57,O=[N+]([O-])c1nc([N+](=O)[O-])n(/N=N/n2nc([N+](=O)[O-])nc2[N+](=O)[O-])n1,0,20,0,0,0,0,2,2,16,0,20,2,6,0,0,0,0,4,0,0,344.1200000000001,0.510555134877358,-0.389687748,10.663254808096076,0.0323686696900979,-1.233594367,258.69999999999993,0,0,0,0,0,0,0,0,0,0,4,0,0,0,0,0,0,0,0,0,0,2,4,0,4,2,0,0,4,0,0,0,0,0,0,0,0,0,0,0,0,0,0,0,0,-4.85659507,0,0,0,0,0,0,0,0,0,0,5.943654572940288,11.85327097505669,0,-4.724207959,-0.064737339,0,0,42.25764074382941,0,0,0,0,0,0,0.2276194666005688,0.8343043947723016,5181.331921414988,0.4933215894840851,0.4882017900732301,0,4,0,8,12,0,0,0,0,4,0.6666666666666666,0,0,0,0,0,0,0,0,0,0,0,0,0,0,0,0,0,0,0,0,0,0,0,0,0,0,0,0,0,0,0,2,0,0,0,0,0,0,0,0,0,0,0,262.4,228.81194
58,O=[N+]([O-])c1cnn(CN(Cn2cc([N+](=O)[O-])cn2)[N+](=O)[O-])c1,0,14,0,0,0,0,2,2,10,0,14,2,7,0,0,0,0,3,0,0,312.20200000000006,0.306586466914716,-0.258210702,10.971074263038547,0.307384292228267,-0.76287037,168.3,0,0,2,0,0,4,0,0,0,0,2,0,0,0,0,0,0,0,0,0,0,0,2,1,3,2,0,0,3,0,0,0,0,0,0,0,0,-0.7886952,0,0,3.970072715750926,0,0,0,0,-0.614768584,0,0,0,0,0,0,0,0,0,0,0,7.251387314184933,0.632392290249433,-2.130209121,1.997710380448476,0,0,32.00772176907188,0,0,0,0,0,0,0.1284853865660135,0.9736891175155276,5034.843459664725,0.8104953491976338,0.3587420964631874,-0.717484193,8,8,6,8,1,0,0,0,2,0.4,0,0,0,0,0,0,0,0,0,0,0,0,0,0,0,0,0,0,0,0,0,0,0,0,0,2,0,0,0,0,0,0,0,0,0,0,0,0,0,0,0,1,0,262,229.99097
59,O=[N+]([O-])c1nn2c(c1[N+](=O)[O-])Nc1c([N+](=O)[O-])c([N+](=O)[O-])nn1C2,1,17,0,1,1,0,2,2,13,1,17,3,4,0,1,0,0,4,0,0,341.1560000000001,0.469768531877497,-0.357560996,11.046756267321744,0.5165759637188205,-1.092502047,220.23,0,0,1,0,0,0,0,0,0,0,6,0,0,0,0,0,0,1,0,0,0,0,2,0,4,2,0,0,4,0,0,0,0,0,0,0,0,-0.526759259,0,0,0,0,0,0,0,-5.237213299,0,0,0,0,0,0,2.1996296296296296,0,0,0,0,6.823762282690854,0,-4.359128559,1.5073771730914591,0,0,43.79616601578904,0,0,0,0,0,0,0.1821729420792781,0.8334661246187434,4902.059871339623,0.2407980148951476,0.3693325047778729,-0.351745243,7,3,8,9,0,0,0,0,4,0.5925925925925926,0,0,0,0,0,0,0,0,0,0,0,0,0,1,0,0,0,0,0,0,0,0,0,0,0,0,2,0,0,0,0,0,0,0,0,0,0,0,0,0.2222222222222222,3,1,0,261,273.6948
60,O=[N+]([O-])c1nn2c(c1[N+](=O)[O-])-c1c([N+](=O)[O-])c([N+](=O)[O-])nn1CC2,0,16,0,1,1,0,2,2,12,0,16,3,4,2,0,0,0,4,0,0,340.1680000000001,0.4680065703423041,-0.35756177,11.205294312169311,0.1319425547996977,-1.115887188,208.2,0,0,2,0,0,0,0,0,0,0,6,0,0,0,0,0,0,0,0,0,0,0,2,0,4,2,0,0,4,0,0,0,0,0,0,0,0,-0.26388511,0,0,0,0,0,0,0,-5.517224112,0,0,0,0,0,0,0,0,0,0,0,6.934563492063492,0,-4.445250693,1.6746145124716556,0,0,44.30859095490048,0,0,0,0,0,0,0.2875752568022479,0.753152315958838,3764.8505558092143,0.342351991113559,0.329249076926695,-0.470355824,8,4,8,8,0,0,0,0,4,0.5714285714285714,0,0,0,0,0,0,0,0,0,1,0,0,0,0,0,0,0,0,0,0,0,0,0,0,0,0,2,0,0,0,0,0,0,0,0,0,0,0,0,0.2142857142857142,3,1,0,261,238.4471
61,O=[N+]([O-])c1cn(CN(Cn2cc([N+](=O)[O-])c([N+](=O)[O-])n2)[N+](=O)[O-])nc1[N+](=O)[O-],0,20,0,0,0,0,2,2,14,0,20,2,9,0,0,0,0,5,0,0,402.19600000000014,0.4672767196523587,-0.357562069,11.14092970521542,0.2508956916099776,-1.16135456,254.58,0,0,2,0,0,2,0,0,0,0,4,0,0,0,0,0,0,0,0,0,0,0,2,1,5,2,0,0,5,0,0,0,0,0,0,0,0,-1.743779289,0,0,1.144091080876795,0,0,0,0,-4.338285936,0,0,0,0,0,0,0,0,0,0,0,6.51538422776518,0.2508956916099776,-5.605047871,1.038476316452507,0,0,54.20246622325087,0,0,0,0,0,0,0.1799336522174158,0.89368620822039,7848.517583956726,0.8257331670388484,0.3480889914370108,-0.358034391,8,6,10,10,1,0,0,0,4,0.5882352941176471,0,0,0,0,0,0,0,0,0,0,0,0,0,0,0,0,0,0,0,0,0,0,0,0,0,0,2,0,0,0,0,0,0,0,0,0,0,0,0,0,0,0,0,261,202.30647
62,O=[N+]([O-])c1cc(-n2ccnn2)cc(C(F)(F)F)c1-n1nnnc1[N+](=O)[O-],0,13,0,0,0,1,2,3,11,0,16,3,4,0,0,0,0,2,1,0,371.1950000000001,0.4844899156199522,-0.389716498,13.518480253212395,0.0476936885865453,-5.114580026,160.59,0,0,0,0,0,4,0,0,0,0,5,0,1,0,0,0,0,0,0,0,0,0,5,0,2,2,0,0,2,0,0,3,0,0,0,0,0,0,0,0,3.574033901337293,0,0,0,0,-5.412501207,0,-5.114580026,0,0,0,0,0,0,0,0,0,15.864001822925884,0,-2.313868733,0.908825900730662,0,0,22.26099045755431,0,0,40.55544075963719,0,0,0,0.3688859511386053,0.8258514145294518,4100.149794364692,0.6147567894304622,0.3394442274276324,-0.77587252,10,4,4,9,0,0,0,0,2,0.2666666666666666,0,1,0,0,0,0,0,0,0,0,0,0,0,0,0,0,0,0,0,0,0,0,0,0,0,0,0,0,0,1,0,0,0,0,0,1,0,0,0,0.1666666666666666,0,0,0,261,172.59955
63,Nc1nnc(Nc2c([N+](=O)[O-])cc([N+](=O)[O-])cc2[N+](=O)[O-])[nH]1,4,14,0,0,0,1,1,2,10,3,14,2,5,0,2,1,0,3,3,1,310.18600000000004,0.3062763820007548,-0.368002889,11.01624716553288,0.1298909255060041,-0.997957294,209.04,0,0,0,0,0,2,0,0,0,0,6,0,0,0,1,0,0,1,1,0,0,0,2,0,3,0,0,0,3,0,0,0,0,0,0,0,0,0,0,0,1.1846409674981104,0,0,0,0,-3.433520828,0,0,0,5.2655690138518425,0,0,2.275678382464097,2.359555697278912,0,0,0,6.818138542454019,0,-2.971890931,0,0,0,32.75091457764618,0,0,0,0,0,0,0.3719134723280002,0.8409896917876994,3156.1701189745945,0.9623248493040868,0.3610736783736211,-0.670565403,8,6,6,8,0,0,0,0,3,0.4285714285714285,0,0,0,1,0,0,0,0,0,0,0,0,0,0,0,0,0,0,0,0,0,0,0,0,0,0,0,0,0,1,0,0,0,0,0,0,0,0,0,0.1785714285714285,0,0,0,261,234.55394
64,N/C(=N/[N+](=O)[O-])NNc1nc(N)nc(N)n1,8,12,0,0,0,0,1,1,8,5,12,1,3,0,2,3,0,1,0,0,228.176,0.2843749209705824,-0.367589962,9.918308557991098,0.0495389266817833,-0.972081759,196.29,0,0,0,0,0,0,0,0,0,1,3,0,0,0,3,0,0,2,0,0,0,1,3,0,1,0,0,0,1,0,0,0,0,0,0,0,0,0,0,0,0,0,0,0,-0.483745276,-0.268823276,0,0,0,15.633261684303353,0,0,4.45587962962963,0,0,0,2.746643990929705,10.718914556563366,0,-0.972081759,0,0,0,9.918308557991098,0,0,0,0,0,0,0.4562092004284187,0.90124457540616,1461.686756902473,0.7265952379309727,0.6135614613280974,-0.701213099,4,8,2,10,1,0,0,0,0,0.1666666666666666,0,0,0,0,0,0,0,0,0,0,0,0,0,1,0,0,0,0,0,0,0,0,0,0,0,0,0,0,0,0,0,0,0,0,0,0,0,0,0,0.25,1,0,0,260,172.06049
65,Nc1nnc(-c2nnc(N)n2N[N+](=O)[O-])n1N[N+](=O)[O-],6,16,0,0,0,0,2,2,12,4,16,2,5,0,2,2,0,2,0,0,286.1720000000001,0.338737066148232,-0.346339972,10.441455105190224,0.3076388888888886,-0.936294092,223.8,0,0,0,0,0,0,0,0,0,0,4,0,0,0,2,0,0,2,0,0,0,0,4,0,2,2,0,0,2,0,0,0,0,0,0,0,0,0,0,0,0,0,0,0,0,-1.3543065,0,0,0,10.729130763416478,0,0,3.3584892290249435,0,0,0,0,13.75921012849584,0,-1.872588183,1.2809108087679515,0,0,20.882910210380448,0,0,0,0,0,0,0.4126611476915228,0.98961347479814,2385.093390846096,1.0140139609695653,0.5870595306319278,-0.39137302,4,6,4,12,2,0,0,0,0,0.3076923076923077,0,0,0,0,0,0,0,0,0,0,0,0,0,0,0,0,0,0,0,0,0,0,0,0,0,0,0,0,0,2,0,0,0,0,0,0,0,0,0,0.3846153846153846,0,0,0,259,151.13417
66,O=[N+]([O-])c1cc([N+](=O)[O-])c(Nc2nc(Nc3c([N+](=O)[O-])cc([N+](=O)[O-])cc3[N+](=O)[O-])c([N+](=O)[O-])cc2[N+](=O)[O-])c([N+](=O)[O-])c1,2,27,0,0,0,2,1,3,19,2,27,3,12,0,2,0,0,8,6,2,621.3040000000003,0.3182785332399835,-0.32304158,11.708631808707564,0.1148611111111108,-1.392125476,382.07,0,0,0,0,0,5,0,0,0,0,12,0,0,0,0,0,0,2,0,0,0,0,1,0,8,0,0,0,8,0,0,0,0,0,0,0,0,0,0,0,1.0407012681615844,0,0,0,0,-15.67808934,0,0,0,0,0,0,3.6653343196272488,0,0,0,0,3.4588759763164525,0,-10.61317154,0,0,0,92.063174660271,0,0,0,0,0,0,0.1950743930103873,0.9297657531069332,15236.593299406895,0.945703676707808,0.2478657790711147,-0.553674208,17,7,16,11,0,0,0,0,8,0.6274509803921569,0,0,0,2,0,0,0,1,0,0,0,0,0,0,0,0,0,0,0,0,0,0,0,0,0,0,0,0,0,0,0,0,0,0,0,0,0,0,0,0,0,0,0,360,285.9226
67,O=[N+]([O-])c1cn(/N=N/n2cc([N+](=O)[O-])nc2[N+](=O)[O-])c([N+](=O)[O-])n1,0,18,0,0,0,0,2,2,14,0,18,2,6,0,0,0,0,4,0,0,342.1440000000001,0.4641346138860915,-0.389761862,10.718879808096078,0.2576313303099016,-1.114292958,232.92,0,0,0,0,0,2,0,0,0,0,4,0,0,0,0,0,0,0,0,0,0,2,2,0,4,2,0,0,4,0,0,0,0,0,0,0,0,0,0,0,1.0531903502141595,0,0,0,0,-4.038000966,0,0,0,0,0,0,0,0,0,0,6.290876795162509,6.1130930335097,0,-4.304919411,0.5152626606198036,0,0,42.51858210185411,0,0,0,0,0,0,0.2391310495452663,0.7608689504873188,5714.3500115008,1.266157694989526e-05,0.4091844369622147,-0.233819678,6,2,8,10,0,0,0,0,4,0.6153846153846154,0,0,0,0,0,0,0,0,0,0,0,0,0,0,0,0,0,0,0,0,0,0,0,0,0,0,2,0,0,0,0,0,0,0,0,0,0,0,0,0,0,0,0,258,240.37587
68,NNc1cc(NN)c([N+](=O)[O-])cc1[N+](=O)[O-],6,10,0,0,0,1,0,1,8,4,10,1,4,0,2,2,0,2,2,0,228.168,0.3001829707442218,-0.318200585,10.590841364323508,0.080046296296296,-0.789195956,162.38000000000002,0,0,0,0,0,2,0,0,0,0,4,0,0,0,2,0,0,2,0,0,0,0,0,0,2,0,0,0,2,0,0,0,0,0,0,0,0,0,0,0,1.84787037037037,0,0,0,0,-1.172685185,0,0,0,10.090614134542706,0,0,4.11589380196523,0,0,0,0,0,0,-1.578391912,0,0,0,21.18168272864701,0,0,0,0,0,0,0.3439679111481999,0.709941857001946,1907.3477349653904,0.402571658884176,0.3681497843694119,-0.841485221,6,8,4,6,0,0,0,0,2,0.3333333333333333,0,0,1,0,0,0,0,0,0,0,0,0,0,0,0,0,0,0,0,0,0,0,0,0,0,0,0,0,0,0,0,0,0,0,0,0,0,0,0,0,1,1,0,258,297.29517
69,Nc1c([N+](=O)[O-])nn(CCn2nnnc2N)c1[N+](=O)[O-],4,14,0,0,0,0,2,2,12,2,14,2,5,2,0,2,0,2,0,0,284.196,0.4430555701764733,-0.384624518,10.877102544721591,0.002111887965063,-0.898595679,199.74,0,0,2,0,0,0,0,0,0,0,4,0,0,0,2,0,0,0,0,0,0,0,4,0,2,2,0,0,2,0,0,0,0,0,0,0,0,-0.067915722,0,0,0,0,0,0,0,-2.044721067,0,0,0,10.762670697908792,0,0,0,0,0,0,0,13.716575018896448,0,-1.747525195,1.960333522297808,0,0,21.54362470605526,0,0,0,0,0,0,0.2332788350427362,0.7876022047120081,3587.141251572626,0.4176942083711549,0.4926177708342131,-0.675590086,6,8,4,10,0,0,0,0,2,0.2857142857142857,0,0,0,0,0,0,0,0,0,0,0,0,0,0,0,0,0,0,0,0,0,0,0,0,0,0,1,0,0,0,0,0,0,0,1,0,0,0,0,0.1785714285714285,0,0,0,257,274.49258
70,Nc1nc(Cn2nnc([N+](=O)[O-])n2)no1,2,11,0,0,0,0,2,2,10,1,11,2,3,0,0,1,0,1,0,0,212.129,0.5142632242107866,-0.389644376,10.228267405727724,0.0015277777777775,-0.755866481,151.68,0,0,1,0,0,0,0,0,0,0,3,0,0,0,1,0,0,0,0,0,0,0,5,0,1,1,0,0,1,0,1,0,0,0,0,0,0,0.0015277777777775,0,0,0,0,0,0,0,-0.480666835,0,0,0,5.171479906777526,0,0,0,0,0,0,0,17.161798469387755,0,-0.755866481,0.9607407407407408,0,0,10.228267405727724,0,4.484451609347443,0,0,0,0,0.1927231278158568,0.9764802444431494,1847.4648653161407,0.7557721966154874,0.5279806155688282,-0.527980616,4,4,3,8,0,0,0,0,1,0.2105263157894736,0,0,0,0,0,0,0,0,0,0,0,0,0,0,0,0,0,0,0,0,0,0,0,0,1,0,0,0,0,0,0,0,0,0,0,1,0,0,0,0.2631578947368421,0,0,0,256.6,264.41058
71,Nc1nc2c([N+](=O)[O-])nnn2nc1N,4,10,0,0,0,0,2,2,9,2,10,2,1,0,0,2,0,1,0,0,196.13,0.4389513660316033,-0.380500686,10.42212821239607,0.0580574452003022,-0.72952003,151.15,0,0,0,0,0,0,0,0,0,0,3,1,0,0,2,0,0,0,0,0,0,0,4,0,1,1,0,0,1,0,0,0,0,0,0,0,0,0,0,0,0,0,0,0,0,-0.662594482,-0.137314815,0,0,10.638228458049888,0,0,0,0,0,0,0,13.862592592592591,0,-0.72952003,0.8510185185185184,0,0,10.42212821239607,0,0,0,0,0,0,0.2538566391869988,0.7462451132601543,1367.8488744759109,0.0277745048442489,0.5710498138989444,-0.652628359,4,4,2,8,0,0,0,0,1,0.2222222222222222,0,0,0,0,0,0,0,0,0,0,0,0,0,1,0,0,0,0,0,0,0,0,0,0,0,0,0,0,0,0,1,0,0,0,0,0,0,0,0,0.3333333333333333,2,0,0,256,295.03693
72,Nc1nc(-n2nc([N+](=O)[O-])cc2[N+](=O)[O-])c[nH]1,3,11,0,0,0,0,2,2,8,2,11,2,3,0,1,1,0,2,0,0,239.151,0.420401224939351,-0.369281077,10.690703420256993,0.0021296296296298,-0.833818027,158.8,0,0,0,0,0,2,0,0,0,0,4,0,0,0,1,0,0,0,1,0,0,0,2,0,2,1,0,0,2,0,0,0,0,0,0,0,0,0,0,0,1.9900094482237336,0,0,0,0,-1.184053288,0,0,0,5.297214663643235,0,0,0,2.485118575207861,0,0,0,7.144697656840514,0,-1.634541761,0.7271759259259258,0,0,21.17052272297808,0,0,0,0,0,0,0.3213199455015462,0.7082385330619727,2266.832730580876,0.3407951894753486,0.4097829404853,-0.702485041,6,5,4,7,0,0,0,0,2,0.3636363636363636,0,0,0,0,0,0,0,0,0,0,0,0,0,0,0,0,0,0,0,0,0,0,0,0,1,0,1,0,0,0,0,0,0,0,0,0,0,0,0,0.2272727272727272,0,0,0,256,284.1202
73,Nc1c([N+](=O)[O-])cc([N+](=O)[O-])c2c(N)c([N+](=O)[O-])cc([N+](=O)[O-])c12,4,14,0,0,0,2,0,2,10,2,14,2,4,0,0,2,0,4,4,2,338.19200000000006,0.2994191857208454,-0.392434218,11.162439531368102,0.4459108087679515,-1.098626228,224.6,0,0,0,0,0,2,0,0,0,0,6,2,0,0,2,0,0,0,0,0,0,0,0,0,4,0,0,0,4,0,0,0,0,0,0,0,0,0,0,0,0.891821617535903,0,0,0,0,-5.426572184,-1.409259259,0,0,11.05701247165533,0,0,0,0,0,0,0,0,0,-4.329986143,0,0,0,44.27515841521794,0,0,0,0,0,0,0.4250898749045457,0.6365979286976691,3887.277799279991,0.3806722087758463,0.2483796186781473,-0.709656053,10,6,8,6,0,0,0,0,4,0.5333333333333333,0,0,2,0,0,0,0,0,0,0,0,0,0,0,0,0,0,0,0,0,0,0,0,0,0,0,0,0,0,0,0,0,0,0,0,0,0,0,0,0,2,0,0,256,255.26051
74,Nc1nonc1-c1no[n+]([O-])c1-c1nonc1[N+](=O)[O-],2,14,0,0,0,0,3,3,12,1,14,3,3,0,0,1,0,1,0,0,282.132,0.4463343584766768,-0.378834361,11.555582010582013,0.1289814814814818,-0.89581609,199.97,0,0,0,0,0,0,0,0,0,0,6,0,0,0,1,0,0,0,0,0,0,0,5,0,1,1,0,0,1,0,3,0,0,0,0,0,0,0,0,0,0,0,0,0,0,-2.342101285,0,0,0,5.448295776643991,0,0,0,0,0,0,0,16.40666965860418,0,-0.89581609,-0.128981481,0,0,10.763664021164022,0,12.929023368606703,0,0,0,0,0.5239634349839939,0.6924073345416655,2096.111384647558,0.6399161468995591,0.3969773014050161,-0.396977301,6,2,6,8,0,0,0,0,1,0.1818181818181818,0,0,0,0,0,0,0,0,0,0,0,0,0,0,0,0,0,0,0,0,0,0,0,0,2,1,0,0,0,0,0,0,0,0,0,0,0,0,0,0.4545454545454545,0,0,0,255.6,247.9531
75,Nc1c([N+](=O)[O-])c2cc(c1[N+](=O)[O-])Oc1cc(c([N+](=O)[O-])cc1[N+](=O)[O-])Oc1cc(c([N+](=O)[O-])c(N)c1[N+](=O)[O-])Oc1cc(c([N+](=O)[O-])cc1[N+](=O)[O-])O2,4,30,0,1,1,4,0,4,22,2,30,5,8,0,0,2,0,8,8,0,758.3940000000002,0.3411284521506705,-0.442473616,12.093040141835653,0.1401867073990088,-1.489880395,434.0799999999999,0,0,0,0,0,6,0,0,0,0,18,0,0,0,2,0,0,0,0,0,0,0,0,0,8,0,0,0,8,4,0,0,0,0,0,0,0,0,0,0,1.3891055447278384,0,0,0,0,-24.11866017,0,0,0,11.450622717409544,0,0,0,0,0,0,0,0,0,-10.77109832,0,0,0,96.38221099346666,21.28560824003104,0,0,0,0,0,0.459534831254143,0.7083144585767079,16204.724808126144,1.110632302011246,0.1846006165660592,-0.69620804,24,10,20,10,0,0,0,0,8,0.5,0,0,4,0,0,0,0,0,0,0,0,0,0,0,0,0,0,0,0,0,0,0,0,0,0,0,0,0,0,0,0,0,0,0,0,0,0,0,0,0,1,0,0,255.53,316.9885
76,Nc1nonc1-c1c(-c2nonc2[N+](=O)[O-])no[n+]1[O-],2,14,0,0,0,0,3,3,12,1,14,3,3,0,0,1,0,1,0,0,282.132,0.4464320929062197,-0.378835747,11.540842781557068,0.0797297808012094,-0.87119024,199.97,0,0,0,0,0,0,0,0,0,0,6,0,0,0,1,0,0,0,0,0,0,0,5,0,1,1,0,0,1,0,3,0,0,0,0,0,0,0,0,0,0,0,0,0,0,-2.342101285,0,0,0,5.438409155328799,0,0,0,0,0,0,0,16.372157186948854,0,-0.87119024,-0.079729781,0,0,10.756294406651548,0,12.929023368606703,0,0,0,0,0.3207562765256405,0.7612843920146734,2613.4567708716468,0.5486935000156629,0.3969773014050162,-0.396977301,6,2,6,8,0,0,0,0,1,0.1818181818181818,0,0,0,0,0,0,0,0,0,0,0,0,0,0,0,0,0,0,0,0,0,0,0,0,2,1,0,0,0,0,0,0,0,0,0,0,0,0,0,0.4545454545454545,0,0,0,255.4,249.51894
77,Cc1c([N+](=O)[O-])c2cc(c1[N+](=O)[O-])Oc1cc(c([N+](=O)[O-])cc1[N+](=O)[O-])Oc1cc(c([N+](=O)[O-])c(C)c1[N+](=O)[O-])Oc1cc(c([N+](=O)[O-])cc1[N+](=O)[O-])O2,0,28,0,1,1,4,0,4,20,0,28,5,8,0,0,0,0,8,8,0,756.4180000000002,0.321118544391083,-0.442553731,12.18487446136228,0.2026867073990088,-1.29445441,382.04,2,0,0,0,0,6,0,0,0,0,18,0,0,0,0,0,0,0,0,0,0,0,0,0,8,0,0,0,8,4,0,0,0,0,0,1.553506417434433,0,0,0,0,1.870428702089957,0,0,0,0,-20.94662484,0,0,0,0,0,0,0,0,0,0,0,0,0,-10.01054276,0,0,0,96.9144294061513,21.704373672129805,0,0,0,0,0,0.4564294174032055,0.7291170539831109,15842.032451076437,1.1648336726438535,0.1480662808129895,-0.803788382,26,12,20,8,0,0,0,0,8,0.4848484848484848,0,0,4,0,0,0,0,0,0,0,0,0,0,0,0,0,0,0,0,0,0,0,0,0,0,0,0,0,0,0,0,0,0,0,0,0,0,0,0,0,1,0,0,358.23,307.92108
78,Nc1nnnn1CCn1cnc([N+](=O)[O-])n1,2,11,0,0,0,0,2,2,10,1,11,2,4,2,0,1,0,1,0,0,225.17200000000005,0.4904408971974188,-0.389691474,10.310966605778113,0.1755694654404977,-0.664799383,143.47000000000003,0,0,2,0,0,1,0,0,0,0,2,0,0,0,1,0,0,0,0,0,0,0,5,0,1,2,0,0,1,0,0,0,0,0,0,0,0,0.7037972411186697,0,0,1.2625803099017383,0,0,0,0,-0.264534937,0,0,0,5.4314714033761655,0,0,0,0,0,0,0,17.569505857898715,0,-0.664799383,2.673379629629629,0,0,10.310966605778113,0,0,0,0,0,0,0.1149300408008799,0.90722376999537,2734.843402939112,0.4325716467554902,0.5595722381113103,-0.81715311,5,7,2,9,0,0,0,0,1,0.1739130434782608,0,0,0,0,0,0,0,0,0,0,0,0,0,0,0,0,0,0,0,0,0,0,0,0,0,0,0,0,0,0,1,0,0,0,1,0,0,0,0,0.217391304347826,0,0,0,255,294.14703
79,O=[N+]([O-])c1cc(-c2nnc(-c3[nH]nc([N+](=O)[O-])c3[N+](=O)[O-])o2)[nH]n1,2,16,0,0,0,0,3,3,11,2,16,3,5,0,2,0,0,3,0,0,337.16800000000006,0.4678819287350338,-0.412713401,10.996675047735652,0.016557329722012,-1.047949578,225.7,0,0,0,0,0,1,0,0,0,0,7,0,0,0,0,0,0,0,2,0,0,0,4,0,3,0,0,0,3,0,1,0,0,0,0,0,0,0,0,0,1.001104812295288,0,0,0,0,-3.700078486,0,0,0,0,0,0,0,4.351072767069791,0,0,0,13.636580113475858,0,-2.837378232,0,0,0,32.298502951940904,0,5.118359788359788,0,0,0,0,0.1077160564509489,0.9009935265298772,6135.077120738623,0.1440449234642049,0.3737009443363546,-0.498267926,8,3,7,9,0,0,0,0,3,0.4444444444444444,0,0,0,0,0,0,0,0,0,0,0,0,0,0,0,0,0,0,0,0,0,0,0,0,1,1,1,0,0,0,0,0,0,0,0,0,0,0,0,0.1851851851851851,0,0,0,254,267.6061
80,Nc1nnnn1CCn1ccc([N+](=O)[O-])n1,2,10,0,0,0,0,2,2,9,1,10,2,4,2,0,1,0,1,0,0,224.18400000000003,0.3894157430444213,-0.366639331,10.373466605778113,0.1901044028722598,-0.553688272,130.58000000000004,0,0,2,0,0,2,0,0,0,0,2,0,0,0,1,0,0,0,0,0,0,0,4,0,1,2,0,0,1,0,0,0,0,0,0,0,0,0.8062972411186697,0,0,2.83494708994709,0,0,0,0,0.0058732258335441,0,0,0,5.4470964033761655,0,0,0,0,0,0,0,14.233605914588058,0,-0.553688272,2.8122685185185183,0,0,10.373466605778113,0,0,0,0,0,0,0.1177510861381088,0.904242103881406,2733.527534523721,0.4216814042010986,0.4995896228098346,-0.999179246,6,8,2,8,0,0,0,0,1,0.1666666666666666,0,0,0,0,0,0,0,0,0,0,0,0,0,0,0,0,0,0,0,0,0,0,0,0,0,1,0,0,0,0,0,0,0,0,1,0,0,0,0,0.2083333333333333,0,0,0,254,313.5008
81,Nc1c([N+](=O)[O-])c([N+](=O)[O-])nn1N,4,10,0,0,0,0,1,1,8,2,10,1,2,0,0,2,0,2,0,0,188.103,0.471881481320519,-0.374549531,10.272592592592591,0.3851851851851851,-1.029907407,156.14,0,0,0,0,0,0,0,0,0,0,3,0,0,0,2,0,0,0,0,0,0,0,1,0,2,1,0,0,2,0,0,0,0,0,0,0,0,0,0,0,0,0,0,0,0,-2.422037037,0,0,0,10.060185185185183,0,0,0,0,0,0,0,3.059629629629629,0,-2.04,0.3851851851851851,0,0,20.47851851851852,0,0,0,0,0,0,0.4491595650475587,0.5868908238204511,1089.9072940383426,0.1406815012327071,0.4465638506562893,-0.340239124,3,4,4,6,0,0,0,0,2,0.4705882352941176,0,0,0,0,0,0,0,0,0,0,0,0,0,0,0,0,0,0,0,0,0,0,0,0,0,0,1,0,0,0,0,0,0,0,0,0,0,0,0,0,1,0,0,254,276.69492
82,NC(N)=N[N+](=O)[O-],4,6,0,0,0,0,0,0,2,2,6,0,1,0,0,2,0,1,0,0,104.069,0.2630149639862358,-0.364865969,9.267777777777775,0.5370370370370365,-0.962962963,107.54000000000002,0,0,0,0,0,0,0,0,0,1,0,0,0,0,2,0,0,0,0,0,0,1,0,0,1,0,0,0,1,0,0,0,0,0,0,0,0,0,0,0,0,0,0,0,-0.537037037,0,0,0,0,9.158888888888889,0,0,0,0,0,0,2.4722222222222223,0,0,-0.962962963,0,0,0,9.267777777777775,0,0,0,0,0,0,0.2469003917822069,0.8030791879131721,358.9435812231191,0.1696696555307442,0.5381045268043319,-0.307488301,1,4,2,4,1,0,0,0,0,0.3636363636363636,0,0,0,0,0,0,0,0,0,0,0,0,0,0,0,0,0,0,0,0,0,0,0,0,0,0,0,0,0,0,0,0,0,0,0,0,0,0,0,0,0,0,0,254,251.59386
83,O=[N+]([O-])c1nn(CN(Cn2nc([N+](=O)[O-])c(Cl)c2[N+](=O)[O-])[N+](=O)[O-])c([N+](=O)[O-])c1Cl,0,20,0,0,0,0,2,2,14,0,22,2,9,0,0,0,0,5,0,0,471.0860000000002,0.4387832337196585,-0.357763018,11.297557634164775,0.0278861174099269,-1.212016251,254.58,0,0,2,0,0,0,0,0,0,0,6,0,0,0,0,0,0,0,0,0,0,0,2,1,5,2,0,0,5,0,0,0,2,0,0,0,0,-2.362491497,0,0,0,0,0,0,0,-6.719145837,0,0,0,0,0,0,0,0,0,0,0,6.405767790655356,0.0278861174099269,-5.957373894,0.3782139707734946,0,0,55.21055923550422,0,0,0,11.028247099999742,0,0,0.4045026886076011,0.8716172921279929,5752.887774258567,1.0201822501376976,0.2971856518767273,-0.271712596,8,4,10,10,1,0,0,0,4,0.5882352941176471,0,0,0,0,0,0,0,0,0,0,0,0,0,0,0,0,0,0,0,0,0,0,0,0,0,0,2,0,0,0,0,0,0,0,0,0,0,0,0,0,0,0,0,252,206.8065
84,O=[N+]([O-])c1cnc(Nc2nnn[nH]2)c([N+](=O)[O-])c1,2,12,0,0,0,0,2,2,9,2,12,2,4,0,2,0,0,2,0,0,252.15,0.3181953210081525,-0.3019907,10.766154572940287,0.0272713529856387,-0.799473734,165.66000000000005,0,0,0,0,0,2,0,0,0,0,4,0,0,0,0,0,0,1,1,0,0,0,4,0,2,0,0,0,2,0,0,0,0,0,0,0,0,0,0,0,1.678830309901738,0,0,0,0,-1.215603741,0,0,0,0,0,0,2.432946900982615,2.309340277777778,0,0,0,13.530167705971277,0,-1.577466538,0,0,0,21.2542258755354,0,0,0,0,0,0,0.2772685962431035,0.7227316642964958,2847.063193322296,0.0010419816198962,0.444180051556613,-0.634542931,6,4,4,8,0,0,0,0,2,0.3636363636363636,0,0,0,0,0,0,0,1,0,0,0,0,0,0,0,0,0,0,0,0,0,0,0,0,0,0,0,0,0,0,0,0,0,0,1,0,0,0,0,0.2272727272727272,0,0,0,252,259.43784
85,Nn1nc([N+](=O)[O-])c([N+](=O)[O-])c1-c1c([N+](=O)[O-])c([N+](=O)[O-])nn1N,4,18,0,0,0,0,2,2,14,2,18,2,5,0,0,2,0,4,0,0,344.16,0.4702271020822956,-0.357560843,11.084829459561604,0.076751700680272,-1.340650038,260.23999999999995,0,0,0,0,0,0,0,0,0,0,6,0,0,0,2,0,0,0,0,0,0,0,2,0,4,2,0,0,4,0,0,0,0,0,0,0,0,0,0,0,0,0,0,0,0,-7.35324263,0,0,0,10.561271730914587,0,0,0,0,0,0,0,6.13595238095238,0,-5.093550013,0.1535034013605443,0,0,43.7980325648778,0,0,0,0,0,0,0.2758918265914524,0.8823740162033435,3810.580616412017,0.8677516386421671,0.4067875406787541,-0.278940028,6,4,8,10,0,0,0,0,4,0.5714285714285714,0,0,0,0,0,0,0,0,0,0,0,0,0,0,0,0,0,0,0,0,0,0,0,0,0,0,2,0,0,0,0,0,0,0,0,0,0,0,0,0,0,0,0,252,266.211
86,O=[N+]([O-])c1nn(/N=N/n2nc([N+](=O)[O-])c(Cl)c2[N+](=O)[O-])c([N+](=O)[O-])c1Cl,0,18,0,0,0,0,2,2,14,0,20,2,6,0,0,0,0,4,0,0,411.0340000000002,0.4417449374281662,-0.357699007,10.90749349122365,0.0222118291761148,-1.186227184,232.92,0,0,0,0,0,0,0,0,0,0,6,0,0,0,0,0,0,0,0,0,0,2,2,0,4,2,0,0,4,0,0,0,2,0,0,0,0,0,0,0,0,0,0,0,0,-6.626397882,0,0,0,0,0,0,0,0,0,0,6.066370622323003,6.180323444192492,0,-4.67915309,-0.044423658,0,0,43.21831278409742,0,0,0,10.8888772178599,0,0,0.1863908274521746,0.8370524008222469,7520.117195295645,0.3364524470713093,0.3406044268843938,-0.155704881,6,0,8,10,0,0,0,0,4,0.6153846153846154,0,0,0,0,0,0,0,0,0,0,0,0,0,0,0,0,0,0,0,0,0,0,0,0,0,0,2,0,0,0,0,0,0,0,0,0,0,0,0,0,0,0,0,251,248.74768
87,O=[N+]([O-])c1ncn(/N=N/n2cnc([N+](=O)[O-])c2Cl)c1Cl,0,12,0,0,0,0,2,2,10,0,14,2,4,0,0,0,0,2,0,0,321.0400000000001,0.402778505877405,-0.357717062,10.503466798386532,0.3847338225413617,-0.802192811,146.64,0,0,0,0,0,2,0,0,0,0,4,0,0,0,0,0,0,0,0,0,0,2,2,0,2,2,0,0,2,0,0,0,2,0,0,0,0,0,0,0,1.8952632905013855,0,0,0,0,-1.976272676,0,0,0,0,0,0,0,0,0,0,6.942543461829176,6.790947971781305,0,-1.604385621,1.5870061728395064,0,0,21.006933596773063,0,0,0,11.239919095210098,0,0,0.1203394127555916,0.8796605872523598,4924.599510179105,6.187132675392439e-06,0.348866184899078,-0.448542238,6,2,4,8,0,0,0,0,2,0.3636363636363636,0,0,0,0,0,0,0,0,0,0,0,0,0,0,0,0,0,0,0,0,0,0,0,0,0,2,0,0,0,0,0,0,0,0,0,0,0,0,0,0,0,0,0,251,272.35745
88,Nc1nc2nnc3nc([N+](=O)[O-])nn3n2n1,2,12,0,0,0,0,3,3,11,1,12,3,1,0,0,1,0,1,0,0,222.128,0.4945846183615648,-0.38968986,10.460905139833711,0.0417101284958421,-0.749207294,155.32,0,0,0,0,0,0,0,0,0,0,2,2,0,0,1,0,0,0,0,0,0,0,6,0,1,2,0,0,1,0,0,0,0,0,0,0,0,0,0,0,0,0,0,0,0,-0.642755102,0.0082388510959949,0,0,5.341962396069539,0,0,0,0,0,0,0,21.729580498866213,0,-0.749207294,2.0570370370370368,0,0,10.460905139833711,0,0,0,0,0,0,0.1868564081502366,0.8131435918589585,1938.7251828117016,5.938724480416671e-06,0.630267233306922,-0.504213787,4,2,2,10,0,0,0,0,1,0.2222222222222222,0,0,0,0,0,0,0,0,0,0,0,0,0,0,0,0,0,1,0,0,0,0,0,0,0,0,0,0,0,1,1,0,0,0,0,0,0,0,0,0.6111111111111112,3,0,0,357,268.08438
89,O=[N+]([O-])c1nc(/N=N/c2nc([N+](=O)[O-])nn2-c2nnn[nH]2)n(-c2nnn[nH]2)n1,2,22,0,0,0,0,4,4,18,2,22,4,6,0,2,0,0,2,0,0,390.204,0.4932079768179087,-0.389690445,10.903524140602062,0.1514518770471147,-0.882094052,281.34,0,0,0,0,0,0,0,0,0,0,6,0,0,0,0,0,0,0,2,0,0,2,10,0,2,2,0,0,2,0,0,0,0,0,0,0,0,0,0,0,0,0,0,0,0,-2.811459436,0,0,0,0,0,0,0,4.6140728837193485,0,0,7.289210128495842,34.489303963065694,0,-1.764188104,1.568964002267573,0,0,21.807048281204125,0,0,0,0,0,0,0.3481670587422701,0.6518382704961814,7067.648993649455,0.0049271072993608,0.645816034689547,-0.369037734,6,2,4,18,0,0,0,0,2,0.2666666666666666,0,0,0,0,0,0,0,0,0,0,0,0,0,0,0,0,0,0,0,0,0,0,0,0,0,0,0,0,0,0,2,0,0,0,2,0,0,0,0,0.3333333333333333,0,0,0,251,245.10803
90,O=[N+]([O-])c1n[nH]c(-c2nc([N+](=O)[O-])n[nH]2)n1,2,12,0,0,0,0,2,2,8,2,12,2,3,0,2,0,0,2,0,0,226.112,0.4910927280941322,-0.38969127,10.265105190224238,0.1043518518518515,-0.814701121,169.42000000000002,0,0,0,0,0,0,0,0,0,0,4,0,0,0,0,0,0,0,2,0,0,0,4,0,2,0,0,0,2,0,0,0,0,0,0,0,0,0,0,0,0,0,0,0,0,-1.525272109,0,0,0,0,0,0,0,4.39302343159486,0,0,0,13.367896825396826,0,-1.629402242,0,0,0,20.53021038044848,0,0,0,0,0,0,0.1321520966964312,0.8678479033315561,2571.169456972624,1.0922585031957111e-05,0.4953297480894423,-0.353806963,4,2,4,8,0,0,0,0,2,0.4444444444444444,0,0,0,0,0,0,0,0,0,0,0,0,0,0,0,0,0,0,0,0,0,0,0,0,0,0,0,0,0,0,2,0,0,0,0,0,0,0,0,0,0,1,0,251,232.3393
91,O=[N+]([O-])c1nn(Cc2noc(/N=N/c3nc(Cn4nc([N+](=O)[O-])c([N+](=O)[O-])c4[N+](=O)[O-])no3)n2)c([N+](=O)[O-])c1[N+](=O)[O-],0,30,0,0,0,0,4,4,24,0,30,4,12,0,0,0,0,6,0,0,596.2620000000003,0.4981460877973301,-0.357621116,11.282668341416652,0.2732886801996856,-1.481242919,397.0399999999999,0,0,2,0,0,0,0,0,0,0,10,0,0,0,0,0,0,0,0,0,0,2,6,0,6,2,0,0,6,0,2,0,0,0,0,0,0,-1.647534989,0,0,0,0,0,0,0,-10.72105456,0,0,0,0,0,0,0,0,0,0,6.810986190670534,20.45732905601025,0,-7.879365544,0.5465773603993715,0,0,66.86052411060703,0,9.378680930815465,0,0,0,0,0.1822661466505154,0.9321229537200576,19964.634911389512,1.2726622481918195,0.3756737809888938,-0.322006098,12,4,14,16,0,0,0,0,6,0.5217391304347826,0,0,0,0,0,0,0,0,0,0,0,0,0,0,0,0,0,0,0,0,0,0,0,0,2,0,0,2,0,0,0,0,0,0,0,0,0,0,0,0.217391304347826,0,0,0,250.2,280.59247
92,O=[N+]([O-])c1nn(CCn2nc([N+](=O)[O-])c([N+](=O)[O-])c2[N+](=O)[O-])c([N+](=O)[O-])c1[N+](=O)[O-],0,22,0,0,0,0,2,2,16,0,22,2,9,2,0,0,0,6,0,0,432.1780000000002,0.4981312574235754,-0.357621254,11.114715713445872,0.1382331821617535,-1.572290617,294.48,0,0,2,0,0,0,0,0,0,0,6,0,0,0,0,0,0,0,0,0,0,0,2,0,6,2,0,0,6,0,0,0,0,0,0,0,0,-1.857496221,0,0,0,0,0,0,0,-9.053590955,0,0,0,0,0,0,0,0,0,0,0,6.193487024439405,0,-8.38884116,0.2764663643235072,0,0,65.91498747351201,0,0,0,0,0,0,0.1935667254198871,0.8345803893363883,8399.901994781994,0.5074702168589267,0.3239405985496715,-0.222130696,8,4,12,10,0,0,0,0,6,0.7058823529411765,0,0,0,0,0,0,0,0,0,0,0,0,0,0,0,0,0,0,0,0,0,0,0,0,0,0,0,2,0,0,0,0,0,0,0,0,0,0,0,0,0,0,0,250,226.952
93,O=[N+]([O-])c1n[nH]c(-n2cnc([N+](=O)[O-])n2)n1,1,12,0,0,0,0,2,2,9,1,12,2,3,0,1,0,0,2,0,0,226.112,0.492498389800627,-0.38969132,10.271771856890904,0.1321296296296292,-0.814145566,158.56,0,0,0,0,0,1,0,0,0,0,3,0,0,0,0,0,0,0,1,0,0,0,4,0,2,1,0,0,2,0,0,0,0,0,0,0,0,0,0,0,0.988464663643235,0,0,0,0,-1.43101285,0,0,0,0,0,0,0,2.190724678760393,0,0,0,13.42146164021164,0,-1.61843002,0.873148148148148,0,0,20.537821869488532,0,0,0,0,0,0,0.0885323222932483,0.911467677739828,2655.73010779973,1.132985832401461e-05,0.4953297480894423,-0.353806963,4,2,4,8,0,0,0,0,2,0.4444444444444444,0,0,0,0,0,0,0,0,0,0,0,0,0,0,0,0,0,0,0,0,0,0,0,0,0,0,0,0,0,0,2,0,0,0,0,0,0,0,0,0,0,0,0,250,246.28555
94,O=[N+]([O-])c1cc([N+](=O)[O-])n(CN(Cn2nc([N+](=O)[O-])cc2[N+](=O)[O-])[N+](=O)[O-])n1,0,20,0,0,0,0,2,2,14,0,20,2,9,0,0,0,0,5,0,0,402.19600000000014,0.4198653832566594,-0.357801514,11.193674414210127,0.1185034013605441,-1.144366969,254.58,0,0,2,0,0,2,0,0,0,0,4,0,0,0,0,0,0,0,0,0,0,0,2,1,5,2,0,0,5,0,0,0,0,0,0,0,0,-2.107211829,0,0,0.915333486725983,0,0,0,0,-3.842220189,0,0,0,0,0,0,0,0,0,0,0,6.487600781053162,0.1185034013605441,-5.447875481,0.620395565633661,0,0,54.46107046509554,0,0,0,0,0,0,0.5278811745724131,0.7937386630709394,4203.8939445032975,1.0002426963965465,0.3480889914370107,-0.358034391,8,6,10,10,1,0,0,0,4,0.5882352941176471,0,0,0,0,0,0,0,0,0,0,0,0,0,0,0,0,0,0,0,0,0,0,0,0,0,0,2,0,0,0,0,0,0,0,0,0,0,0,0,0,0,0,0,250,190.29968
95,Nc1n[nH]c(-c2nnc(C[N+](=O)[O-])o2)n1,3,10,0,0,0,0,2,2,8,2,10,2,3,0,1,1,0,1,0,0,211.141,0.2879201960919422,-0.411738294,10.14058607856723,0.0102314814814816,-0.57734064,149.64999999999998,0,0,1,0,0,0,0,0,0,0,4,0,0,0,1,0,0,0,1,0,0,0,4,0,1,0,0,0,1,0,1,0,0,0,0,0,0,-0.531131661,0,0,0,0,0,0,0,0.1061533656672562,0,0,0,5.251919957797934,0,0,0,2.436153155706727,0,0,0,14.259092183169564,0,-0.57734064,0,0,0,10.14058607856723,0,4.940648148148148,0,0,0,0,0.129591805723286,0.9296566186175352,2088.8002132004085,0.4630599696412188,0.4641448131817126,-0.719898078,5,5,3,7,0,0,0,0,1,0.2,0,0,0,0,0,0,0,0,0,0,0,0,0,0,0,0,0,0,0,0,0,0,0,0,1,0,0,0,0,1,0,0,0,0,0,0,0,0,0,0.5,0,0,0,249.6,214.03079
96,Nc1nnc2nnc(Nc3nonc3[N+](=O)[O-])nn12,3,14,0,0,0,0,3,3,13,2,14,3,3,0,1,1,0,1,0,0,265.153,0.4586803128095361,-0.366342201,10.599651622994877,0.0132152567817243,-0.779837176,188.97,0,0,0,0,0,0,0,0,0,0,4,1,0,0,1,0,0,1,0,0,0,0,7,0,1,1,0,0,1,0,1,0,0,0,0,0,0,0,0,0,0,0,0,0,0,-1.003010703,0.0794699284034605,0,0,5.473190035273369,0,0,2.417314814814815,0,0,0,0,24.61591128117914,0,-0.779837176,1.0919425547996977,0,0,10.599651622994877,0,4.23904935122197,0,0,0,0,0.1503993013969535,0.8564785260530955,3351.2816588931046,0.175618926889608,0.5807967475382139,-0.512911413,5,3,3,11,0,0,0,0,1,0.1818181818181818,0,0,0,0,0,0,0,0,0,0,0,0,0,0,0,0,0,1,0,0,0,0,0,0,0,1,0,0,0,1,0,0,0,0,0,0,0,0,0,0.5,2,0,0,249.5,270.28476
97,Nc1c([N+](=O)[O-])nnc2nc(-c3[nH]nc([N+](=O)[O-])c3[N+](=O)[O-])nn12,3,17,0,0,0,0,3,3,13,2,17,3,4,0,1,1,0,3,0,0,337.1720000000001,0.4678080167146673,-0.376352675,11.043795876375242,0.3058786848072556,-1.062560014,240.08999999999995,0,0,0,0,0,0,0,0,0,0,6,1,0,0,1,0,0,0,1,0,0,0,5,0,3,1,0,0,3,0,0,0,0,0,0,0,0,0,0,0,0,0,0,0,0,-4.260796905,-0.305878685,0,0,5.510978206097254,0,0,0,2.076595568783069,0,0,0,17.319123362307884,0,-3.014184575,0.719112811791383,0,0,32.560858441402274,0,0,0,0,0,0,0.1170345285420633,0.899222446983085,5558.535846439251,0.2101666394248668,0.4567401800861281,-0.450808489,7,3,6,11,0,0,0,0,3,0.4444444444444444,0,0,0,0,0,0,0,0,0,0,0,0,0,0,1,0,0,0,0,0,0,0,0,0,0,0,1,0,0,1,0,0,0,0,0,0,0,0,0,0.1851851851851851,2,0,0,249,267.4086
98,O=[N+]([O-])Nc1nonc1-c1nnc(N=Nc2nnc(-c3nonc3N[N+](=O)[O-])o2)o1,2,22,0,0,0,0,4,4,18,2,22,4,8,0,2,0,0,2,0,0,422.1940000000002,0.3617134734302084,-0.398693953,10.485681118695322,0.2452979555027152,-0.898638699,290.7399999999999,0,0,0,0,0,0,0,0,0,0,8,0,0,0,0,0,0,2,0,0,0,2,8,0,2,0,0,0,2,0,4,0,0,0,0,0,0,0,0,0,0,0,0,0,0,-2.717280733,0,0,0,0,0,0,3.450323205466222,0,0,0,7.070332262534643,27.46987449228292,0,-1.797277397,0,0,0,20.971362237390643,0,18.914637028927288,0,0,0,0,0.2905558008024488,0.9202068599778408,6889.999987571988,0.9649231774089866,0.4642415571988231,-0.34107543,8,2,8,14,2,0,0,0,0,0.25,0,0,0,0,0,0,0,0,0,0,0,0,0,0,0,0,0,0,0,0,0,0,0,0,4,0,0,0,0,0,0,0,0,0,0,0,0,0,0,0.625,0,0,0,248,148.26582
99,Nc1nn2c(N)c([N+](=O)[O-])nnc2c1[N+](=O)[O-],4,12,0,0,0,0,2,2,10,2,12,2,2,0,0,2,0,2,0,0,240.139,0.432566079951371,-0.37638774,10.656711545729404,0.3512962962962962,-0.883455215,181.4,0,0,0,0,0,0,0,0,0,0,4,1,0,0,2,0,0,0,0,0,0,0,3,0,2,1,0,0,2,0,0,0,0,0,0,0,0,0,0,0,0,0,0,0,0,-2.286764928,-0.351296296,0,0,10.662950680272107,0,0,0,0,0,0,0,9.977592592592591,0,-1.705260771,0.7069444444444444,0,0,21.16458380574452,0,0,0,0,0,0,0.1917580543626015,0.8175093208276415,2191.379168959488,0.1555019603026299,0.4663965453341606,-0.533024623,5,4,4,8,0,0,0,0,2,0.3809523809523809,0,0,0,0,0,0,0,0,0,0,0,0,0,0,1,0,0,0,0,0,0,0,0,0,0,1,0,0,0,0,0,0,0,0,0,0,0,0,0,0,2,0,0,355,298.0094
100,O=[N+]([O-])Nc1nonc1-c1nnc(/N=N/c2nnc(-c3nonc3N[N+](=O)[O-])o2)o1,2,22,0,0,0,0,4,4,18,2,22,4,8,0,2,0,0,2,0,0,422.1940000000002,0.3617134734302084,-0.398693953,10.485681118695322,0.2452979555027152,-0.898638699,290.7399999999999,0,0,0,0,0,0,0,0,0,0,8,0,0,0,0,0,0,2,0,0,0,2,8,0,2,0,0,0,2,0,4,0,0,0,0,0,0,0,0,0,0,0,0,0,0,-2.717280733,0,0,0,0,0,0,3.450323205466222,0,0,0,7.070332262534643,27.46987449228292,0,-1.797277397,0,0,0,20.971362237390643,0,18.914637028927288,0,0,0,0,0.0955337228812622,0.9202175457209436,11720.506174096954,0.2893217201973945,0.4642415571988231,-0.34107543,8,2,8,14,2,0,0,0,0,0.25,0,0,0,0,0,0,0,0,0,0,0,0,0,0,0,0,0,0,0,0,0,0,0,0,4,0,0,0,0,0,0,0,0,0,0,0,0,0,0,0.625,0,0,0,248,132.04848
101,O=[N+]([O-])c1nc(NNc2nc([N+](=O)[O-])nn2-c2nnn[nH]2)n(-c2nnn[nH]2)n1,4,22,0,0,0,0,4,4,18,4,22,4,7,0,4,0,0,2,0,0,392.22,0.4931289786433794,-0.389690452,10.927617111123604,0.1002018770471147,-0.848205163,280.67999999999995,0,0,0,0,0,0,0,0,0,0,6,0,0,0,0,0,0,2,2,0,0,0,10,0,2,2,0,0,2,0,0,0,0,0,0,0,0,0,0,0,0,0,0,0,0,-2.245348325,0,0,0,0,0,0,4.877299697656841,4.681850661497126,0,0,0,34.929564734040746,0,-1.696410327,1.7425751133786842,0,0,21.85523422224721,0,0,0,0,0,0,0.35886060991533,0.8937505437923567,5943.507911764855,1.101970607899056,0.6424965580541533,-0.407934323,6,4,4,18,0,0,0,0,2,0.25,0,0,0,0,0,0,0,0,0,0,0,0,0,0,0,0,0,0,0,0,0,0,0,0,0,0,0,0,0,0,2,0,0,0,2,0,0,0,0,0.3125,0,0,0,248,286.95782
102,Nc1nc(N)n2nc(N[N+](=O)[O-])c([N+](=O)[O-])c2n1,5,13,0,0,0,0,2,2,10,3,13,2,3,0,1,2,0,2,0,0,255.154,0.3629135530815469,-0.367625644,10.848526077097508,0.2805574452003021,-0.998264361,193.43,0,0,0,0,0,0,0,0,0,0,4,1,0,0,2,0,0,1,0,0,0,0,3,0,2,1,0,0,2,0,0,0,0,0,0,0,0,0,0,0,0,0,0,0,0,-1.919674981,-0.338564815,0,0,10.703382464096748,0,0,1.5752673847316707,0,0,0,0,10.619247921390778,0,-1.887106954,0.7781018518518517,0,0,21.15134023053666,0,0,0,0,0,0,0.2716669435493938,0.7743382514271363,2309.039807649453,0.2535186949833391,0.4938194188607663,-0.533011436,5,5,4,9,1,0,0,0,1,0.3478260869565217,0,0,0,0,0,0,0,0,0,0,0,0,0,1,0,0,0,0,0,0,0,0,0,0,0,1,0,0,0,0,0,0,0,0,0,0,0,0,0,0.2608695652173913,2,0,0,248,227.03531
103,O=[N+]([O-])c1nn(Cc2nnn[nH]2)c([N+](=O)[O-])c1Cl,1,12,0,0,0,0,2,2,9,1,13,2,4,0,1,0,0,2,0,0,274.58400000000006,0.4387063754002628,-0.357763734,10.782821239606951,0.1455228017132779,-0.912232615,158.56,0,0,1,0,0,0,0,0,0,0,4,0,0,0,0,0,0,0,1,0,0,0,4,0,2,1,0,0,2,0,0,0,1,0,0,0,0,-0.239212963,0,0,0,0,0,0,0,-1.985882464,0,0,0,0,0,0,0,2.3411276455026453,0,0,0,13.433586860670191,0,-1.781150794,0.7387499999999998,0,0,21.369724190602167,0,0,0,5.53111111111111,0,0,0.3360193593199725,0.7918779608587655,2421.8066524719407,0.6845200247612558,0.4078897532266994,-0.437024736,5,3,4,8,0,0,0,0,2,0.3809523809523809,0,0,0,0,0,0,0,0,0,0,0,0,0,0,0,0,0,0,0,0,0,0,0,0,0,0,1,0,0,0,0,0,0,0,1,0,0,0,0,0.238095238095238,0,0,0,247,270.49957
104,O=[N+]([O-])c1ncn(/N=N/n2cnc([N+](=O)[O-])n2)n1,0,14,0,0,0,0,2,2,12,0,14,2,4,0,0,0,0,2,0,0,254.12600000000003,0.4923539376978574,-0.389690733,10.25922811525896,0.6541473502981432,-0.813166747,172.41999999999996,0,0,0,0,0,2,0,0,0,0,2,0,0,0,0,0,0,0,0,0,0,2,4,0,2,2,0,0,2,0,0,0,0,0,0,0,0,0,0,0,1.874949609473419,0,0,0,0,-1.308294701,0,0,0,0,0,0,0,0,0,0,6.707358276643991,13.248648589065256,0,-1.626333495,1.4000925925925929,0,0,20.51845623051792,0,0,0,0,0,0,0.0865972489083337,0.9134027511951236,4138.988229959396,2.8277518801606364e-05,0.5509078173819286,-0.314804467,4,2,4,10,0,0,0,0,2,0.4,0,0,0,0,0,0,0,0,0,0,0,0,0,0,0,0,0,0,0,0,0,0,0,0,0,0,0,0,0,0,2,0,0,0,0,0,0,0,0,0,0,0,0,247,260.30594
105,Nn1nc([N+](=O)[O-])nc1-n1ncc([N+](=O)[O-])n1,2,13,0,0,0,0,2,2,11,1,13,2,3,0,0,1,0,2,0,0,241.127,0.4945528385321683,-0.389689862,10.364600182665658,0.3149999999999997,-0.87026518,173.72000000000003,0,0,0,0,0,1,0,0,0,0,3,0,0,0,1,0,0,0,0,0,0,0,4,0,2,2,0,0,2,0,0,0,0,0,0,0,0,0,0,0,0.8477314814814814,0,0,0,0,-1.622309146,0,0,0,5.264473733938019,0,0,0,0,0,0,0,13.522741874527588,0,-1.652865961,1.208325774754346,0,0,20.71595112118921,0,0,0,0,0,0,0.1243772471234088,0.8826145821690781,2764.580925622956,0.1848603217256538,0.5225462100884596,-0.364952909,4,3,4,9,0,0,0,0,2,0.4,0,0,0,0,0,0,0,0,0,0,0,0,0,0,0,0,0,0,0,0,0,0,0,0,0,0,0,0,0,0,2,0,0,0,0,0,0,0,0,0,0,0,0,246,276.73984
106,Nc1nc([N+](=O)[O-])n[nH]1,3,7,0,0,0,0,1,1,5,2,7,1,1,0,1,1,0,1,0,0,129.079,0.4923589769658897,-0.38969069,9.81925925925926,0.0539814814814811,-0.729305556,110.73,0,0,0,0,0,0,0,0,0,0,2,0,0,0,1,0,0,0,1,0,0,0,2,0,1,0,0,0,1,0,0,0,0,0,0,0,0,0,0,0,0,0,0,0,0,-0.560925926,0,0,0,4.982777777777778,0,0,0,2.124953703703704,0,0,0,6.377314814814815,0,-0.729305556,0,0,0,9.81925925925926,0,0,0,0,0,0,0.1988906623187962,0.8011093376895909,572.2384453226712,4.808440203591215e-06,0.5423035505388173,-0.43384284,2,3,2,5,0,0,0,0,1,0.3333333333333333,0,0,0,0,0,0,0,0,0,0,0,0,0,0,0,0,0,0,0,0,0,0,0,0,0,0,0,0,0,0,1,0,0,0,0,0,0,0,0,0,1,0,0,246,281.25467
107,Nc1c([N+](=O)[O-])nnc2c([N+](=O)[O-])c([N+](=O)[O-])nn12,2,14,0,0,0,0,2,2,11,1,14,2,3,0,0,1,0,3,0,0,270.121,0.4704816458995061,-0.374766691,10.736711545729404,0.4319444444444444,-1.13287226,198.52,0,0,0,0,0,0,0,0,0,0,4,1,0,0,1,0,0,0,0,0,0,0,3,0,3,1,0,0,3,0,0,0,0,0,0,0,0,0,0,0,0,0,0,0,0,-3.794822373,-0.652962963,0,0,5.313527966742252,0,0,0,0,0,0,0,9.449882842025698,0,-3.222592593,0.4319444444444444,0,0,31.904178004535147,0,0,0,0,0,0,0.2265047692268879,0.7909594285646373,2776.02241981544,0.1795214505716315,0.4146289995964772,-0.296163571,5,2,6,8,0,0,0,0,3,0.5714285714285714,0,0,0,0,0,0,0,0,0,0,0,0,0,0,1,0,0,0,0,0,0,0,0,0,0,0,1,0,0,0,0,0,0,0,0,0,0,0,0,0,2,0,0,246,246.0501
108,Nc1c([N+](=O)[O-])nn(CC2(Cn3nc([N+](=O)[O-])c(N)c3[N+](=O)[O-])COC2)c1[N+](=O)[O-],4,19,0,1,1,0,2,2,15,2,19,3,8,0,0,2,0,4,0,0,428.27800000000025,0.4430545986073828,-0.384624524,11.307926270842486,0.0948082010582009,-1.116887755,269.47,0,0,4,0,0,0,0,0,0,0,6,0,1,0,2,0,0,0,0,0,0,0,2,0,4,2,0,0,4,1,0,0,0,0,0,0,0,-0.927572751,0,0,0,0,0,0,0,-5.054033054,0,-1.116887755,0,10.921917754730709,0,0,0,0,0,0,0,7.092816830435878,0,-3.902918771,1.367241748551272,0,0,44.63463076011958,5.100174477198287,0,0,0,0,0,0.2432198284574512,0.9118003680200784,7505.332348245537,1.0079497320259123,0.3268904776803852,-0.709819323,11,12,9,10,0,0,0,0,4,0.3809523809523809,0,0,0,0,0,0,0,0,0,0,0,0,0,0,0,0,0,0,0,0,0,0,0,0,0,0,2,0,0,0,0,0,0,0,0,0,0,0,0,0,0,1,0,246,272.86807
109,Nc1nonc1-n1nc([N+](=O)[O-])cc1[N+](=O)[O-],2,12,0,0,0,0,2,2,10,1,12,2,3,0,0,1,0,2,0,0,241.123,0.4204051942011968,-0.375669248,10.666693121693122,0.272131519274376,-0.881744142,169.04,0,0,0,0,0,1,0,0,0,0,4,0,0,0,1,0,0,0,0,0,0,0,3,0,2,1,0,0,2,0,1,0,0,0,0,0,0,0,0,0,0.6747222222222222,0,0,0,0,-1.936020408,0,0,0,5.306330309901739,0,0,0,0,0,0,0,9.817673847316703,0,-1.748688587,0.5733796296296296,0,0,21.126694775132275,0,4.225880102040817,0,0,0,0,0.3590258330210114,0.7003071846140871,2077.1553561949154,0.5268614403498043,0.4064315722680955,-0.431315138,5,3,5,7,0,0,0,0,2,0.4,0,0,0,0,0,0,0,0,0,0,0,0,0,0,0,0,0,0,0,0,0,0,0,0,1,0,1,0,0,0,0,0,0,0,0,0,0,0,0,0.25,0,0,0,245,250.22902
110,O=[N+]([O-])c1nn(CN(Cn2nc([N+](=O)[O-])c([N+](=O)[O-])c2Cl)[N+](=O)[O-])c(Cl)c1[N+](=O)[O-],0,20,0,0,0,0,2,2,14,0,22,2,9,0,0,0,0,5,0,0,471.0860000000002,0.4690535333028128,-0.357561345,11.277362055933484,0.123673469387755,-1.294726662,254.58,0,0,2,0,0,0,0,0,0,0,6,0,0,0,0,0,0,0,0,0,0,0,2,1,5,2,0,0,5,0,0,0,2,0,0,0,0,-2.114489166,0,0,0,0,0,0,0,-6.903462163,0,0,0,0,0,0,0,0,0,0,0,6.429452632905013,0.123673469387755,-6.080685731,0.6683578987150418,0,0,54.90767063804401,0,0,0,11.284034005160748,0,0,0.3606728364345991,0.8942505986643834,6334.281767225292,1.006590236250607,0.2971856518767273,-0.271712596,8,4,10,10,1,0,0,0,4,0.5882352941176471,0,0,0,0,0,0,0,0,0,0,0,0,0,0,0,0,0,0,0,0,0,0,0,0,0,0,2,0,0,0,0,0,0,0,0,0,0,0,0,0,0,0,0,354,206.15558
111,COc1c([N+](=O)[O-])c(F)c([N+](=O)[O-])c(F)c1[N+](=O)[O-],0,10,0,0,0,1,0,1,7,0,12,1,4,0,0,0,0,3,3,0,279.111,0.3605249665971892,-0.485195481,13.499890400604686,0.6944907407407408,-2.157453704,138.65,1,0,0,0,0,0,0,0,0,0,6,0,0,0,0,0,0,0,0,0,0,0,0,0,3,0,0,0,3,1,0,2,0,0,0,0.6944907407407408,0,0,0,0,0,0,0,0,0,-10.99601852,0,0,0,0,0,0,0,0,0,0,0,0,0,-4.591944444,0,0,0,31.592070578231294,4.2095502645502645,0,26.99978080120937,0,0,0,0.4917672638223604,0.5544316040329682,2371.208230450537,0.4401652100434771,0.150477766909939,-0.48726134,7,3,7,3,0,0,0,0,3,0.5454545454545454,0,0,0,1,0,0,0,0,0,0,0,0,0,0,0,0,0,0,0,0,0,0,0,0,0,0,0,0,0,0,0,0,0,0,0,0,0,0,0,0,1,0,0,300,241.55602
112,Nc1nncn1NC(=O)c1nnc(N[N+](=O)[O-])[nH]1,5,13,0,0,0,0,2,2,9,4,13,2,4,0,3,1,0,1,0,0,254.17,0.3074952829993725,-0.366455212,11.58893896447468,0.0356432403208191,-0.847250042,182.57,0,0,0,0,0,1,0,0,0,1,3,0,0,0,1,0,0,2,1,0,0,0,4,0,1,1,0,0,2,0,0,0,0,0,0,0,0,0,0,0,1.1664524281934994,0,0,0,-0.717224112,-0.554783924,0,0,0,5.364766964637095,0,0,3.976604150919627,2.29416477702192,0,0,0,13.612478692043084,0,-0.847250042,1.0470798689846308,0,0,21.70665841378639,0,0,0,0,0,0,0.1035470931053095,0.9227923833455636,3705.0460765837593,0.4457905338233804,0.5508124483613328,-0.629499941,5,6,3,10,1,0,0,0,0,0.1666666666666666,0,0,0,0,0,0,0,0,0,0,0,0,0,0,0,0,0,0,0,0,0,0,0,0,0,0,0,0,0,2,0,0,0,0,0,0,0,0,0,0.4166666666666667,0,0,0,244.6,202.81654
113,O=C(N/N=C/c1c([N+](=O)[O-])cc([N+](=O)[O-])cc1[N+](=O)[O-])n1ncc2c([N+](=O)[O-])cc([N+](=O)[O-])cc21,1,20,0,0,0,2,1,3,14,1,20,3,7,0,1,0,0,5,5,3,489.27300000000025,0.3625044151758075,-0.258304852,12.4321531452087,0.2348387429531282,-1.251607668,274.98,0,0,0,0,1,5,0,0,0,1,6,2,0,0,0,0,0,1,0,0,0,1,1,0,5,1,0,0,6,0,0,0,0,0,0,0,0,0,0,0.4806377551020404,3.2770839425540976,0,0,0,-1.251607668,-5.272295668,-0.590489654,0,0,0,0,0,1.8049364606953893,0,0,0,3.34815554925674,3.599231645979481,0,-5.216516116,0.4636254231311951,0,0,68.14469573736606,0,0,0,0,0,0,0.1762908416469042,0.8598577691260355,12877.85483221585,0.5018099714368999,0.2575249400641359,-0.735785543,15,7,11,9,0,0,0,0,5,0.4761904761904761,0,0,1,1,0,0,0,0,0,0,0,0,0,0,0,0,0,0,0,0,0,0,0,0,1,0,0,0,0,0,0,0,0,0,0,0,0,0,0,0.119047619047619,2,0,0,244,268.00766
114,Nc1nc([N+](=O)[O-])nn1N,4,8,0,0,0,0,1,1,7,2,8,1,1,0,0,2,0,1,0,0,144.094,0.4943523008008364,-0.38968988,9.922592592592594,0.1882407407407405,-0.778055556,125.89,0,0,0,0,0,0,0,0,0,0,2,0,0,0,2,0,0,0,0,0,0,0,2,0,1,1,0,0,1,0,0,0,0,0,0,0,0,0,0,0,0,0,0,0,0,-0.785462963,0,0,0,10.03037037037037,0,0,0,0,0,0,0,6.38425925925926,0,-0.778055556,0.6370370370370371,0,0,9.922592592592594,0,0,0,0,0,0,0.2311214773175141,0.7688785231953065,728.7819806422277,2.306686582539616e-05,0.5829527947034573,-0.44415451,2,4,2,6,0,0,0,0,1,0.2857142857142857,0,0,0,0,0,0,0,0,0,0,0,0,0,0,0,0,0,0,0,0,0,0,0,0,0,0,0,0,0,0,1,0,0,0,0,0,0,0,0,0,1,0,0,244,300.27042
115,O=[N+]([O-])Cc1nnc(-c2c([N+](=O)[O-])cc([N+](=O)[O-])cc2[N+](=O)[O-])o1,0,15,0,0,0,1,1,2,11,0,15,2,6,0,0,0,0,4,3,1,340.1640000000001,0.2955478024344933,-0.413887764,11.091568011463846,0.4858213655832701,-1.104456412,211.48,0,0,1,0,0,2,0,0,0,0,6,0,0,0,0,0,0,0,0,0,0,0,2,0,4,0,0,0,4,0,1,0,0,0,0,0,0,-0.901213703,0,0,0.9716427311665404,0,0,0,0,-4.989462002,0,0,0,0,0,0,0,0,0,0,0,6.554012818090198,0,-4.078242561,0,0,0,43.31168403244117,0,4.819894652305366,0,0,0,0,0.2828149300461354,0.8280991970989231,4322.582060426594,0.5556827501564218,0.2469397114333086,-0.517397491,9,4,9,6,0,0,0,0,4,0.5714285714285714,0,0,0,1,0,0,0,0,0,0,0,0,0,0,0,0,0,0,0,0,0,0,0,0,1,0,0,0,0,0,0,0,0,0,0,0,0,0,0,0.1785714285714285,0,0,0,243.2,234.8105
116,O=c1[nH]/c(=N/[N+](=O)[O-])[nH]c2n[nH]nc12,3,10,0,0,0,0,2,2,5,3,10,2,1,0,3,0,0,1,0,0,197.11400000000003,0.2820739772372174,-0.301737324,11.161481481481482,0.0345351473922903,-0.936815949,145.72000000000003,0,0,0,0,0,0,0,0,0,0,0,2,0,0,0,0,0,0,3,0,0,1,2,0,1,0,0,0,2,0,0,0,0,0,0,0,0,0,0,0,0,0,0,0,0,0,0.1404147770219204,0,0,0,0,0,0,6.732310563114134,0,0,2.8794444444444443,7.0690873015873015,0,-0.936815949,0,0,0,21.168844246031743,0,0,0,0,0,0,0.1879388151125694,0.8120611848874336,1570.756818941221,9.468416237701552e-08,0.4971742240530859,-0.527613462,4,3,3,7,1,0,0,0,0,0.2352941176470588,0,0,0,0,0,0,0,0,0,1,0,0,0,0,0,0,0,0,0,0,0,0,0,0,0,0,0,0,0,1,0,0,0,0,0,0,0,0,0,0.6470588235294118,2,0,0,242,183.90433
117,Nn1nc([N+](=O)[O-])nc1-n1cnc([N+](=O)[O-])n1,2,13,0,0,0,0,2,2,11,1,13,2,3,0,0,1,0,2,0,0,241.127,0.4944866782160387,-0.38969132,10.369383345930965,0.2663888888888885,-0.862895566,173.72000000000003,0,0,0,0,0,1,0,0,0,0,3,0,0,0,1,0,0,0,0,0,0,0,4,0,2,2,0,0,2,0,0,0,0,0,0,0,0,0,0,0,0.939714663643235,0,0,0,0,-1.700364701,0,0,0,5.276695956160242,0,0,0,0,0,0,0,13.411878306878307,0,-1.694107458,1.369714663643235,0,0,20.69823428445452,0,0,0,0,0,0,0.171851762217348,0.8485820582982115,2698.2896859802368,0.3156858797217823,0.5225462100884596,-0.364952909,4,3,4,9,0,0,0,0,2,0.4,0,0,0,0,0,0,0,0,0,0,0,0,0,0,0,0,0,0,0,0,0,0,0,0,0,0,0,0,0,0,2,0,0,0,0,0,0,0,0,0,0,0,0,242,273.79016
118,NN1c2c([N+](=O)[O-])c([N+](=O)[O-])nn2Cn2nc([N+](=O)[O-])c([N+](=O)[O-])c21,2,18,0,1,1,0,2,2,14,1,18,3,4,0,0,1,0,4,0,0,356.1710000000001,0.4698365130537148,-0.35756099,11.150089600655075,0.3331018518518518,-1.14041126,237.46,0,0,1,0,0,0,0,0,0,0,6,0,0,0,1,0,0,0,0,0,0,0,2,1,4,2,0,0,4,0,0,0,0,0,0,0,0,-0.595509259,0,0,0,0,0,0,0,-5.81045404,0,0,0,5.619731670445956,0,0,0,0,0,0,0,6.806262282690854,0.3331018518518518,-4.52773967,1.3684882842025696,0,0,44.15305943982531,0,0,0,0,0,0,0.1956962460574992,0.8287091817751857,4994.857775295046,0.2939764230154454,0.3930696210528088,-0.359377939,7,4,8,10,0,0,0,0,4,0.5517241379310345,0,0,0,0,0,0,0,0,0,0,0,0,0,1,0,0,0,0,0,0,0,0,0,0,0,0,2,0,0,0,0,0,0,0,0,0,0,0,0,0.2068965517241379,3,1,0,242,268.49698
119,Nc1nc([N+](=O)[O-])nn1Cc1nnn[nH]1,3,11,0,0,0,0,2,2,9,2,11,2,3,0,1,1,0,1,0,0,211.145,0.4925843512970008,-0.389690609,10.332458506550768,0.0712037037037032,-0.730658541,154.33,0,0,1,0,0,0,0,0,0,0,3,0,0,0,1,0,0,0,1,0,0,0,5,0,1,1,0,0,1,0,0,0,0,0,0,0,0,0.0968981481481481,0,0,0,0,0,0,0,-0.250395881,0,0,0,5.398177437641723,0,0,0,2.465088340891912,0,0,0,17.23064940791131,0,-0.730658541,1.125324074074074,0,0,10.332458506550768,0,0,0,0,0,0,0.2347993960324457,0.8852987172168614,1688.8963170772877,0.6612499604559842,0.5967463117762674,-0.64410713,4,5,2,9,0,0,0,0,1,0.2,0,0,0,0,0,0,0,0,0,0,0,0,0,0,0,0,0,0,0,0,0,0,0,0,0,0,0,0,0,0,1,0,0,0,1,0,0,0,0,0.25,0,0,0,242,272.19443
120,Cc1cc(C(F)(F)F)n2nc([N+](=O)[O-])nc2n1,0,7,0,0,0,0,2,2,6,0,10,2,1,1,0,0,0,1,0,0,247.136,0.4930374938297598,-0.389690461,12.621939720332575,0.0482619992441424,-4.686985544,86.22,1,0,0,0,0,1,0,0,0,0,3,1,1,0,0,0,0,0,0,0,0,0,3,0,1,1,0,0,1,0,0,3,0,0,0,1.3291203703703705,0,0,0,0,0.7414739229024943,0,0,0,0,-2.026552816,-0.454606481,-4.686985544,0,0,0,0,0,0,0,0,0,10.070393518518518,0,-0.981976568,0.310648148148148,0,0,10.374666477702192,0,0,37.86581916099773,0,0,0,0.3728092760957072,0.6753499919062903,2070.1376554458766,0.1977228506571991,0.2832448530363847,-0.90638353,7,4,2,5,0,0,0,0,1,0.1904761904761904,0,0,0,0,0,0,0,0,0,1,0,0,0,0,0,0,0,0,0,0,0,0,0,0,0,0,0,0,0,0,1,0,0,0,0,0,0,0,0,0.2857142857142857,2,0,0,242,212.00919
121,Nn1cc([N+](=O)[O-])c([N+](=O)[O-])n1,2,9,0,0,0,0,1,1,7,1,9,1,2,0,0,1,0,2,0,0,173.088,0.4694071280922318,-0.35756115,10.13175925925926,0.5240740740740741,-0.970740741,130.12,0,0,0,0,0,1,0,0,0,0,2,0,0,0,1,0,0,0,0,0,0,0,1,0,2,1,0,0,2,0,0,0,0,0,0,0,0,0,0,0,0.7620370370370371,0,0,0,0,-1.578703704,0,0,0,4.951666666666666,0,0,0,0,0,0,0,3.0850925925925923,0,-1.89287037,0.5240740740740741,0,0,20.24101851851852,0,0,0,0,0,0,0.4470359630800937,0.5837800074737374,951.2004880733832,0.1380851920121491,0.4044185616564983,-0.323534849,3,3,4,5,0,0,0,0,2,0.5333333333333333,0,0,0,0,0,0,0,0,0,0,0,0,0,0,0,0,0,0,0,0,0,0,0,0,0,0,1,0,0,0,0,0,0,0,0,0,0,0,0,0,1,0,0,241,268.3205
122,O=[N+]([O-])c1n[nH]c(-c2n[nH]c(N=Nc3nc(-c4[nH]nc([N+](=O)[O-])c4[N+](=O)[O-])n[nH]3)n2)c1[N+](=O)[O-],4,24,0,0,0,0,4,4,16,4,24,4,8,0,4,0,0,4,0,0,476.24600000000027,0.4678080127762997,-0.357561866,11.15073709214074,0.3308706605410241,-1.063950152,337.78,0,0,0,0,0,0,0,0,0,0,10,0,0,0,0,0,0,0,4,0,0,2,6,0,4,0,0,0,4,0,0,0,0,0,0,0,0,0,0,0,0,0,0,0,0,-6.407452346,0,0,0,0,0,0,0,8.695894432052164,0,0,7.186364323507181,21.288151656960352,0,-4.204192607,0,0,0,44.053950603455945,0,0,0,0,0,0,0.080144729549039,0.96026214056954,14982.544725393249,0.7107175610137296,0.4703451577546056,-0.470345158,10,4,8,16,0,0,0,0,4,0.4210526315789473,0,0,0,0,0,0,0,0,0,0,0,0,0,0,0,0,0,0,0,0,0,0,0,0,0,0,2,0,0,2,0,0,0,0,0,0,0,0,0,0.2631578947368421,0,0,0,354,260.70538
123,Nc1nnc2nnc(N[N+](=O)[O-])n2n1,3,11,0,0,0,0,2,2,9,2,11,2,2,0,1,1,0,1,0,0,197.118,0.3079775865445517,-0.36524346,10.113554894179895,0.017175925925926,-0.796872638,150.05,0,0,0,0,0,0,0,0,0,0,2,1,0,0,1,0,0,1,0,0,0,0,5,0,1,1,0,0,1,0,0,0,0,0,0,0,0,0,0,0,0,0,0,0,0,-0.323798186,0.017175925925926,0,0,5.224010770975057,0,0,1.7806944444444444,0,0,0,0,17.39436507936508,0,-0.796872638,0.9773148148148147,0,0,10.113554894179895,0,0,0,0,0,0,0.3781429991291273,0.6650172541066633,1239.098471985533,0.2307685554211617,0.639211030956077,-0.446433101,3,3,2,9,1,0,0,0,0,0.2352941176470588,0,0,0,0,0,0,0,0,0,0,0,0,0,0,0,0,0,1,0,0,0,0,0,0,0,0,0,0,0,1,0,0,0,0,0,0,0,0,0,0.6470588235294118,2,0,0,241,135.00499
124,Nc1c([N+](=O)[O-])nn(N)c1[N+](=O)[O-],4,10,0,0,0,0,1,1,8,2,10,1,2,0,0,2,0,2,0,0,188.103,0.4459281439046561,-0.384536566,10.240648148148148,0.2574074074074073,-0.952685185,156.14,0,0,0,0,0,0,0,0,0,0,3,0,0,0,2,0,0,0,0,0,0,0,1,0,2,1,0,0,2,0,0,0,0,0,0,0,0,0,0,0,0,0,0,0,0,-2.279259259,0,0,0,10.01972222222222,0,0,0,0,0,0,0,3.059629629629629,0,-1.901759259,0.2574074074074073,0,0,20.42212962962963,0,0,0,0,0,0,0.2819815881128077,0.7387087259076748,1207.7721599818929,0.1261688567044274,0.4465638506562893,-0.340239124,3,4,4,6,0,0,0,0,2,0.4705882352941176,0,0,0,0,0,0,0,0,0,0,0,0,0,0,0,0,0,0,0,0,0,0,0,0,0,0,1,0,0,0,0,0,0,0,0,0,0,0,0,0,1,0,0,241,288.90015
125,O=[N+]([O-])c1cc([N+](=O)[O-])n(/N=N/n2nc([N+](=O)[O-])cc2[N+](=O)[O-])n1,0,18,0,0,0,0,2,2,14,0,18,2,6,0,0,0,0,4,0,0,342.1440000000001,0.4228245097623938,-0.357736744,10.738100487108424,0.1065202191987906,-1.07046501,232.92,0,0,0,0,0,2,0,0,0,0,4,0,0,0,0,0,0,0,0,0,0,2,2,0,4,2,0,0,4,0,0,0,0,0,0,0,0,0,0,0,0.942403313177122,0,0,0,0,-3.784528744,0,0,0,0,0,0,0,0,0,0,6.148654572940288,6.266255039052658,0,-4.223822157,0.2130404383975814,0,0,42.552332101854105,0,0,0,0,0,0,0.2544691172448143,0.7455308827638568,5577.914414391122,5.444824497235993e-06,0.4091844369622145,-0.233819678,6,2,8,10,0,0,0,0,4,0.6153846153846154,0,0,0,0,0,0,0,0,0,0,0,0,0,0,0,0,0,0,0,0,0,0,0,0,0,0,2,0,0,0,0,0,0,0,0,0,0,0,0,0,0,0,0,240,244.53073
126,Nn1nc([N+](=O)[O-])nc1-c1c([N+](=O)[O-])c([N+](=O)[O-])nn1N,4,16,0,0,0,0,2,2,13,2,16,2,4,0,0,2,0,3,0,0,300.151,0.4929690343735083,-0.389690471,10.945751606198035,0.2711961451247164,-1.163747166,229.99000000000004,0,0,0,0,0,0,0,0,0,0,5,0,0,0,2,0,0,0,0,0,0,0,3,0,3,2,0,0,3,0,0,0,0,0,0,0,0,0,0,0,0,0,0,0,0,-4.572590703,0,0,0,10.578165154950868,0,0,0,0,0,0,0,9.643452380952382,0,-3.286405266,0.5997996976568403,0,0,32.18545603426556,0,0,0,0,0,0,0.2638496861741842,0.8444777930866851,3188.7398023537157,0.7328837735566283,0.4664318959457075,-0.319839014,5,4,6,10,0,0,0,0,3,0.48,0,0,0,0,0,0,0,0,0,0,0,0,0,0,0,0,0,0,0,0,0,0,0,0,0,0,1,0,0,0,1,0,0,0,0,0,0,0,0,0,0,0,0,240,252.82822
127,Nc1nnc(-c2[nH]nc([N+](=O)[O-])c2[N+](=O)[O-])o1,3,12,0,0,0,0,2,2,9,2,12,2,3,0,1,1,0,2,0,0,241.123,0.467881935894654,-0.401474218,10.708277116402115,0.3272675736961445,-1.002123961,179.90000000000003,0,0,0,0,0,0,0,0,0,0,5,0,0,0,1,0,0,0,1,0,0,0,3,0,2,0,0,0,2,0,1,0,0,0,0,0,0,0,0,0,0,0,0,0,0,-2.854006992,0,0,0,5.13041761148904,0,0,0,2.0815277777777776,0,0,0,9.818423091458806,0,-1.976968065,0,0,0,21.21161611866969,0,4.710707671957672,0,0,0,0,0.2058549138804808,0.8172140524091167,2197.730355734961,0.1534031809124444,0.4064315722680955,-0.431315138,5,3,5,7,0,0,0,0,2,0.4,0,0,0,0,0,0,0,0,0,0,0,0,0,0,0,0,0,0,0,0,0,0,0,0,1,0,1,0,0,0,0,0,0,0,0,0,0,0,0,0.25,0,0,0,240,272.8012
128,Nc1nc2c([N+](=O)[O-])nnn2nc1-c1nnn[nH]1,3,13,0,0,0,0,3,3,11,2,13,3,2,0,1,1,0,1,0,0,249.154,0.4389491886687288,-0.381646383,10.643524817334342,0.0773611111111103,-0.730029841,179.58999999999995,0,0,0,0,0,0,0,0,0,0,4,1,0,0,1,0,0,0,1,0,0,0,7,0,1,1,0,0,1,0,0,0,0,0,0,0,0,0,0,0,0,0,0,0,0,-0.323846372,-0.158588435,0,0,5.625421390778533,0,0,0,2.438411517384732,0,0,0,24.813619142101285,0,-0.730029841,0.8812962962962962,0,0,10.643524817334342,0,0,0,0,0,0,0.149193337710218,0.8576103599007626,2666.9615315617184,0.1539413200251895,0.6180916220490137,-0.610064458,5,3,2,11,0,0,0,0,1,0.1904761904761904,0,0,0,0,0,0,0,0,0,0,0,0,0,1,0,0,0,0,0,0,0,0,0,0,0,0,0,0,0,0,1,0,0,0,1,0,0,0,0,0.5238095238095238,2,0,0,240,280.24826
129,Cc1[nH]c2c([N+](=O)[O-])c([N+](=O)[O-])nn2c1[N+](=O)[O-],1,12,0,0,0,0,2,2,8,1,12,2,3,1,1,0,0,3,0,0,256.134,0.4959986569414613,-0.357747743,10.749637188208617,0.0143499622071052,-1.071396447,162.51,1,0,0,0,0,0,0,0,0,0,4,1,0,0,0,0,0,0,1,0,0,0,1,0,3,1,0,0,3,0,0,0,0,0,0,1.3079091080876797,0,0,0,0,0,0,0,0,0,-2.521066704,-0.392685185,0,0,0,0,0,0,2.346296296296296,0,0,0,3.278472222222222,0,-2.919196901,0.547222222222222,0,0,32.09319113756614,0,0,0,0,0,0,0.3215041219991698,0.7151187741169929,2213.5577489201146,0.3469323720831685,0.3279533369252032,-0.499738418,6,4,6,6,0,0,0,0,3,0.5454545454545454,0,0,0,0,0,0,0,0,0,0,0,0,0,0,0,0,0,0,0,0,0,0,0,0,0,1,1,0,0,0,0,0,0,0,0,0,0,0,0,0,2,0,0,239.2,263.88284
130,Nc1nnnn1CCn1nc([N+](=O)[O-])c([N+](=O)[O-])c1N,4,14,0,0,0,0,2,2,12,2,14,2,5,2,0,2,0,2,0,0,284.196,0.4696591712509784,-0.376384357,10.757633272444782,0.0181018518518518,-0.975817901,199.74,0,0,2,0,0,0,0,0,0,0,4,0,0,0,2,0,0,0,0,0,0,0,4,0,2,2,0,0,2,0,0,0,0,0,0,0,0,0.0781500377928949,0,0,0,0,0,0,0,-2.162085748,0,0,0,10.906363063744015,0,0,0,0,0,0,0,13.757656840513985,0,-1.931820988,2.121203703703704,0,0,21.448599878222897,0,0,0,0,0,0,0.181198159098008,0.846696273300448,3847.7300373579674,0.4260924311346786,0.4926177708342132,-0.675590086,6,8,4,10,0,0,0,0,2,0.2857142857142857,0,0,0,0,0,0,0,0,0,0,0,0,0,0,0,0,0,0,0,0,0,0,0,0,0,0,1,0,0,0,0,0,0,0,1,0,0,0,0,0.1785714285714285,0,0,0,239,280.41983
131,O=[N+]([O-])c1n[nH]c(-c2n[nH]c(-c3nc([N+](=O)[O-])n[nH]3)c2[N+](=O)[O-])n1,3,17,0,0,0,0,3,3,11,3,17,3,5,0,3,0,0,3,0,0,337.1720000000001,0.4909757978134058,-0.389691281,11.285350529100528,0.3183657197446878,-0.903563398,241.24,0,0,0,0,0,0,0,0,0,0,7,0,0,0,0,0,0,0,3,0,0,0,5,0,3,0,0,0,3,0,0,0,0,0,0,0,0,0,0,0,0,0,0,0,0,-3.659829421,0,0,0,0,0,0,0,6.552241276140085,0,0,0,17.09033782952524,0,-2.667654951,0,0,0,32.425785966194965,0,0,0,0,0,0,0.1105162183253984,0.9114680957847958,5816.749996647647,0.3463593214920394,0.4567401800861281,-0.450808489,7,3,6,11,0,0,0,0,3,0.4444444444444444,0,0,0,0,0,0,0,0,0,0,0,0,0,0,0,0,0,0,0,0,0,0,0,0,0,1,0,0,0,0,2,0,0,0,0,0,0,0,0,0,0,0,0,238.2,262.91727
132,[N-]=[N+]=NCC1(Cn2nc([N+](=O)[O-])c(N)c2[N+](=O)[O-])COC1,2,13,0,1,1,0,1,1,9,1,13,2,6,0,0,1,0,2,0,0,298.21900000000005,0.4430545705357544,-0.384624525,11.013675280297305,0.0359292328042331,-0.892647786,188.11,0,0,4,0,0,0,0,0,0,0,3,0,1,0,1,0,0,0,0,0,0,1,1,0,2,1,0,0,2,1,0,0,0,0,0,0,0,0.3770469576719581,0,0,0,0,0,0,0,-2.042625136,0,-0.677263322,0,5.404585144242882,0,0,0,0,0,0,3.425462648022172,3.5660185185185185,0,-1.729833318,0.8500803099017382,0,0,21.78061770040125,5.032955719324767,0,0,0,0,0,0.2676963519300335,0.819212037815874,3458.8464688660147,0.7482029034359058,0.3755629252327989,-0.858429543,8,10,5,8,0,0,0,0,2,0.2580645161290322,0,0,0,0,0,0,0,0,0,0,0,0,0,0,0,0,0,0,0,0,0,0,0,0,0,0,1,0,0,0,0,0,0,0,0,0,0,0,0,0,0,0,1,238,260.17752
133,O=[N+]([O-])c1c[nH]nc1-c1n[nH]c(-c2n[nH]cc2[N+](=O)[O-])n1,3,13,0,0,0,0,3,3,8,3,13,3,4,0,3,0,0,2,0,0,291.18700000000007,0.3175492841227154,-0.277808275,10.811906231628454,0.0044000377928947,-0.646962711,185.21,0,0,0,0,0,2,0,0,0,0,6,0,0,0,0,0,0,0,3,0,0,0,4,0,2,0,0,0,2,0,0,0,0,0,0,0,0,0,0,0,2.1774634668682284,0,0,0,0,-0.824603227,0,0,0,0,0,0,0,7.1118833459309645,0,0,0,15.08281541320232,0,-1.287814311,0,0,0,21.620127656000676,0,0,0,0,0,0,0.20262811131102,0.8434232727217486,3633.68858480304,0.3630425427504387,0.4327116251755745,-0.796738865,8,5,4,9,0,0,0,0,2,0.3076923076923077,0,0,0,0,0,0,0,0,0,0,0,0,0,0,0,0,0,0,0,0,0,0,0,0,0,2,0,0,0,1,0,0,0,0,0,0,0,0,0,0.1923076923076923,0,0,0,354,264.0984
134,CS(=O)(=O)Oc1c([N+](=O)[O-])cc([N+](=O)[O-])cc1[N+](=O)[O-],0,12,0,0,0,1,0,1,9,0,13,1,5,0,0,0,0,3,3,1,307.196,0.3263591016490986,-0.367641695,10.9678018707483,0.3685648148148146,-4.301055603,172.79,1,0,0,0,0,2,0,0,0,0,4,0,0,0,0,0,0,0,0,0,0,0,0,0,3,0,0,0,5,1,0,0,0,0,0,0.5157382212144119,0,0,0,0,0.7371296296296295,0,0,0,0,-4.523147203,0,0,0,0,0,0,0,0,0,0,0,0,0,-3.536455971,0,0,0,53.96956109063996,4.18760582010582,0,0,0,0,0,0.3940277118630877,0.7236146034728029,2849.547892834216,0.5129005567757797,0.1367205302152372,-0.390630086,7,5,9,3,0,0,0,0,3,0.48,0,0,0,1,0,0,0,0,0,0,0,0,0,0,0,0,0,0,0,0,0,0,0,0,0,0,0,0,0,0,0,0,0,0,0,0,0,0,0,0,1,0,0,237.4,159.39267
135,NN/C(N)=C(/c1nnn[nH]1)[N+](=O)[O-],6,10,0,0,0,0,1,1,8,4,10,1,3,0,2,2,0,1,0,0,186.135,0.3551807762334254,-0.378621112,10.454814814814815,0.1662499999999995,-0.752592593,161.67000000000002,0,0,0,0,0,0,0,0,0,2,1,0,0,0,2,0,0,1,1,0,0,0,3,0,1,0,0,0,1,0,0,0,0,0,0,0,0,0,0,0,0,0,0,0,-0.836990741,-0.16625,0,0,0,10.092668178382464,0,0,1.9348148148148148,2.186481481481481,0,0,0,9.632239229024943,0,-0.752592593,0,0,0,10.454814814814815,0,0,0,0,0,0,0.3487667268026273,0.7325755162600877,1149.471216079926,0.4732448636319401,0.6017138098691808,-0.60171381,3,6,2,8,0,0,0,0,1,0.2105263157894736,0,0,0,0,0,0,0,0,0,0,0,0,0,0,0,0,0,0,0,0,0,0,0,0,0,0,0,0,0,0,0,0,0,0,1,0,0,0,0,0.2631578947368421,1,0,0,237,281.0489
136,O=c1[nH]nc([N+](=O)[O-])[nH]1,2,7,0,0,0,0,1,1,4,2,7,1,1,0,2,0,0,1,0,0,130.063,0.4565124206806947,-0.389774163,10.116666666666667,0.5694444444444444,-0.79375,104.68,0,0,0,0,0,0,0,0,0,0,1,0,0,0,0,0,0,0,2,0,0,0,1,0,1,0,0,0,2,0,0,0,0,0,0,0,0,0,0,0,0,0,0,0,0,-0.569444444,0,0,0,0,0,0,0,3.701342592592592,0,0,0,3.023148148148148,0,-0.79375,0,0,0,19.883842592592597,0,0,0,0,0,0,0.204699600868558,0.795300399393847,553.2740077364042,1.715399066975797e-05,0.4305605744908236,-0.246034614,2,2,3,4,0,0,0,0,1,0.3636363636363636,0,0,0,0,0,0,0,0,0,0,0,0,0,0,0,0,0,0,0,0,0,0,0,0,0,0,0,0,0,0,1,0,0,0,0,0,0,0,0,0,1,0,0,236,282.95465
137,Cc1[nH][nH]c(=O)c1[N+](=O)[O-],2,6,0,0,0,0,1,1,3,2,6,1,1,1,2,0,0,1,0,0,143.102,0.3549060171314239,-0.295569261,10.55300925925926,0.2453703703703706,-0.717592593,91.79,1,0,0,0,0,0,0,0,0,0,2,0,0,0,0,0,0,0,2,0,0,0,0,0,1,0,0,0,2,0,0,0,0,0,0,1.454398148148148,0,0,0,0,0,0,0,0,0,-0.171296296,0,0,0,0,0,0,0,4.435092592592593,0,0,0,0,0,-0.717592593,0,0,0,20.62226851851852,0,0,0,0,0,0,0.448288050895694,0.5571304762415127,612.4812992020637,0.1209686912258835,0.2934969462341545,-0.838562704,4,5,3,3,0,0,0,0,1,0.2666666666666666,0,0,0,0,0,0,0,0,0,0,0,0,0,0,0,0,0,0,0,0,0,0,0,0,0,1,0,0,0,0,0,0,0,0,0,0,0,0,0,0,1,0,0,235,304.07047
138,Nc1nnnn1CCn1nnc([N+](=O)[O-])n1,2,12,0,0,0,0,2,2,11,1,12,2,4,2,0,1,0,1,0,0,226.16,0.5142508707785325,-0.389644377,10.270966605778112,0.1477916876627201,-0.727299383,156.36,0,0,2,0,0,0,0,0,0,0,2,0,0,0,1,0,0,0,0,0,0,0,6,0,1,2,0,0,1,0,0,0,0,0,0,0,0,0.5301861300075588,0,0,0,0,0,0,0,-0.403423826,0,0,0,5.411063240110859,0,0,0,0,0,0,0,20.59749433106576,0,-0.727299383,2.38337962962963,0,0,10.270966605778112,0,0,0,0,0,0,0.1029839769516499,0.9176405677275976,2787.84649328809,0.4304332649494297,0.6190307746727979,-0.636717368,4,6,2,10,0,0,0,0,1,0.1818181818181818,0,0,0,0,0,0,0,0,0,0,0,0,0,0,0,0,0,0,0,0,0,0,0,0,0,0,0,0,0,0,0,0,0,0,1,1,0,0,0,0.2272727272727272,0,0,0,234,276.08078
139,Nc1nn2c([N+](=O)[O-])nnc2c([N+](=O)[O-])c1N,4,12,0,0,0,0,2,2,10,2,12,2,2,0,0,2,0,2,0,0,240.139,0.4830720451171234,-0.389852158,10.758337112622828,0.4100925925925918,-0.896472033,181.4,0,0,0,0,0,0,0,0,0,0,4,1,0,0,2,0,0,0,0,0,0,0,3,0,2,1,0,0,2,0,0,0,0,0,0,0,0,0,0,0,0,0,0,0,0,-2.273335223,-0.436666667,0,0,10.6680432728647,0,0,0,0,0,0,0,9.948333333333332,0,-1.756479592,0.5593518518518517,0,0,21.312043178382467,0,0,0,0,0,0,0.3194165094472878,0.6982884917939156,1986.0089221260268,0.1051381074999338,0.4663965453341606,-0.533024623,5,4,4,8,0,0,0,0,2,0.3809523809523809,0,0,0,0,0,0,0,0,0,0,1,0,0,0,0,0,0,0,0,0,0,0,0,0,0,0,0,0,0,0,1,0,0,0,0,0,0,0,0,0,2,0,0,234,280.55447
140,CN(Cn1cc([N+](=O)[O-])c([N+](=O)[O-])n1)[N+](=O)[O-],0,12,0,0,0,0,1,1,8,0,12,1,5,0,0,0,0,3,0,0,246.139,0.46727670252932,-0.357562069,10.459494520030235,0.4427777777777779,-1.026990741,150.48000000000002,1,0,1,0,0,1,0,0,0,0,2,0,0,0,0,0,0,0,0,0,0,0,1,1,3,1,0,0,3,0,0,0,0,0,0,1.096574074074074,0,-0.442777778,0,0,0.7620370370370371,0,0,0,0,-1.765281557,0,0,0,0,0,0,0,0,0,0,0,3.283148148148148,0.569892290249433,-2.783796296,0.749074074074074,0,0,31.18223167044596,0,0,0,0,0,0,0.3233896116847464,0.7916700398035106,2032.5696316588303,0.6423162276840181,0.34127058288203,-0.455027444,5,6,6,6,1,0,0,0,2,0.5217391304347826,0,0,0,0,0,0,0,0,0,0,0,0,0,0,0,0,0,0,0,0,0,0,0,0,0,0,1,0,0,0,0,0,0,0,0,0,0,0,0,0,1,0,0,234,142.74068
141,O=[N+]([O-])c1nn2nnn3nc([N+](=O)[O-])c([N+](=O)[O-])c3c2c1[N+](=O)[O-],0,18,0,0,0,0,3,3,14,0,18,3,4,0,0,0,0,4,0,0,340.12800000000016,0.4703977601895229,-0.357560828,11.133015400604688,0.2956405895691609,-1.263378685,232.94,0,0,0,0,0,0,0,0,0,0,4,2,0,0,0,0,0,0,0,0,0,0,4,0,4,2,0,0,4,0,0,0,0,0,0,0,0,0,0,0,0,0,0,0,0,-5.003057445,-1.65,0,0,0,0,0,0,0,0,0,0,12.874743008314436,0,-4.85191736,0.5912811791383221,0,0,44.01947530864199,0,0,0,0,0,0,0.2814085054684854,0.761491144656513,3677.557644474255,0.2548703787658583,0.4116097469188068,-0.188164456,6,0,8,10,0,0,0,0,4,0.6666666666666666,0,0,0,0,0,0,0,0,0,0,0,0,0,0,0,0,0,1,0,0,0,0,0,0,0,0,2,0,0,0,0,0,0,0,0,0,0,0,0,0.25,3,1,0,233,194.81154
142,Nc1c([N+](=O)[O-])nnn1-c1nnn[nH]1,3,11,0,0,0,0,2,2,9,2,11,2,2,0,1,1,0,1,0,0,197.118,0.4345156637138677,-0.376246029,10.352543461829177,0.0584259259259261,-0.747390401,154.33,0,0,0,0,0,0,0,0,0,0,3,0,0,0,1,0,0,0,1,0,0,0,5,0,1,1,0,0,1,0,0,0,0,0,0,0,0,0,0,0,0,0,0,0,0,-0.724027778,0,0,0,5.376203703703704,0,0,0,2.332159863945578,0,0,0,16.629263983371125,0,-0.747390401,0.9287037037037036,0,0,10.352543461829177,0,0,0,0,0,0,0.1508610336235968,0.8640245593607382,1533.8962617854716,0.2465699508566714,0.6392110309560769,-0.446433101,3,3,2,9,0,0,0,0,1,0.2352941176470588,0,0,0,0,0,0,0,0,0,0,0,0,0,0,0,0,0,0,0,0,0,0,0,0,0,0,0,0,0,0,1,0,0,0,1,0,0,0,0,0.2941176470588235,0,0,0,233,273.21335
143,N=C(Nc1c([N+](=O)[O-])n[nH]c1[N+](=O)[O-])N[N+](=O)[O-],4,14,0,0,0,0,1,1,8,4,14,1,4,0,4,0,0,3,0,0,260.12600000000003,0.4435409255809853,-0.357749776,10.508324357520786,0.7598611111111107,-1.117973356,206.01,0,0,0,0,0,0,0,0,0,1,3,0,0,0,0,0,1,2,1,0,0,0,1,0,3,0,0,0,3,0,0,0,0,0,0,0,0,0,0,0,0,0,0,0,-0.992962963,-2.613383409,0,0,0,0,0,7.019790249433106,3.1274215797430083,1.766292044595616,0,0,0,3.0465655706727137,0,-3.194315949,0,0,0,31.003629771352983,0,0,0,0,0,0,0.3372393802678251,0.7051387001420488,2552.1206945058298,0.4391001284535088,0.4305605744908238,-0.246034614,4,4,6,8,1,0,0,0,2,0.5454545454545454,0,0,0,0,0,0,0,0,0,0,0,0,0,0,0,0,0,0,0,0,0,0,0,0,0,0,1,0,0,0,0,0,0,0,0,0,0,0,0,0,1,0,0,233,185.22183
144,Nc1n[nH]c(-c2n[nH]c(-c3nc(N)n[nH]3)c2[N+](=O)[O-])n1,7,13,0,0,0,0,3,3,9,5,13,3,3,0,3,2,0,1,0,0,277.208,0.328676424194062,-0.366494972,11.222850529100528,0.017751322751323,-0.633345616,207,0,0,0,0,0,0,0,0,0,0,7,0,0,0,2,0,0,0,3,0,0,0,5,0,1,0,0,0,1,0,0,0,0,0,0,0,0,0,0,0,0,0,0,0,0,-0.34038638,0,0,0,10.717721403376164,0,0,0,7.38078514739229,0,0,0,18.59619105358193,0,-0.633345616,0,0,0,11.222850529100528,0,0,0,0,0,0,0.1365722080574904,0.8856829790717695,3467.457602533475,0.3002864051900697,0.5555395226688986,-0.894635075,7,7,2,11,0,0,0,0,1,0.1481481481481481,0,0,0,0,0,0,0,0,0,0,0,0,0,0,0,0,0,0,0,0,0,0,0,0,0,1,0,0,0,2,0,0,0,0,0,0,0,0,0,0.3703703703703703,0,0,0,353.6,273.53015
145,N/C(=N\[N+](=O)[O-])Nc1nnc2nnc(C(F)(F)F)n2n1,3,12,0,0,0,0,2,2,8,2,15,2,2,0,1,1,0,1,0,0,292.141,0.4531197847002836,-0.364322343,12.547735936201846,0.2587037037037036,-4.812311272,162.41000000000005,0,0,0,0,0,0,0,0,0,1,2,1,1,0,1,0,0,1,0,0,0,1,5,0,1,1,0,0,1,0,0,3,0,0,0,0,0,0,0,0,0,0,0,0,-0.738163738,-1.985058841,-0.506794953,-4.812311272,0,5.0765864748677245,0,0,1.9914597505668932,0,0,0,2.646580333522298,15.91089600655077,0,-1.116858781,0.2587037037037036,0,0,10.024210086416977,0,0,37.64320780860554,0,0,0,0.1489446291471454,0.8843090719464238,3946.752452633104,0.2327289961740316,0.4792206503024226,-0.520296706,5,3,2,10,1,0,0,0,0,0.1739130434782608,0,0,0,0,0,0,0,0,0,0,0,0,0,0,0,0,0,1,0,0,0,0,0,0,0,0,0,0,0,1,0,0,0,0,0,0,0,0,0,0.4782608695652174,2,0,0,232.1,124.154465
146,O=[N+]([O-])c1ncn(/N=N/n2cnc([N+](=O)[O-])c2[N+](=O)[O-])c1[N+](=O)[O-],0,18,0,0,0,0,2,2,14,0,18,2,6,0,0,0,0,4,0,0,342.1440000000001,0.4646359575439449,-0.357612759,10.809990919207188,0.2576313303099018,-1.171700365,232.92,0,0,0,0,0,2,0,0,0,0,4,0,0,0,0,0,0,0,0,0,0,2,2,0,4,2,0,0,4,0,0,0,0,0,0,0,0,0,0,0,1.1328199798437897,0,0,0,0,-4.599852818,0,0,0,0,0,0,0,0,0,0,6.290876795162509,6.2832782186948855,0,-4.631771263,0.5152626606198039,0,0,42.83802654629855,0,0,0,0,0,0,0.1440367020090892,0.8767964461398003,5174.2328178975895,0.2519500551049742,0.4091844369622147,-0.233819678,6,2,8,10,0,0,0,0,4,0.6153846153846154,0,0,0,0,0,0,0,0,0,0,0,0,0,0,0,0,0,0,0,0,0,0,0,0,0,0,2,0,0,0,0,0,0,0,0,0,0,0,0,0,0,0,0,232,252.23512
147,Nc1nnnn1CCn1cc([N+](=O)[O-])c([N+](=O)[O-])n1,2,13,0,0,0,0,2,2,11,1,13,2,5,2,0,1,0,2,0,0,269.181,0.4671907321689544,-0.366639331,10.616799939111448,0.0658847736625523,-0.916651235,173.72000000000003,0,0,2,0,0,1,0,0,0,0,3,0,0,0,1,0,0,0,0,0,0,0,4,0,2,2,0,0,2,0,0,0,0,0,0,0,0,0.2765296674225246,0,0,0.9709136432350718,0,0,0,0,-1.416175884,0,0,0,5.4169960947341895,0,0,0,0,0,0,0,13.811913265306124,0,-1.784691358,2.3023148148148147,0,0,21.211099878222896,0,0,0,0,0,0,0.1600982006316042,0.8639919938755547,3736.858405416064,0.4367349603678085,0.4680865291383866,-0.683554931,6,7,4,9,0,0,0,0,2,0.3076923076923077,0,0,0,0,0,0,0,0,0,0,0,0,0,0,0,0,0,0,0,0,0,0,0,0,0,0,1,0,0,0,0,0,0,0,1,0,0,0,0,0.1923076923076923,0,0,0,232,269.7297
148,Nc1c([N+](=O)[O-])nnc2nc([N+](=O)[O-])nn12,2,12,0,0,0,0,2,2,10,1,12,2,2,0,0,1,0,2,0,0,226.112,0.4932175434888606,-0.389690445,10.433786375661375,0.2825925925925923,-0.879675926,168.27,0,0,0,0,0,0,0,0,0,0,3,1,0,0,1,0,0,0,0,0,0,0,4,0,2,1,0,0,2,0,0,0,0,0,0,0,0,0,0,0,0,0,0,0,0,-1.982040816,-0.282592593,0,0,5.3270880574452,0,0,0,0,0,0,0,13.117543461829175,0,-1.754722222,0.6837962962962962,0,0,20.778797241118667,0,0,0,0,0,0,0.150225885642889,0.8605457764601597,2093.33127877632,0.1062321972180816,0.4953297480894423,-0.353806963,4,2,4,8,0,0,0,0,2,0.4444444444444444,0,0,0,0,0,0,0,0,0,0,0,0,0,0,1,0,0,0,0,0,0,0,0,0,0,0,0,0,0,0,1,0,0,0,0,0,0,0,0,0,2,0,0,232,254.18536
149,Nc1c([N+](=O)[O-])nn(CN(Cn2nc([N+](=O)[O-])c(N)c2[N+](=O)[O-])[N+](=O)[O-])c1[N+](=O)[O-],4,22,0,0,0,0,2,2,16,2,22,2,9,0,0,2,0,5,0,0,432.2260000000002,0.4431490845582734,-0.384623303,11.301029856387,0.0340589569160996,-1.207481104,306.61999999999995,0,0,2,0,0,0,0,0,0,0,6,0,0,0,2,0,0,0,0,0,0,0,2,1,5,2,0,0,5,0,0,0,0,0,0,0,0,-2.34906746,0,0,0,0,0,0,0,-6.607019637,0,0,0,10.554677108472202,0,0,0,0,0,0,0,6.422400163769211,0.0340589569160996,-5.921002199,0.3955750818846058,0,0,55.235188992671866,0,0,0,0,0,0,0.4297360363810622,0.6227172373366371,6154.9783649532965,0.6169688868715847,0.3886855487638411,-0.370176713,8,8,10,12,1,0,0,0,4,0.5263157894736842,0,0,0,0,0,0,0,0,0,0,0,0,0,0,0,0,0,0,0,0,0,0,0,0,0,0,2,0,0,0,0,0,0,0,0,0,0,0,0,0,0,0,0,232,227.01349
150,O=[N+]([O-])N1COCC([N+](=O)[O-])([N+](=O)[O-])C1,0,11,0,1,1,0,0,0,7,0,11,1,3,0,0,0,0,3,0,0,222.113,0.5028360593024219,-0.33975236,10.520555555555555,0.2868055555555555,-2.661388889,141.89,0,0,3,0,0,0,0,0,0,0,0,0,1,0,0,0,0,0,0,0,0,0,0,1,3,0,0,0,3,1,0,0,0,0,0,0,0,-2.200625,0,0,0,0,0,0,0,0,0,-2.661388889,0,0,0,0,0,0,0,0,0,0,0.2868055555555555,-3.327152778,0,0,0,31.33472222222222,4.482916666666666,0,0,0,0,0,0.3969849401288967,0.9225124843560208,1259.3324068995726,0.7225072735951081,0.2521239189061423,-0.288141622,4,6,7,4,1,0,0,1,0,0.5238095238095238,0,0,0,0,0,0,0,1,0,0,0,0,0,0,0,0,0,0,0,0,0,0,0,0,0,0,0,0,0,0,0,0,0,0,0,0,0,0,0,0,1,0,0,231,147.52443
151,O=[N+]([O-])c1cnn(-c2nc([N+](=O)[O-])n[nH]2)n1,1,12,0,0,0,0,2,2,9,1,12,2,3,0,1,0,0,2,0,0,226.112,0.4925724932761771,-0.389690671,10.294271856890903,0.1807407407407404,-0.82151518,158.56,0,0,0,0,0,1,0,0,0,0,3,0,0,0,0,0,0,0,1,0,0,0,4,0,2,1,0,0,2,0,0,0,0,0,0,0,0,0,0,0,0.8832870370370369,0,0,0,0,-1.352957294,0,0,0,0,0,0,0,2.168224678760393,0,0,0,13.533297430083143,0,-1.577188524,0.7342592592592592,0,0,20.55553870622323,0,0,0,0,0,0,0.0885956400875518,0.911404360011018,2649.881174490856,1.5697757051259347e-05,0.4953297480894423,-0.353806963,4,2,4,8,0,0,0,0,2,0.4444444444444444,0,0,0,0,0,0,0,0,0,0,0,0,0,0,0,0,0,0,0,0,0,0,0,0,0,0,0,0,0,0,2,0,0,0,0,0,0,0,0,0,0,0,0,231,253.85132
152,Nn1nc(-n2ncc([N+](=O)[O-])n2)c([N+](=O)[O-])n1,2,13,0,0,0,0,2,2,11,1,13,2,3,0,0,1,0,2,0,0,241.127,0.4426562138216159,-0.357701523,10.580490835222978,0.4114814814814809,-0.860231481,173.72000000000003,0,0,0,0,0,1,0,0,0,0,3,0,0,0,1,0,0,0,0,0,0,0,4,0,2,2,0,0,2,0,0,0,0,0,0,0,0,0,0,0,0.8187131519274375,0,0,0,0,-1.699567271,0,0,0,5.108389077853364,0,0,0,0,0,0,0,13.505198412698412,0,-1.663602608,1.0508796296296297,0,0,20.939994803476942,0,0,0,0,0,0,0.2445516227829896,0.7725490238434505,2388.877370315998,0.1988978542687181,0.5225462100884595,-0.364952909,4,3,4,9,0,0,0,0,2,0.4,0,0,0,0,0,0,0,0,0,0,0,0,0,0,0,0,0,0,0,0,0,0,0,0,0,0,0,0,0,0,2,0,0,0,0,0,0,0,0,0,0,0,0,231,276.94446
153,O=[N+]([O-])c1cc([N+](=O)[O-])c(/C=N/Nc2nnc(N/N=C/c3c([N+](=O)[O-])cc([N+](=O)[O-])cc3[N+](=O)[O-])nn2)c([N+](=O)[O-])c1,2,26,0,0,0,2,1,3,20,2,26,3,12,0,2,0,0,6,6,2,588.3260000000002,0.2915629831288534,-0.258302309,11.286197692099226,0.4771833721628369,-1.095377324,359.1799999999999,0,0,0,0,2,4,0,0,0,0,10,0,0,0,0,0,0,2,0,0,0,2,4,0,6,0,0,0,6,0,0,0,0,0,0,0,0,0,0,1.2020153737956767,1.9796018136661435,0,0,0,0,-8.150854021,0,0,0,0,0,0,4.196394491140717,0,0,0,6.982923341011919,13.908561867558982,0,-6.495804378,0,0,0,67.02191408930562,0,0,0,0,0,0,0.163417263751294,0.863574967498636,22444.525598589666,0.4171684123460508,0.3331486284814878,-0.652699354,16,8,12,14,0,0,0,0,6,0.48,0,0,0,2,0,0,0,0,0,0,0,0,0,0,0,0,0,1,0,0,0,0,0,0,0,0,0,0,0,0,0,0,0,0,0,0,0,0,0,0.12,0,0,0,230,333.99945
154,O=[N+]([O-])C(CNc1nonc1/N=N\c1nonc1NCC([N+](=O)[O-])([N+](=O)[O-])[N+](=O)[O-])([N+](=O)[O-])[N+](=O)[O-],2,28,0,0,0,0,2,2,22,2,28,2,14,0,2,0,0,6,0,0,522.2200000000003,0.7167861497766802,-0.343310128,10.94768287651394,0.7280463374641759,-3.932526585,385.4599999999999,0,0,2,0,0,0,0,0,0,0,4,0,2,0,0,0,0,2,0,0,0,2,4,0,6,0,0,0,6,0,2,0,0,0,0,0,0,-3.139267849,0,0,0,0,0,0,0,-2.92254589,0,-7.865053169,0,0,0,0,3.718530003446129,0,0,0,6.671516439909297,12.554700794535751,0,-10.69920763,0,0,0,65.68609725908364,0,8.475799445964489,0,0,0,0,0.159514317599952,0.9552501173848366,13264.880236510427,1.0064703416905492,0.3753207460457275,-0.153192141,8,6,14,14,0,0,2,0,0,0.4761904761904761,0,0,0,0,0,0,0,0,0,0,0,0,0,0,0,0,0,0,0,0,0,0,0,0,2,0,0,0,0,0,0,0,0,0,0,0,0,0,0,0.238095238095238,0,1,0,230,162.65909
155,O=[N+]([O-])c1cc([N+](=O)[O-])c(F)c([N+](=O)[O-])c1,0,9,0,0,0,1,0,1,6,0,10,1,3,0,0,0,0,3,3,1,231.095,0.3183933055040626,-0.258302288,13.111557067271352,0.3217592592592591,-1.707777778,129.42000000000002,0,0,0,0,0,2,0,0,0,0,4,0,0,0,0,0,0,0,0,0,0,0,0,0,3,0,0,0,3,0,0,1,0,0,0,0,0,0,0,0,0.6435185185185182,0,0,0,0,-5.234074074,0,0,0,0,0,0,0,0,0,0,0,0,0,-3.620925926,0,0,0,30.8832955404384,0,0,13.111557067271352,0,0,0,0.4705454921497476,0.5294545080195636,1950.0520139744335,1.4675771288670678e-05,0.1817434388454964,-0.48464917,6,2,6,3,0,0,0,0,3,0.6666666666666666,0,0,0,1,0,0,0,0,0,0,0,0,0,0,0,0,0,0,0,0,0,0,0,0,0,0,0,0,0,0,0,0,0,0,0,0,0,0,0,0,1,1,0,350.6,230.03046
156,Nn1nc([N+](=O)[O-])c2c1c([N+](=O)[O-])nn2N,4,12,0,0,0,0,2,2,10,2,12,2,2,0,0,2,0,2,0,0,228.128,0.4223902094572653,-0.357683729,10.567226001511717,0.3062962962962958,-0.860655707,173.96,0,0,0,0,0,0,0,0,0,0,2,2,0,0,2,0,0,0,0,0,0,0,2,0,2,2,0,0,2,0,0,0,0,0,0,0,0,0,0,0,0,0,0,0,0,-1.387777778,-0.612592593,0,0,10.509074074074077,0,0,0,0,0,0,0,6.606481481481481,0,-1.721311413,1.0038888888888886,0,0,21.134452003023437,0,0,0,0,0,0,0.2918783664469432,0.7646756727829169,1674.448479385827,0.3448853419400621,0.4909524477486323,-0.420816384,4,4,4,8,0,0,0,0,2,0.4,0,0,0,0,0,0,0,0,0,0,0,0,0,0,0,0,0,0,0,0,0,0,0,0,0,2,0,0,0,0,0,0,0,0,0,0,0,0,0,0,2,0,0,230,288.12192
157,O=[N+]([O-])c1ncn(/N=[N+](\[O-])c2nonc2[N+](=O)[O-])n1,0,15,0,0,0,0,2,2,12,0,15,2,4,0,0,0,0,2,0,0,271.10900000000004,0.5071943859886183,-0.721192903,11.40417044595616,0.3402390400604691,-1.017815571,194.34,0,0,0,0,0,1,0,0,0,0,3,0,0,0,0,0,0,0,0,0,0,1,4,0,2,1,0,0,2,0,1,0,0,0,0,0,0,0,0,0,0.7523592214663641,0,0,0,0,-2.609772587,0,0,0,0,0,0,0,0,0,0,3.0970370370370373,12.234767809901738,0,-1.933223419,0.4340665154950871,0,0,20.724233381624256,0,4.012367252456539,0,0,0,0,0.1712701559061754,0.8452591270224183,3329.1777226733884,0.2318391002830599,0.464757717375668,-0.147542133,4,1,6,9,0,0,0,0,2,0.4,0,0,0,0,0,0,0,0,0,0,0,0,0,0,0,0,0,0,0,0,0,0,0,0,0,1,0,0,0,0,1,0,0,0,0,0,0,0,0,0,0,0,0,228,210.931
158,O=[N+]([O-])c1c(-n2cncn2)c([N+](=O)[O-])c(-n2cncn2)c([N+](=O)[O-])c1-n1cncn1,0,18,0,0,0,1,3,4,15,0,18,4,6,0,0,0,0,3,3,0,414.2580000000001,0.3343825633061597,-0.258164243,11.982975718065005,0.6906481481481472,-1.014736867,221.54999999999995,0,0,0,0,0,6,0,0,0,0,6,0,0,0,0,0,0,0,0,0,0,0,6,0,3,3,0,0,3,0,0,0,0,0,0,0,0,0,0,0,5.864719387755102,0,0,0,0,-5.090651927,0,0,0,0,0,0,0,0,0,0,0,22.119760487528342,0,-3.044210601,2.2525283446712017,0,0,35.948927154195005,0,0,0,0,0,0,0.5345765618965359,0.5430058156181929,5109.476211480972,0.6735104589851412,0.4055443708992946,-0.811088742,12,6,6,12,0,0,0,0,3,0.3333333333333333,0,0,0,1,0,0,0,0,0,0,0,0,0,0,0,0,0,0,0,0,0,0,0,0,0,0,0,0,0,3,0,0,0,0,0,0,0,0,0,0.4166666666666667,0,0,0,228,240.33792
159,Nc1n[nH]c(-c2[nH]nc(N)c2[N+](=O)[O-])c1[N+](=O)[O-],6,12,0,0,0,0,2,2,8,4,12,2,3,0,2,2,0,2,0,0,254.166,0.339568856739366,-0.376464481,10.795132747543462,0.2561111111111107,-0.810592404,195.68,0,0,0,0,0,0,0,0,0,0,6,0,0,0,2,0,0,0,2,0,0,0,2,0,2,0,0,0,2,0,0,0,0,0,0,0,0,0,0,0,0,0,0,0,0,-2.458112245,0,0,0,10.586390778533636,0,0,0,4.464722222222222,0,0,0,6.84765306122449,0,-1.621184807,0,0,0,21.590265495086925,0,0,0,0,0,0,0.3133454599760454,0.7816339625467479,2117.354051188596,0.5026288594084268,0.440656893526278,-0.692460833,6,6,4,8,0,0,0,0,2,0.3333333333333333,0,0,0,0,0,0,0,0,0,0,0,0,0,0,0,0,0,0,0,0,0,0,0,0,0,2,0,0,0,0,0,0,0,0,0,0,0,0,0,0,0,0,0,228,351.74008
160,CN(Cn1nc([N+](=O)[O-])nc1-c1nc([N+](=O)[O-])nn1CN(C)[N+](=O)[O-])[N+](=O)[O-],0,20,0,0,0,0,2,2,14,0,20,2,9,0,0,0,0,4,0,0,402.24400000000014,0.4913742008852329,-0.389691183,10.954043761022929,0.4881963340891906,-0.995608151,240.46,2,0,2,0,0,0,0,0,0,0,4,0,0,0,0,0,0,0,0,0,0,0,4,2,4,2,0,0,4,0,0,0,0,0,0,2.0654453431969664,0,-1.287884228,0,0,0,0,0,0,0,-2.908648484,0,0,0,0,0,0,0,0,0,0,0,14.053784328546234,1.0003426555807506,-3.675770958,1.3835959939531366,0,0,43.51790100768907,0,0,0,0,0,0,0.5031223905707932,0.597959090938666,5203.710004228812,0.9091391416394202,0.4176569445411244,-0.517099074,8,10,8,12,2,0,0,0,2,0.4210526315789473,0,0,0,0,0,0,0,0,0,0,0,0,0,0,0,0,0,0,0,0,0,0,0,0,0,0,0,0,0,0,2,0,0,0,0,0,0,0,0,0,0,0,0,228,174.96199
161,O=[N+]([O-])c1cnn(/N=N/n2ncc([N+](=O)[O-])n2)n1,0,14,0,0,0,0,2,2,12,0,14,2,4,0,0,0,0,2,0,0,254.12600000000003,0.412320407112401,-0.357700764,10.279382436246614,0.5200416246745607,-0.767834957,172.41999999999996,0,0,0,0,0,2,0,0,0,0,2,0,0,0,0,0,0,0,0,0,0,2,4,0,2,2,0,0,2,0,0,0,0,0,0,0,0,0,0,0,1.7182284580498863,0,0,0,0,-1.040083249,0,0,0,0,0,0,0,0,0,0,6.565136054421769,13.410321869488536,0,-1.535669915,1.0978703703703705,0,0,20.558764872493228,0,0,0,0,0,0,0.0837606261194453,0.916239373919762,4143.852056251164,1.086204188979062e-05,0.5509078173819286,-0.314804467,4,2,4,10,0,0,0,0,2,0.4,0,0,0,0,0,0,0,0,0,0,0,0,0,0,0,0,0,0,0,0,0,0,0,0,0,0,0,0,0,0,2,0,0,0,0,0,0,0,0,0,0,0,0,227,267.1571
162,N/C(=N\N=C\C=N\N=C(/N)C([N+](=O)[O-])[N+](=O)[O-])C([N+](=O)[O-])[N+](=O)[O-],4,18,0,0,0,0,0,0,12,2,18,0,9,0,0,2,0,4,0,0,348.19200000000006,0.5083470551024857,-0.373547015,10.349556524254536,0.6884108087679515,-2.491949041,274.04,0,0,0,0,2,0,2,0,0,2,0,0,0,0,2,0,0,0,0,0,0,4,0,0,4,0,0,0,4,0,0,0,0,0,0,0,0,0,0,1.3768216175359034,0,-4.983898083,0,0,-2.05660675,0,0,0,0,10.000054456993489,0,0,0,0,0,0,12.078361048122954,0,0,-5.211184484,0,0,0,41.39822609701814,0,0,0,0,0,0,0.088753441985572,0.9786152677611852,8591.10992437046,0.7974272143219464,0.4020770149802409,-0.367613271,6,8,8,10,0,0,0,2,0,0.4375,0,0,0,0,0,0,0,0,0,0,0,0,0,0,0,0,0,0,0,0,0,0,0,0,0,0,0,0,0,0,0,0,0,0,0,0,0,0,0,0,0,0,0,225.6,194.78133
163,O=c1n[n+]([O-])nc2c([N+](=O)[O-])c[nH]n12,1,10,0,0,0,0,2,2,7,1,10,2,1,0,1,0,0,1,0,0,198.098,0.4321742998652993,-0.569091815,10.97263888888889,0.2653703703703702,-0.960092593,133.13,0,0,0,0,0,1,0,0,0,0,1,1,0,0,0,0,0,0,1,0,0,0,2,0,1,2,0,0,2,0,0,0,0,0,0,0,0,0,0,0,0.9498148148148148,0,0,0,0,-0.463796296,-0.37037037,0,0,0,0,0,0,2.250277777777778,0,0,0,6.035716175359033,0,-0.765601852,0.4355555555555555,0,0,21.36973450491308,0,0,0,0,0,0,0.3218402655129391,0.678159734487921,1301.8083788492156,1.3487664964383429e-06,0.4240325495461842,-0.403840523,4,2,4,6,0,0,0,0,1,0.25,0,0,0,0,0,0,0,0,0,0,0,0,0,0,0,0,0,1,0,0,0,0,0,0,0,1,0,0,0,0,0,0,0,0,0,0,0,0,0,0.375,2,0,0,225,237.79591
164,O=[N+]([O-])c1cc([N+](=O)[O-])n(-c2nonc2[N+](=O)[O-])n1,0,14,0,0,0,0,2,2,11,0,14,2,4,0,0,0,0,3,0,0,271.105,0.486846881805388,-0.357790077,10.707509448223735,0.2983796296296295,-1.024729781,186.16,0,0,0,0,0,1,0,0,0,0,4,0,0,0,0,0,0,0,0,0,0,0,3,0,3,1,0,0,3,0,1,0,0,0,0,0,0,0,0,0,0.5261961451247164,0,0,0,0,-3.444077853,0,0,0,0,0,0,0,0,0,0,0,9.202673847316705,0,-3.037378118,0.2983796296296295,0,0,31.7749964569161,0,4.0708801020408165,0,0,0,0,0.4372946721636424,0.6562389030674356,2405.4666995412235,0.4934308590409125,0.3614835580310211,-0.206562033,5,1,7,7,0,0,0,0,3,0.6,0,0,0,0,0,0,0,0,0,0,0,0,0,0,0,0,0,0,0,0,0,0,0,0,0,1,1,0,0,0,0,0,0,0,0,0,0,0,0,0,0,0,0,225,208.61589
165,Nn1nc([N+](=O)[O-])cc1[N+](=O)[O-],2,9,0,0,0,0,1,1,7,1,9,1,2,0,0,1,0,2,0,0,173.08799999999997,0.4226420289397225,-0.35773879,10.099814814814817,0.3453703703703703,-0.864722222,130.12,0,0,0,0,0,1,0,0,0,0,2,0,0,0,1,0,0,0,0,0,0,0,1,0,2,1,0,0,2,0,0,0,0,0,0,0,0,0,0,0,0.6805555555555556,0,0,0,0,-1.272314815,0,0,0,4.939537037037037,0,0,0,0,0,0,0,3.0850925925925923,0,-1.725833333,0.3453703703703703,0,0,20.140462962962964,0,0,0,0,0,0,0.2336879655137816,0.7728440011536079,1118.7572796198574,0.0784768157775503,0.4044185616564984,-0.323534849,3,3,4,5,0,0,0,0,2,0.5333333333333333,0,0,0,0,0,0,0,0,0,0,0,0,0,0,0,0,0,0,0,0,0,0,0,0,0,0,1,0,0,0,0,0,0,0,0,0,0,0,0,0,1,0,0,225,283.56522
166,Nc1nc(N)n2nc([N+](=O)[O-])nc2n1,4,10,0,0,0,0,2,2,9,2,10,2,1,0,0,2,0,1,0,0,196.13,0.4931504472837288,-0.389690451,10.313760865457294,0.0539814814814811,-0.759612623,151.14999999999998,0,0,0,0,0,0,0,0,0,0,3,1,0,0,2,0,0,0,0,0,0,0,4,0,1,1,0,0,1,0,0,0,0,0,0,0,0,0,0,0,0,0,0,0,0,-0.817594482,-0.053981481,0,0,10.634154383975812,0,0,0,0,0,0,0,14.097197656840514,0,-0.759612623,0.9389814814814812,0,0,10.313760865457294,0,0,0,0,0,0,0.212408465540951,0.787591534490486,1484.5094328685664,8.454994727692324e-06,0.5710498138989444,-0.652628359,4,4,2,8,0,0,0,0,1,0.2222222222222222,0,0,0,0,0,0,0,0,0,0,0,0,0,1,0,0,0,0,0,0,0,0,0,0,0,0,0,0,0,0,1,0,0,0,0,0,0,0,0,0.3333333333333333,2,0,0,348,265.418
167,Nc1nnc([N+](=O)[O-])c(N)n1,4,8,0,0,0,0,1,1,7,2,8,1,1,0,0,2,0,1,0,0,156.105,0.4326246414684985,-0.376392781,10.075298563869993,0.1869444444444441,-0.782962963,133.85,0,0,0,0,0,0,0,0,0,0,3,0,0,0,2,0,0,0,0,0,0,0,3,0,1,0,0,0,1,0,0,0,0,0,0,0,0,0,0,0,0,0,0,0,0,-1.102037037,0,0,0,10.127365835222978,0,0,0,0,0,0,0,9.607037037037037,0,-0.782962963,0,0,0,10.075298563869993,0,0,0,0,0,0,0.2595499871066059,0.7689425330234455,829.6249130590555,0.1306936411474633,0.5380993562025559,-0.614970693,3,4,2,6,0,0,0,0,1,0.2666666666666666,0,0,0,0,0,0,0,0,0,0,0,0,0,0,1,0,0,0,0,0,0,0,0,0,0,0,0,0,0,0,0,0,0,0,0,0,0,0,0,0,1,0,0,225,288.18332
168,Nc1n/c(=N/[N+](=O)[O-])[nH]c2ncnn12,3,10,0,0,0,0,2,2,7,2,10,2,1,0,1,1,0,1,0,0,196.13,0.3045107937696973,-0.367549321,10.049597033257747,0.0306944444444439,-0.883787793,140.39,0,0,0,0,0,1,0,0,0,0,1,1,0,0,1,0,0,0,1,0,0,1,3,0,1,1,0,0,1,0,0,0,0,0,0,0,0,0,0,0,1.235925925925926,0,0,0,0,-0.030694444,0.2343518518518523,0,0,5.423939909297053,0,0,0,2.468888888888889,0,0,2.9444444444444446,11.043022486772486,0,-0.883787793,1.1934183673469387,0,0,10.049597033257747,0,0,0,0,0,0,0.2327540795994773,0.7892756456081989,1442.6530651778085,0.1145615094690677,0.5710498138989444,-0.652628359,4,4,2,8,1,0,0,0,0,0.2222222222222222,0,0,0,0,0,0,0,0,0,0,0,0,0,1,0,0,0,0,0,0,0,0,0,0,0,0,0,0,0,1,0,0,0,0,0,0,0,0,0,0.6111111111111112,2,0,0,224.7,168.64056
169,CN(Cn1nc([N+](=O)[O-])nc1N)[N+](=O)[O-],2,11,0,0,0,0,1,1,8,1,11,1,4,0,0,1,0,2,0,0,217.145,0.4926406176177431,-0.389690603,10.250890495086924,0.2542592592592589,-0.834305556,146.25,1,0,1,0,0,0,0,0,0,0,2,0,0,0,1,0,0,0,0,0,0,0,2,1,2,1,0,0,2,0,0,0,0,0,0,1.1735648148148148,0,-0.319768519,0,0,0,0,0,0,0,-0.944770408,0,0,0,5.263245464852608,0,0,0,0,0,0,0,6.670855064247922,0.6614739229024942,-1.535740741,0.8620370370370369,0,0,20.501218348450493,0,0,0,0,0,0,0.1844348740119582,0.914933969968562,1866.4719189374991,0.6938891207542214,0.4513113357433972,-0.552626125,4,7,4,7,1,0,0,0,1,0.3636363636363636,0,0,0,0,0,0,0,0,0,0,0,0,0,0,0,0,0,0,0,0,0,0,0,0,0,0,0,0,0,0,1,0,0,0,0,0,0,0,0,0,1,0,0,224,189.11868
170,O=[N+]([O-])c1cn(/N=N/n2cc([N+](=O)[O-])c([N+](=O)[O-])n2)nc1[N+](=O)[O-],0,18,0,0,0,0,2,2,14,0,18,2,6,0,0,0,0,4,0,0,342.1440000000001,0.4695775237442856,-0.357561135,10.619717095975211,0.3289814814814815,-1.131202322,232.92,0,0,0,0,0,2,0,0,0,0,4,0,0,0,0,0,0,0,0,0,0,2,2,0,4,2,0,0,4,0,0,0,0,0,0,0,0,0,0,0,1.0991244646006548,0,0,0,0,-4.180087344,0,0,0,0,0,0,0,0,0,0,6.345272108843537,6.304244771982868,0,-4.427587066,0.6579629629629631,0,0,42.43386838390086,0,0,0,0,0,0,0.1050560445473815,0.9038379798419264,7362.904721598484,0.1704667361667561,0.4091844369622147,-0.233819678,6,2,8,10,0,0,0,0,4,0.6153846153846154,0,0,0,0,0,0,0,0,0,0,0,0,0,0,0,0,0,0,0,0,0,0,0,0,0,0,2,0,0,0,0,0,0,0,0,0,0,0,0,0,0,0,0,223,247.68985
171,O=[N+]([O-])N1CN([N+](=O)[O-])CC([N+](=O)[O-])([N+](=O)[O-])C1,0,14,0,1,1,0,0,0,8,0,14,1,4,0,0,0,0,4,0,0,266.12600000000003,0.5029460517808797,-0.258191424,10.719444444444443,0.0534722222222221,-3.001597222,179.04,0,0,3,0,0,0,0,0,0,0,0,0,1,0,0,0,0,0,0,0,0,0,0,2,4,0,0,0,4,0,0,0,0,0,0,0,0,-3.168541667,0,0,0,0,0,0,0,0,0,-3.001597222,0,0,0,0,0,0,0,0,0,0,0.1069444444444445,-5.034583333,0,0,0,42.42388888888889,0,0,0,0,0,0,0.5780356739737267,0.6287574429834822,1917.4792138451992,0.6750929631969579,0.3156399600189385,-0.180365691,4,6,8,6,2,0,0,1,0,0.625,0,0,0,0,0,0,0,0,0,0,0,0,1,0,0,0,0,0,0,0,0,0,0,0,0,0,0,0,0,0,0,0,0,0,0,0,0,0,0,0,1,1,0,222.2,134.49138
172,Nc1nnc2nnc(Nc3nc([N+](=O)[O-])no3)nn12,3,14,0,0,0,0,3,3,13,2,14,3,3,0,1,1,0,1,0,0,265.153,0.5116351513097894,-0.389657103,10.36345633202776,0.0041292936927863,-0.81075717,188.97,0,0,0,0,0,0,0,0,0,0,4,1,0,0,1,0,0,1,0,0,0,0,7,0,1,1,0,0,1,0,1,0,0,0,0,0,0,0,0,0,0,0,0,0,0,-1.02606282,0.0968144788779712,0,0,5.472899811911807,0,0,2.426944444444445,0,0,0,0,24.775122095083315,0,-0.81075717,1.1112248047367093,0,0,10.36345633202776,0,4.560235024565381,0,0,0,0,0.1179915888073918,0.8820084111936035,3613.940245112818,2.3746752341054358e-06,0.5807967475382139,-0.512911413,5,3,3,11,0,0,0,0,1,0.1818181818181818,0,0,0,0,0,0,0,0,0,0,0,0,0,0,0,0,0,1,0,0,0,0,0,0,0,1,0,0,0,1,0,0,0,0,0,0,0,0,0,0.5,2,0,0,222,257.16174
173,Nc1c([N+](=O)[O-])c([N+](=O)[O-])nn1-c1nnn[nH]1,3,13,0,0,0,0,2,2,10,2,13,2,3,0,1,1,0,2,0,0,241.12700000000004,0.4702683814807943,-0.375875338,10.63587679516251,0.1678703703703701,-1.019057067,184.58,0,0,0,0,0,0,0,0,0,0,4,0,0,0,1,0,0,0,1,0,0,0,4,0,2,1,0,0,2,0,0,0,0,0,0,0,0,0,0,0,0,0,0,0,0,-2.602546296,0,0,0,5.37287037037037,0,0,0,2.215708616780045,0,0,0,13.111907596371882,0,-2.01829932,0.6768518518518516,0,0,21.205086923658357,0,0,0,0,0,0,0.2623439402704186,0.7598062640651547,2158.188595280459,0.209766408566815,0.5225462100884595,-0.364952909,4,3,4,9,0,0,0,0,2,0.4,0,0,0,0,0,0,0,0,0,0,0,0,0,0,0,0,0,0,0,0,0,0,0,0,0,0,1,0,0,0,0,0,0,0,1,0,0,0,0,0.25,0,0,0,222,258.16257
174,O=c1[nH]c(-c2nonc2[N+](=O)[O-])no1,1,10,0,0,0,0,2,2,8,1,10,2,2,0,1,0,0,1,0,0,199.082,0.4455452036422191,-0.357639448,10.533250188964477,0.2056018518518518,-0.849724112,140.95000000000002,0,0,0,0,0,0,0,0,0,0,3,0,0,0,0,0,0,0,1,0,0,0,3,0,1,0,0,0,2,0,2,0,0,0,0,0,0,0,0,0,0,0,0,0,0,-1.140416667,0,0,0,0,0,0,0,2.073425925925926,0,0,0,9.404339569160998,0,-0.820605631,0,0,0,20.888892668178386,0,8.255112433862433,0,0,0,0,0.2634548246202667,0.7503749664013886,1388.0060079300374,0.1601622069256877,0.3516139078369717,-0.281291126,4,1,5,5,0,0,0,0,1,0.2666666666666666,0,0,0,0,0,0,0,0,0,0,0,0,0,0,0,0,0,0,0,0,0,0,0,0,1,1,0,0,0,0,0,0,0,0,0,0,0,0,0,0.3333333333333333,0,0,0,221.68,197.63708
175,O=[N+]([O-])c1n[nH]c(N=Nc2[nH]nc([N+](=O)[O-])c2[N+](=O)[O-])c1[N+](=O)[O-],2,18,0,0,0,0,2,2,12,2,18,2,6,0,2,0,0,4,0,0,342.1440000000001,0.469580952151809,-0.357561091,10.809814473628958,0.7932860922146634,-1.166858151,254.64,0,0,0,0,0,0,0,0,0,0,6,0,0,0,0,0,0,0,2,0,0,2,2,0,4,0,0,0,4,0,0,0,0,0,0,0,0,0,0,0,0,0,0,0,0,-6.170907239,0,0,0,0,0,0,0,3.707555272108843,0,0,6.358006424792139,6.105462648022172,0,-4.644939724,0,0,0,42.82241130946308,0,0,0,0,0,0,0.2017541028522909,0.8964213729255609,4885.32439813036,0.7409720584242065,0.4091844369622145,-0.233819678,6,2,8,10,0,0,0,0,4,0.6153846153846154,0,0,0,0,0,0,0,0,0,0,0,0,0,0,0,0,0,0,0,0,0,0,0,0,0,0,2,0,0,0,0,0,0,0,0,0,0,0,0,0,0,0,0,221.4,267.78522
176,O=[N+]([O-])OCc1nc(-c2nonc2[N+](=O)[O-])no1,0,13,0,0,0,0,2,2,11,0,13,2,5,0,0,0,0,1,0,0,258.106,0.4456229167473257,-0.357639441,10.52090096686823,0.2509278155706722,-1.051607773,173.35000000000002,0,0,1,0,0,0,0,0,0,0,4,0,0,0,0,0,0,0,0,0,0,0,4,0,2,0,0,0,2,1,2,0,0,0,0,0,0,-0.584248394,0,0,0,0,0,0,0,-1.585607783,0,0,0,0,0,0,0,0,0,0,0,13.175572641093474,0,-1.903406006,0,0,0,20.43924238368187,3.968884479717813,8.716986961451248,0,0,0,0,0.2216694872838471,0.9294856765974536,2620.006372819644,0.7298775998518635,0.3254476842847513,-0.24796014,5,2,7,6,0,1,0,0,1,0.4,0,0,0,0,0,0,0,0,0,0,0,0,0,0,0,0,0,0,0,0,0,0,0,0,1,1,0,0,0,0,0,0,0,0,0,0,0,0,0,0.25,0,0,0,221,150.16603
177,Cn1nc([N+](=O)[O-])c2c(N)n[n+]([O-])nc21,2,10,0,0,0,0,2,2,8,1,10,2,1,1,0,1,0,1,0,0,211.141,0.4033316212298291,-0.56919303,10.839077853363568,0.0108408919123204,-0.71111489,139.7,1,0,0,0,0,0,0,0,0,0,2,2,0,0,1,0,0,0,0,0,0,0,3,0,1,2,0,0,1,0,0,0,0,0,0,1.4184259259259258,0,0,0,0,0,0,0,0,0,-0.735740741,-0.015,0,0,5.379259259259259,0,0,0,0,0,0,0,10.207314814814817,0,-0.71111489,1.0862887377173092,0,0,10.599077853363568,0,0,0,0,0,0,0.358212995012738,0.6460710799963773,1496.0549764501066,0.145071965383608,0.4641448131817126,-0.719898078,5,5,3,7,0,0,0,0,1,0.2,0,0,0,0,0,0,0,0,0,0,0,0,0,1,0,0,0,0,0,0,0,0,0,0,0,1,0,0,0,0,0,0,0,0,0,0,0,0,0,0.3,2,0,0,347.7,302.8327
178,Nc1nnnn1CCn1nc([N+](=O)[O-])c(Cl)c1[N+](=O)[O-],2,13,0,0,0,0,2,2,11,1,14,2,5,2,0,1,0,2,0,0,303.62600000000003,0.4386897224373703,-0.366638149,10.872658100277148,0.0003757768539522,-0.905540123,173.72,0,0,2,0,0,0,0,0,0,0,4,0,0,0,1,0,0,0,0,0,0,0,4,0,2,2,0,0,2,0,0,0,1,0,0,0,0,-0.075446586,0,0,0,0,0,0,0,-2.098926314,0,0,0,5.414911641611377,0,0,0,0,0,0,0,13.705150979115928,0,-1.761414084,1.9511215041572183,0,0,21.53473581716637,0,0,0,5.572909003107415,0,0,0.2262069027659355,0.7966930472763029,3921.1475044845993,0.4314721565241456,0.4149842240124364,-0.579660503,6,6,4,9,0,0,0,0,2,0.3076923076923077,0,0,0,0,0,0,0,0,0,0,0,0,0,0,0,0,0,0,0,0,0,0,0,0,0,0,1,0,0,0,0,0,0,0,1,0,0,0,0,0.1923076923076923,0,0,0,221,264.99686
179,Nc1nnc(-c2n[nH]nc2[N+](=O)[O-])n1N[N+](=O)[O-],4,14,0,0,0,0,2,2,10,3,14,2,4,0,2,1,0,2,0,0,256.14200000000005,0.4234434459309196,-0.357683161,10.636572184429326,0.3151388888888888,-0.935380763,196.61,0,0,0,0,0,0,0,0,0,0,4,0,0,0,1,0,0,1,1,0,0,0,4,0,2,1,0,0,2,0,0,0,0,0,0,0,0,0,0,0,0,0,0,0,0,-1.67037415,0,0,0,5.316095993953137,0,0,1.6606783824640967,2.0067446145124714,0,0,0,13.53050642479214,0,-1.768511905,0.6298148148148148,0,0,20.980856245275888,0,0,0,0,0,0,0.3151628289718097,0.7855982101829507,2226.7944497089825,0.5217479641785716,0.5465718234416845,-0.374792108,4,4,4,10,1,0,0,0,1,0.3636363636363636,0,0,0,0,0,0,0,0,0,0,0,0,0,0,0,0,0,0,0,0,0,0,0,0,0,0,0,0,0,1,1,0,0,0,0,0,0,0,0,0.2272727272727272,0,0,0,221,188.20166
180,Nc1nn2c([N+](=O)[O-])nnc2n[n+]1[O-],2,11,0,0,0,0,2,2,9,1,11,2,1,0,0,1,0,1,0,0,198.102,0.4972087410427266,-0.721317794,10.77917044595616,0.006211262282691,-0.816207483,152.07,0,0,0,0,0,0,0,0,0,0,2,1,0,0,1,0,0,0,0,0,0,0,4,0,1,2,0,0,1,0,0,0,0,0,0,0,0,0,0,0,0,0,0,0,0,-1.18037037,-0.290833333,0,0,5.091995464852608,0,0,0,0,0,0,0,13.030185185185186,0,-0.816207483,0.6641591080876792,0,0,10.360950491307634,0,0,0,0,0,0,0.2562548237605456,0.7437451762903408,1329.1976304126392,9.019736366118988e-06,0.5653653168569727,-0.323065895,3,2,3,8,0,0,0,0,1,0.25,0,0,0,0,0,0,0,0,0,0,0,0,0,0,0,0,0,1,0,0,0,0,0,0,0,0,0,0,0,0,1,0,0,0,0,0,0,0,0,0.375,2,0,0,220,228.30676
181,NC(N)=C([N+](=O)[O-])[N+](=O)[O-],4,8,0,0,0,0,0,0,6,2,8,0,2,0,0,2,0,2,0,0,148.078,0.5983396234766841,-0.374050711,9.728425925925926,0.9074074074074072,-1.388888889,138.32000000000002,0,0,0,0,0,0,0,0,0,2,0,0,0,0,2,0,0,0,0,0,0,0,0,0,2,0,0,0,2,0,0,0,0,0,0,0,0,0,0,0,0,0,0,0,-2.296296296,0,0,0,0,9.225185185185186,0,0,0,0,0,0,0,0,0,-2.509259259,0,0,0,19.45685185185185,0,0,0,0,0,0,0.5269257991078443,0.5567957150359611,624.1554273986014,0.272607117561304,0.3781790677885978,-0.216102324,2,4,4,4,0,0,0,1,0,0.5,0,0,0,0,0,0,0,0,0,0,0,0,0,0,0,0,0,0,0,0,0,0,0,0,0,0,0,0,0,0,0,0,0,0,0,0,0,0,0,0,0,1,0,220,276.7634
182,Cc1cc(C)n(-c2nnc(Nc3c([N+](=O)[O-])cc([N+](=O)[O-])cc3[N+](=O)[O-])nn2)n1,1,16,0,0,0,1,2,3,13,1,16,3,6,2,1,0,0,3,3,1,402.28700000000015,0.3062780458748613,-0.310103505,11.27721860145298,0.0081934666530625,-1.00651058,210.83,2,0,0,0,0,3,0,0,0,0,8,0,0,0,0,0,0,1,0,0,0,0,5,0,3,1,0,0,3,0,0,0,0,0,0,3.506202299013204,0,0,0,0,2.9305453614080053,0,0,0,0,-2.253361526,0,0,0,0,0,0,2.285633109725372,0,0,0,0,19.073799534081893,0,-2.992594817,1.357034202569917,0,0,33.46303758462239,0,0,0,0,0,0,0.2469521685116407,0.9475127868969804,6960.742302373248,0.9788873278240382,0.3480102513876909,-0.994315004,13,10,6,10,0,0,0,0,3,0.3076923076923077,0,0,0,1,0,0,0,0,0,0,0,0,0,0,0,0,0,1,0,0,0,0,0,0,1,0,0,0,0,0,0,0,0,0,0,0,0,0,0,0.282051282051282,0,0,0,220,245.73836
183,O=[N+]([O-])C(Cn1nc(I)c(I)c1I)(Cn1nc(I)c(I)c1I)[N+](=O)[O-],0,10,0,0,0,0,2,2,8,0,16,2,6,0,0,0,0,2,0,0,1021.5929999999996,0.4955899288739335,-0.258196273,11.74696523053666,0.4926839002267571,-2.475988889,121.92000000000002,0,0,2,0,0,0,0,0,0,0,6,0,1,0,0,0,0,0,0,0,0,0,2,0,2,2,0,0,2,0,0,0,0,0,6,0,0,-0.9853678,0,0,0,0,0,0,0,4.126154493155287,0,-2.475988889,0,0,0,0,0,0,0,0,0,8.382276706979088,0,-1.71829554,2.615090702947845,0,0,23.49393046107332,0,0,0,0,0,12.038269404551947,0.2901249377408287,0.9911871741744326,21335.99501398095,1.016863638084141,0.0822245258140962,-0.250589031,9,4,4,6,0,0,0,1,0,0.2413793103448276,0,0,0,0,0,0,0,0,0,0,0,0,0,0,0,0,0,0,0,0,0,0,0,0,2,0,0,0,0,0,0,0,0,0,0,0,0,0,0,0.3448275862068966,0,0,0,218,341.5194
184,Nc1nnn(Cc2n[nH]c(N[N+](=O)[O-])n2)n1,4,12,0,0,0,0,2,2,9,3,12,2,4,0,2,1,0,1,0,0,226.16000000000005,0.2807221305847704,-0.365153425,10.089854644413627,0.0270145450155379,-0.753971193,166.36,0,0,1,0,0,0,0,0,0,0,3,0,0,0,1,0,0,1,1,0,0,0,5,0,1,1,0,0,1,0,0,0,0,0,0,0,0,0.1112046485260769,0,0,0,0,0,0,0,0.2166786606617972,0,0,0,5.247514271893331,0,0,1.8187816515495083,2.329707813681028,0,0,0,18.18921745086924,0,-0.753971193,1.1611574074074074,0,0,10.089854644413627,0,0,0,0,0,0,0.145952041063316,0.9838534099874334,2438.35450537149,0.8289384906705123,0.6190307746727978,-0.636717368,4,6,2,10,1,0,0,0,0,0.1818181818181818,0,0,0,0,0,0,0,0,0,0,0,0,0,0,0,0,0,0,0,0,0,0,0,0,0,0,0,0,0,1,0,0,0,0,1,0,0,0,0,0.4545454545454545,0,0,0,218,177.99304
185,Nc1nc2c([N+](=O)[O-])nnn2nc1Cl,2,9,0,0,0,0,2,2,8,1,10,2,1,0,0,1,0,1,0,0,215.56,0.4389503695569647,-0.381000055,10.42039210128496,0.0858352229780798,-0.731787604,125.13,0,0,0,0,0,0,0,0,0,0,3,1,0,0,1,0,0,0,0,0,0,0,4,0,1,1,0,0,1,0,0,0,1,0,0,0,0,0,0,0,0,0,0,0,0,-0.705804359,-0.141759259,0,0,5.317088057445201,0,0,0,0,0,0,0,13.835771604938271,0,-0.731787604,0.844074074074074,0,0,10.42039210128496,0,0,0,5.519411060720584,0,0,0.1965349915174863,0.8034650084848594,1723.156204214361,1.989997672064539e-06,0.4546298014473928,-0.519576916,4,2,2,7,0,0,0,0,1,0.25,0,0,0,0,0,0,0,0,0,0,0,0,0,1,0,0,0,0,0,0,0,0,0,0,0,0,0,0,0,0,1,0,0,0,0,0,0,0,0,0.375,2,0,0,218,288.24762
186,O=[N+]([O-])c1nc(-c2nc([N+](=O)[O-])nn2C(F)([N+](=O)[O-])[N+](=O)[O-])n(C(F)([N+](=O)[O-])[N+](=O)[O-])n1,0,24,0,0,0,0,2,2,18,0,26,2,9,0,0,0,0,6,0,0,470.1340000000002,0.7489720056311013,-0.389691139,14.589910241874527,1.1709486016628872,-5.190120229,320.25999999999993,0,0,0,0,0,0,0,0,0,0,4,0,2,0,0,0,0,0,0,0,0,0,4,0,6,2,0,0,6,0,0,2,0,0,0,0,0,0,0,0,0,0,0,0,0,-7.817560469,0,-10.38024046,0,0,0,0,0,0,0,0,0,10.45030328798186,0,-12.69328231,-2.341897203,0,0,65.38476166855631,0,0,29.17982048374905,0,0,0,0.6725113119679816,0.9084923697969554,4268.50858738872,1.3515162768336737,0.3573449271909709,0,6,0,12,12,0,0,0,2,2,0.6875,0,0,0,0,0,0,0,0,0,0,0,0,0,0,0,0,0,0,0,0,0,0,0,0,0,0,0,0,0,0,2,0,0,0,0,0,0,0,0,0,0,0,0,217,98.88188
187,Nn1c(-c2nc([N+](=O)[O-])c([N+](=O)[O-])n2N)nc([N+](=O)[O-])c1[N+](=O)[O-],4,18,0,0,0,0,2,2,14,2,18,2,5,0,0,2,0,4,0,0,344.1600000000001,0.465375673769639,-0.357614113,10.850579333585287,0.0806330309901737,-1.300179516,260.24,0,0,0,0,0,0,0,0,0,0,6,0,0,0,2,0,0,0,0,0,0,0,2,0,4,2,0,0,4,0,0,0,0,0,0,0,0,0,0,0,0,0,0,0,0,-6.858866213,0,0,0,10.629561602418748,0,0,0,0,0,0,0,6.446753590325019,0,-4.946683044,0.1612660619803478,0,0,43.283984001007816,0,0,0,0,0,0,0.2132840207477869,0.8396503360847918,4876.661085159867,0.555583115244703,0.406787540678754,-0.278940028,6,4,8,10,0,0,0,0,4,0.5714285714285714,0,0,0,0,0,0,0,0,0,0,0,0,0,0,0,0,0,0,0,0,0,0,0,0,0,0,2,0,0,0,0,0,0,0,0,0,0,0,0,0,0,0,0,217,269.8786
188,Nc1cc([N+](=O)[O-])nc2c1[n-][n+]1nc3c([N+](=O)[O-])cc([N+](=O)[O-])cc3n21,2,15,0,0,0,1,3,4,10,1,15,4,3,0,0,1,0,3,2,2,359.21800000000013,0.3661418260335878,-0.397524524,11.228644914756028,0.0547770219198795,-0.824639393,203.83,0,0,0,0,0,3,0,0,0,0,4,4,0,0,1,0,0,0,0,0,0,0,3,0,3,2,0,0,3,0,0,0,0,0,0,0,0,0,0,0,2.802921075837742,0,0,0,0,-1.807808642,-0.323304989,0,0,5.740333522297808,0,0,0,0,0,0,0,11.73780045351474,0,-2.405375724,1.9654478458049889,0,0,33.31165989543966,0,0,0,0,0,0,0.2837022785289286,0.7162977215083182,5627.077189221142,1.4928039172064411e-05,0.3507619328652795,-0.82401216,11,5,6,9,0,0,0,0,3,0.3870967741935484,0,0,1,0,0,0,1,0,0,0,0,0,0,0,0,0,0,0,0,0,0,0,0,0,0,0,0,0,0,2,0,0,0,0,0,0,0,0,0,0.3225806451612903,4,0,0,343,266.0965
189,N#Cc1c([N+](=O)[O-])c([N+](=O)[O-])nn1N,2,10,0,0,0,0,1,1,8,1,10,1,2,0,0,1,1,2,0,0,198.098,0.4709899870992084,-0.357560535,10.360370370370372,0.3018518518518518,-1.081018519,153.91,0,0,0,0,0,0,0,0,1,0,3,0,0,0,1,0,0,0,0,1,0,0,1,0,2,1,0,0,2,0,0,0,0,0,0,0,0,0,0,0,0,0,0,1.3498148148148148,0,-2.712268519,0,0,0,5.002453703703704,0,0,0,0,8.425387377173092,0,0,3.0333796296296294,0,-2.157361111,0.3018518518518518,0,0,20.628371126228277,0,0,0,0,0,0,0.4055690745342021,0.6172071923852738,1273.3606015148048,0.1275011097092914,0.4240325495461842,-0.403840523,4,2,4,6,0,0,0,0,2,0.5,0,0,0,0,0,0,0,0,0,0,0,0,0,0,0,0,0,0,0,0,0,0,0,0,0,0,1,0,0,0,0,0,0,0,0,0,0,0,0,0,1,0,0,217,277.53088
190,[N-]=[N+]=Nc1nn2c([N+](=O)[O-])nnc2c([N+](=O)[O-])c1N,2,14,0,0,0,0,2,2,10,1,14,2,3,0,0,1,0,2,0,0,266.137,0.4830115670863821,-0.39122422,10.88337254346183,0.4707407407407404,-0.951602419,204.14,0,0,0,0,0,0,0,0,0,0,4,1,0,0,1,0,0,0,0,0,0,1,3,0,2,1,0,0,2,0,0,0,0,0,0,0,0,0,0,0,0,0,0,0,0,-2.784548375,-0.522139078,0,0,5.401788548752835,0,0,0,0,0,0,3.0204383975812545,9.90125,0,-1.881020408,0.4707407407407404,0,0,21.53233245149912,0,0,0,0,0,0,0.3915074953145991,0.6343763143804194,2545.5778770907928,0.2525284108374651,0.5260448565964148,-0.420835885,5,2,4,10,0,0,0,0,2,0.3809523809523809,0,0,0,0,0,0,0,0,0,0,1,0,0,0,0,0,0,0,0,0,0,0,0,0,0,0,0,0,0,0,1,0,0,0,0,0,0,0,0,0,2,0,1,217,248.5317
191,O=[N+]([O-])Nc1nnc(-c2nc(-c3noc(-c4nnc(N[N+](=O)[O-])o4)n3)no2)o1,2,20,0,0,0,0,4,4,16,2,20,4,7,0,2,0,0,2,0,0,394.1800000000001,0.3752106357269435,-0.39515441,10.310825731931937,0.1711659895439652,-0.901287836,266.0199999999999,0,0,0,0,0,0,0,0,0,0,8,0,0,0,0,0,0,2,0,0,0,0,8,0,2,0,0,0,2,0,4,0,0,0,0,0,0,0,0,0,0,0,0,0,0,-2.514827708,0,0,0,0,0,0,3.300973239788695,0,0,0,0,28.5441549782214,0,-1.802575671,0,0,0,20.621651463863877,0,19.562305566509973,0,0,0,0,0.0799419786582206,0.9200580216891776,11918.593657198877,5.428927038105223e-05,0.426201227865442,-0.365315338,8,2,8,12,2,0,0,0,0,0.2666666666666666,0,0,0,0,0,0,0,0,0,0,0,0,0,0,0,0,0,0,0,0,0,0,0,0,4,0,0,0,0,0,0,0,0,0,0,0,0,0,0,0.6666666666666666,0,0,0,215,146.478
192,O=[N+]([O-])c1n[nH]c(-c2nnc(/N=N\c3nnc(-c4[nH]nc([N+](=O)[O-])c4[N+](=O)[O-])o3)o2)c1[N+](=O)[O-],2,24,0,0,0,0,4,4,18,2,24,4,8,0,2,0,0,4,0,0,478.2140000000003,0.4678819359892399,-0.398641747,11.118379658809282,0.5704857986101388,-1.096307586,332.4799999999999,0,0,0,0,0,0,0,0,0,0,10,0,0,0,0,0,0,0,2,0,0,2,6,0,4,0,0,0,4,0,2,0,0,0,0,0,0,0,0,0,0,0,0,0,0,-7.80921003,0,0,0,0,0,0,0,4.062349661960676,0,0,6.839142101284958,20.06083684214553,0,-4.356685251,0,0,0,43.93931368463883,0,9.991605973758752,0,0,0,0,0.0724370653224321,0.965349603709188,15174.567119300486,0.6652409591015677,0.4098583479362794,-0.368036068,10,2,10,14,0,0,0,0,4,0.4444444444444444,0,0,0,0,0,0,0,0,0,0,0,0,0,0,0,0,0,0,0,0,0,0,0,0,2,0,2,0,0,0,0,0,0,0,0,0,0,0,0,0.2777777777777778,0,0,0,215,258.06598
193,Nc1nonc1-c1noc(-c2[nH]nc([N+](=O)[O-])c2[N+](=O)[O-])n1,3,15,0,0,0,0,3,3,12,2,15,3,4,0,1,1,0,2,0,0,309.158,0.4678827056996332,-0.378857849,10.96496178718401,0.0493814037960858,-1.01889608,218.82,0,0,0,0,0,0,0,0,0,0,7,0,0,0,1,0,0,0,1,0,0,0,5,0,2,0,0,0,2,0,2,0,0,0,0,0,0,0,0,0,0,0,0,0,0,-3.075553692,0,0,0,5.435762466232795,0,0,0,2.106270313681028,0,0,0,17.221024766362518,0,-2.012093359,0,0,0,21.677217566651187,0,9.13682103819234,0,0,0,0,0.1531088033327634,0.8605895883621654,4343.021954204788,0.1667202472787503,0.4075585946344588,-0.491657987,7,3,6,9,0,0,0,0,2,0.32,0,0,0,0,0,0,0,0,0,0,0,0,0,0,0,0,0,0,0,0,0,0,0,0,2,0,1,0,0,0,0,0,0,0,0,0,0,0,0,0.4,0,0,0,215,266.7475
194,Nc1n[n+]([O-])c([N+](=O)[O-])c(N)c1[N+](=O)[O-],4,11,0,0,0,0,1,1,8,2,11,1,2,0,0,2,0,2,0,0,216.113,0.5688114535491107,-0.589148625,10.858425925925928,0.4745370370370367,-1.226018519,178.15,0,0,0,0,0,0,0,0,0,0,4,0,0,0,2,0,0,0,0,0,0,0,1,0,2,1,0,0,2,0,0,0,0,0,0,0,0,0,0,0,0,0,0,0,0,-3.879351852,0,0,0,10.078662131519271,0,0,0,0,0,0,0,2.8524074074074077,0,-2.229722222,-0.474537037,0,0,20.730391156462584,0,0,0,0,0,0,0.3288439496691158,0.7415600852240023,1481.3103900617157,0.2457310127990857,0.3886855487638411,-0.370176713,4,4,5,6,0,0,0,0,2,0.4210526315789473,0,0,0,0,0,0,0,0,0,0,0,1,0,0,0,0,0,0,0,0,0,0,0,0,0,0,0,0,0,0,0,0,0,0,0,0,0,0,0,0,1,0,0,215,287.6708
195,NNc1c([N+](=O)[O-])c(NN)[n+]([O-])c(NN)[n+]1[O-],9,13,0,0,0,0,1,1,10,6,13,1,4,0,3,3,0,1,0,0,247.175,0.4718646604127201,-0.706213194,11.48307634164777,0.1746296296296297,-1.006464475,211.17,0,0,0,0,0,0,0,0,0,0,4,0,0,0,3,0,0,3,0,0,0,0,0,0,1,2,0,0,1,0,0,0,0,0,0,0,0,0,0,0,0,0,0,0,0,-3.081944444,0,0,0,14.851654383975813,0,0,5.340956160241875,0,0,0,0,0,0,-1.006464475,-0.349259259,0,0,10.722785808767952,0,0,0,0,0,0,0.4311586718987015,0.6237936420089009,1904.5858299273564,0.495027491148585,0.5097602912915948,-0.550217457,4,9,4,9,0,0,0,0,1,0.1538461538461538,0,0,0,0,0,0,0,0,0,0,1,0,0,0,0,0,0,0,0,0,0,0,0,0,0,0,0,0,0,0,0,0,0,0,0,0,0,0,0,0,1,0,0,214,352.91235
196,Nc1c([N+](=O)[O-])nn(Cc2nnc(Cn3nc([N+](=O)[O-])c(N)c3[N+](=O)[O-])n2/N=N/n2c(Cn3nc([N+](=O)[O-])c(N)c3[N+](=O)[O-])nnc2Cn2nc([N+](=O)[O-])c(N)c2[N+](=O)[O-])c1[N+](=O)[O-],8,44,0,0,0,0,6,6,36,4,44,6,18,0,0,4,0,8,0,0,904.5279999999996,0.4430722274467548,-0.384624313,11.907623276810757,0.323816359318912,-1.212485298,606.6199999999999,0,0,4,0,0,0,0,0,0,0,16,0,0,0,4,0,0,0,0,0,0,2,8,0,8,6,0,0,8,0,0,0,0,0,0,0,0,-4.180136599,0,0,0,0,0,0,0,-16.45607398,0,0,0,22.348882418719484,0,0,0,0,0,0,7.709613882590073,28.90199188778193,0,-9.457814203,2.2254243062512566,0,0,93.78738947422136,0,0,0,0,0,0,0.6322666009109712,0.9549884032102331,19577.26446843714,2.079358224020313,0.4333751967877168,-0.566041073,20,16,16,28,0,0,0,0,8,0.4,0,0,0,0,0,0,0,0,0,0,0,0,0,0,0,0,0,0,0,0,0,0,0,0,0,0,4,0,0,2,0,0,0,0,0,0,0,0,0,0.125,0,0,0,214,302.38947
197,CN(Cn1nc([N+](=O)[O-])c([N+](=O)[O-])c1Cl)[N+](=O)[O-],0,12,0,0,0,0,1,1,8,0,13,1,5,0,0,0,0,3,0,0,280.584,0.4690535161203273,-0.357561345,10.595883408919123,0.5062811791383219,-1.090601852,150.48000000000002,1,0,1,0,0,0,0,0,0,0,3,0,0,0,0,0,0,0,0,0,0,0,1,1,3,1,0,0,3,0,0,0,1,0,0,1.0512654320987656,0,-0.568935185,0,0,0,0,0,0,0,-2.72170131,0,0,0,0,0,0,0,0,0,0,0,3.2507407407407407,0.5062811791383219,-2.987623457,0.5978395061728397,0,0,31.48041698160745,0,0,0,5.5224102418745264,0,0,0.391471069777939,0.7335127667012675,2403.316538474804,0.6813405468370525,0.2993755880591909,-0.37065549,5,5,6,6,1,0,0,0,2,0.5217391304347826,0,0,0,0,0,0,0,0,0,0,0,0,0,0,0,0,0,0,0,0,0,0,0,0,0,0,1,0,0,0,0,0,0,0,0,0,0,0,0,0,1,0,0,214,183.34982
198,O=[N+]([O-])c1nn(C(F)([N+](=O)[O-])[N+](=O)[O-])c2c([N+](=O)[O-])nn(C(F)([N+](=O)[O-])[N+](=O)[O-])c12,0,22,0,0,0,0,2,2,16,0,24,2,8,0,0,0,0,6,0,0,442.1200000000002,0.7522038546818841,-0.357685506,14.500992693373648,1.1920521541950109,-5.201052532,294.48,0,0,0,0,0,0,0,0,0,0,2,2,2,0,0,0,0,0,0,0,0,0,2,0,6,2,0,0,6,0,0,2,0,0,0,0,0,0,0,0,0,0,0,0,0,-4.190648148,-3.984583333,-10.40210506,0,0,0,0,0,0,0,0,0,4.96286470143613,0,-13.04915848,-2.384104308,0,0,65.60620795540439,0,0,29.001985386747293,0,0,0,0.3738749677444637,0.7929053052613502,5000.98833019874,0.7244996342618216,0.3166561114629511,0,6,0,12,10,0,0,0,2,2,0.7333333333333333,0,0,0,0,0,0,0,0,0,0,0,0,0,0,0,0,0,0,0,0,0,0,0,0,0,2,0,0,0,0,0,0,0,0,0,0,0,0,0,0,2,0,0,213,102.96088
199,Nc1c([N+](=O)[O-])nc([N+](=O)[O-])c(N)[n+]1[O-],4,11,0,0,0,0,1,1,8,2,11,1,2,0,0,2,0,2,0,0,216.113,0.4413074541197581,-0.739478382,11.036851851851852,0.316203703703704,-1.114907407,178.15,0,0,0,0,0,0,0,0,0,0,4,0,0,0,2,0,0,0,0,0,0,0,1,0,2,1,0,0,2,0,0,0,0,0,0,0,0,0,0,0,0,0,0,0,0,-4.011111111,0,0,0,9.9941761148904,0,0,0,0,0,0,0,2.962685185185185,0,-2.229814815,-0.316203704,0,0,20.61504157218443,0,0,0,0,0,0,0.3917397626830181,0.6363871577797197,1564.9746470604057,0.2006406238162973,0.3886855487638411,-0.370176713,4,4,5,6,0,0,0,0,2,0.4210526315789473,0,0,0,0,0,0,0,0,0,0,0,1,0,0,0,0,0,0,0,0,0,0,0,0,0,0,0,0,0,0,0,0,0,0,0,0,0,0,0,0,1,1,0,342,297.7993
200,Nc1nnc2nnc([N+](=O)[O-])n2n1,2,10,0,0,0,0,2,2,9,1,10,2,1,0,0,1,0,1,0,0,182.103,0.4843189744151738,-0.389716544,10.340542328042329,0.0686111111111109,-0.741944444,138.01999999999998,0,0,0,0,0,0,0,0,0,0,2,1,0,0,1,0,0,0,0,0,0,0,5,0,1,1,0,0,1,0,0,0,0,0,0,0,0,0,0,0,0,0,0,0,0,-0.72962963,-0.068611111,0,0,5.168384353741496,0,0,0,0,0,0,0,16.882845804988662,0,-0.741944444,0.8078703703703702,0,0,10.340542328042329,0,0,0,0,0,0,0.3099414486806067,0.6900585513202784,1080.089679930517,1.3936284689648792e-06,0.6150365452518628,-0.439311818,3,2,2,8,0,0,0,0,1,0.2666666666666666,0,0,0,0,0,0,0,0,0,0,0,0,0,0,0,0,0,1,0,0,0,0,0,0,0,0,0,0,0,0,1,0,0,0,0,0,0,0,0,0.4,2,0,0,213,245.8412
201,[N-]=[N+]=Nc1ncn(-c2c([N+](=O)[O-])cc([N+](=O)[O-])cc2C(F)(F)F)n1,0,12,0,0,0,1,1,2,8,0,15,2,4,0,0,0,0,2,2,1,344.169,0.4185005466915864,-0.258305777,13.187037824389016,0.136158194759385,-5.156028715,165.75000000000006,0,0,0,0,0,3,0,0,0,0,5,0,1,0,0,0,0,0,0,0,0,1,2,0,2,1,0,0,2,0,0,3,0,0,0,0,0,0,0,0,1.1430108339632143,0,0,0,0,-5.674885204,0,-5.156028715,0,0,0,0,0,0,0,0,2.9431501952632906,6.743887156714538,0,-2.425347943,0.3558489229024941,0,0,21.77141548750405,0,0,39.56111347316705,0,0,0,0.3704885959049169,0.7783529951660118,3886.398685436459,0.7110435862195573,0.3254215225659487,-0.720576229,9,3,4,8,0,0,0,0,2,0.2962962962962963,0,0,1,0,0,0,0,0,0,0,0,0,0,0,0,0,0,0,0,0,0,0,0,0,0,0,0,0,0,1,0,0,0,0,0,0,0,0,0,0.1851851851851851,0,0,1,213,181.90173
202,Nc1nn(N)nc1[N+](=O)[O-],4,8,0,0,0,0,1,1,7,2,8,1,1,0,0,2,0,1,0,0,144.094,0.43604640270056,-0.374893086,9.98925925925926,0.2847222222222216,-0.758240741,125.89,0,0,0,0,0,0,0,0,0,0,2,0,0,0,2,0,0,0,0,0,0,0,2,0,1,1,0,0,1,0,0,0,0,0,0,0,0,0,0,0,0,0,0,0,0,-0.810185185,0,0,0,9.953425925925927,0,0,0,0,0,0,0,6.42074074074074,0,-0.758240741,0.549074074074074,0,0,9.98925925925926,0,0,0,0,0,0,0.3161903761931547,0.6838096238858995,685.8123758230724,7.236981026826488e-06,0.5829527947034573,-0.44415451,2,4,2,6,0,0,0,0,1,0.2857142857142857,0,0,0,0,0,0,0,0,0,0,0,0,0,0,0,0,0,0,0,0,0,0,0,0,0,0,0,0,0,0,1,0,0,0,0,0,0,0,0,0,1,0,0,212.1,318.42493
203,Nc1nc(N)c([N+](=O)[O-])[n+]([O-])c1[N+](=O)[O-],4,11,0,0,0,0,1,1,8,2,11,1,2,0,0,2,0,2,0,0,216.113,0.5609729444930784,-0.608718073,11.126851851851852,0.5717592592592595,-1.226018519,178.14999999999998,0,0,0,0,0,0,0,0,0,0,4,0,0,0,2,0,0,0,0,0,0,0,1,0,2,1,0,0,2,0,0,0,0,0,0,0,0,0,0,0,0,0,0,0,0,-4.011111111,0,0,0,10.031953892668175,0,0,0,0,0,0,0,3.1282407407407407,0,-2.357592593,-0.571759259,0,0,20.66004157218443,0,0,0,0,0,0,0.3471997027338023,0.7124231544024411,1464.0905869887013,0.2225612749796644,0.3886855487638411,-0.370176713,4,4,5,6,0,0,0,0,2,0.4210526315789473,0,0,0,0,0,0,0,0,0,0,0,1,0,0,0,0,0,0,0,0,0,0,0,0,0,0,0,0,0,0,0,0,0,0,0,0,0,0,0,0,1,1,0,212,283.82263
204,O=C(NC(=O)OCC(F)([N+](=O)[O-])[N+](=O)[O-])NC(=O)OCC(F)([N+](=O)[O-])[N+](=O)[O-],2,19,0,0,0,0,0,0,13,2,21,0,8,0,2,0,0,4,0,0,420.1500000000002,0.6483674422565144,-0.429315489,13.264206034225772,1.0185452097505665,-4.442190629,266.29,0,0,2,0,0,0,0,0,0,3,0,0,2,0,0,0,0,2,0,0,0,0,0,0,4,0,0,0,7,2,0,2,0,0,0,0,0,-4.181348367,0,0,0,0,0,0,-5.966461719,0,0,-8.884381258,0,0,0,0,2.037090419501133,0,0,0,0,0,0,-8.200113273,0,0,0,73.96074666888623,7.398423083650356,0,26.52841206845154,0,0,0,0.0954653066463744,0.9598948330159276,11156.164341916618,0.5814433245151525,0.1999285969296679,-0.15232655,7,6,13,6,0,0,0,2,0,0.4117647058823529,0,0,0,0,0,0,0,0,0,0,0,0,0,0,0,0,0,0,0,0,0,0,0,0,0,0,0,0,0,0,0,0,0,0,0,0,0,0,0,0,0,0,0,211,169.5889
205,CN(Cn1nc([N+](=O)[O-])n(CN(C)[N+](=O)[O-])c1=O)[N+](=O)[O-],0,15,0,0,0,0,1,1,10,0,15,1,7,0,0,0,0,3,0,0,306.19500000000005,0.4609087096540703,-0.389769727,11.870833333333334,0.4271683673469386,-1.079537037,175.71999999999997,2,0,2,0,0,0,0,0,0,0,1,0,0,0,0,0,0,0,0,0,0,0,1,2,3,2,0,0,4,0,0,0,0,0,0,2.02489134542706,0,-1.382760771,0,0,0,0,0,0,0,-0.953288927,0,0,0,0,0,0,0,0,0,0,0,3.316688397581255,0.9001158982111359,-2.741134732,0.8941515495086922,0,0,43.61252047115142,0,0,0,0,0,0,0.4960410303889149,0.8034112810308583,2588.315706774992,0.9433599273554776,0.3657799768121624,-0.522542824,6,10,7,8,2,0,0,0,1,0.3870967741935484,0,0,0,0,0,0,0,0,0,0,0,0,0,0,0,0,0,0,0,0,0,0,0,0,0,0,0,0,0,0,1,0,0,0,0,0,0,0,0,0,1,0,0,211,148.0627
206,Cc1nn(-c2n[n+]([O-])c(N)[n+]([O-])n2)c(C)c1[N+](=O)[O-],2,12,0,0,0,0,2,2,9,1,12,2,2,1,0,1,0,1,0,0,268.193,0.5812812863581842,-0.653630068,11.215607520786092,0.090066137566138,-0.764091816,166.64,2,0,0,0,0,0,0,0,0,0,5,0,0,0,1,0,0,0,0,0,0,0,3,0,1,3,0,0,1,0,0,0,0,0,0,2.8031454711514234,0,0,0,0,0,0,0,0,0,-1.214723902,0,0,0,5.0882432602670695,0,0,0,0,0,0,0,10.539172335600908,0,-0.62304784,0.6437962962962964,0,0,10.832766334929032,0,0,0,0,0,0,0.1742741770541832,0.8343644087125511,3183.4027006096794,0.2952519936301083,0.4176097064427485,-0.835219413,7,8,4,8,0,0,0,0,1,0.1481481481481481,0,0,0,0,0,0,0,0,0,0,0,0,0,0,0,0,0,1,0,0,0,0,0,0,0,1,0,0,0,0,0,0,0,0,0,0,0,0,0,0.2222222222222222,0,0,0,211,264.9843
207,O=[N+]([O-])c1n[nH]c(-c2n[nH]nc2[N+](=O)[O-])n1,2,12,0,0,0,0,2,2,8,2,12,2,3,0,2,0,0,2,0,0,226.112,0.4909768955425006,-0.38969128,10.48397156084656,0.2017129629629626,-0.841352986,169.42000000000002,0,0,0,0,0,0,0,0,0,0,4,0,0,0,0,0,0,0,2,0,0,0,4,0,2,0,0,0,2,0,0,0,0,0,0,0,0,0,0,0,0,0,0,0,0,-1.739726002,0,0,0,0,0,0,0,4.172403155706727,0,0,0,13.33484977324263,0,-1.639778912,0,0,0,20.769459325396824,0,0,0,0,0,0,0.1992833400813155,0.834863690388003,2075.0880112551044,0.320105356120087,0.4953297480894423,-0.353806963,4,2,4,8,0,0,0,0,2,0.4444444444444444,0,0,0,0,0,0,0,0,0,0,0,0,0,0,0,0,0,0,0,0,0,0,0,0,0,0,0,0,0,0,2,0,0,0,0,0,0,0,0,0,0,0,0,210.83,241.78839
208,Nc1c([N+](=O)[O-])nn(Cc2noc([N+](=O)[O-])n2)c1[N+](=O)[O-],2,15,0,0,0,0,2,2,12,1,15,2,5,0,0,1,0,3,0,0,300.14700000000005,0.5686084868854184,-0.384624301,10.851810830813807,0.3312981859410431,-1.002471419,212.18,0,0,1,0,0,0,0,0,0,0,5,0,0,0,1,0,0,0,0,0,0,0,3,0,3,1,0,0,3,0,1,0,0,0,0,0,0,-0.563796296,0,0,0,0,0,0,0,-3.776554548,0,0,0,5.273945184555304,0,0,0,0,0,0,0,9.852673847316703,0,-2.952232064,0.5436961451247164,0,0,31.854377283320733,0,4.246846497858403,0,0,0,0,0.244334364691843,0.8547266118667066,3616.505024281511,0.8128191593397625,0.3731504895934326,-0.37315049,6,4,7,8,0,0,0,0,3,0.48,0,0,0,0,0,0,0,0,0,0,0,0,0,0,0,0,0,0,0,0,0,0,0,0,0,1,1,0,0,0,0,0,0,0,0,0,0,0,0,0,0,0,0,210.5,242.74403
209,O=[N+]([O-])N1CN([N+](=O)[O-])CN([N+](=O)[O-])C1,0,12,0,1,1,0,0,0,6,0,12,1,3,0,0,0,0,3,0,0,222.117,0.2121302706465247,-0.234539305,10.323611111111113,0.3701388888888888,-0.924444444,139.14,0,0,3,0,0,0,0,0,0,0,0,0,0,0,0,0,0,0,0,0,0,0,0,3,3,0,0,0,3,0,0,0,0,0,0,0,0,-1.77875,0,0,0,0,0,0,0,0,0,0,0,0,0,0,0,0,0,0,0,0,1.1104166666666668,-2.773333333,0,0,0,30.97083333333333,0,0,0,0,0,0,0.5048269676815945,0.5409679676480901,1756.0504548362842,0.5012256027209018,0.3781790677885978,-0.216102324,3,6,6,6,3,0,0,0,0,0.5714285714285714,0,0,0,0,0,0,0,0,0,0,0,0,0,0,0,0,1,0,0,0,0,0,0,0,0,0,0,0,0,0,0,0,0,0,0,0,0,0,0,0,1,1,0,210,156.02768
210,Nc1c([N+](=O)[O-])cc([N+](=O)[O-])c2[nH]nnc12,3,10,0,0,0,1,1,2,7,2,10,2,2,0,1,1,0,2,2,1,224.136,0.3030953493319497,-0.391253658,10.665576341647771,0.0341666666666664,-0.809074074,153.87,0,0,0,0,0,1,0,0,0,0,3,2,0,0,1,0,0,0,1,0,0,0,2,0,2,0,0,0,2,0,0,0,0,0,0,0,0,0,0,0,0.7753240740740739,0,0,0,0,-1.297824074,-0.116666667,0,0,5.446625094482237,0,0,0,2.2710950491307638,0,0,0,6.78849395313681,0,-1.578287037,0,0,0,21.27228647014361,0,0,0,0,0,0,0.3999117888412338,0.6194857850030536,1730.8131715061716,0.1338073678311157,0.3747724595781132,-0.713852304,6,4,4,6,0,0,0,0,2,0.4,0,0,1,0,0,0,0,0,0,0,0,0,0,0,0,0,0,0,0,0,0,0,0,0,0,0,0,0,0,1,0,0,0,0,0,0,0,0,0,0.25,2,0,0,341,283.95215
211,O=[N+]([O-])/N=c1\[nH]nc(-c2n[nH]/c(=N\[N+](=O)[O-])o2)o1,2,14,0,0,0,0,2,2,8,2,14,2,3,0,2,0,0,2,0,0,258.11,0.3863814232596715,-0.394695159,10.035789565456325,0.2947704081632647,-1.003985252,194.64,0,0,0,0,0,0,0,0,0,0,2,0,0,0,0,0,0,0,2,0,0,2,2,0,2,0,0,0,2,0,2,0,0,0,0,0,0,0,0,0,0,0,0,0,0,-0.589540816,0,0,0,0,0,0,0,4.164476095993953,0,0,5.573965734441925,6.908686696900983,0,-2.007970505,0,0,0,20.07157913091265,0,9.472104119425548,0,0,0,0,0.0416660338809027,0.9619419411849528,4238.680060484845,0.0832286756525196,0.4339235209794274,-0.185967223,4,2,6,8,2,0,0,0,0,0.4,0,0,0,0,0,0,0,0,0,0,0,0,0,0,0,0,0,0,0,0,0,0,0,0,2,0,0,0,0,0,0,0,0,0,0,0,0,0,0,0.5,0,0,0,210,188.07216
212,CN(Cn1nc([N+](=O)[O-])cc1[N+](=O)[O-])[N+](=O)[O-],0,12,0,0,0,0,1,1,8,0,12,1,5,0,0,0,0,3,0,0,246.139,0.4198653453774123,-0.357801514,10.542785336356763,0.5036961451247164,-0.920972222,150.48000000000002,1,0,1,0,0,1,0,0,0,0,2,0,0,0,0,0,0,0,0,0,0,0,1,1,3,1,0,0,3,0,0,0,0,0,0,1.052816515495087,0,-0.572268519,0,0,0.6327239229024944,0,0,0,0,-1.43162226,0,0,0,0,0,0,0,0,0,0,0,3.283148148148148,0.5036961451247164,-2.65209845,0.5703703703703704,0,0,31.22328373015873,0,0,0,0,0,0,0.403475614628202,0.7318867147286459,1953.3189436511632,0.6706578226533807,0.34127058288203,-0.455027444,5,6,6,6,1,0,0,0,2,0.5217391304347826,0,0,0,0,0,0,0,0,0,0,0,0,0,0,0,0,0,0,0,0,0,0,0,0,0,0,1,0,0,0,0,0,0,0,0,0,0,0,0,0,1,0,0,210,137.7591
213,O=[N+]([O-])c1noc(Nc2nnc3nnc([N+](=O)[O-])n3n2)n1,1,16,0,0,0,0,3,3,14,1,16,3,4,0,1,0,0,2,0,0,295.135,0.5116351555235338,-0.389716544,10.681736146249133,0.2048521877886955,-0.873401798,206.09,0,0,0,0,0,0,0,0,0,0,4,1,0,0,0,0,0,1,0,0,0,0,7,0,2,1,0,0,2,0,1,0,0,0,0,0,0,0,0,0,0,0,0,0,0,-2.13536995,-0.204852188,0,0,0,0,0,2.298826530612245,0,0,0,0,23.734588270442345,0,-1.696814436,0.7084470269589318,0,0,21.06172140389673,0,4.505065271478962,0,0,0,0,0.189105980553932,0.8108940194909968,4031.760417300025,1.361983496121009e-05,0.5217951107120471,-0.298168635,5,1,5,11,0,0,0,0,2,0.3636363636363636,0,0,0,0,0,0,0,0,0,0,0,0,0,0,0,0,0,1,0,0,0,0,0,0,0,1,0,0,0,0,1,0,0,0,0,0,0,0,0,0.2727272727272727,2,0,0,209.8,230.8571
214,O=[N+]([O-])c1n[nH]nc1-c1nc(/N=N\c2n[nH]c(-c3n[nH]nc3[N+](=O)[O-])n2)n[nH]1,4,20,0,0,0,0,4,4,14,4,20,4,6,0,4,0,0,2,0,0,388.22800000000007,0.4209759064324204,-0.357684222,10.84464258276904,0.0663907961026462,-0.749198737,277.28,0,0,0,0,0,0,0,0,0,0,8,0,0,0,0,0,0,0,4,0,0,2,8,0,2,0,0,0,2,0,0,0,0,0,0,0,0,0,0,0,0,0,0,0,0,-1.973537415,0,0,0,0,0,0,0,9.008248503289156,0,0,7.308601505416982,29.109847883428472,0,-1.498397475,0,0,0,21.68928516553808,0,0,0,0,0,0,0.2576868278796286,0.7720249726300557,6653.20518549836,0.4705423567814852,0.576980537210093,-0.576980537,8,4,4,16,0,0,0,0,2,0.25,0,0,0,0,0,0,0,0,0,0,0,0,0,0,0,0,0,0,0,0,0,0,0,0,0,0,0,0,0,2,2,0,0,0,0,0,0,0,0,0.3125,0,0,0,209.5,275.75916
215,O=[N+]([O-])C(CNc1nonc1/[N+]([O-])=N\c1nonc1Cl)([N+](=O)[O-])[N+](=O)[O-],1,19,0,0,0,0,2,2,15,1,20,2,8,0,1,0,0,3,0,0,394.60400000000016,0.716788612229432,-0.690258273,11.850117000503904,0.2952314814814816,-3.846806723,257.72,0,0,1,0,0,0,0,0,0,0,4,0,1,0,0,0,0,1,0,0,0,1,4,0,3,0,0,0,3,0,2,0,1,0,0,0,0,-1.49868514,0,0,0,0,0,0,0,-2.392606405,0,-3.846806723,0,0,0,0,1.866849017384732,0,0,0,3.2457837301587302,12.488976987718871,0,-5.186429503,0,0,0,32.4707154745507,0,8.370449326156848,0,5.483930019172924,0,0,0.1929117256819761,0.9620169620695378,6357.138520707457,0.8756537794188086,0.3547860640034058,-0.182461404,6,3,9,10,0,0,1,0,0,0.3448275862068966,0,0,0,0,0,0,0,0,0,0,0,0,0,0,0,0,0,0,0,0,0,0,0,0,2,0,0,0,0,0,0,0,0,0,0,0,0,0,0,0.3448275862068966,0,0,0,209.2,131.95483
216,O=[N+]([O-])OCCN(CCO[N+](=O)[O-])c1c([N+](=O)[O-])cc([N+](=O)[O-])cc1[N+](=O)[O-],0,18,0,0,0,1,0,1,13,0,18,1,12,0,0,0,0,3,3,1,406.22000000000014,0.3060437720939147,-0.356452495,11.29463640085664,0.456398966994205,-1.190117254,237.4,0,0,4,0,0,2,0,0,0,0,4,0,0,0,0,0,0,0,0,0,0,0,0,1,5,0,0,0,5,2,0,0,0,0,0,0,0,-2.531139613,0,0,0.91279793398841,0,0,0,0,-3.795471099,0,0,0,0,0,0,0,0,0,0,0,0,0.7847146636432349,-5.731507483,0,0,0,53.97181986844324,8.083632527084909,0,0,0,0,0,0.5338278275488032,0.7945721996071615,5186.088790428999,1.156507324476978,0.2067845010093053,-0.512037812,10,10,12,6,0,2,0,0,3,0.5263157894736842,0,0,0,1,0,0,0,0,0,0,0,0,0,0,0,0,0,0,0,0,0,0,0,0,0,0,0,0,0,0,0,0,0,0,0,0,0,0,0,0,1,0,0,208.8,154.42387
217,O=C(OCC(F)([N+](=O)[O-])[N+](=O)[O-])c1cc(C(=O)OCC(F)([N+](=O)[O-])[N+](=O)[O-])c([N+](=O)[O-])cc1[N+](=O)[O-],0,22,0,0,0,1,0,1,16,0,24,1,12,0,0,0,0,6,2,0,528.2020000000003,0.6483025473546079,-0.442013195,13.774108579355136,0.0859164777021921,-4.636406308,311.43999999999994,0,0,2,0,0,2,0,0,0,2,4,0,2,0,0,0,0,0,0,0,0,0,0,0,6,0,0,0,8,2,0,2,0,0,0,0,0,-4.563897655,0,0,-0.196446208,0,0,0,-4.34852899,-6.153711446,0,-9.272812617,0,0,0,0,0,0,0,0,0,0,0,-11.56185667,0,0,0,88.68233433725376,7.91321238826109,0,27.548217158710276,0,0,0,0.1510860362154755,0.918513564811296,13195.05796661582,0.7125203042260703,0.1590300680421504,-0.333205857,12,6,16,6,0,0,0,2,2,0.5238095238095238,0,0,1,0,0,0,0,0,0,0,0,0,0,0,0,0,0,0,0,0,0,0,0,0,0,0,0,0,0,0,0,0,0,0,0,0,0,0,0,0,1,0,0,208.3,182.87325
218,O=[N+]([O-])c1cc([N+](=O)[O-])c(/C=N/Nc2c([N+](=O)[O-])cc([N+](=O)[O-])cc2[N+](=O)[O-])c([N+](=O)[O-])c1,1,20,0,0,0,2,0,2,14,1,20,2,9,0,1,0,0,6,6,2,466.2350000000002,0.30771922316677,-0.265943637,11.228527038404383,0.37661753590325,-1.213660242,283.23,0,0,0,0,1,4,0,0,0,0,8,0,0,0,0,0,0,1,0,0,0,1,0,0,6,0,0,0,6,0,0,0,0,0,0,0,0,0,0,0.3837862181909799,1.5411923658352218,0,0,0,0,-8.426935848,0,0,0,0,0,0,1.813289635298564,0,0,0,3.300631141345427,0,0,-7.070506084,0,0,0,66.64593795225218,0,0,0,0,0,0,0.2551792076437968,0.9307041599170748,8720.180738387346,0.9934284052801065,0.2402222055401245,-0.583396785,13,6,12,8,0,0,0,0,6,0.6153846153846154,0,0,0,2,0,0,0,0,0,0,0,0,0,0,0,0,0,0,0,0,0,0,0,0,0,0,0,0,0,0,0,0,0,0,0,0,0,0,0,0,0,0,0,208,251.88768
219,Nc1c([N+](=O)[O-])nn(Cc2nnn[nH]2)c1[N+](=O)[O-],3,13,0,0,0,0,2,2,10,2,13,2,4,0,1,1,0,2,0,0,255.154,0.4430722239169929,-0.384624313,10.787265684051398,0.1486092214663645,-0.905288171,184.58,0,0,1,0,0,0,0,0,0,0,4,0,0,0,1,0,0,0,1,0,0,0,4,0,2,1,0,0,2,0,0,0,0,0,0,0,0,-0.234768519,0,0,0,0,0,0,0,-1.930326909,0,0,0,5.306437074829931,0,0,0,2.343395219198791,0,0,0,13.446271101033004,0,-1.767261905,0.7456944444444442,0,0,21.378613079491057,0,0,0,0,0,0,0.3296522270309246,0.8077673960143077,2158.963063656732,0.7236768723432808,0.4938194188607663,-0.533011436,5,5,4,9,0,0,0,0,2,0.3478260869565217,0,0,0,0,0,0,0,0,0,0,0,0,0,0,0,0,0,0,0,0,0,0,0,0,0,0,1,0,0,0,0,0,0,0,1,0,0,0,0,0.217391304347826,0,0,0,208,269.97693
220,O=C(OCC(F)([N+](=O)[O-])[N+](=O)[O-])C(=O)OCC(F)([N+](=O)[O-])[N+](=O)[O-],0,16,0,0,0,0,0,0,12,0,18,0,8,0,0,0,0,4,0,0,362.11000000000007,0.6483072597720024,-0.437378527,13.181541175124778,2.099527965570984,-4.512440004,225.16,0,0,2,0,0,0,0,0,0,2,0,0,2,0,0,0,0,0,0,0,0,0,0,0,4,0,0,0,6,2,0,2,0,0,0,0,0,-4.404417832,0,0,0,0,0,0,-4.704127929,0,0,-9.024880008,0,0,0,0,0,0,0,0,0,0,0,-8.398111862,0,0,0,62.37781891008623,7.087571806500378,0,26.36308235024956,0,0,0,0.1347804329039649,0.9756958818031078,6160.303331751875,0.7254041929285053,0.15464913976416,-0.088370937,6,4,12,4,0,0,0,2,0,0.5,0,0,0,0,0,0,0,0,0,0,0,0,0,0,0,0,0,0,0,0,0,0,0,0,0,0,0,0,0,0,0,0,0,0,0,0,0,0,0,0,0,0,0,207.7,124.24356
221,O=[N+]([O-])c1c[nH]nc1-c1nnc(-c2n[nH]cc2[N+](=O)[O-])o1,2,13,0,0,0,0,3,3,9,2,13,3,4,0,2,0,0,2,0,0,292.17100000000005,0.3192493223550692,-0.4124501,10.784128453850675,0.1695011337868475,-0.6808516,182.56,0,0,0,0,0,2,0,0,0,0,6,0,0,0,0,0,0,0,2,0,0,0,4,0,2,0,0,0,2,0,1,0,0,0,0,0,0,0,0,0,2.10357457797934,0,0,0,0,-1.566825449,0,0,0,0,0,0,0,4.6046771856890905,0,0,0,14.42580010707987,0,-1.3617032,0,0,0,21.568256907701358,0,5.157962962962963,0,0,0,0,0.1808938725390796,0.8298328212421181,3878.451595665334,0.1389187999380563,0.3833371552960424,-0.71191186,8,4,5,8,0,0,0,0,2,0.32,0,0,0,0,0,0,0,0,0,0,0,0,0,0,0,0,0,0,0,0,0,0,0,0,1,2,0,0,0,0,0,0,0,0,0,0,0,0,0,0.2,0,0,0,338,266.87006
222,Nc1nc(NC(=O)N[N+](=O)[O-])n/c(=N/[N+](=O)[O-])n1O,5,15,0,0,0,0,1,1,10,4,15,1,3,0,2,1,0,2,0,0,275.141,0.3789998795447932,-0.421996735,10.934110922146637,0.014497984378937,-1.326719577,216.73,0,0,0,0,0,0,0,0,0,1,2,0,0,0,1,0,0,2,0,0,0,1,2,0,2,1,0,1,3,0,0,0,0,0,0,0,0,0,0,0,0,0,0,0,-1.326719577,-1.324302721,0,0,0,5.147818405139834,0,0,2.957080026455026,0,0,0,2.6471902557319225,6.529926303854875,0,-2.341740756,-0.014497984,0,9.182343553162006,31.019107142857145,0,0,0,0,0,0,0.1904162608093664,0.8276651744265969,3746.803583071911,0.2031684625963647,0.4579470162571192,-0.261684009,4,5,6,9,2,0,0,0,0,0.3333333333333333,0,0,0,0,0,0,0,0,0,0,0,0,0,1,0,0,0,0,0,0,0,0,0,0,0,0,0,0,0,0,0,0,0,0,0,0,0,0,0,0.25,1,0,0,157,152.29941
223,O=[N+]([O-])c1nc2n(c1[N+](=O)[O-])CCn1c([N+](=O)[O-])cnc1-2,0,13,0,1,1,0,2,2,10,0,13,3,3,0,0,0,0,3,0,0,295.17100000000005,0.4628039244243527,-0.357857503,10.989545382968002,0.0100462962962961,-0.967117032,165.06,0,0,2,0,0,1,0,0,0,0,5,0,0,0,0,0,0,0,0,0,0,0,2,0,3,2,0,0,3,0,0,0,0,0,0,0,0,-0.010230537,0,0,0.983472222222222,0,0,0,0,-2.108831255,0,0,0,0,0,0,0,0,0,0,0,7.386963340891912,0,-2.523097758,2.2360884353741497,0,0,32.68448444192492,0,0,0,0,0,0,0.1929060338203509,0.8210796938756549,3597.163767379436,0.2721441962645141,0.332010936033689,-0.677573339,8,5,6,7,0,0,0,0,3,0.4615384615384615,0,0,0,0,0,0,0,0,0,1,0,0,0,0,0,0,0,0,0,0,0,0,0,0,0,1,1,0,0,0,0,0,0,0,0,0,0,0,0,0.2307692307692307,3,0,0,207,254.08214
224,O=[N+]([O-])c1n[nH]c([N+](=O)[O-])c1-c1nnn[nH]1,2,12,0,0,0,0,2,2,8,2,12,2,3,0,2,0,0,2,0,0,226.112,0.4309060918660458,-0.357787635,10.582107898715044,0.2017129629629628,-0.873657407,169.42,0,0,0,0,0,0,0,0,0,0,4,0,0,0,0,0,0,0,2,0,0,0,4,0,2,0,0,0,2,0,0,0,0,0,0,0,0,0,0,0,0,0,0,0,0,-1.95587963,0,0,0,0,0,0,0,4.126111111111111,0,0,0,12.913512849584276,0,-1.723009259,0,0,0,21.152965797430085,0,0,0,0,0,0,0.4765061175190507,0.5615471717116592,1607.672507391242,0.2964182450153479,0.4953297480894423,-0.353806963,4,2,4,8,0,0,0,0,2,0.4444444444444444,0,0,0,0,0,0,0,0,0,0,0,0,0,0,0,0,0,0,0,0,0,0,0,0,0,0,1,0,0,0,0,0,0,0,1,0,0,0,0,0.2777777777777778,0,0,0,207,249.9414
225,NNc1nc(NN)c([N+](=O)[O-])c(NN)n1,9,11,0,0,0,0,1,1,10,6,11,1,4,0,3,3,0,1,0,0,215.177,0.3555323469264889,-0.302449123,10.642785808767952,0.068055555555555,-0.731464475,183.07,0,0,0,0,0,0,0,0,0,0,4,0,0,0,3,0,0,3,0,0,0,0,2,0,1,0,0,0,1,0,0,0,0,0,0,0,0,0,0,0,0,0,0,0,0,-0.965462963,0,0,0,15.148547808012092,0,0,6.19151171579743,0,0,0,0,7.237962962962962,0,-0.731464475,0,0,0,10.642785808767952,0,0,0,0,0,0,0.3779700115957259,0.6899770736332418,1566.542229454686,0.4479513693179357,0.5855644422963417,-0.78075259,4,9,2,9,0,0,0,0,1,0.1666666666666666,0,0,0,0,0,0,0,0,0,0,1,0,0,0,0,0,0,0,0,0,0,0,0,0,0,0,0,0,0,0,0,0,0,0,0,0,0,0,0,0,1,0,0,207,342.09753
226,O=[N+]([O-])OCn1nc([N+](=O)[O-])c2c1c([N+](=O)[O-])nn2CO[N+](=O)[O-],0,18,0,0,0,0,2,2,14,0,18,2,8,0,0,0,0,2,0,0,348.1440000000001,0.4180597977490691,-0.357685625,11.005222033257748,0.462361111111111,-1.244592143,226.66,0,0,2,0,0,0,0,0,0,0,2,2,0,0,0,0,0,0,0,0,0,0,2,0,4,2,0,0,4,2,0,0,0,0,0,0,0,-2.000066295,0,0,0,0,0,0,0,-1.963896447,-1.193522298,0,0,0,0,0,0,0,0,0,0,6.698131141345427,0,-4.602162367,0.924722222222222,0,0,42.42949868453656,7.944463340891913,0,0,0,0,0,0.4438775332508125,0.8994184731537251,3242.062353713237,0.9917867918741364,0.3217059607518728,-0.183831978,6,4,10,8,0,2,0,0,2,0.5714285714285714,0,0,0,0,0,0,0,0,0,0,0,0,0,0,0,0,0,0,0,0,0,0,0,0,0,2,0,0,0,0,0,0,0,0,0,0,0,0,0,0,2,0,0,206,116.507355
227,O=[N+]([O-])c1cn([N+](=O)[O-])nc1-c1nn([N+](=O)[O-])cc1[N+](=O)[O-],0,16,0,0,0,0,2,2,12,0,16,2,5,0,0,0,0,4,0,0,314.13000000000005,0.3513193967555267,-0.338834529,10.844154856387,0.0532020030234314,-1.132114198,208.2,0,0,0,0,0,2,0,0,0,0,4,0,0,0,0,0,0,0,0,0,0,0,2,0,4,2,0,0,4,0,0,0,0,0,0,0,0,0,0,0,0.7861885865457292,0,0,0,0,-3.606670446,0,0,0,0,0,0,0,0,0,0,0,6.379950869236584,0,-4.436373142,-0.106404006,0,0,42.82498740236836,0,0,0,0,0,0,0.3445774306906075,0.7433097324713642,3591.168652276084,0.5297898474459386,0.3565402858689077,-0.254671633,6,2,8,8,2,0,0,0,2,0.6666666666666666,0,0,0,0,0,0,0,0,0,0,0,0,0,0,0,0,0,0,0,0,0,0,0,0,0,0,2,0,0,0,0,0,0,0,0,0,0,0,0,0,0,0,0,206,137.54138
228,N/C(=N\[N+](=O)[O-])NNC(=O)NN/C(N)=N/[N+](=O)[O-],8,15,0,0,0,0,0,0,5,6,15,0,2,0,4,2,0,2,0,0,264.16200000000003,0.3516760066778242,-0.363274533,10.91547052154195,0.6925180041152259,-1.09534032,228.23,0,0,0,0,0,0,0,0,0,3,0,0,0,0,2,0,0,4,0,0,0,2,0,0,2,0,0,0,3,0,0,0,0,0,0,0,0,0,0,0,0,0,0,0,-2.400780528,0,0,0,0,9.882714516323825,0,0,7.28203939909297,0,0,0,5.177652066948604,0,0,-2.19068064,0,0,0,30.5822628534885,0,0,0,0,0,0,0.150918424045513,0.9371294836087892,3953.502327677183,0.6730348965499228,0.529977816642818,-0.302844467,3,8,5,10,2,0,0,0,0,0.3076923076923077,0,0,0,0,0,0,0,0,0,0,0,0,0,0,0,0,0,0,0,0,0,0,0,0,0,0,0,0,0,0,0,0,0,0,0,0,0,0,0,0,0,0,0,206,173.94763
229,O=C(Nn1cnnc1N[N+](=O)[O-])c1nnc(N[N+](=O)[O-])[nH]1,4,16,0,0,0,0,2,2,10,4,16,2,6,0,4,0,0,2,0,0,299.16700000000003,0.3074977028599536,-0.298631785,11.732646447467877,0.363383225203661,-0.902554196,211.72,0,0,0,0,0,1,0,0,0,1,3,0,0,0,0,0,0,3,1,0,0,0,4,0,2,1,0,0,3,0,0,0,0,0,0,0,0,0,0,0,0.9824246504157216,0,0,0,-0.884170446,-1.102634742,0,0,0,0,0,0,5.479931405375128,2.221478410808768,0,0,0,13.33642812829907,0,-1.804248682,0.8137465356512978,0,0,32.178178927103446,0,0,0,0,0,0,0.2102833149399793,0.9425765814585854,4150.967977308112,0.7453210837153474,0.514762657646064,-0.401113759,5,5,5,11,2,0,0,0,0,0.3076923076923077,0,0,0,0,0,0,0,0,0,0,0,0,0,0,0,0,0,0,0,0,0,0,0,0,0,0,0,0,0,2,0,0,0,0,0,0,0,0,0,0.3846153846153846,0,0,0,205.3,171.95514
230,O=[N+]([O-])OCCNc1nc(NCCO[N+](=O)[O-])c([N+](=O)[O-])nc1[N+](=O)[O-],2,18,0,0,0,0,1,1,14,2,18,1,12,0,2,0,0,2,0,0,378.2140000000001,0.4107588438502196,-0.360942986,10.969732650406351,0.2934665676034718,-1.083421169,240.86,0,0,4,0,0,0,0,0,0,0,4,0,0,0,0,0,0,2,0,0,0,0,2,0,4,0,0,0,4,2,0,0,0,0,0,0,0,-1.554674324,0,0,0,0,0,0,0,-3.036783037,0,0,0,0,0,0,4.636694696397077,0,0,0,0,6.89394211388259,0,-4.257477241,0,0,0,41.997056086177935,7.990852286619228,0,0,0,0,0,0.3943769568221277,0.6664715248290336,5397.574468510359,0.6603875641670419,0.2961286467449645,-0.465345016,8,10,10,8,0,2,0,0,2,0.4444444444444444,0,0,0,0,0,0,0,0,0,0,0,1,0,0,0,0,0,0,0,0,0,0,0,0,0,0,0,0,0,0,0,0,0,0,0,0,0,0,0,0,1,1,0,205.1,179.691
231,O=[N+]([O-])c1nn(Cn2nc([N+](=O)[O-])c([N+](=O)[O-])c2[N+](=O)[O-])c([N+](=O)[O-])c1[N+](=O)[O-],0,22,0,0,0,0,2,2,16,0,22,2,8,0,0,0,0,6,0,0,418.1510000000002,0.4983222313898717,-0.357619459,11.118261684303352,0.0935336356764926,-1.681658688,294.48,0,0,1,0,0,0,0,0,0,0,6,0,0,0,0,0,0,0,0,0,0,0,2,0,6,2,0,0,6,0,0,0,0,0,0,0,0,-1.406759259,0,0,0,0,0,0,0,-9.812738305,0,0,0,0,0,0,0,0,0,0,0,5.975287226001512,0,-8.883939279,-0.187067271,0,0,65.9076084446124,0,0,0,0,0,0,0.3554200945294617,0.7875066258248022,5608.160073924684,0.8566979561434568,0.3348072825366911,-0.114791068,7,2,12,10,0,0,0,0,6,0.7741935483870968,0,0,0,0,0,0,0,0,0,0,0,0,0,0,0,0,0,0,0,0,0,0,0,0,0,0,0,2,0,0,0,0,0,0,0,0,0,0,0,0,0,0,0,205,230.04971
232,O=[N+]([O-])c1cnn(-c2nn(/N=N/n3nc(-n4ncc([N+](=O)[O-])n4)c([N+](=O)[O-])n3)nc2[N+](=O)[O-])n1,0,26,0,0,0,0,4,4,22,0,26,4,8,0,0,0,0,4,0,0,478.22200000000026,0.4428298994911299,-0.357701523,11.198312736784684,0.2584613389790156,-1.018907954,320.1199999999999,0,0,0,0,0,2,0,0,0,0,6,0,0,0,0,0,0,0,0,0,0,2,8,0,4,4,0,0,4,0,0,0,0,0,0,0,0,0,0,0,1.4012764403567348,0,0,0,0,-4.775353127,0,0,0,0,0,0,0,0,0,0,6.63559019904258,27.524219602162493,0,-3.850488279,1.407162326209945,0,0,43.82879641915852,0,0,0,0,0,0,0.1039314198570102,0.9058620890890594,16630.05385310514,0.3031311650287716,0.5269519177285861,-0.301115382,8,2,8,18,0,0,0,0,4,0.4444444444444444,0,0,0,0,0,0,0,0,0,0,0,0,0,0,0,0,0,0,0,0,0,0,0,0,0,0,0,0,0,0,4,0,0,0,0,0,0,0,0,0,0,0,0,205,257.29095
233,Nc1nc(N)[n+]([O-])c(N)c1[N+](=O)[O-],6,9,0,0,0,0,1,1,7,3,9,1,1,0,0,3,0,1,0,0,186.131,0.386680410811655,-0.753837902,10.890185185185183,0.0610185185185185,-0.897314815,161.03,0,0,0,0,0,0,0,0,0,0,4,0,0,0,3,0,0,0,0,0,0,0,1,0,1,1,0,0,1,0,0,0,0,0,0,0,0,0,0,0,0,0,0,0,0,-2.410277778,0,0,0,15.268291761148904,0,0,0,0,0,0,0,3.239537037037037,0,-0.897314815,-0.061018519,0,0,10.318631897203325,0,0,0,0,0,0,0.3557822273558633,0.6992283704148529,1092.5933846016796,0.132625561662172,0.4512950556328606,-0.687687704,4,6,3,6,0,0,0,0,1,0.2105263157894736,0,0,0,0,0,0,0,0,0,0,1,0,0,0,0,0,0,0,0,0,0,0,0,0,0,0,0,0,0,0,0,0,0,0,0,0,0,0,0,0,1,0,0,337,328.49826
234,O=[N+]([O-])/N=c1\[nH]nc(-c2n[nH]cc2[N+](=O)[O-])[nH]1,3,12,0,0,0,0,2,2,6,3,12,2,3,0,3,0,0,2,0,0,240.139,0.3174718956017785,-0.300628428,10.60277903754094,0.0291203703703699,-0.937745103,171.79,0,0,0,0,0,1,0,0,0,0,3,0,0,0,0,0,0,0,3,0,0,1,2,0,2,0,0,0,2,0,0,0,0,0,0,0,0,0,0,0,1.0715980095742,0,0,0,0,-0.407406463,0,0,0,0,0,0,0,6.879536800831444,0,0,2.9052796674225245,7.197306311413454,0,-1.598785982,0,0,0,20.68350529100529,0,0,0,0,0,0,0.1852162234229971,0.8402415590878505,2520.1821419299563,0.3274312782000523,0.4663965453341606,-0.533024623,5,4,4,8,1,0,0,0,1,0.3809523809523809,0,0,0,0,0,0,0,0,0,0,0,0,0,0,0,0,0,0,0,0,0,0,0,0,0,1,0,0,0,1,0,0,0,0,0,0,0,0,0,0.238095238095238,0,0,0,205,210.05438
235,O=[N+]([O-])/N=c1/[nH]nc(-c2n[nH]cc2[N+](=O)[O-])[nH]1,3,12,0,0,0,0,2,2,6,3,12,2,3,0,3,0,0,2,0,0,240.139,0.3174718956017785,-0.300628428,10.60277903754094,0.0291203703703699,-0.937745103,171.79,0,0,0,0,0,1,0,0,0,0,3,0,0,0,0,0,0,0,3,0,0,1,2,0,2,0,0,0,2,0,0,0,0,0,0,0,0,0,0,0,1.0715980095742,0,0,0,0,-0.407406463,0,0,0,0,0,0,0,6.879536800831444,0,0,2.9052796674225245,7.197306311413454,0,-1.598785982,0,0,0,20.68350529100529,0,0,0,0,0,0,0.2866956895230312,0.7986494091211688,2110.214303482372,0.4411907740892224,0.4663965453341606,-0.533024623,5,4,4,8,1,0,0,0,1,0.3809523809523809,0,0,0,0,0,0,0,0,0,0,0,0,0,0,0,0,0,0,0,0,0,0,0,0,0,1,0,0,0,1,0,0,0,0,0,0,0,0,0,0.238095238095238,0,0,0,205,205.4134
236,O=[N+]([O-])OCCNc1c([N+](=O)[O-])cc([N+](=O)[O-])cc1[N+](=O)[O-],1,14,0,0,0,1,0,1,10,1,14,1,8,0,1,0,0,3,3,1,317.1700000000001,0.305829792644608,-0.371884398,10.89319783005795,0.3606438964474674,-1.110772725,193.82,0,0,2,0,0,2,0,0,0,0,4,0,0,0,0,0,0,1,0,0,0,0,0,0,4,0,0,0,4,1,0,0,0,0,0,0,0,-0.89011204,0,0,1.0906582262534643,0,0,0,0,-3.234217031,0,0,0,0,0,0,2.230678382464097,0,0,0,0,0,0,-4.21492773,0,0,0,42.3732969492128,3.937992961073318,0,0,0,0,0,0.4244539491203487,0.8648234271794941,3569.3097123647917,1.0114504505162245,0.2207018318252042,-0.529684396,8,7,9,5,0,1,0,0,3,0.5517241379310345,0,0,0,1,0,0,0,0,0,0,0,0,0,0,0,0,0,0,0,0,0,0,0,0,0,0,0,0,0,0,0,0,0,0,0,0,0,0,0,0,1,0,0,204.7,186.51659
237,O=[N+]([O-])C(CNc1nonc1Nc1nnc(Nc2nonc2NCC([N+](=O)[O-])([N+](=O)[O-])[N+](=O)[O-])nn1)([N+](=O)[O-])[N+](=O)[O-],4,32,0,0,0,0,3,3,26,4,32,3,16,0,4,0,0,6,0,0,604.2860000000003,0.7167861340352655,-0.343429321,11.033283475185067,0.4849126916818245,-3.884539717,436.3599999999999,0,0,2,0,0,0,0,0,0,0,6,0,2,0,0,0,0,4,0,0,0,0,8,0,6,0,0,0,6,0,2,0,0,0,0,0,0,-3.005304806,0,0,0,0,0,0,0,-3.130726508,0,-7.769079435,0,0,0,0,8.488815084176284,0,0,0,0,27.224727679393983,0,-10.42872639,0,0,0,66.19970085111042,0,8.720892673486434,0,0,0,0,0.1107089579690655,0.9503264079136112,24516.036448262537,0.8717086861062622,0.417021079422657,-0.264775289,10,8,14,18,0,0,2,0,0,0.4,0,0,0,0,0,0,0,0,0,0,0,0,0,0,0,0,0,1,0,0,0,0,0,0,2,0,0,0,0,0,0,0,0,0,0,0,0,0,0,0.32,0,0,0,204,253.40082
238,Nc1nnnn1Cc1n[nH]c(N[N+](=O)[O-])n1,4,12,0,0,0,0,2,2,9,3,12,2,4,0,2,1,0,1,0,0,226.16000000000005,0.2807209808743114,-0.366628899,10.098188828000335,0.077179705215419,-0.754290123,166.36,0,0,1,0,0,0,0,0,0,0,3,0,0,0,1,0,0,1,1,0,0,0,5,0,1,1,0,0,1,0,0,0,0,0,0,0,0,0.1197694633408918,0,0,0,0,0,0,0,0.2949827307466213,0,0,0,5.413165706097253,0,0,1.8202402210884352,2.332359221466364,0,0,0,17.828274754346182,0,-0.754290123,1.2491203703703704,0,0,10.098188828000335,0,0,0,0,0,0,0.2314094388817133,0.8640368763802255,2033.793170764288,0.6709030620590375,0.6190307746727979,-0.636717368,4,6,2,10,1,0,0,0,0,0.1818181818181818,0,0,0,0,0,0,0,0,0,0,0,0,0,0,0,0,0,0,0,0,0,0,0,0,0,0,0,0,0,1,0,0,0,0,1,0,0,0,0,0.4545454545454545,0,0,0,204,166.08585
239,O=C(N/N=C/c1c([N+](=O)[O-])cc([N+](=O)[O-])cc1[N+](=O)[O-])N/N=C/c1c([N+](=O)[O-])cc([N+](=O)[O-])cc1[N+](=O)[O-],2,23,0,0,0,2,0,2,15,2,23,2,10,0,2,0,0,6,6,2,536.2860000000003,0.3550467528638445,-0.258302309,11.821691022087848,0.419371726958307,-1.363948518,324.68999999999994,0,0,0,0,2,4,0,0,0,1,8,0,0,0,0,0,0,2,0,0,0,2,0,0,6,0,0,0,7,0,0,0,0,0,0,0,0,0,0,0.8517837224021318,1.6774869078332284,0,0,0,-1.363948518,-7.94094563,0,0,0,0,0,0,3.310806258402759,0,0,0,6.438588008512251,0,0,-6.897435181,0,0,0,78.3726777271344,0,0,0,0,0,0,0.1467650071691251,0.872006949134709,16499.733718563737,0.3579412038001496,0.2610547357193733,-0.626531366,15,8,13,10,0,0,0,0,6,0.5217391304347826,0,0,0,2,0,0,0,0,0,0,0,0,0,0,0,0,0,0,0,0,0,0,0,0,0,0,0,0,0,0,0,0,0,0,0,0,0,0,0,0,0,0,0,203,293.25717
240,O=C(OCC(F)([N+](=O)[O-])[N+](=O)[O-])c1c([N+](=O)[O-])cc([N+](=O)[O-])cc1[N+](=O)[O-],0,17,0,0,0,1,0,1,12,0,18,1,8,0,0,0,0,5,3,1,393.15200000000016,0.6483025885317649,-0.441825498,13.568946936033877,0.1461240236835472,-4.527781203,242,0,0,1,0,0,2,0,0,0,1,4,0,1,0,0,0,0,0,0,0,0,0,0,0,5,0,0,0,6,1,0,1,0,0,0,0,0,-2.183403329,0,0,0.2922480473670945,0,0,0,-2.116645408,-5.689679745,0,-4.527781203,0,0,0,0,0,0,0,0,0,0,0,-8.278130924,0,0,0,65.2256801536807,3.921839096749811,0,13.568946936033877,0,0,0,0.2689716710482072,0.8618419660166563,5355.725905109392,0.6671887256914474,0.1780481849259319,-0.325573824,9,4,12,5,0,0,0,1,3,0.6129032258064516,0,0,0,1,0,0,0,0,0,0,0,0,0,0,0,0,0,0,0,0,0,0,0,0,0,0,0,0,0,0,0,0,0,0,0,0,0,0,0,0,1,0,0,202.6,127.070984
241,O=[N+]([O-])OCC1([N+](=O)[O-])COCN([N+](=O)[O-])C1,0,12,0,1,1,0,0,0,8,0,12,1,5,0,0,0,0,2,0,0,252.13899999999995,0.2942676704171909,-0.347723569,10.830694444444443,0.4156207482993197,-2.015486111,151.12,0,0,4,0,0,0,0,0,0,0,0,0,1,0,0,0,0,0,0,0,0,0,0,1,3,0,0,0,3,2,0,0,0,0,0,0,0,-2.433120748,0,0,0,0,0,0,0,0,0,-2.015486111,0,0,0,0,0,0,0,0,0,0,0.4539739229024941,-2.938407029,0,0,0,31.282363236961448,8.618313492063493,0,0,0,0,0,0.4008800916648349,0.84133666941844,2051.9520969224604,1.026605685881072,0.2220997148398303,-0.380742368,5,8,8,4,1,1,0,0,1,0.48,0,0,0,0,0,0,0,1,0,0,0,0,0,0,0,0,0,0,0,0,0,0,0,0,0,0,0,0,0,0,0,0,0,0,0,0,0,0,0,0,1,0,0,202.4,130.19397
242,O=[N+]([O-])Cn1nc([N+](=O)[O-])c([N+](=O)[O-])c1[N+](=O)[O-],0,14,0,0,0,0,1,1,10,0,14,1,5,0,0,0,0,4,0,0,262.094,0.4984214805210507,-0.357618532,10.559537037037035,0.0175925925925923,-1.493657407,190.38,0,0,1,0,0,0,0,0,0,0,3,0,0,0,0,0,0,0,0,0,0,0,1,0,4,1,0,0,4,0,0,0,0,0,0,0,0,-1.300601852,0,0,0,0,0,0,0,-4.329814815,0,0,0,0,0,0,0,0,0,0,0,2.8849074074074075,0,-5.142483938,-0.017592593,0,0,41.70279289493576,0,0,0,0,0,0,0.3879951303692296,0.7155747960574251,2077.2694075295617,0.5115829756530152,0.3204957000160248,-0.0610468,4,2,8,6,0,0,0,0,4,0.8,0,0,0,0,0,0,0,0,0,0,0,0,0,0,0,0,0,0,0,0,0,0,0,0,0,0,0,1,0,0,0,0,0,0,0,0,0,0,0,0,1,0,0,202,199.58167
243,Nc1c([N+](=O)[O-])c([N+](=O)[O-])nn2nnnc12,2,12,0,0,0,0,2,2,10,1,12,2,2,0,0,1,0,2,0,0,226.112,0.4702460165447917,-0.389580398,10.615857898715042,0.2108333333333329,-1.03212963,168.26999999999998,0,0,0,0,0,0,0,0,0,0,3,1,0,0,1,0,0,0,0,0,0,0,4,0,2,1,0,0,2,0,0,0,0,0,0,0,0,0,0,0,0,0,0,0,0,-2.438611111,-0.210833333,0,0,5.353518518518518,0,0,0,0,0,0,0,13.024346182917611,0,-2.036944444,0.6532407407407406,0,0,21.160975056689345,0,0,0,0,0,0,0.3763867104970866,0.6692836220456216,1577.372458823941,0.1803494578124018,0.4953297480894423,-0.353806963,4,2,4,8,0,0,0,0,2,0.4444444444444444,0,0,0,0,0,0,0,0,0,0,0,1,0,0,0,0,0,0,0,0,0,0,0,0,0,0,0,0,0,0,0,0,0,0,1,0,0,0,0,0.2777777777777778,2,0,0,202,233.75763
244,O=[N+]([O-])c1n[nH]c2c([N+](=O)[O-])n[nH]c12,2,10,0,0,0,0,2,2,6,2,10,2,2,0,2,0,0,2,0,0,198.098,0.4173541326429804,-0.35768585,10.36055933484505,0.0817592592592588,-0.763155707,143.64,0,0,0,0,0,0,0,0,0,0,2,2,0,0,0,0,0,0,2,0,0,0,2,0,2,0,0,0,2,0,0,0,0,0,0,0,0,0,0,0,0,0,0,0,0,-1.026666667,-0.163518519,0,0,0,0,0,0,4.344722222222222,0,0,0,6.596203703703704,0,-1.526311413,0,0,0,20.7211186696901,0,0,0,0,0,0,0.1973484379116455,0.8431316375091192,1374.3376564388514,0.2539918839306324,0.4240325495461841,-0.403840523,4,2,4,6,0,0,0,0,2,0.5,0,0,0,0,0,0,0,0,0,0,0,0,0,0,0,0,0,0,0,0,0,0,0,0,0,2,0,0,0,0,0,0,0,0,0,0,0,0,0,0,2,0,0,336,302.5267
245,Nc1nc(Cn2nc([N+](=O)[O-])c([N+](=O)[O-])c2[N+](=O)[O-])no1,2,15,0,0,0,0,2,2,12,1,15,2,5,0,0,1,0,3,0,0,300.14700000000005,0.4981460877971428,-0.357621116,10.907119472789116,0.1917630385487527,-1.331975151,212.18,0,0,1,0,0,0,0,0,0,0,5,0,0,0,1,0,0,0,0,0,0,0,3,0,3,1,0,0,3,0,1,0,0,0,0,0,0,-0.563796296,0,0,0,0,0,0,0,-4.299620706,0,0,0,5.141391408415218,0,0,0,0,0,0,0,10.046267951625094,0,-3.626838782,0.4172222222222221,0,0,32.40587650646678,0,4.406954522549761,0,0,0,0,0.376029126389851,0.7837518129365165,2959.781753948996,0.9246065187731836,0.3731504895934326,-0.37315049,6,4,7,8,0,0,0,0,3,0.48,0,0,0,0,0,0,0,0,0,0,0,0,0,0,0,0,0,0,0,0,0,0,0,0,1,0,0,1,0,0,0,0,0,0,0,0,0,0,0,0.2,0,0,0,201.5,217.83775
246,O=[N+]([O-])OCC1([N+](=O)[O-])CN([N+](=O)[O-])CN([N+](=O)[O-])C1,0,15,0,1,1,0,0,0,9,0,15,1,6,0,0,0,0,3,0,0,296.15200000000004,0.2942673354090755,-0.306124309,11.029583333333331,0.220640589569161,-2.355694444,188.27,0,0,4,0,0,0,0,0,0,0,0,0,1,0,0,0,0,0,0,0,0,0,0,2,4,0,0,0,4,1,0,0,0,0,0,0,0,-3.632842971,0,0,0,0,0,0,0,0,0,-2.355694444,0,0,0,0,0,0,0,0,0,0,0.441281179138322,-4.476532029,0,0,0,42.44482071995465,3.8841468253968254,0,0,0,0,0,0.3828033021059015,0.7615749962019331,2923.64357824331,0.6268837206608612,0.2836381317701721,-0.270131554,5,8,9,6,2,1,0,0,1,0.5714285714285714,0,0,0,0,0,0,0,0,0,0,0,0,1,0,0,0,0,0,0,0,0,0,0,0,0,0,0,0,0,0,0,0,0,0,0,0,0,0,0,0,1,0,0,201.3,136.27742
247,Nc1c([N+](=O)[O-])c([N+](=O)[O-])nn1Cc1no/c(=N/[N+](=O)[O-])[nH]1,3,16,0,0,0,0,2,2,11,2,16,2,5,0,1,1,0,3,0,0,315.16200000000003,0.4696745557396188,-0.376371124,10.774068886443978,0.0975963718820858,-1.064479867,227.44,0,0,1,0,0,0,0,0,0,0,4,0,0,0,1,0,0,0,1,0,0,1,2,0,3,1,0,0,3,0,1,0,0,0,0,0,0,-0.391619426,0,0,0,0,0,0,0,-2.689485439,0,0,0,5.428648746535651,0,0,0,2.265176681783825,0,0,2.7834994646006552,6.730175894431847,0,-3.152052488,0.7227777777777777,0,0,31.61341567343191,0,4.455929862685816,0,0,0,0,0.321875279757478,0.8619606580692594,3727.000472003199,0.9409616649161208,0.3997943914558228,-0.380756563,6,5,7,9,1,0,0,0,2,0.4444444444444444,0,0,0,0,0,0,0,0,0,0,0,0,0,0,0,0,0,0,0,0,0,0,0,0,1,0,1,0,0,0,0,0,0,0,0,0,0,0,0,0.1851851851851851,0,0,0,201,217.92166
248,N/C(=N\[N+](=O)[O-])NNc1nnc(NN/C(N)=N/[N+](=O)[O-])nn1,8,18,0,0,0,0,1,1,10,6,18,1,6,0,4,2,0,2,0,0,316.20200000000006,0.2843761484090281,-0.363275138,9.996654856610318,0.1953902641303428,-1.016918144,262.72,0,0,0,0,0,0,0,0,0,2,2,0,0,0,2,0,0,4,0,0,0,2,4,0,2,0,0,0,2,0,0,0,0,0,0,0,0,0,0,0,0,0,0,0,-1.108826971,-0.390780528,0,0,0,10.2139868880241,0,0,8.65423921453593,0,0,0,5.449308135193084,13.895956790123456,0,-2.033836288,0,0,0,19.99330971322064,0,0,0,0,0,0,0.0465152603709913,0.9594564508149608,8722.764355773497,0.1336711449050203,0.6198569269011583,-0.404804524,4,8,4,14,2,0,0,0,0,0.2666666666666666,0,0,0,0,0,0,0,0,0,0,0,0,0,0,0,0,0,1,0,0,0,0,0,0,0,0,0,0,0,0,0,0,0,0,0,0,0,0,0,0.2,1,0,0,201,155.02168
249,N/C(=N/[N+](=O)[O-])NNc1nc(/N=N\c2nc(NN/C(N)=N\[N+](=O)[O-])nc(NN/C(N)=N/[N+](=O)[O-])n2)nc(NN/C(N)=N/[N+](=O)[O-])n1,16,36,0,0,0,0,2,2,20,12,36,2,14,0,8,4,0,4,0,0,656.4259999999999,0.2843749210290828,-0.363275146,10.457073551733748,0.4635208103805464,-1.120713044,524.3799999999998,0,0,0,0,0,0,0,0,0,4,6,0,0,0,4,0,0,8,0,0,0,6,6,0,4,0,0,0,4,0,0,0,0,0,0,0,0,0,0,0,0,0,0,0,-2.985804203,-3.014129463,0,0,0,21.18449992495023,0,0,17.15548307898139,0,0,0,18.370785011126717,22.782096077888063,0,-4.482852174,0,0,0,41.82829420693498,0,0,0,0,0,0,0.4624051914300617,0.8426512868463218,14785.323327413267,1.6301458424150217,0.5971731771745783,-0.487488308,10,16,8,28,4,0,0,0,0,0.2580645161290322,0,0,0,0,0,0,0,0,0,0,0,0,0,2,0,0,0,0,0,0,0,0,0,0,0,0,0,0,0,0,0,0,0,0,0,0,0,0,0,0.1935483870967742,0,0,0,201,193.35744
250,CN(CC(=O)NNC(=O)CN(C)[N+](=O)[O-])[N+](=O)[O-],2,12,0,0,0,0,0,0,6,2,12,0,6,0,2,0,0,2,0,0,264.198,0.2633949251354987,-0.270925536,11.062596371882089,0.5045984504913075,-0.827494331,150.96000000000004,2,0,2,0,0,0,0,0,0,2,0,0,0,0,0,0,0,2,0,0,0,0,0,2,2,0,0,0,4,0,0,0,0,0,0,2.142691185978524,0,-1.14215199,0,0,0,0,0,0,-1.654988662,0,0,0,0,0,0,0,3.7572826908541193,0,0,0,0,0,1.009196900982615,-1.607308814,0,0,0,42.47690238293052,0,0,0,0,0,0,0.1492073105120671,0.9370284900708848,3572.9059899638687,0.7792305958163138,0.3179433606613223,-0.726727682,6,12,6,6,2,0,0,0,0,0.2666666666666666,0,0,0,0,0,0,0,0,0,0,0,0,0,0,0,0,0,0,0,0,0,0,0,0,0,0,0,0,0,0,0,0,0,0,0,0,0,0,0,0,0,0,0,201,155.41743
251,CN(c1nn2nnnc2c(N)c1[N+](=O)[O-])[N+](=O)[O-],2,13,0,0,0,0,2,2,10,1,13,2,3,0,0,1,0,2,0,0,255.154,0.345492958874804,-0.389807744,10.89363567649282,0.1507426303854873,-0.883964475,171.51,1,0,0,0,0,0,0,0,0,0,3,1,0,0,1,0,0,0,0,0,0,0,4,1,2,1,0,0,2,0,0,0,0,0,0,0.9910355253212396,0,0,0,0,0,0,0,0,0,-1.69212963,-0.15074263,0,0,5.508847316704459,0,0,0,0,0,0,0,13.602021919879064,0.3567592592592592,-1.766557067,0.775462962962963,0,0,21.52098450491308,0,0,0,0,0,0,0.4106727794615016,0.6903448402206357,1996.4848361415504,0.5819742296246261,0.4938194188607663,-0.533011436,5,5,4,9,1,0,0,0,1,0.3478260869565217,0,0,0,0,0,0,0,0,0,0,1,0,0,0,0,0,0,0,0,0,0,0,0,0,0,0,0,0,0,0,0,0,0,0,1,0,0,0,0,0.217391304347826,2,0,0,200.7,194.09395
252,Nc1nc(-c2n[nH]/c(=N\[N+](=O)[O-])[nH]2)no1,4,11,0,0,0,0,2,2,7,3,11,2,2,0,2,1,0,1,0,0,212.129,0.3187843975896993,-0.351249094,10.01993407239439,0.0773592214663643,-0.876607222,164.90999999999997,0,0,0,0,0,0,0,0,0,0,3,0,0,0,1,0,0,0,2,0,0,1,3,0,1,0,0,0,1,0,1,0,0,0,0,0,0,0,0,0,0,0,0,0,0,0.0821879461661216,0,0,0,5.179658761652809,0,0,0,4.727026643990929,0,0,2.94360402494331,10.723779289493574,0,-0.876607222,0,0,0,10.01993407239439,0,4.487545902620307,0,0,0,0,0.0847877388400911,0.9240057680856918,2345.087538317084,0.0988647829459486,0.5279806155688282,-0.527980616,4,4,3,8,1,0,0,0,0,0.2105263157894736,0,0,0,0,0,0,0,0,0,0,0,0,0,0,0,0,0,0,0,0,0,0,0,0,1,0,0,0,0,1,0,0,0,0,0,0,0,0,0,0.5263157894736842,0,0,0,200.1,185.41185
253,O=[N+]([O-])OCc1nc(-c2nonc2/N=N\c2nonc2-c2noc(CO[N+](=O)[O-])n2)no1,0,22,0,0,0,0,4,4,20,0,22,4,10,0,0,0,0,0,0,0,452.2160000000002,0.2945095965738947,-0.336754673,10.2128841104298,0.1234876096521389,-1.034976058,285.14,0,0,2,0,0,0,0,0,0,0,8,0,0,0,0,0,0,0,0,0,0,2,8,0,2,0,0,0,2,2,4,0,0,0,0,0,0,-1.175609022,0,0,0,0,0,0,0,-1.490542726,0,0,0,0,0,0,0,0,0,0,7.5096579248473185,28.837242714827624,0,-2.069952115,0,0,0,20.4257682208596,8.214836038399596,18.65616407690254,0,0,0,0,0.1592708788932285,0.950036761756226,8524.941341997082,0.8158926460231005,0.3715038831001113,-0.424575866,10,4,10,12,0,2,0,0,0,0.2222222222222222,0,0,0,0,0,0,0,0,0,0,0,0,0,0,0,0,0,0,0,0,0,0,0,0,4,0,0,0,0,0,0,0,0,0,0,0,0,0,0,0.5555555555555556,0,0,0,200,120.68017
254,O=[N+]([O-])/N=c1/[nH]nc(-c2n[nH]/c(=N/[N+](=O)[O-])o2)o1,2,14,0,0,0,0,2,2,8,2,14,2,3,0,2,0,0,2,0,0,258.11,0.3863814232596715,-0.394695159,10.035789565456325,0.2947704081632647,-1.003985252,194.64,0,0,0,0,0,0,0,0,0,0,2,0,0,0,0,0,0,0,2,0,0,2,2,0,2,0,0,0,2,0,2,0,0,0,0,0,0,0,0,0,0,0,0,0,0,-0.589540816,0,0,0,0,0,0,0,4.164476095993953,0,0,5.573965734441925,6.908686696900983,0,-2.007970505,0,0,0,20.07157913091265,0,9.472104119425548,0,0,0,0,0.0999324994773444,0.90006750068924,3469.2547555682286,1.8174130432235812e-05,0.4339235209794274,-0.185967223,4,2,6,8,2,0,0,0,0,0.4,0,0,0,0,0,0,0,0,0,0,0,0,0,0,0,0,0,0,0,0,0,0,0,0,2,0,0,0,0,0,0,0,0,0,0,0,0,0,0,0.5,0,0,0,200,182.14252
255,O=[N+]([O-])c1n[nH]c(-c2[nH]nc([N+](=O)[O-])c2[N+](=O)[O-])n1,2,14,0,0,0,0,2,2,9,2,14,2,4,0,2,0,0,3,0,0,270.121,0.4909755343213116,-0.389691281,10.767304894179894,0.4037037037037037,-1.066552973,199.67,0,0,0,0,0,0,0,0,0,0,5,0,0,0,0,0,0,0,2,0,0,0,3,0,3,0,0,0,3,0,0,0,0,0,0,0,0,0,0,0,0,0,0,0,0,-3.700970333,0,0,0,0,0,0,0,4.065754913076342,0,0,0,9.646924603174604,0,-3.050744835,0,0,0,31.686184492315444,0,0,0,0,0,0,0.1629593153380332,0.8651804500854324,3117.705877063558,0.2963646023121474,0.4146289995964772,-0.296163571,5,2,6,8,0,0,0,0,3,0.5714285714285714,0,0,0,0,0,0,0,0,0,0,0,0,0,0,0,0,0,0,0,0,0,0,0,0,0,0,1,0,0,0,1,0,0,0,0,0,0,0,0,0,0,0,0,336,227.5386
256,Nc1nonc1/[N+]([O-])=N/n1cnc([N+](=O)[O-])n1,2,13,0,0,0,0,2,2,11,1,13,2,3,0,0,1,0,1,0,0,241.127,0.5071943859059908,-0.721315138,11.32417044595616,0.0652390400604683,-0.840099206,177.22000000000003,0,0,0,0,0,1,0,0,0,0,3,0,0,0,1,0,0,0,0,0,0,1,4,0,1,1,0,0,1,0,1,0,0,0,0,0,0,0,0,0,0.8677928949357521,0,0,0,0,-1.379705714,0,0,0,5.226008440413202,0,0,0,0,0,0,3.239259259259259,12.85924469324767,0,-0.840099206,0.5825925925925926,0,0,10.259304190812127,0,4.167367252456538,0,0,0,0,0.1003027063266001,0.9114250317846864,3043.3359547888817,0.2455400340282426,0.5225462100884595,-0.364952909,4,3,4,9,0,0,0,0,1,0.2,0,0,0,0,0,0,0,0,0,0,0,0,0,0,0,0,0,0,0,0,0,0,0,0,1,0,0,0,0,0,1,0,0,0,0,0,0,0,0,0.25,0,0,0,200,258.56845
257,N/C(=N\[N+](=O)[O-])NNC(=O)NNC(=O)NN/C(N)=N/[N+](=O)[O-],10,18,0,0,0,0,0,0,6,8,18,0,2,0,6,2,0,2,0,0,322.2020000000001,0.351717589244768,-0.363274533,11.055575081884603,0.7268208928812558,-1.114909216,269.36,0,0,0,0,0,0,0,0,0,4,0,0,0,0,2,0,0,6,0,0,0,2,0,0,2,0,0,0,4,0,0,0,0,0,0,0,0,0,0,0,0,0,0,0,-3.613681573,0,0,0,0,9.925060206240277,0,0,10.702419959055964,0,0,0,5.17650642191518,0,0,-2.229818431,0,0,0,41.90866512390342,0,0,0,0,0,0,0.0572398229043993,0.9483381788931708,9751.447103572502,0.1247872507712974,0.5214120334448578,-0.347608022,4,10,6,12,2,0,0,0,0,0.25,0,0,0,0,0,0,0,0,0,0,0,0,0,0,0,0,0,0,0,0,0,0,0,0,0,0,0,0,0,0,0,0,0,0,0,0,0,0,0,0,0,0,0,200,180.73134
258,Cc1nc(-c2nonc2NCC([N+](=O)[O-])([N+](=O)[O-])[N+](=O)[O-])no1,1,16,0,0,0,0,2,2,13,1,16,2,7,1,1,0,0,3,0,0,330.17300000000006,0.7167853412822854,-0.344613305,10.805205140328248,0.1248526077097504,-3.704970238,219.29,1,0,1,0,0,0,0,0,0,0,4,0,1,0,0,0,0,1,0,0,0,0,4,0,3,0,0,0,3,0,2,0,0,0,0,1.466617088869524,0,-1.321382039,0,0,0,0,0,0,0,-0.517731993,0,-3.704970238,0,0,0,0,2.071917044595616,0,0,0,0,13.94812641723356,0,-4.899751827,0,0,0,32.41561542098474,0,9.042611370937266,0,0,0,0,0.2814253672463007,0.8668064185965139,4000.822045597022,0.5469285810877008,0.3392161079191818,-0.436134996,7,6,8,8,0,0,1,0,0,0.3448275862068966,0,0,0,0,0,0,0,0,0,0,0,0,0,0,0,0,0,0,0,0,0,0,0,0,2,0,0,0,0,0,0,0,0,0,0,0,0,0,0,0.3448275862068966,0,0,0,200,107.4544
259,O=[N+]([O-])OC[C@H]1[C@H](CO[N+](=O)[O-])[C@@H](CO[N+](=O)[O-])[C@@H]1CO[N+](=O)[O-],0,16,1,0,1,0,0,0,12,0,16,1,12,0,0,0,0,0,0,0,356.2000000000001,0.2940053691708186,-0.313590779,10.276235591458803,0.528327191987906,-1.099519637,209.48,0,0,4,0,0,0,4,0,0,0,0,0,0,0,0,0,0,0,0,0,0,0,0,0,4,0,0,0,4,4,0,0,0,0,0,0,0,-2.113308768,0,0,0,-3.127207105,0,0,0,0,0,0,0,0,0,0,0,0,0,0,0,0,0,-4.398078546,0,0,0,41.10494236583522,16.762043020912067,0,0,0,0,0,0.6313245264668119,0.8822799660547067,4600.075546747179,1.360080439203667,0.1572150477259966,-0.449185851,8,12,12,4,0,4,0,0,0,0.4444444444444444,0,0,0,0,0,0,0,0,0,0,0,0,0,0,0,0,0,0,0,0,0,0,0,0,0,0,0,0,0,0,0,0,0,0,0,0,0,0,0,0,1,0,0,199.7,122.23457
260,Nc1c([N+](=O)[O-])c(N(CCN(c2nn3nnnc3c(N)c2[N+](=O)[O-])[N+](=O)[O-])[N+](=O)[O-])nn2nnnc12,4,26,0,0,0,0,4,4,20,2,26,4,9,0,0,2,0,4,0,0,508.29200000000026,0.3455088467859608,-0.389807742,11.75295485171928,0.0385465482489291,-1.176757002,343.0199999999999,0,0,2,0,0,0,0,0,0,0,6,2,0,0,2,0,0,0,0,0,0,0,8,2,4,2,0,0,4,0,0,0,0,0,0,0,0,-2.025246599,0,0,0,0,0,0,0,-5.452211501,-0.767203424,0,0,11.35499057656206,0,0,0,0,0,0,0,27.219152118349864,0.0770930964978584,-4.534356733,1.135268382477978,0,0,46.66292370838894,0,0,0,0,0,0,0.5552754195124046,0.9822065416138768,5512.543600227496,1.2339346015424013,0.4957780173601,-0.50364751,10,8,8,18,2,0,0,0,2,0.3636363636363636,0,0,0,0,0,0,0,0,0,0,2,0,0,0,0,0,0,0,0,0,0,0,0,0,0,0,0,0,0,0,0,0,0,0,2,0,0,0,0,0.2272727272727272,2,0,0,199.1,181.7849
261,O=[N+]([O-])c1cc(-c2no[n+]([O-])c2[N+](=O)[O-])ccc1-c1no[n+]([O-])c1[N+](=O)[O-],0,17,0,0,0,1,2,3,12,0,17,3,5,0,0,0,0,3,1,0,381.1730000000001,0.4956651631063259,-0.323146876,11.338312783446714,0.266992630385487,-1.19845679,235.36,0,0,0,0,0,3,0,0,0,0,7,0,0,0,0,0,0,0,0,0,0,0,2,0,3,2,0,0,3,0,2,0,0,0,0,0,0,0,0,0,2.6947808012093724,0,0,0,0,-5.233002803,0,0,0,0,0,0,0,0,0,0,0,6.310137944066515,0,-3.245795489,-1.047926536,0,0,33.20993899150059,0,8.219190780025917,0,0,0,0,0.1799029903478924,0.9130857184710308,6048.0678955414505,0.6766831501373278,0.2571011063218013,-0.482720445,10,3,10,7,0,0,0,0,3,0.4,0,1,0,0,0,0,0,0,0,0,0,0,0,0,0,0,0,0,0,0,0,0,0,0,0,2,0,0,0,0,0,0,0,0,0,0,0,0,0,0,0,0,0,199,232.68422
262,O=[N+]([O-])OC[C@H]1[C@H](CO[N+](=O)[O-])[C@H](CO[N+](=O)[O-])[C@H]1CO[N+](=O)[O-],0,16,1,0,1,0,0,0,12,0,16,1,12,0,0,0,0,0,0,0,356.2000000000001,0.2940053691708186,-0.313590779,10.276235591458803,0.528327191987906,-1.099519637,209.48,0,0,4,0,0,0,4,0,0,0,0,0,0,0,0,0,0,0,0,0,0,0,0,0,4,0,0,0,4,4,0,0,0,0,0,0,0,-2.113308768,0,0,0,-3.127207105,0,0,0,0,0,0,0,0,0,0,0,0,0,0,0,0,0,-4.398078546,0,0,0,41.10494236583522,16.762043020912067,0,0,0,0,0,0.449015824946234,0.6127158485304712,5643.475239832398,0.6991760426963544,0.1572150477259966,-0.449185851,8,12,12,4,0,4,0,0,0,0.4444444444444444,0,0,0,0,0,0,0,0,0,0,0,0,0,0,0,0,0,0,0,0,0,0,0,0,0,0,0,0,0,0,0,0,0,0,0,0,0,0,0,0,1,0,0,198.5,125.99241
263,Nc1nonc1Cc1nc(N[N+](=O)[O-])n[nH]1,4,11,0,0,0,0,2,2,8,3,11,2,4,0,2,1,0,1,0,0,226.15600000000003,0.303085620406733,-0.379252701,10.092286050222558,0.1390605841101879,-0.764910242,161.67999999999998,0,0,1,0,0,0,0,0,0,0,4,0,0,0,1,0,0,1,1,0,0,0,4,0,1,0,0,0,1,0,1,0,0,0,0,0,0,0.1961583522297807,0,0,0,0,0,0,0,0.7275592613588662,0,0,0,5.422637550390526,0,0,1.797381424792139,2.4835648148148146,0,0,0,14.24178343096498,0,-0.764910242,0,0,0,10.092286050222558,0,4.377919973544974,0,0,0,0,0.2296659122079455,0.8676412481331247,2115.123671569725,0.7279167202562241,0.4952333787297262,-0.707476255,5,6,3,8,1,0,0,0,0,0.1818181818181818,0,0,0,0,0,0,0,0,0,0,0,0,0,0,0,0,0,0,0,0,0,0,0,0,1,0,0,0,0,1,0,0,0,0,0,0,0,0,0,0.4545454545454545,0,0,0,196.8,162.3837
264,O=[N+]([O-])CCC1(CO[N+](=O)[O-])CC(CO[N+](=O)[O-])(CO[N+](=O)[O-])C1,0,15,1,0,1,0,0,0,11,0,15,1,12,0,0,0,0,1,0,0,354.2280000000001,0.2940164557983343,-0.313315421,10.518389707734944,0.0522222222222223,-1.156054422,200.25,0,0,7,0,0,0,0,0,0,0,0,0,2,0,0,0,0,0,0,0,0,0,0,0,4,0,0,0,4,3,0,0,0,0,0,0,0,-2.228040596,0,0,0,0,0,0,0,0,0,-2.169886621,0,0,0,0,0,0,0,0,0,0,0,-3.846422902,0,0,0,41.49709120685311,12.75016770597128,0,0,0,0,0,0.487939251050217,0.598576590824652,5040.407556936151,0.7990735815824381,0.1580902695439096,-0.632361078,9,14,11,4,0,3,0,0,1,0.4210526315789473,0,0,0,0,0,0,0,0,0,0,0,0,0,0,0,0,0,0,0,0,0,0,0,0,0,0,0,0,0,0,0,0,0,0,0,0,0,0,0,0,1,0,0,196.2,141.71033
265,O=[N+]([O-])OCN1c2nonc2N(CO[N+](=O)[O-])c2nonc21,0,16,0,1,1,0,2,2,14,0,16,3,6,0,0,0,0,0,0,0,316.1460000000001,0.2958129625370005,-0.292003654,10.316611114755055,0.0444463340891903,-1.025206278,189.06,0,0,2,0,0,0,0,0,0,0,4,0,0,0,0,0,0,0,0,0,0,0,4,2,2,0,0,0,2,2,2,0,0,0,0,0,0,-1.195714443,0,0,0,0,0,0,0,-0.177785336,0,0,0,0,0,0,0,0,0,0,0,14.130608465608466,2.17287037037037,-2.050412556,0,0,0,20.63322222951011,8.477003023431596,9.04365268329554,0,0,0,0,0.3955804942407827,0.8982456580294691,3107.1036440301677,0.9688837558125428,0.3542666995628601,-0.303657171,6,4,8,8,0,2,0,0,0,0.3076923076923077,0,0,0,0,0,0,0,0,0,1,0,0,0,0,0,0,0,0,0,0,0,0,0,0,2,0,0,0,0,0,0,0,0,0,0,0,0,0,0,0.6153846153846154,3,0,0,196,105.95092
266,O=[N+]([O-])c1cc([N+](=O)[O-])c(-c2nnc(-c3nnc(-c4c([N+](=O)[O-])cc([N+](=O)[O-])cc4[N+](=O)[O-])o3)o2)c([N+](=O)[O-])c1,0,24,0,0,0,2,2,4,18,0,24,4,9,0,0,0,0,6,6,2,560.2640000000004,0.3057226336961514,-0.411635473,11.499088886563912,0.406611564571278,-1.183666213,336.6799999999999,0,0,0,0,0,4,0,0,0,0,12,0,0,0,0,0,0,0,0,0,0,0,4,0,6,0,0,0,6,0,2,0,0,0,0,0,0,0,0,0,1.6264462582851136,0,0,0,0,-11.84702178,0,0,0,0,0,0,0,0,0,0,0,13.689991755145074,0,-6.957753551,0,0,0,68.10551033359079,0,10.277316648065204,0,0,0,0,0.1279221218495046,0.9016403798851093,17406.821879283696,0.4551207187774457,0.2498821983921863,-0.571159311,16,4,14,10,0,0,0,0,6,0.5454545454545454,0,0,0,2,0,0,0,0,0,0,0,0,0,0,0,0,0,0,0,0,0,0,0,0,2,0,0,0,0,0,0,0,0,0,0,0,0,0,0,0.2272727272727272,0,1,0,335,276.42795
267,O=[N+]([O-])C(c1nonc1Oc1nonc1C([N+](=O)[O-])[N+](=O)[O-])[N+](=O)[O-],0,19,0,0,0,0,2,2,15,0,19,2,8,0,0,0,0,4,0,0,362.1270000000001,0.501277104326744,-0.410205971,10.72158016292937,0.9853741496598636,-2.64686298,259.62999999999994,0,0,0,0,0,0,2,0,0,0,4,0,0,0,0,0,0,0,0,0,0,0,4,0,4,0,0,0,4,1,2,0,0,0,0,0,0,0,0,0,0,-5.29372596,0,0,0,-4.021292517,0,0,0,0,0,0,0,0,0,0,0,11.887708490803728,0,-5.423819917,0,0,0,42.88632065171748,4.730740740740741,8.181081191735954,0,0,0,0,0.298991810574059,0.8660659615015359,4572.853814690181,0.7023710474659852,0.3092837595650144,-0.088366788,6,2,11,8,0,0,0,2,0,0.5185185185185185,0,0,0,0,0,0,0,0,0,0,0,0,0,0,0,0,0,0,0,0,0,0,0,0,2,0,0,0,0,0,0,0,0,0,0,0,0,0,0,0.3703703703703703,0,1,0,196,141.28125
268,N#Cc1nn2nnc([N+](=O)[O-])c2nc1N,2,10,0,0,0,0,2,2,9,1,10,2,1,0,0,1,1,1,0,0,206.125,0.438950054016385,-0.381142822,10.457911391408416,0.1645389266817833,-0.761407785,148.92000000000002,0,0,0,0,0,0,0,0,1,0,3,1,0,0,1,0,0,0,0,1,0,0,4,0,1,1,0,0,1,0,0,0,0,0,0,0,0,0,0,0,0,0,0,1.668792044595616,0,-0.920011338,-0.197685185,0,0,5.337782501889645,0,0,0,0,8.565987024439405,0,0,13.772618102796674,0,-0.761407785,0.7847685185185183,0,0,10.457911391408416,0,0,0,0,0,0,0.2046753197089018,0.7953246802940773,1652.8972899352293,2.351065767992551e-06,0.5433596118859915,-0.698605215,5,2,2,8,0,0,0,0,1,0.2352941176470588,0,0,0,0,0,0,0,0,0,0,0,0,0,1,0,0,0,0,0,0,0,0,0,0,0,0,0,0,0,0,1,0,0,0,0,0,0,0,0,0.3529411764705882,2,0,0,196,271.50842
269,Cn1c([N+](=O)[O-])c([N+](=O)[O-])c([N+](=O)[O-])c1[N+](=O)[O-],0,13,0,0,0,0,1,1,9,0,13,1,4,0,0,0,0,4,0,0,261.106,0.4467032514416149,-0.357708632,10.60037037037037,0.1907407407407406,-1.51462963,177.48999999999998,1,0,0,0,0,0,0,0,0,0,4,0,0,0,0,0,0,0,0,0,0,0,0,0,4,1,0,0,4,0,0,0,0,0,0,0.7601851851851853,0,0,0,0,0,0,0,0,0,-5.671111111,0,0,0,0,0,0,0,0,0,0,0,0,0,-5.386111111,0.1907407407407406,0,0,42.38648148148148,0,0,0,0,0,0,0.4486391170080476,0.6155146355771286,2008.3607891386123,0.3641957149460542,0.2680903541090592,-0.214472283,5,3,8,5,0,0,0,0,4,0.7619047619047619,0,0,0,0,0,0,0,0,0,0,0,0,0,0,0,0,0,0,0,0,0,0,0,1,0,0,0,0,0,0,0,0,0,0,0,0,0,0,0,0,1,1,0,196,244.061
270,[N-]=[N+]=NCn1nc([N+](=O)[O-])c2c1c([N+](=O)[O-])nn2CN=[N+]=[N-],0,16,0,0,0,0,2,2,10,0,16,2,6,0,0,0,0,2,0,0,308.17800000000005,0.4178862231576885,-0.357685641,11.019071554547748,0.3081113000755853,-0.882027589,219.44000000000008,0,0,2,0,0,0,0,0,0,0,2,2,0,0,0,0,0,0,0,0,0,2,2,0,2,2,0,0,2,0,0,0,0,0,0,0,0,-1.010136527,0,0,0,0,0,0,0,-1.478000756,-0.6162226,0,0,0,0,0,0,0,0,0,6.307052154195011,7.10162037037037,0,-1.764055178,1.5652947845804988,0,0,22.038143109095493,0,0,0,0,0,0,0.3729206615767942,0.7630658085882925,3107.7507750832583,0.7075860432097296,0.5451394973035065,-0.519180474,6,4,4,12,0,0,0,0,2,0.3076923076923077,0,0,0,0,0,0,0,0,0,0,0,0,0,0,0,0,0,0,0,0,0,0,0,0,0,2,0,0,0,0,0,0,0,0,0,0,0,0,0,0,2,0,2,196,206.80914
271,O=[N+]([O-])c1cnn(-c2n[nH]nc2[N+](=O)[O-])n1,1,12,0,0,0,0,2,2,9,1,12,2,3,0,1,0,0,2,0,0,226.112,0.4401114110595704,-0.357701523,10.477157501889645,0.3212037037037032,-0.811481481,158.56,0,0,0,0,0,1,0,0,0,0,3,0,0,0,0,0,0,0,1,0,0,0,4,0,2,1,0,0,2,0,0,0,0,0,0,0,0,0,0,0,0.845640589569161,0,0,0,0,-1.485281557,0,0,0,0,0,0,0,2.004301303854876,0,0,0,13.492976190476192,0,-1.593806689,0.6525462962962962,0,0,20.791811933106576,0,0,0,0,0,0,0.2013290708574191,0.8181079235060342,2060.492403889662,0.2112118327425001,0.4953297480894423,-0.353806963,4,2,4,8,0,0,0,0,2,0.4444444444444444,0,0,0,0,0,0,0,0,0,0,0,0,0,0,0,0,0,0,0,0,0,0,0,0,0,0,0,0,0,0,2,0,0,0,0,0,0,0,0,0,0,0,0,195,254.01999
272,Nn1cc([N+](=O)[O-])cn1,2,6,0,0,0,0,1,1,5,1,6,1,1,0,0,1,0,1,0,0,128.09099999999998,0.3087309312272118,-0.322976547,9.910925925925929,0.0995370370370367,-0.559166667,86.98,0,0,0,0,0,2,0,0,0,0,1,0,0,0,1,0,0,0,0,0,0,0,1,0,1,1,0,0,1,0,0,0,0,0,0,0,0,0,0,0,2.208333333333333,0,0,0,0,-0.099537037,0,0,0,5.0175,0,0,0,0,0,0,0,3.390648148148148,0,-0.559166667,0.8870370370370371,0,0,9.910925925925929,0,0,0,0,0,0,0.1902695061963565,0.8097304938365268,591.358626698764,8.526619127320046e-06,0.437189185813211,-0.749467176,3,4,2,4,0,0,0,0,1,0.3076923076923077,0,0,0,0,0,0,0,0,0,0,0,0,0,0,0,0,0,0,0,0,0,0,0,0,0,1,0,0,0,0,0,0,0,0,0,0,0,0,0,0,1,0,0,195,314.56308
273,Nc1c([N+](=O)[O-])cnn1-c1nncn1N[N+](=O)[O-],3,13,0,0,0,0,2,2,10,2,13,2,4,0,1,1,0,2,0,0,255.154,0.3682372939855687,-0.377692848,10.572913438523557,0.183055555555555,-0.860155581,172.86,0,0,0,0,0,2,0,0,0,0,3,0,0,0,1,0,0,1,0,0,0,0,3,0,2,2,0,0,2,0,0,0,0,0,0,0,0,0,0,0,1.8944444444444448,0,0,0,0,-0.942267574,0,0,0,5.4752144746787605,0,0,1.745180933484505,0,0,0,0,10.534896069538927,0,-1.59579869,1.6475387377173092,0,0,20.87039580183925,0,0,0,0,0,0,0.3694239640369818,0.8317816670149815,1890.5877793562092,0.7444082036275131,0.4938194188607663,-0.533011436,5,5,4,9,1,0,0,0,1,0.3478260869565217,0,0,0,0,0,0,0,0,0,0,0,0,0,0,0,0,0,0,0,0,0,0,0,0,0,1,0,0,0,1,0,0,0,0,0,0,0,0,0,0.217391304347826,0,0,0,195,170.22804
274,N/C(=N/[N+](=O)[O-])NNc1nc(NN/C(N)=N/[N+](=O)[O-])nc(NN/C(N)=N/[N+](=O)[O-])n1,12,24,0,0,0,0,1,1,12,9,24,1,9,0,6,3,0,3,0,0,432.28200000000015,0.2843749210091676,-0.363275146,10.230623442204084,0.3521566095574024,-1.083242563,355.41,0,0,0,0,0,0,0,0,0,3,3,0,0,0,3,0,0,6,0,0,0,3,3,0,3,0,0,0,3,0,0,0,0,0,0,0,0,0,0,0,0,0,0,0,-2.026660728,-1.056469829,0,0,0,15.610477755538945,0,0,12.902912602368772,0,0,0,8.205650230994262,11.230077003023432,0,-3.249727688,0,0,0,30.691870326612253,0,0,0,0,0,0,0.473335578911065,0.5915052498494837,10775.757458686185,0.6403950575695333,0.5829527947034575,-0.44415451,6,12,6,18,3,0,0,0,0,0.2857142857142857,0,0,0,0,0,0,0,0,0,0,0,0,0,1,0,0,0,0,0,0,0,0,0,0,0,0,0,0,0,0,0,0,0,0,0,0,0,0,0,0.1428571428571428,1,0,0,195,172.64537
275,CN(c1c([N+](=O)[O-])nn(/N=N/n2nc([N+](=O)[O-])c(N(C)[N+](=O)[O-])c2[N+](=O)[O-])c1[N+](=O)[O-])[N+](=O)[O-],0,26,0,0,0,0,2,2,18,0,26,2,10,0,0,0,0,6,0,0,490.22200000000026,0.4527321951297606,-0.357679243,11.373471452656158,0.1382567680168689,-1.498525972,325.67999999999995,2,0,0,0,0,0,0,0,0,0,6,0,0,0,0,0,0,0,0,0,0,2,2,2,6,2,0,0,6,0,0,0,0,0,0,1.1942755018401596,0,0,0,0,0,0,0,0,0,-8.426238899,0,0,0,0,0,0,0,0,0,0,5.9687566137566135,6.115122826908541,-0.276513536,-8.028040644,-0.496836105,0,0,66.974737120605,0,0,0,0,0,0,0.2042903959348057,0.8636122339017428,10401.048456621447,0.6832748284554844,0.3998188575788111,-0.228467919,8,6,12,14,2,0,0,0,4,0.6,0,0,0,0,0,0,0,0,0,0,0,0,0,0,0,0,0,0,0,0,0,0,0,0,0,0,2,0,0,0,0,0,0,0,0,0,0,0,0,0,0,0,0,195,197.33401
276,Nc1nonc1-c1noc2nc([N+](=O)[O-])nn12,2,12,0,0,0,0,3,3,11,1,12,3,2,0,0,1,0,1,0,0,238.123,0.4945908074618681,-0.389689864,10.46723544973545,0.0132870370370372,-0.767158683,164.29999999999998,0,0,0,0,0,0,0,0,0,0,4,1,0,0,1,0,0,0,0,0,0,0,5,0,1,1,0,0,1,0,2,0,0,0,0,0,0,0,0,0,0,0,0,0,0,-0.593818027,-0.158240741,0,0,5.444971655328798,0,0,0,0,0,0,0,17.394165879314688,0,-0.767158683,0.980185185185185,0,0,10.46723544973545,0,9.098757165,0,0,0,0,0.2003831048569522,0.7996168973671002,2307.4633468215,0.0001124845557018,0.4703451577546058,-0.470345158,5,2,4,8,0,0,0,0,1,0.2105263157894736,0,0,0,0,0,0,0,0,0,0,0,0,0,0,0,0,0,0,0,0,0,0,0,0,2,0,0,0,0,0,1,0,0,0,0,0,0,0,0,0.5263157894736842,2,0,0,194.7,281.29755
277,Nc1nn2c(N)c(-c3nnn[nH]3)nnc2c1[N+](=O)[O-],5,13,0,0,0,0,3,3,11,3,13,3,2,0,1,2,0,1,0,0,263.18100000000004,0.3585248667958591,-0.381598348,10.846858150667677,0.0246759259259254,-0.706881692,192.72,0,0,0,0,0,0,0,0,0,0,5,1,0,0,2,0,0,0,1,0,0,0,6,0,1,1,0,0,1,0,0,0,0,0,0,0,0,0,0,0,0,0,0,0,0,-0.525775699,-0.156273621,0,0,11.243646148274124,0,0,0,2.4421849017384734,0,0,0,21.49716143864953,0,-0.706881692,1.012222222222222,0,0,10.846858150667677,0,0,0,0,0,0,0.1332943482545754,0.8720757281806355,3090.56589895633,0.1329981879933199,0.5851486239508172,-0.759933278,6,5,2,11,0,0,0,0,1,0.1666666666666666,0,0,0,0,0,0,0,0,0,0,0,0,0,1,0,0,0,0,0,0,0,0,0,0,0,1,0,0,0,0,0,0,0,0,1,0,0,0,0,0.4583333333333333,2,0,0,335,298.29575
278,O=[N+]([O-])OC[C@H]1[C@@H](CO[N+](=O)[O-])[C@@H](CO[N+](=O)[O-])[C@H]1CO[N+](=O)[O-],0,16,1,0,1,0,0,0,12,0,16,1,12,0,0,0,0,0,0,0,356.2000000000001,0.2940053691708186,-0.313590779,10.276235591458803,0.528327191987906,-1.099519637,209.48,0,0,4,0,0,0,4,0,0,0,0,0,0,0,0,0,0,0,0,0,0,0,0,0,4,0,0,0,4,4,0,0,0,0,0,0,0,-2.113308768,0,0,0,-3.127207105,0,0,0,0,0,0,0,0,0,0,0,0,0,0,0,0,0,-4.398078546,0,0,0,41.10494236583522,16.762043020912067,0,0,0,0,0,0.5485166304386937,0.5644729136416828,4923.622675458446,0.8175682770412211,0.1572150477259966,-0.449185851,8,12,12,4,0,4,0,0,0,0.4444444444444444,0,0,0,0,0,0,0,0,0,0,0,0,0,0,0,0,0,0,0,0,0,0,0,0,0,0,0,0,0,0,0,0,0,0,0,0,0,0,0,0,1,0,0,194.3,120.52093
279,O=[N+]([O-])c1no[n+]([O-])c1-c1nnc(/N=N/c2nnc(-c3c([N+](=O)[O-])no[n+]3[O-])o2)o1,0,22,0,0,0,0,4,4,18,0,22,4,6,0,0,0,0,2,0,0,424.16200000000026,0.4454938974347943,-0.396657593,11.43147519955573,0.3324583129143144,-1.023026054,294.7799999999999,0,0,0,0,0,0,0,0,0,0,8,0,0,0,0,0,0,0,0,0,0,2,6,0,2,2,0,0,2,0,4,0,0,0,0,0,0,0,0,0,0,0,0,0,0,-6.093676053,0,0,0,0,0,0,0,0,0,0,6.768530643738977,19.27831335121878,0,-2.046052108,-0.664916626,0,0,21.61983589547193,0,17.988511935081892,0,0,0,0,0.1044372671264997,0.9107150704016648,11228.763647636952,0.27872785951446,0.3960750845195936,-0.22632862,8,0,10,12,0,0,0,0,2,0.2666666666666666,0,0,0,0,0,0,0,0,0,0,0,0,0,0,0,0,0,0,0,0,0,0,0,0,2,2,0,0,0,0,0,0,0,0,0,0,0,0,0,0.3333333333333333,0,0,0,194,221.1264
280,Nc1c([N+](=O)[O-])nnn1N,4,8,0,0,0,0,1,1,7,2,8,1,1,0,0,2,0,1,0,0,144.094,0.4361696531510329,-0.37498346,9.98925925925926,0.2592592592592588,-0.758240741,125.89,0,0,0,0,0,0,0,0,0,0,2,0,0,0,2,0,0,0,0,0,0,0,2,0,1,1,0,0,1,0,0,0,0,0,0,0,0,0,0,0,0,0,0,0,0,-0.784722222,0,0,0,10.066851851851853,0,0,0,0,0,0,0,6.193888888888889,0,-0.758240741,0.6370370370370371,0,0,9.98925925925926,0,0,0,0,0,0,0.2683063731244341,0.7316936270934233,672.7345961128161,1.676523302867499e-05,0.5829527947034573,-0.44415451,2,4,2,6,0,0,0,0,1,0.2857142857142857,0,0,0,0,0,0,0,0,0,0,0,0,0,0,0,0,0,0,0,0,0,0,0,0,0,0,0,0,0,0,1,0,0,0,0,0,0,0,0,0,1,0,0,193.9,322.2091
281,O=[N+]([O-])OCc1onc(-c2noc(CO[N+](=O)[O-])c2CO[N+](=O)[O-])c1CO[N+](=O)[O-],0,20,0,0,0,0,2,2,16,0,20,2,13,0,0,0,0,0,0,0,436.2020000000003,0.294448391491166,-0.358247277,10.500592295394334,0.2444928928361465,-1.175766636,261.54,0,0,4,0,0,0,0,0,0,0,6,0,0,0,0,0,0,0,0,0,0,0,2,0,4,0,0,0,4,4,2,0,0,0,0,0,0,-3.282445701,0,0,0,0,0,0,0,-1.891513343,0,0,0,0,0,0,0,0,0,0,0,7.071621630133535,0,-4.685200426,0,0,0,41.731917234965714,16.637545805665397,9.686157564877805,0,0,0,0,0.3730185672904609,0.9363719679058916,7003.067480505786,1.077826095,0.1925713316307581,-0.366802536,10,8,14,6,0,4,0,0,0,0.4210526315789473,0,0,0,0,0,0,0,0,0,0,0,0,0,0,0,0,0,0,0,2,0,0,0,0,0,0,0,0,0,0,0,0,0,0,0,0,0,0,0,0.2631578947368421,0,0,0,193.7,137.77457
282,CN(CC#N)[N+](=O)[O-],0,5,0,0,0,0,0,0,3,0,5,0,2,0,0,0,1,1,0,0,115.092,0.1647037908489032,-0.234632927,9.669583333333334,0.1736111111111111,-0.635694444,70.17,1,0,1,0,0,0,0,0,1,0,0,0,0,0,0,0,0,0,0,1,0,0,0,1,1,0,0,0,1,0,0,0,0,0,0,1.2393055555555557,0,-0.173611111,0,0,0,0,0,1.6330555555555557,0,0,0,0,0,0,0,0,0,0,7.889444444444445,0,0,0,0.7083333333333333,-0.635694444,0,0,0,9.669583333333334,0,0,0,0,0,0,0.3841730701017081,0.7725057832620793,416.9095610448978,0.5791055537004695,0.364925450943593,-0.903624926,3,5,2,3,1,0,0,0,0,0.3076923076923077,0,0,0,0,0,0,0,0,0,0,0,0,0,0,0,0,0,0,0,0,0,0,0,0,0,0,0,0,0,0,0,0,0,0,0,0,0,0,0,0,0,0,0,193,175.96246
283,O=[N+]([O-])OCC1(CO[N+](=O)[O-])CCC1(CO[N+](=O)[O-])CO[N+](=O)[O-],0,16,1,0,1,0,0,0,12,0,16,1,12,0,0,0,0,0,0,0,356.2000000000001,0.2940168223476656,-0.313223632,10.397036722096246,0.0524092970521541,-1.514722222,209.48,0,0,6,0,0,0,0,0,0,0,0,0,2,0,0,0,0,0,0,0,0,0,0,0,4,0,0,0,4,4,0,0,0,0,0,0,0,-2.855544218,0,0,0,0,0,0,0,0,0,-3.029444444,0,0,0,0,0,0,0,0,0,0,0,-4.667830058,0,0,0,41.58814688838498,16.876524943310656,0,0,0,0,0,0.4811331687392489,0.614236750021916,4860.851158150192,0.8336127511931463,0.1572150477259967,-0.449185851,8,12,12,4,0,4,0,0,0,0.4444444444444444,0,0,0,0,0,0,0,0,0,0,0,0,0,0,0,0,0,0,0,0,0,0,0,0,0,0,0,0,0,0,0,0,0,0,0,0,0,0,0,0,1,0,0,192.8,119.83697
284,O=C(CC(=O)OCC(F)([N+](=O)[O-])[N+](=O)[O-])OCC(F)([N+](=O)[O-])[N+](=O)[O-],0,16,0,0,0,0,0,0,12,0,18,0,10,0,0,0,0,4,0,0,376.13700000000006,0.6482887546732905,-0.445352315,13.22585966797953,1.544625850340135,-4.397925497,225.16,0,0,3,0,0,0,0,0,0,2,0,0,2,0,0,0,0,0,0,0,0,0,0,0,4,0,0,0,6,2,0,2,0,0,0,0,0,-5.608202239,0,0,0,0,0,0,-3.634464286,0,0,-8.795850994,0,0,0,0,0,0,0,0,0,0,0,-8.094361532,0,0,0,62.78071599055906,7.53539383345931,0,26.45171933595905,0,0,0,0.1366868387065722,0.981854495073772,6897.464598181343,0.9237796953397864,0.1488819233417611,-0.212688462,7,6,12,4,0,0,0,2,0,0.4516129032258064,0,0,0,0,0,0,0,0,0,0,0,0,0,0,0,0,0,0,0,0,0,0,0,0,0,0,0,0,0,0,0,0,0,0,0,0,0,0,0,0,0,0,0,192.5,131.58876
285,O=[N+]([O-])c1cn(CC(F)([N+](=O)[O-])[N+](=O)[O-])cn1,0,11,0,0,0,0,1,1,8,0,12,1,5,0,0,0,0,3,0,0,249.114,0.631761522374388,-0.357756889,13.316569349962208,0.5592592592592593,-3.949832766,147.24,0,0,1,0,0,2,0,0,0,0,1,0,1,0,0,0,0,0,0,0,0,0,1,0,3,1,0,0,3,0,0,1,0,0,0,0,0,-1.311666667,0,0,1.3480092592592594,0,0,0,0,-0.695327853,0,-3.949832766,0,0,0,0,0,0,0,0,0,3.1705527210884354,0,-4.368652683,0.5592592592592593,0,0,30.673878023431595,0,0,13.316569349962208,0,0,0,0.2094725414542805,0.9471226762191902,2162.4864831253294,0.7346934596201967,0.2809958492898833,-0.385365736,5,4,6,5,0,0,0,1,1,0.5238095238095238,0,0,0,0,0,0,0,0,0,0,0,0,0,0,0,0,0,0,0,0,0,0,0,0,0,1,0,0,0,0,0,0,0,0,0,0,0,0,0,0,1,0,0,192,115.40523
286,O=[N+]([O-])c1cc([N+](=O)[O-])c(/C=N/N=C(/N/N=C/c2c([N+](=O)[O-])cc([N+](=O)[O-])cc2[N+](=O)[O-])n2ncc3c([N+](=O)[O-])cc([N+](=O)[O-])cc32)c([N+](=O)[O-])c1,1,30,0,0,0,3,1,4,21,1,30,4,12,0,1,0,0,8,8,4,726.4040000000002,0.2915644818605536,-0.258304852,11.655146861689175,0.3658771653348605,-1.224400612,412.0499999999999,0,0,0,0,2,7,0,0,0,1,10,2,0,0,0,0,0,1,0,0,0,3,1,0,8,1,0,0,8,0,0,0,0,0,0,0,0,0,0,0.7736299053197424,3.607055870038929,0,0,0,-0.89191526,-10.42099122,-0.848618198,0,0,0,0,0,2.045228337062302,0,0,0,10.59522210657041,3.8013119314147454,0,-9.224409081,0.5429915870031308,0,0,92.0935803420077,0,0,0,0,0,0,0.3380567602725605,0.8469856822181207,21340.89727514937,1.2178933836801056,0.2698223027406234,-0.726868244,22,10,16,14,0,0,0,0,8,0.5161290322580645,0,0,1,2,0,0,0,0,0,0,0,0,0,0,0,0,0,0,0,0,0,0,0,0,1,0,0,0,0,0,0,0,0,0,0,0,0,0,0,0.0806451612903225,2,0,0,192,323.9556
287,O=[N+]([O-])c1nc(-c2nonc2[N+](=O)[O-])n[nH]1,1,12,0,0,0,0,2,2,9,1,12,2,3,0,1,0,0,2,0,0,227.096,0.4533793951795792,-0.389776855,10.440286753590325,0.3336574074074072,-0.867037037,166.77,0,0,0,0,0,0,0,0,0,0,4,0,0,0,0,0,0,0,1,0,0,0,4,0,2,0,0,0,2,0,1,0,0,0,0,0,0,0,0,0,0,0,0,0,0,-2.087781557,0,0,0,0,0,0,0,1.96739134542706,0,0,0,12.923068783068782,0,-1.70449263,0,0,0,20.72139951814059,0,4.125681689342404,0,0,0,0,0.1930760284775156,0.8183792800456581,2117.698155162473,0.1669603392713028,0.4315355620530524,-0.24659175,4,1,5,7,0,0,0,0,2,0.4705882352941176,0,0,0,0,0,0,0,0,0,0,0,0,0,0,0,0,0,0,0,0,0,0,0,0,0,1,0,0,0,0,1,0,0,0,0,0,0,0,0,0,0,0,0,191.15,221.59534
288,O=[N+]([O-])c1cc([N+](=O)[O-])c2[n-][n+]3nc4c([N+](=O)[O-])c(Cl)c([N+](=O)[O-])cc4n3c2c1,0,16,0,0,0,2,2,4,10,0,17,4,4,0,0,0,0,4,4,2,422.6570000000001,0.3109129026511387,-0.258305549,11.400658803644916,0.2089644746787595,-0.974447279,208.06,0,0,0,0,0,3,0,0,0,0,5,4,0,0,0,0,0,0,0,0,0,0,2,0,4,2,0,0,4,0,0,0,1,0,0,0,0,0,0,0,2.491540112958763,0,0,0,0,-3.822370279,-1.158491119,0,0,0,0,0,0,0,0,0,0,7.684616402116402,0,-3.705189804,1.652886117409927,0,0,45.092430039764096,0,0,0,5.783259601471782,0,0,0.254994194535568,0.7530066253138429,7696.29182280394,0.1063409310409702,0.2649902876327612,-0.662475719,12,3,8,8,0,0,0,0,4,0.5,0,0,2,0,0,0,0,0,0,0,0,0,0,0,0,0,0,0,0,0,0,0,0,0,0,0,0,0,0,2,0,0,0,0,0,0,0,0,0,0.3125,4,0,0,334.1,251.25381
289,O=[N+]([O-])c1nc(-c2nc([N+](=O)[O-])nn2O)n(O)n1,2,14,0,0,0,0,2,2,12,2,14,2,3,0,0,0,0,2,0,0,258.11,0.4943578423876065,-0.397992143,10.338712049634667,0.0569520030234316,-1.011194885,188.16,0,0,0,0,0,0,0,0,0,0,4,0,0,0,0,0,0,0,0,0,0,0,4,0,2,2,0,2,2,0,0,0,0,0,0,0,0,0,0,0,0,0,0,0,0,-3.300086924,0,0,0,0,0,0,0,0,0,0,0,12.383174603174602,0,-2.022389771,-0.113904006,0,18.36502456538171,20.677424099269334,0,0,0,0,0,0,0.2131508005577345,0.8115236912822555,2868.950741949388,0.3427057658463123,0.4339235209794274,-0.185967223,4,2,6,8,0,0,0,0,2,0.4,0,0,0,0,0,0,0,0,0,0,0,0,0,0,0,0,0,0,0,0,0,0,0,0,0,0,0,0,0,0,2,0,0,0,0,0,0,0,0,0,0,0,0,191,250.42581
290,O=[N+]([O-])c1nc2onc(-c3nonc3/N=N\c3nonc3-c3noc4nc([N+](=O)[O-])nn34)n2n1,0,24,0,0,0,0,6,6,22,0,24,6,6,0,0,0,0,2,0,0,472.2140000000002,0.4945908075450417,-0.389689864,10.86112473795762,0.1703429518680232,-0.835638587,301.2799999999999,0,0,0,0,0,0,0,0,0,0,8,2,0,0,0,0,0,0,0,0,0,2,10,0,2,2,0,0,2,0,4,0,0,0,0,0,0,0,0,0,0,0,0,0,0,-2.740591955,-0.597127798,0,0,0,0,0,0,0,0,0,7.607123645754598,35.87823605491389,0,-1.671277175,1.7569762335094223,0,0,21.72224947591524,0,18.988828708019653,0,0,0,0,0.3308407967816223,0.7940072591850795,8809.594267228482,0.8255013259690241,0.4743612006420815,-0.406595315,10,0,8,16,0,0,0,0,2,0.2352941176470588,0,0,0,0,0,0,0,0,0,0,0,0,0,0,0,0,0,0,0,0,0,0,0,0,4,0,0,0,0,0,2,0,0,0,0,0,0,0,0,0.5882352941176471,2,1,0,190.8,234.7648
291,O=C(/C=C/C(=O)OCC(F)([N+](=O)[O-])[N+](=O)[O-])OCC(F)([N+](=O)[O-])[N+](=O)[O-],0,16,0,0,0,0,0,0,12,0,18,0,10,0,0,0,0,4,0,0,388.14800000000014,0.6483020851991679,-0.44262856,13.239178977179936,0.0842025699168558,-4.351924417,225.16,0,0,2,0,2,0,0,0,0,2,0,0,2,0,0,0,0,0,0,0,0,0,0,0,4,0,0,0,6,2,0,2,0,0,0,0,0,-3.941548936,0,0.1684051398337116,0,0,0,0,-3.439371798,0,0,-8.703848834,0,0,0,0,0,0,0,0,0,0,0,-7.967067047,0,0,0,62.83731023937793,7.639352560468632,0,26.478357954359872,0,0,0,0.1266923685575528,0.9276983153834556,7745.774111691727,0.7067145174413579,0.1442748642270474,-0.288549728,8,6,12,4,0,0,0,2,0,0.4375,0,0,0,0,0,0,0,0,0,0,0,0,0,0,0,0,0,0,0,0,0,0,0,0,0,0,0,0,0,0,0,0,0,0,0,0,0,0,0,0,0,0,0,190.7,134.70891
292,O=[N+]([O-])C(CNc1nonc1/N=[N+](/[O-])c1nonc1NCC([N+](=O)[O-])([N+](=O)[O-])[N+](=O)[O-])([N+](=O)[O-])[N+](=O)[O-],2,29,0,0,0,0,2,2,22,2,29,2,14,0,2,0,0,6,0,0,538.2190000000003,0.7167886122294321,-0.690257936,12.282143920068028,0.5719623960695386,-4.022095746,399.1699999999999,0,0,2,0,0,0,0,0,0,0,4,0,2,0,0,0,0,2,0,0,0,1,4,0,6,0,0,0,6,0,2,0,0,0,0,0,0,-3.336512747,0,0,0,0,0,0,0,-3.860416261,0,-8.024057917,0,0,0,0,3.516030003446129,0,0,0,3.141313775510204,12.14970079453575,0,-11.01066832,0,0,0,65.77000929612068,0,8.341077223742268,0,0,0,0,0.1523532862440435,0.9886327122697052,12709.549736278565,1.0552689916875884,0.3641640298837458,-0.118910704,8,6,15,14,0,0,2,0,0,0.4651162790697674,0,0,0,0,0,0,0,0,0,0,0,0,0,0,0,0,0,0,0,0,0,0,0,0,2,0,0,0,0,0,0,0,0,0,0,0,0,0,0,0.2325581395348837,0,0,0,190.2,165.36398
293,Nc1c([N+](=O)[O-])nc([N+](=O)[O-])n1N,4,10,0,0,0,0,1,1,8,2,10,1,2,0,0,2,0,2,0,0,188.103,0.4622492547390734,-0.389762595,10.181481481481482,0.3453703703703703,-0.968888889,156.14,0,0,0,0,0,0,0,0,0,0,3,0,0,0,2,0,0,0,0,0,0,0,1,0,2,1,0,0,2,0,0,0,0,0,0,0,0,0,0,0,0,0,0,0,0,-2.254537037,0,0,0,10.096666666666666,0,0,0,0,0,0,0,3.023148148148148,0,-1.921574074,0.3453703703703703,0,0,20.355462962962964,0,0,0,0,0,0,0.294144954787546,0.7122754879054198,1236.316951905165,0.0824364373105431,0.4465638506562893,-0.340239124,3,4,4,6,0,0,0,0,2,0.4705882352941176,0,0,0,0,0,0,0,0,0,0,0,0,0,0,0,0,0,0,0,0,0,0,0,0,0,0,1,0,0,0,0,0,0,0,0,0,0,0,0,0,1,0,0,190.2,284.64798
294,O=c1n(CO[N+](=O)[O-])c2nc3nonc3nc2n1CO[N+](=O)[O-],0,16,0,0,0,0,3,3,14,0,16,3,6,0,0,0,0,0,0,0,328.1570000000001,0.3343739038727948,-0.291889107,12.190637991307634,0.0697243743176279,-1.11830491,196.37,0,0,2,0,0,0,0,0,0,0,0,4,0,0,0,0,0,0,0,0,0,0,4,0,2,2,0,0,3,2,1,0,0,0,0,0,0,-1.612570862,0,0,0,0,0,0,0,0,-0.487600676,0,0,0,0,0,0,0,0,0,0,14.656474080372892,0,-2.23660982,1.4495219198790623,0,0,32.76395646993365,8.238417107583775,4.411304563492063,0,0,0,0,0.3989222477472953,0.6572818251229798,4608.750278255166,0.583431027719334,0.3413000484524176,-0.390057198,7,4,8,8,0,2,0,0,0,0.2962962962962963,0,0,0,0,0,0,0,0,0,1,0,0,0,0,0,0,0,0,0,0,0,0,0,0,2,0,0,0,0,0,0,0,0,0,0,0,0,0,0,0.5925925925925926,3,0,0,190,133.36595
295,O=[N+]([O-])C(CNc1nc2nonc2nc1NCC([N+](=O)[O-])([N+](=O)[O-])[N+](=O)[O-])([N+](=O)[O-])[N+](=O)[O-],2,25,0,0,0,0,2,2,19,2,25,2,12,0,2,0,0,6,0,0,478.2070000000002,0.7167844918993803,-0.346319516,11.032003575011782,0.485137786596119,-4.039435469,347.5999999999999,0,0,2,0,0,0,0,0,0,0,2,2,2,0,0,0,0,2,0,0,0,0,4,0,6,0,0,0,6,0,1,0,0,0,0,0,0,-3.378972506,0,0,0,0,0,0,0,-1.727650227,-0.970275573,-8.078870937,0,0,0,0,3.6479374527588817,0,0,0,0,13.561262518896449,0,-11.03599286,0,0,0,66.1920214500707,0,4.265185893801965,0,0,0,0,0.4861233091627425,0.6752915805033459,7381.018367257257,0.8590199856028385,0.3513122978124535,-0.200749884,8,6,13,12,0,0,2,0,0,0.5128205128205128,0,0,0,0,0,0,0,0,0,1,0,0,0,0,0,0,0,0,0,0,0,0,0,0,1,0,0,0,0,0,0,0,0,0,0,0,0,0,0,0.282051282051282,2,1,0,190,143.59663
296,Nn1nc([N+](=O)[O-])c([N+](=O)[O-])n1,2,10,0,0,0,0,1,1,8,1,10,1,2,0,0,1,0,2,0,0,174.076,0.4941029428787152,-0.357517223,10.06925925925926,0.2740740740740741,-1.033240741,143.01,0,0,0,0,0,0,0,0,0,0,2,0,0,0,1,0,0,0,0,0,0,0,2,0,2,1,0,0,2,0,0,0,0,0,0,0,0,0,0,0,0,0,0,0,0,-1.939814815,0,0,0,4.840555555555556,0,0,0,0,0,0,0,5.947962962962963,0,-2.066481481,0.2740740740740741,0,0,20.13851851851852,0,0,0,0,0,0,0.4514164078115585,0.5781923672055972,940.2074751375284,0.1407698078564453,0.4825478526620556,-0.091913877,2,2,4,6,0,0,0,0,2,0.5714285714285714,0,0,0,0,0,0,0,0,0,0,0,0,0,0,0,0,0,0,0,0,0,0,0,0,0,0,0,0,0,0,0,1,0,0,0,0,0,0,0,0,1,1,0,190,253.3453
297,CN(Cn1cnc([N+](=O)[O-])c1[N+](=O)[O-])[N+](=O)[O-],0,12,0,0,0,0,1,1,8,0,12,1,5,0,0,0,0,3,0,0,246.139,0.4620370702869358,-0.357669901,10.611396447467875,0.5236574074074074,-1.026990741,150.48000000000002,1,0,1,0,0,1,0,0,0,0,2,0,0,0,0,0,0,0,0,0,0,0,1,1,3,1,0,0,3,0,0,0,0,0,0,1.0650387377173092,0,-0.523657407,0,0,0.801851851851852,0,0,0,0,-1.851437075,0,0,0,0,0,0,0,0,0,0,0,3.22224395313681,0.5261961451247164,-2.851913265,0.7092592592592593,0,0,31.36787556689342,0,0,0,0,0,0,0.2583354596527638,0.8481385451114737,2172.9315975418226,0.7512198971933131,0.34127058288203,-0.455027444,5,6,6,6,1,0,0,0,2,0.5217391304347826,0,0,0,0,0,0,0,0,0,0,0,0,0,0,0,0,0,0,0,0,0,0,0,0,0,0,1,0,0,0,0,0,0,0,0,0,0,0,0,0,1,0,0,190,155.6145
298,CCOC(=O)CN(C(=O)OCC([N+](=O)[O-])([N+](=O)[O-])[N+](=O)[O-])[N+](=O)[O-],0,17,0,0,0,0,0,0,12,0,17,0,9,0,0,0,0,4,0,0,355.1720000000001,0.7336959884910272,-0.464488581,11.425369897959182,0.1879789104193858,-4.150936476,228.4,1,0,3,0,0,0,0,0,0,2,0,0,1,0,0,0,0,0,0,0,0,0,0,1,4,0,0,0,6,2,0,0,0,0,0,1.3534963939279416,0,-3.527200219,0,0,0,0,0,0,-3.32109253,0,0,-4.150936476,0,0,0,0,0,0,0,0,0,0,-0.525207861,-7.293855348,0,0,0,64.9195789062679,8.221754180839003,0,0,0,0,0,0.2622069404666288,0.9077208401147976,4341.497228924632,1.0234812184775244,0.1970876082574077,-0.292815875,7,9,12,5,1,0,1,0,0,0.4242424242424242,0,0,0,0,0,0,0,0,0,0,0,0,0,0,0,0,0,0,0,0,0,0,0,0,0,0,0,0,0,0,0,0,0,0,0,0,0,0,0,0,0,0,0,190,118.27003
299,O=[N+]([O-])c1cc([N+](=O)[O-])c(N2c3nonc3-c3nonc3-c3nonc32)c([N+](=O)[O-])c1,0,19,0,1,1,1,3,4,16,0,19,5,4,0,0,0,0,3,3,1,430.2090000000002,0.3068649802897292,-0.258302295,11.74381503527337,0.0667427773578561,-1.042092782,249.4199999999999,0,0,0,0,0,2,0,0,0,0,10,0,0,0,0,0,0,0,0,0,0,0,6,1,3,0,0,0,3,0,3,0,0,0,0,0,0,0,0,0,1.0963699924414212,0,0,0,0,-4.781204754,0,0,0,0,0,0,0,0,0,0,0,21.83691521047762,0.7926776266061979,-3.094530313,0,0,0,34.654063338323795,0,14.008312227094695,0,0,0,0,0.3593876398977896,0.922647003361026,5177.601175737436,1.0541004037193764,0.3254232245257536,-0.595059611,12,2,9,10,0,0,0,0,3,0.3636363636363636,0,0,0,1,0,0,0,0,0,0,0,0,0,0,0,0,0,0,0,0,0,0,0,0,3,0,0,0,0,0,0,0,0,0,0,0,0,0,0,0.4545454545454545,4,0,0,333,237.82516
300,O=[N+]([O-])C(CNc1nnc(NCC([N+](=O)[O-])([N+](=O)[O-])[N+](=O)[O-])nn1)([N+](=O)[O-])[N+](=O)[O-],2,24,0,0,0,0,1,1,18,2,24,1,12,0,2,0,0,6,0,0,438.1860000000002,0.7168306418960442,-0.330686914,10.759038462018468,0.8198453640715535,-3.899785557,334.4599999999999,0,0,2,0,0,0,0,0,0,0,2,0,2,0,0,0,0,2,0,0,0,0,4,0,6,0,0,0,6,0,0,0,0,0,0,0,0,-3.104727662,0,0,0,0,0,0,0,-1.639690728,0,-7.799571114,0,0,0,0,3.518304752456538,0,0,0,0,12.481640211640212,0,-10.73108367,0,0,0,64.55423077211081,0,0,0,0,0,0,0.1084230502364269,0.9878385393750077,11257.390132901548,0.7298606902097465,0.3833988306335665,-0.109542523,6,6,12,12,0,0,2,0,0,0.5555555555555556,0,0,0,0,0,0,0,0,0,0,0,0,0,0,0,0,0,1,0,0,0,0,0,0,0,0,0,0,0,0,0,0,0,0,0,0,0,0,0,0.1666666666666666,1,0,0,189,150.79935
301,Nc1nonc1-c1noc2nc([N+](=O)[O-])cn12,2,11,0,0,0,0,3,3,10,1,11,3,2,0,0,1,0,1,0,0,237.135,0.4465032568769855,-0.378858643,10.52973544973545,0.0031916099773237,-0.656047572,151.41,0,0,0,0,0,1,0,0,0,0,4,1,0,0,1,0,0,0,0,0,0,0,4,0,1,1,0,0,1,0,2,0,0,0,0,0,0,0,0,0,1.134212962962963,0,0,0,0,-0.130206916,-0.04712963,0,0,5.472749433106577,0,0,0,0,0,0,0,14.081064027462835,0,-0.656047572,1.230185185185185,0,0,10.52973544973545,0,9.189034942680776,0,0,0,0,0.1901362256541058,0.8098637743606021,2368.9275633787893,6.239576968093904e-06,0.4132667046197313,-0.640985093,6,3,4,7,0,0,0,0,1,0.2,0,0,0,0,0,0,0,0,0,0,0,0,0,0,0,0,0,0,0,0,0,0,0,0,2,1,0,0,0,0,0,0,0,0,0,0,0,0,0,0.5,2,0,0,189,302.417
302,Nc1nc(N[N+](=O)[O-])nc2nc(N[N+](=O)[O-])nn12,4,14,0,0,0,0,2,2,10,3,14,2,4,0,2,1,0,2,0,0,256.142,0.3053887753941746,-0.367547615,10.195916477702191,0.1840740740740736,-0.891047572,192.33,0,0,0,0,0,0,0,0,0,0,3,1,0,0,1,0,0,2,0,0,0,0,4,0,2,1,0,0,2,0,0,0,0,0,0,0,0,0,0,0,0,0,0,0,0,-1.057820295,-0.184074074,0,0,5.426006235827664,0,0,3.3555324074074075,0,0,0,0,14.262526455026457,0,-1.771429989,0.8858720710506425,0,0,20.37502692743764,0,0,0,0,0,0,0.1276121786445221,0.8723878213839582,3317.4469787896464,9.95098863402728e-06,0.5465718234416845,-0.374792108,4,4,4,10,2,0,0,0,0,0.3636363636363636,0,0,0,0,0,0,0,0,0,0,0,0,0,1,0,0,0,0,0,0,0,0,0,0,0,0,0,0,0,1,0,0,0,0,0,0,0,0,0,0.5,2,0,0,189,132.41585
303,N/C(=N\N=C\c1c([N+](=O)[O-])cc([N+](=O)[O-])cc1[N+](=O)[O-])n1ncc2c([N+](=O)[O-])cc([N+](=O)[O-])cc21,2,20,0,0,0,2,1,3,14,1,20,3,7,0,0,1,0,5,5,3,488.2890000000002,0.2915644818161373,-0.366430468,11.289488355806206,0.1348387429531281,-1.103474248,284.26,0,0,0,0,1,5,0,0,0,1,6,2,0,0,1,0,0,0,0,0,0,2,1,0,5,1,0,0,5,0,0,0,0,0,0,0,0,0,0,0.545082199546485,3.594076572939585,0,0,0,-0.626607668,-4.972041511,-0.334239654,0,0,5.7215365119621975,0,0,0,0,0,0,6.875716175359033,3.7554816459794815,0,-5.026315578,0.7414032009089728,0,0,55.862954051889695,0,0,0,0,0,0,0.1515899697498961,0.942694474469009,13863.230775771724,0.9486400911975956,0.2867154492523894,-0.786419518,15,8,10,10,0,0,0,0,5,0.4651162790697674,0,0,1,1,0,0,0,0,0,0,0,0,0,0,0,0,0,0,0,0,0,0,0,0,1,0,0,0,0,0,0,0,0,0,0,0,0,0,0,0.1162790697674418,2,0,0,189,280.65823
304,O=[N+]([O-])C(=C1NCN(CN2CNC(=C([N+](=O)[O-])[N+](=O)[O-])NC2)CN1)[N+](=O)[O-],4,18,0,2,2,0,0,0,14,4,18,2,6,0,4,0,0,4,0,0,390.27300000000014,0.5988612244995355,-0.347352216,10.70768398876364,0.057296941924918,-1.196458817,227.16000000000005,0,0,5,0,0,0,0,0,0,4,0,0,0,0,0,0,0,4,0,0,0,0,0,2,4,0,0,0,4,0,0,0,0,0,0,0,0,0.4782788485764679,0,0,0,0,0,0,-3.026303697,0,0,0,0,0,0,0,10.136342422541915,0,0,0,0,0,3.3630813807004283,-4.446204198,0,0,0,42.83073595505455,0,0,0,0,0,0,0.1469654825387858,0.9775337156440026,8024.339912072172,1.0091978526789254,0.3587232526974708,-0.696948034,9,14,8,10,0,0,0,2,0,0.3414634146341463,0,0,0,0,0,0,0,0,0,0,0,0,0,2,0,0,0,0,0,0,0,0,0,0,0,0,0,0,0,0,0,0,0,0,0,0,0,0,0,0.2926829268292683,0,1,0,188,247.34962
305,Cc1c([N+](=O)[O-])no[n+]1[O-],0,7,0,0,0,0,1,1,5,0,7,1,1,0,0,0,0,1,0,0,145.07399999999998,0.4348927404854916,-0.359185049,10.327314814814814,0.0157407407407408,-0.784490741,96.11,1,0,0,0,0,0,0,0,0,0,2,0,0,0,0,0,0,0,0,0,0,0,1,0,1,1,0,0,1,0,1,0,0,0,0,1.2516203703703703,0,0,0,0,0,0,0,0,0,-0.694444444,0,0,0,0,0,0,0,0,0,0,0,2.891203703703704,0,-0.784490741,-0.015740741,0,0,9.965925925925928,0,3.9260185185185184,0,0,0,0,0.2777303415182074,0.7272651203932731,662.9877356800306,0.1394429744560189,0.2895074237975101,-0.386009898,3,3,4,3,0,0,0,0,1,0.3076923076923077,0,0,0,0,0,0,0,0,0,0,0,0,0,0,0,0,0,0,0,0,0,0,0,0,0,1,0,0,0,0,0,0,0,0,0,0,0,0,0,0,1,0,0,188,274.87796
306,O=[N+]([O-])OC[C@H]1[C@H](CO[N+](=O)[O-])[C@@H](CO[N+](=O)[O-])[C@H]1CO[N+](=O)[O-],0,16,1,0,1,0,0,0,12,0,16,1,12,0,0,0,0,0,0,0,356.2000000000001,0.2940053691708186,-0.313590779,10.276235591458803,0.528327191987906,-1.099519637,209.48,0,0,4,0,0,0,4,0,0,0,0,0,0,0,0,0,0,0,0,0,0,0,0,0,4,0,0,0,4,4,0,0,0,0,0,0,0,-2.113308768,0,0,0,-3.127207105,0,0,0,0,0,0,0,0,0,0,0,0,0,0,0,0,0,-4.398078546,0,0,0,41.10494236583522,16.762043020912067,0,0,0,0,0,0.4800756514928967,0.6493726555765968,5250.927832621139,0.8728391090694216,0.1572150477259966,-0.449185851,8,12,12,4,0,4,0,0,0,0.4444444444444444,0,0,0,0,0,0,0,0,0,0,0,0,0,0,0,0,0,0,0,0,0,0,0,0,0,0,0,0,0,0,0,0,0,0,0,0,0,0,0,0,1,0,0,186.8,124.1014
307,O=C(OCC([N+](=O)[O-])([N+](=O)[O-])[N+](=O)[O-])C(=O)OCC([N+](=O)[O-])([N+](=O)[O-])[N+](=O)[O-],0,22,0,0,0,0,0,0,16,0,22,0,10,0,0,0,0,6,0,0,416.1240000000002,0.7336489750601798,-0.432206174,11.209826152683297,2.080505927003492,-4.331143707,311.43999999999994,0,0,2,0,0,0,0,0,0,2,0,0,2,0,0,0,0,0,0,0,0,0,0,0,6,0,0,0,8,2,0,0,0,0,0,0,0,-4.530189437,0,0,0,0,0,0,-4.918761338,0,0,-8.662287415,0,0,0,0,0,0,0,0,0,0,0,-12.48303556,0,0,0,85.77176981237858,7.303719765684051,0,0,0,0,0,0.154164501402923,0.983431961874134,7274.498198791139,0.913935814178026,0.2018629062490987,0.0769001547615614,6,4,16,6,0,0,2,0,0,0.625,0,0,0,0,0,0,0,0,0,0,0,0,0,0,0,0,0,0,0,0,0,0,0,0,0,0,0,0,0,0,0,0,0,0,0,0,0,0,0,0,0,0,0,186,136.95572
308,O=[N+]([O-])c1cn([N+](=O)[O-])nc1-c1nnc(-c2nnc(-c3nn([N+](=O)[O-])cc3[N+](=O)[O-])o2)o1,0,22,0,0,0,0,4,4,18,0,22,4,7,0,0,0,0,4,0,0,450.2000000000002,0.3520600728727805,-0.408650147,11.09187648154931,0.0624192318549696,-1.046600968,286.0399999999999,0,0,0,0,0,2,0,0,0,0,8,0,0,0,0,0,0,0,0,0,0,0,6,0,4,2,0,0,4,0,2,0,0,0,0,0,0,0,0,0,1.017431056302532,0,0,0,0,-5.212336172,0,0,0,0,0,0,0,0,0,0,0,20.669555448256887,0,-4.034104212,0.1248384637099395,0,0,43.76305120443704,0,10.241846340388006,0,0,0,0,0.1316231886387356,0.8890918044414208,13034.48387261078,0.330800946170263,0.3731674811195022,-0.390937361,10,2,10,12,2,0,0,0,2,0.4705882352941176,0,0,0,0,0,0,0,0,0,0,0,0,0,0,0,0,0,0,0,0,0,0,0,0,2,0,2,0,0,0,0,0,0,0,0,0,0,0,0,0.2941176470588235,0,0,0,186,195.31058
309,O=[N+]([O-])C(CNc1nc(NCC([N+](=O)[O-])([N+](=O)[O-])[N+](=O)[O-])nc(NC([N+](=O)[O-])([N+](=O)[O-])[N+](=O)[O-])n1)([N+](=O)[O-])[N+](=O)[O-],3,33,0,0,0,0,1,1,24,3,33,1,17,0,3,0,0,9,0,0,601.2310000000002,0.8020128569643027,-0.333101802,11.1502428727077,0.9598398526077097,-4.630528156,463.0199999999999,0,0,2,0,0,0,0,0,0,0,3,0,3,0,0,0,0,3,0,0,0,0,3,0,9,0,0,0,9,0,0,0,0,0,0,0,0,-4.007191752,0,0,0,0,0,0,0,-4.589375472,0,-13.24543761,0,0,0,0,3.9015986394557824,0,0,0,0,9.188654572940289,0,-18.6721109,0,0,0,99.83693125987767,0,0,0,0,0,0,0.4641208938443654,0.6554896614488971,13489.164676542216,0.8912657441534414,0.3492833869178399,-0.039918101,8,7,18,15,0,0,3,0,0,0.625,0,0,0,0,0,0,0,0,0,0,0,0,0,1,0,0,0,0,0,0,0,0,0,0,0,0,0,0,0,0,0,0,0,0,0,0,0,0,0,0.125,1,0,0,186,180.77788
310,Nc1c([N+](=O)[O-])nnc2nc(-c3n[nH]c(-c4nc5nnc([N+](=O)[O-])c(N)n5n4)c3[N+](=O)[O-])nn12,5,23,0,0,0,0,5,5,19,3,23,5,5,0,1,2,0,3,0,0,471.2740000000002,0.4326773139118252,-0.376352675,11.838332493491222,0.2872587393161261,-0.896590977,322.0799999999999,0,0,0,0,0,0,0,0,0,0,9,2,0,0,2,0,0,0,1,0,0,0,9,0,3,2,0,0,3,0,0,0,0,0,0,0,0,0,0,0,0,0,0,0,0,-4.853006748,-0.58062859,0,0,11.312239485573064,0,0,0,2.359212333081381,0,0,0,33.08536869426823,0,-2.63824392,1.5281967437375918,0,0,33.810097666943705,0,0,0,0,0,0,0.0672418641103948,0.9410424429867208,14455.296610723952,0.2480082539096018,0.5050140682490439,-0.628084724,11,5,6,17,0,0,0,0,3,0.3076923076923077,0,0,0,0,0,0,0,0,0,0,0,0,0,0,2,0,0,0,0,0,0,0,0,0,0,1,0,0,0,2,0,0,0,0,0,0,0,0,0,0.2564102564102564,2,0,0,332,254.11635
311,Nc1nnc2nonc2c1[N+](=O)[O-],2,9,0,0,0,0,2,2,8,1,9,2,1,0,0,1,0,1,0,0,182.099,0.3454916135038431,-0.376388427,10.482037037037037,0.0408333333333332,-0.711759259,133.86,0,0,0,0,0,0,0,0,0,0,2,2,0,0,1,0,0,0,0,0,0,0,4,0,1,0,0,0,1,0,1,0,0,0,0,0,0,0,0,0,0,0,0,0,0,-0.750509259,-0.14037037,0,0,5.222037037037037,0,0,0,0,0,0,0,13.334953703703704,0,-0.711759259,0,0,0,10.482037037037037,0,4.248240740740741,0,0,0,0,0.3916582218275524,0.6383702395281702,984.0765720546416,0.1347852904740979,0.4612875413923195,-0.527185762,4,2,3,6,0,0,0,0,1,0.2666666666666666,0,0,0,0,0,0,0,0,0,0,1,0,0,0,0,0,0,0,0,0,0,0,0,0,1,0,0,0,0,0,0,0,0,0,0,0,0,0,0,0.3333333333333333,2,0,0,186,286.26672
312,Nc1c([N+](=O)[O-])nn(C[N+](=O)[O-])c1[N+](=O)[O-],2,12,0,0,0,0,1,1,9,1,12,1,4,0,0,1,0,3,0,0,232.112,0.4433473140001819,-0.384620197,10.479537037037035,0.2574074074074073,-1.075046296,173.26,0,0,1,0,0,0,0,0,0,0,3,0,0,0,1,0,0,0,0,0,0,0,1,0,3,1,0,0,3,0,0,0,0,0,0,0,0,-1.075046296,0,0,0,0,0,0,0,-2.755740741,0,0,0,5.09245842781557,0,0,0,0,0,0,0,3.0799074074074078,0,-3.054783636,0.2574074074074073,0,0,30.97789871504157,0,0,0,0,0,0,0.2978317704605316,0.7473572837698478,1938.640465813825,0.3968912429202533,0.3618942579444406,-0.275728958,4,4,6,6,0,0,0,0,3,0.6,0,0,0,0,0,0,0,0,0,0,0,0,0,0,0,0,0,0,0,0,0,0,0,0,0,0,1,0,0,0,0,0,0,0,0,0,0,0,0,0,1,0,0,186,237.19247
313,CN(CC(N)=O)[N+](=O)[O-],2,6,0,0,0,0,0,0,3,1,6,0,3,0,0,1,0,1,0,0,133.107,0.2424534709503104,-0.36793998,9.990277777777775,0.3541666666666667,-0.713703704,89.47,1,0,1,0,0,0,0,0,0,1,0,0,0,0,1,0,0,0,0,0,0,0,0,1,1,0,0,0,2,0,0,0,0,0,0,1.1713888888888888,0,-0.354166667,0,0,0,0,0,0,-0.713703704,0,0,0,0,4.646111111111111,0,0,0,0,0,0,0,0,0.6134259259259258,-0.703611111,0,0,0,19.74875,0,0,0,0,0,0,0.378401032875936,0.7674532566969916,541.3333980002752,0.6081411032292996,0.315535621717866,-0.781326301,3,7,3,3,1,0,0,0,0,0.25,0,0,0,0,0,0,0,0,0,0,0,0,0,0,0,0,0,0,0,0,0,0,0,0,0,0,0,0,0,0,0,0,0,0,0,0,0,0,0,0,0,0,0,186,151.13182
314,O=Cc1c([N+](=O)[O-])cc([N+](=O)[O-])cc1[N+](=O)[O-],0,10,0,0,0,1,0,1,7,0,10,1,4,0,0,0,0,3,3,1,241.11499999999995,0.2932683273506155,-0.297334378,10.55944822373394,0.0833408919123206,-1.093518519,146.49,0,0,0,0,1,2,0,0,0,0,4,0,0,0,0,0,0,0,0,0,0,0,0,0,3,0,0,0,4,0,0,0,0,0,0,0,0,0,0,-0.083340892,0.9935185185185182,0,0,0,0,-3.568148148,0,0,0,0,0,0,0,0,0,0,0,0,0,-3.206300076,0,0,0,42.045192743764176,0,0,0,0,0,0,0.4709559644001487,0.5715155255091942,2064.0964436388526,0.2253831624335051,0.1741907388590506,-0.564046202,7,3,7,3,0,0,0,0,3,0.6,0,0,0,1,0,0,0,0,0,0,0,0,0,0,0,0,0,0,0,0,0,0,0,0,0,0,0,0,0,0,0,0,0,0,0,0,0,0,0,0,1,0,0,185.1,230.45267
315,Nn1cnnc1N/N=C/c1c([N+](=O)[O-])cc([N+](=O)[O-])cc1[N+](=O)[O-],3,15,0,0,0,1,1,2,12,2,15,2,6,0,1,1,0,3,3,1,337.2120000000001,0.2915629831031633,-0.335013334,11.049151549508691,0.0430853699504485,-0.993266723,210.54,0,0,0,0,1,3,0,0,0,0,5,0,0,0,1,0,0,1,0,0,0,1,2,0,3,1,0,0,3,0,0,0,0,0,0,0,0,0,0,0.7586035525321237,2.327584089191232,0,0,0,0,-3.072967057,0,0,0,5.393283775708018,0,0,2.265805697278912,0,0,0,3.548463718820862,6.935473800223079,0,-2.962654494,0.9404772749830468,0,0,32.84963148804058,0,0,0,0,0,0,0.2279375840850331,0.7958401748030752,4984.083299320976,0.3074984413213203,0.3736521831963275,-0.735442392,9,7,6,9,0,0,0,0,3,0.3870967741935484,0,0,0,1,0,0,0,0,0,0,0,0,0,0,0,0,0,0,0,0,0,0,0,0,0,0,0,0,0,1,0,0,0,0,0,0,0,0,0,0.1612903225806451,0,0,0,185,267.2827
316,Nc1nonc1-c1nnc(C[N+](=O)[O-])o1,2,10,0,0,0,0,2,2,9,1,10,2,3,0,0,1,0,1,0,0,212.125,0.2878846482070146,-0.412697909,10.138010204081631,0.0219416099773237,-0.595538313,147,0,0,1,0,0,0,0,0,0,0,4,0,0,0,1,0,0,0,0,0,0,0,4,0,1,0,0,0,1,0,2,0,0,0,0,0,0,-0.557356387,0,0,0,0,0,0,0,-0.160739796,0,0,0,5.354075963718821,0,0,0,0,0,0,0,13.633528124212647,0,-0.595538313,0,0,0,10.138010204081631,0,9.216676666036786,0,0,0,0,0.1703320383732973,0.8956618617371574,1917.490239487783,0.4655586592990907,0.3959929286977017,-0.603417796,5,4,4,6,0,0,0,0,1,0.2105263157894736,0,0,0,0,0,0,0,0,0,0,0,0,0,0,0,0,0,0,0,0,0,0,0,0,2,0,0,0,0,0,0,0,0,0,0,0,0,0,0,0.5263157894736842,0,0,0,184.7,191.66458
317,O=[N+]([O-])c1nonc1Nc1nnc2nnc([N+](=O)[O-])n2n1,1,16,0,0,0,0,3,3,14,1,16,3,4,0,1,0,0,2,0,0,295.13500000000005,0.484319285056929,-0.389716544,10.69471424372218,0.2221967382632061,-0.855145818,206.09,0,0,0,0,0,0,0,0,0,0,4,1,0,0,0,0,0,1,0,0,0,0,7,0,2,1,0,0,2,0,1,0,0,0,0,0,0,0,0,0,0,0,0,0,0,-2.130779767,-0.222196738,0,0,0,0,0,2.289196900982615,0,0,0,0,23.57537745653817,0,-1.689901738,0.6891647770219198,0,0,21.31436586671706,0,4.193740709246661,0,0,0,0,0.1719833855229411,0.8384842602328235,4129.629712288435,0.2092889864432792,0.5217951107120471,-0.298168635,5,1,5,11,0,0,0,0,2,0.3636363636363636,0,0,0,0,0,0,0,0,0,0,0,0,0,0,0,0,0,1,0,0,0,0,0,0,0,1,0,0,0,0,1,0,0,0,0,0,0,0,0,0.2727272727272727,2,0,0,184.2,238.01492
318,O=[N+]([O-])c1ncn(/N=[N+](\[O-])c2nonc2/N=N/c2nonc2/[N+]([O-])=N/n2cnc([N+](=O)[O-])n2)n1,0,26,0,0,0,0,4,4,22,0,26,4,8,0,0,0,0,2,0,0,478.2220000000002,0.5071943859061291,-0.72131332,12.108838758058706,0.2241362976549665,-0.918947366,327.11999999999995,0,0,0,0,0,2,0,0,0,0,6,0,0,0,0,0,0,0,0,0,0,4,8,0,2,2,0,0,2,0,2,0,0,0,0,0,0,0,0,0,1.530059428553046,0,0,0,0,-4.172995007,0,0,0,0,0,0,0,0,0,0,13.5539328533902,26.22447217142834,0,-1.837894733,0.92794458119293,0,0,21.139018619830004,0,8.727038544437395,0,0,0,0,0.1776351091257951,0.9019418905447152,12805.854757980678,0.7914538034924407,0.5269519177285861,-0.301115382,8,2,8,18,0,0,0,0,2,0.2222222222222222,0,0,0,0,0,0,0,0,0,0,0,0,0,0,0,0,0,0,0,0,0,0,0,0,2,0,0,0,0,0,2,0,0,0,0,0,0,0,0,0.2777777777777778,0,0,0,184,210.62015
319,N#[N+]c1c([N+](=O)[O-])nn(CC2(CO[N+](=O)[O-])COC2)c1[O-],0,13,0,1,1,0,1,1,10,0,13,2,6,0,0,0,0,1,0,0,300.18700000000007,0.4948793182782907,-0.851666761,11.80788029100529,0.0689869142101282,-0.987895566,173.76999999999998,0,0,4,0,0,0,0,0,0,0,3,0,1,0,0,0,0,0,0,1,0,0,1,0,2,1,0,0,2,2,0,0,0,0,0,0,0,-0.408918887,0,0,0,0,0,0,0,-2.671063922,0,-0.890035431,0,0,0,0,0,0,8.63566833754469,0,0,3.444412792894936,0,-1.955732395,0.707353552532124,0,0,20.911620655595677,9.205396195515243,0,0,0,0,0,0.3343994213257861,0.9096764351719672,3367.9933727273205,1.052415741304301,0.2798255753913395,-0.692901425,8,8,7,6,0,1,0,0,1,0.2758620689655172,0,0,0,0,0,0,0,0,0,0,0,0,0,0,0,0,0,0,0,0,0,0,0,0,0,1,0,0,0,0,0,0,0,0,0,0,0,0,0,0,0,0,0,184,202.35219
320,CN(Cn1nnc(C(F)([N+](=O)[O-])[N+](=O)[O-])n1)[N+](=O)[O-],0,14,0,0,0,0,1,1,10,0,15,1,6,0,0,0,0,3,0,0,280.132,0.6813541972683758,-0.255508894,13.55473293020912,0.4022453703703705,-4.258494189,176.26,1,0,1,0,0,0,0,0,0,0,1,0,1,0,0,0,0,0,0,0,0,0,3,1,3,1,0,0,3,0,0,1,0,0,0,1.006679579239103,0,-0.633424036,0,0,0,0,0,0,0,-1.43125189,0,-4.258494189,0,0,0,0,0,0,0,0,0,8.904674508692366,0.4481065759637188,-4.551715482,0.4022453703703705,0,0,30.987556649974803,0,0,13.55473293020912,0,0,0,0.3155783868600937,0.9387217374458368,2338.8669521033894,0.9375013081529588,0.3998115174274985,-0.25702169,4,5,6,8,1,0,0,1,0,0.4583333333333333,0,0,0,0,0,0,0,0,0,0,0,0,0,0,0,0,0,0,0,0,0,0,0,0,0,0,0,0,0,0,0,0,0,0,1,0,0,0,0,0.2083333333333333,1,0,0,184,90.38278
321,Nc1c([N+](=O)[O-])nnc2c([N+](=O)[O-])c(O)nn12,3,12,0,0,0,0,2,2,10,2,12,2,2,0,0,1,0,2,0,0,241.123,0.432567037966477,-0.487271437,10.576711545729404,0.4762962962962962,-0.947687075,175.61,0,0,0,0,0,0,0,0,0,0,4,1,0,0,1,0,0,0,0,0,0,0,3,0,2,1,0,1,2,0,0,0,0,0,0,0,0,0,0,0,0,0,0,0,0,-3.144542706,-0.476296296,0,0,5.324865835222978,0,0,0,0,0,0,0,9.619814814814816,0,-1.871077098,0.5819444444444444,0,9.1919567271353,21.05333380574452,0,0,0,0,0,0,0.2110778531063163,0.7980199692160256,2209.98533676248,0.0895093879154288,0.4064315722680955,-0.431315138,5,3,5,7,0,0,0,0,2,0.4,0,0,0,0,0,0,0,0,0,0,0,0,0,0,1,0,0,0,0,0,0,0,0,0,0,1,0,0,0,0,0,0,0,0,0,0,0,0,0,0,2,0,0,332,290.90256
322,O=[N+]([O-])OCc1nc(-c2noc(CO[N+](=O)[O-])n2)no1,0,14,0,0,0,0,2,2,12,0,14,2,7,0,0,0,0,0,0,0,288.132,0.2945095965994033,-0.33669546,9.964559744623848,0.1221749811035521,-1.022548493,182.58,0,0,2,0,0,0,0,0,0,0,4,0,0,0,0,0,0,0,0,0,0,0,4,0,2,0,0,0,2,2,2,0,0,0,0,0,0,-1.065191828,0,0,0,0,0,0,0,-0.596958249,0,0,0,0,0,0,0,0,0,0,0,14.23731355505165,0,-2.045096985,0,0,0,19.929119489247697,8.027932245824562,9.25042894935752,0,0,0,0,0.0567958045129955,0.980730612040607,5952.325336982327,0.5619839236873195,0.2915330473532965,-0.333180626,6,4,8,6,0,2,0,0,0,0.3333333333333333,0,0,0,0,0,0,0,0,0,0,0,0,0,0,0,0,0,0,0,0,0,0,0,0,2,0,0,0,0,0,0,0,0,0,0,0,0,0,0,0.4166666666666667,0,0,0,183.4,142.89478
323,O=C(NC(=O)OCC([N+](=O)[O-])([N+](=O)[O-])[N+](=O)[O-])OCC([N+](=O)[O-])([N+](=O)[O-])[N+](=O)[O-],1,23,0,0,0,0,0,0,16,1,23,0,10,0,1,0,0,6,0,0,431.1390000000002,0.7336924176490216,-0.423848292,11.19047193877551,0.900736961451247,-4.250744597,323.47,0,0,2,0,0,0,0,0,0,2,0,0,2,0,0,0,0,1,0,0,0,0,0,0,6,0,0,0,8,2,0,0,0,0,0,0,0,-4.302094907,0,0,0,0,0,0,-4.335492252,0,0,-8.501489194,0,0,0,0,0.900736961451247,0,0,0,0,0,0,-12.17735497,0,0,0,85.80606973413792,7.517832105064247,0,0,0,0,0,0.1274881831026464,0.9921256517858232,9214.289310989718,0.92012087173133,0.2273048831119429,0.0556665019865982,6,5,16,7,0,0,2,0,0,0.5882352941176471,0,0,0,0,0,0,0,0,0,0,0,0,0,0,0,0,0,0,0,0,0,0,0,0,0,0,0,0,0,0,0,0,0,0,0,0,0,0,0,0,0,1,0,183,155.73965
324,O=C(CN(CC([N+](=O)[O-])([N+](=O)[O-])[N+](=O)[O-])[N+](=O)[O-])OCC([N+](=O)[O-])([N+](=O)[O-])[N+](=O)[O-],0,24,0,0,0,0,0,0,16,0,24,0,13,0,0,0,0,7,0,0,446.1540000000002,0.7336370752160203,-0.439256142,11.522094671201817,0.7749074074074072,-4.430935374,331.52,0,0,3,0,0,0,0,0,0,1,0,0,2,0,0,0,0,0,0,0,0,0,0,1,7,0,0,0,8,1,0,0,0,0,0,0,0,-6.393171769,0,0,0,0,0,0,-2.105954743,0,0,-8.749017149,0,0,0,0,0,0,0,0,0,0,-0.774907407,-14.31266377,0,0,0,86.58802111150933,3.8484339569161,0,0,0,0,0,0.1924136682203661,0.9649188247254402,6755.18385566262,0.9640779056850344,0.2510343961950357,0.0358620565992908,6,6,16,8,1,0,2,0,0,0.6666666666666666,0,0,0,0,0,0,0,0,0,0,0,0,0,0,0,0,0,0,0,0,0,0,0,0,0,0,0,0,0,0,0,0,0,0,0,0,0,0,0,0,0,0,0,183,135.28534
325,O=C(CCC([N+](=O)[O-])([N+](=O)[O-])[N+](=O)[O-])NC(=O)OCC([N+](=O)[O-])([N+](=O)[O-])[N+](=O)[O-],1,22,0,0,0,0,0,0,15,1,22,0,11,0,1,0,0,6,0,0,429.1670000000002,0.7336924014740157,-0.423921559,11.412694160997733,1.1229591836734694,-4.209928271,314.23999999999995,0,0,3,0,0,0,0,0,0,2,0,0,2,0,0,0,0,1,0,0,0,0,0,0,6,0,0,0,8,1,0,0,0,0,0,0,0,-5.132559996,0,0,0,0,0,0,-3.710492252,0,0,-8.238450646,0,0,0,0,1.1229591836734694,0,0,0,0,0,0,-11.70860497,0,0,0,86.42236603043422,3.838916052532124,0,0,0,0,0,0.157183987852693,0.9723224907376662,8567.959606048476,0.9111712096477964,0.2283493372043982,-0.093203811,7,7,15,7,0,0,2,0,0,0.5555555555555556,0,0,0,0,0,0,0,0,0,0,0,0,0,0,0,0,0,0,0,0,0,0,0,0,0,0,0,0,0,0,0,0,0,0,0,0,0,0,0,0,0,0,0,183,151.54965
326,O=[N+]([O-])n1ccc(-c2ccn([N+](=O)[O-])n2)n1,0,10,0,0,0,0,2,2,8,0,10,2,3,0,0,0,0,2,0,0,224.136,0.2561359616413045,-0.338837832,10.33118890148652,0.1919444444444447,-0.728179012,121.92,0,0,0,0,0,4,0,0,0,0,2,0,0,0,0,0,0,0,0,0,0,0,2,0,2,2,0,0,2,0,0,0,0,0,0,0,0,0,0,0,4.936373771730914,0,0,0,0,0.3838888888888894,0,0,0,0,0,0,0,0,0,0,0,7.143654572940287,0,-1.456358025,1.001018518518518,0,0,20.66237780297304,0,0,0,0,0,0,0.1358514224182459,0.8641485775968101,2567.4878156478544,8.561586191595893e-06,0.3747724595781132,-0.713852304,6,4,4,6,2,0,0,0,0,0.4,0,0,0,0,0,0,0,0,0,0,0,0,0,0,0,0,0,0,0,0,0,0,0,0,0,2,0,0,0,0,0,0,0,0,0,0,0,0,0,0,0,0,0,183,140.41693
327,Nc1cc([N+](=O)[O-])c(O)c([N+](=O)[O-])c1,3,8,0,0,0,1,0,1,6,2,8,1,2,0,0,1,0,2,2,0,199.122,0.3196089777526768,-0.497311528,10.316203703703705,0.1516666666666664,-0.991481481,132.53,0,0,0,0,0,2,0,0,0,0,4,0,0,0,1,0,0,0,0,0,0,0,0,0,2,0,0,1,2,0,0,0,0,0,0,0,0,0,0,0,1.699074074074074,0,0,0,0,-2.704814815,0,0,0,5.183888888888889,0,0,0,0,0,0,0,0,0,-1.891481481,0,0,9.115185185185185,20.63240740740741,0,0,0,0,0,0,0.3848693186073542,0.6424498236950075,1405.6431500615556,0.146804496249181,0.2109259649862898,-0.763351111,6,5,5,3,0,0,0,0,2,0.4210526315789473,0,0,1,0,0,0,0,0,0,0,0,0,0,0,0,0,0,0,0,0,0,0,0,0,0,0,0,0,0,0,0,0,0,0,0,0,0,0,0,0,1,0,0,183,277.41873
328,CN(Cn1cc([N+](=O)[O-])nc1[N+](=O)[O-])[N+](=O)[O-],0,12,0,0,0,0,1,1,8,0,12,1,5,0,0,0,0,3,0,0,246.139,0.440128424361644,-0.389815085,10.520285336356764,0.5236574074074074,-0.957553855,150.48000000000002,1,0,1,0,0,1,0,0,0,0,2,0,0,0,0,0,0,0,0,0,0,0,1,1,3,1,0,0,3,0,0,0,0,0,0,1.0650387377173092,0,-0.523657407,0,0,0.7620370370370371,0,0,0,0,-1.570511149,0,0,0,0,0,0,0,0,0,0,0,3.137151360544218,0.5261961451247164,-2.688487339,0.7092592592592593,0,0,31.2081533446712,0,0,0,0,0,0,0.3891074136382223,0.7601216048316709,1938.2738581460324,0.7098752435898816,0.34127058288203,-0.455027444,5,6,6,6,1,0,0,0,2,0.5217391304347826,0,0,0,0,0,0,0,0,0,0,0,0,0,0,0,0,0,0,0,0,0,0,0,0,0,0,1,0,0,0,0,0,0,0,0,0,0,0,0,0,1,0,0,183,138.47284
329,O=[N+]([O-])c1nc2onc(-c3nonc3[N+](=O)[O-])n2n1,0,14,0,0,0,0,3,3,12,0,14,3,3,0,0,0,0,2,0,0,268.105,0.4945908315886796,-0.389689864,10.658725749559082,0.2883796296296292,-0.863404825,181.42,0,0,0,0,0,0,0,0,0,0,4,1,0,0,0,0,0,0,0,0,0,0,5,0,2,1,0,0,2,0,2,0,0,0,0,0,0,0,0,0,0,0,0,0,0,-2.150964664,-0.32037226,0,0,0,0,0,0,0,0,0,0,16.58727245527841,0,-1.722770298,0.7824074074074072,0,0,21.150652557319223,0,8.856455577601412,0,0,0,0,0.1786723674201248,0.8308393888286655,2958.8957644707957,0.1579786789590461,0.4177467783144663,-0.238712445,5,0,6,8,0,0,0,0,2,0.4210526315789473,0,0,0,0,0,0,0,0,0,0,0,0,0,0,0,0,0,0,0,0,0,0,0,0,1,1,0,0,0,0,1,0,0,0,0,0,0,0,0,0.2631578947368421,2,0,0,182.4,223.45908
330,O=[N+]([O-])C(CNn1cnnc1Nn1cnnn1)([N+](=O)[O-])[N+](=O)[O-],2,18,0,0,0,0,2,2,15,2,18,2,8,0,2,0,0,3,0,0,330.1810000000001,0.7183786241804792,-0.299884183,10.80056872906034,0.137737150415721,-3.670286832,227.79,0,0,1,0,0,2,0,0,0,0,1,0,1,0,0,0,0,2,0,0,0,0,5,0,3,2,0,0,3,0,0,0,0,0,0,0,0,-1.275469104,0,0,2.102843088624338,0,0,0,0,-0.13773715,0,-3.670286832,0,0,0,0,4.5671716742252455,0,0,0,0,17.03339975558252,0,-4.836903817,1.8302366780045352,0,0,32.40170618718102,0,0,0,0,0,0,0.3499229841709384,0.8035763817508846,3389.1414824860526,0.8237548905364818,0.5088118335094993,-0.339207889,5,6,6,12,0,0,1,0,0,0.3448275862068966,0,0,0,0,0,0,0,0,0,0,0,0,0,0,0,0,0,0,0,0,0,0,0,0,0,0,0,0,0,1,0,0,0,0,1,0,0,0,0,0.3448275862068966,0,0,0,182,114.90494
331,Nc1nn2c(N[N+](=O)[O-])nnc2n[n+]1[O-],3,12,0,0,0,0,2,2,9,2,12,2,2,0,1,1,0,1,0,0,213.117,0.4308262946055395,-0.721385699,10.847091364323507,0.0277314814814815,-0.854589475,164.1,0,0,0,0,0,0,0,0,0,0,2,1,0,0,1,0,0,1,0,0,0,0,4,0,1,2,0,0,1,0,0,0,0,0,0,0,0,0,0,0,0,0,0,0,0,-0.774538927,-0.205046296,0,0,5.147621882086168,0,0,1.7166354875283445,0,0,0,0,13.496919879062736,0,-0.854589475,0.8675462962962961,0,0,10.129179894179895,0,0,0,0,0,0,0.3145259738993723,0.721073418248714,1510.4670766563695,0.225651337903791,0.5912245386337082,-0.337842594,3,3,3,9,1,0,0,0,0,0.2222222222222222,0,0,0,0,0,0,0,0,0,0,0,0,0,0,0,0,0,1,0,0,0,0,0,0,0,0,0,0,0,1,0,0,0,0,0,0,0,0,0,0.6111111111111112,2,0,0,182,146.83786
332,Nc1nnc(-c2n[nH]cc2[N+](=O)[O-])n1N,5,10,0,0,0,0,2,2,8,3,10,2,2,0,1,2,0,1,0,0,210.157,0.3175510387094107,-0.366453834,10.590334939531369,0.0076851851851846,-0.607436697,154.57000000000002,0,0,0,0,0,1,0,0,0,0,4,0,0,0,2,0,0,0,1,0,0,0,3,0,1,1,0,0,1,0,0,0,0,0,0,0,0,0,0,0,1.1252021919879065,0,0,0,0,-0.27449263,0,0,0,10.782434807256235,0,0,0,2.345498866213152,0,0,0,10.694975434618293,0,-0.607436697,0.9198148148148148,0,0,10.590334939531369,0,0,0,0,0,0,0.3028314113721124,0.749390558689447,1508.9781742441253,0.3829671120846537,0.532934901050167,-0.83746913,5,6,2,8,0,0,0,0,1,0.1904761904761904,0,0,0,0,0,0,0,0,0,0,0,0,0,0,0,0,0,0,0,0,0,0,0,0,0,1,0,0,0,1,0,0,0,0,0,0,0,0,0,0.238095238095238,0,0,0,331,324.6452
333,O=[N+]([O-])c1c[nH]nc1-c1nc(-c2n[nH]c(-c3n[nH]cc3[N+](=O)[O-])n2)n[nH]1,4,16,0,0,0,0,4,4,10,4,16,4,5,0,4,0,0,2,0,0,358.23800000000006,0.3174575672617169,-0.277808275,10.943469425981082,0.0120247543461831,-0.622389835,226.77999999999997,0,0,0,0,0,2,0,0,0,0,8,0,0,0,0,0,0,0,4,0,0,0,6,0,2,0,0,0,2,0,0,0,0,0,0,0,0,0,0,0,2.2204981071969634,0,0,0,0,-0.544428595,0,0,0,0,0,0,0,9.755628800063256,0,0,0,23.37253698819085,0,-1.244779671,0,0,0,21.886938851962164,0,0,0,0,0,0,0.1263431528399581,0.8854290663569317,7070.366712947699,0.2518344952884311,0.4689619749998605,-0.84859786,10,6,4,12,0,0,0,0,2,0.25,0,0,0,0,0,0,0,0,0,0,0,0,0,0,0,0,0,0,0,0,0,0,0,0,0,2,0,0,0,2,0,0,0,0,0,0,0,0,0,0.3125,0,0,0,425,284.01074
334,NC(=O)Nc1nonc1[N+](=O)[O-],3,9,0,0,0,0,1,1,6,2,9,1,2,0,1,1,0,1,0,0,173.088,0.4587285960388038,-0.357600085,10.220555555555556,0.4097222222222221,-0.977962963,137.18,0,0,0,0,0,0,0,0,0,1,2,0,0,0,1,0,0,1,0,0,0,0,2,0,1,0,0,0,2,0,1,0,0,0,0,0,0,0,0,0,0,0,0,0,-0.977962963,-1.096018519,0,0,0,4.670606575963719,0,0,1.8645370370370369,0,0,0,0,5.951157407407408,0,-0.859351852,0,0,0,20.335854119425548,0,3.9958796296296297,0,0,0,0,0.2966554439807978,0.7112683736010631,1082.753148266961,0.13147434461363,0.4044185616564983,-0.323534849,3,3,4,5,0,0,0,0,1,0.2666666666666666,0,0,0,0,0,0,0,0,0,0,0,0,0,0,0,0,0,0,0,0,0,0,0,0,0,1,0,0,0,0,0,0,0,0,0,0,0,0,0,0,1,0,0,182,220.60316
335,O=[N+]([O-])c1cnn(CC(F)([N+](=O)[O-])[N+](=O)[O-])c1,0,11,0,0,0,0,1,1,8,0,12,1,5,0,0,0,0,3,0,0,249.114,0.633376983817464,-0.258210711,13.304347127739986,0.4203703703703705,-3.972332766,147.24,0,0,1,0,0,2,0,0,0,0,1,0,1,0,0,0,0,0,0,0,0,0,1,0,3,1,0,0,3,0,0,1,0,0,0,0,0,-1.360277778,0,0,1.3488506235827666,0,0,0,0,-0.556438964,0,-3.972332766,0,0,0,0,0,0,0,0,0,3.213356481481481,0,-4.344486017,0.4203703703703705,0,0,30.68163879440665,0,0,13.304347127739986,0,0,0,0.2085005809123499,0.9387753207227152,2132.395391312737,0.6951016113357565,0.2809958492898833,-0.385365736,5,4,6,5,0,0,0,1,1,0.5238095238095238,0,0,0,0,0,0,0,0,0,0,0,0,0,0,0,0,0,0,0,0,0,0,0,0,0,1,0,0,0,0,0,0,0,0,0,0,0,0,0,0,1,0,0,181,114.238
336,O=[N+]([O-])/N=c1\[nH]nnn1CCn1cnc([N+](=O)[O-])n1,1,14,0,0,0,0,2,2,10,1,14,2,5,2,1,0,0,2,0,0,270.169,0.4904408971976232,-0.389691474,10.3672889198277,0.1286583522297808,-0.896824155,175.85000000000002,0,0,2,0,0,1,0,0,0,0,1,0,0,0,0,0,0,0,1,0,0,1,4,0,2,2,0,0,2,0,0,0,0,0,0,0,0,0.2936130007558577,0,0,1.1697357646762407,0,0,0,0,-0.527448796,0,0,0,0,0,0,0,2.2367978395061727,0,0,3.016226064499874,13.925423674099273,0,-1.625749647,2.325462962962963,0,0,20.586203354058693,0,0,0,0,0,0,0.1873366557166632,0.8305360147138059,3870.8266316910353,0.4290164921122081,0.518194167354508,-0.532999715,5,6,4,10,1,0,0,0,1,0.32,0,0,0,0,0,0,0,0,0,0,0,0,0,0,0,0,0,0,0,0,0,0,0,0,0,0,0,0,0,0,1,0,0,0,1,0,0,0,0,0.2,0,0,0,181,217.29813
337,Cn1nc(/N=N/Nc2nn(C)nc2[N+](=O)[O-])c([N+](=O)[O-])n1,1,15,0,0,0,0,2,2,12,1,15,2,5,2,1,0,0,2,0,0,297.19500000000005,0.4382512186157452,-0.357644306,10.67744056381863,0.2659320672713525,-0.785589254,184.45,2,0,0,0,0,0,0,0,0,0,4,0,0,0,0,0,0,1,0,0,0,2,4,0,2,2,0,0,2,0,0,0,0,0,0,2.745832037998344,0,0,0,0,0,0,0,0,0,-1.790622323,0,0,0,0,0,0,2.1619009826152684,0,0,0,6.790476190476191,14.221914525069288,0,-1.553817397,1.900812232300328,0,0,21.34508520926991,0,0,0,0,0,0,0.2874448519491501,0.904699985354562,3072.4553322466013,0.7089483195667752,0.5181783004424706,-0.619122125,6,7,4,11,0,0,0,0,2,0.2857142857142857,0,0,0,0,0,0,0,0,0,0,0,0,0,0,0,0,0,0,0,0,0,0,0,0,0,0,0,0,0,0,2,0,0,0,0,0,0,0,0,0,0,0,0,181,271.154
338,[N-]=[N+]=Nc1cc(N=[N+]=[N-])c2n[n+]3[n-]c4c([N+](=O)[O-])cc([N+](=O)[O-])cc4n3c2n1,0,17,0,0,0,1,3,4,9,0,17,4,4,0,0,0,0,2,2,2,381.23200000000014,0.2922771888648737,-0.258305549,11.308649506124254,0.0374111866969004,-0.810755095,232.18999999999997,0,0,0,0,0,3,0,0,0,0,4,4,0,0,0,0,0,0,0,0,0,2,3,0,2,2,0,0,2,0,0,0,0,0,0,0,0,0,0,0,3.023039941259638,0,0,0,0,-1.35712963,-0.212924645,0,0,0,0,0,0,0,0,0,6.789085411942555,12.10170162509448,0,-1.603122058,2.0483900226757368,0,0,22.47137686561208,0,0,0,0,0,0,0.2988625070343956,0.7011374932341782,6653.543179140735,4.201584304714824e-05,0.4773995887018926,-0.818399295,11,3,4,13,0,0,0,0,2,0.2580645161290322,0,0,1,0,0,1,0,0,0,0,0,0,0,0,0,0,0,0,0,0,0,0,0,0,0,0,0,0,0,2,0,0,0,0,0,0,0,0,0,0.5161290322580645,4,0,2,181,261.93118
339,[N-]=[N+]=Nc1c([N+](=O)[O-])c(N=[N+]=[N-])[n+]([O-])c(N=[N+]=[N-])[n+]1[O-],0,16,0,0,0,0,1,1,7,0,16,1,4,0,0,0,0,1,0,0,280.124,0.5043818148293641,-0.710179198,11.578276171579745,0.5545956160241876,-1.331027967,243.30000000000004,0,0,0,0,0,0,0,0,0,0,4,0,0,0,0,0,0,0,0,0,0,3,0,0,1,2,0,0,1,0,0,0,0,0,0,0,0,0,0,0,0,0,0,0,0,-5.019268707,0,0,0,0,0,0,0,0,0,0,8.13401738473167,0,0,-1.267167423,-1.109191232,0,0,10.796924288233813,0,0,0,0,0,0,0.434984169213842,0.5785190235786272,2732.460176605729,0.1073474666101024,0.5997344033356656,-0.228470249,4,0,4,12,0,0,0,0,1,0.2,0,0,0,0,0,0,0,0,0,0,1,0,0,0,0,0,0,0,0,0,0,0,0,0,0,0,0,0,0,0,0,0,0,0,0,0,0,0,0,0,1,0,3,181,203.58487
340,O=[N+]([O-])CC1=NN=C(C2=NN=C(C[N+](=O)[O-])C2)C1,0,10,0,2,2,0,0,0,8,0,10,2,5,0,0,0,0,2,0,0,252.19,0.2434519510921112,-0.264131834,10.302533392616818,0.2510690665154951,-0.483712907,135.72,0,0,4,0,0,0,0,0,0,4,0,0,0,0,0,0,0,0,0,0,0,4,0,0,2,0,0,0,2,0,0,0,0,0,0,0,0,-0.214345868,0,0,0,0,0,0,1.6840263080540874,0,0,0,0,0,0,0,0,0,0,0,14.954278470647518,0,0,-0.967425815,0,0,0,20.605066785233632,0,0,0,0,0,0,0.0844619532167008,0.9720916779306656,3895.278989515531,0.661700100074254,0.3330821999286251,-1.015107657,8,8,4,6,0,0,0,0,2,0.3076923076923077,0,0,0,0,0,0,0,0,0,0,0,0,0,0,0,0,0,0,0,0,0,0,0,0,2,0,0,0,0,0,0,0,0,0,0,0,0,0,0,0.3846153846153846,0,0,0,180.7,253.93253
341,Cc1c(-c2nc(N[N+](=O)[O-])n[nH]2)no[n+]1[O-],2,11,0,0,0,0,2,2,7,2,11,2,3,0,2,0,0,1,0,0,227.14,0.3035342467513382,-0.359309833,10.899276344797178,0.0974074074074078,-0.809141708,149.71,1,0,0,0,0,0,0,0,0,0,4,0,0,0,0,0,0,1,1,0,0,0,3,0,1,1,0,0,1,0,1,0,0,0,0,1.4602743134290752,0,0,0,0,0,0,0,0,0,0.1692129629629646,0,0,0,0,0,0,1.746585648148148,2.3787962962962963,0,0,0,10.624006991685564,0,-0.809141708,0.192913202317964,0,0,10.097825018896447,0,4.309092576845553,0,0,0,0,0.1006814886944241,0.9006550004108496,2476.4433823175564,0.0862877356450805,0.4314519679492822,-0.59874967,5,5,4,7,1,0,0,0,0,0.1904761904761904,0,0,0,0,0,0,0,0,0,0,0,0,0,0,0,0,0,0,0,0,0,0,0,0,1,0,0,0,0,1,0,0,0,0,0,0,0,0,0,0.4761904761904761,0,0,0,180.5,145.92189
342,N=C(N/N=C/c1c([N+](=O)[O-])cc([N+](=O)[O-])cc1[N+](=O)[O-])N/N=C/c1c([N+](=O)[O-])cc([N+](=O)[O-])cc1[N+](=O)[O-],3,23,0,0,0,2,0,2,15,3,23,2,10,0,3,0,0,6,6,2,535.3020000000002,0.2915629830588765,-0.266404625,11.225038843903366,0.450621726958307,-1.139656051,331.47,0,0,0,0,2,4,0,0,0,1,8,0,0,0,0,0,1,2,0,0,0,2,0,0,6,0,0,0,6,0,0,0,0,0,0,0,0,0,0,1.0117837224021315,1.802486907833228,0,0,0,-0.863948518,-7.617186497,0,0,0,0,0,7.58984087768359,3.755250702847204,0,0,0,6.688588008512251,0,0,-6.732435181,0,0,0,66.68280998838499,0,0,0,0,0,0,0.124372995860017,0.9323358558850374,19642.057440250934,0.7866616722466117,0.2876880714064206,-0.67251757,15,9,12,11,0,0,0,0,6,0.5106382978723404,0,0,0,2,0,0,0,0,0,0,0,0,0,0,0,0,0,0,0,0,0,0,0,0,0,0,0,0,0,0,0,0,0,0,0,0,0,0,0,0,0,0,0,180,331.78296
343,N#[N+]c1c([O-])cc(-n2cc([N+](=O)[O-])cn2)cc1[N+](=O)[O-],0,11,0,0,0,1,1,2,8,0,11,2,3,0,0,0,0,2,1,0,276.168,0.4531719451343501,-0.866795103,11.577157501889644,0.053518518518518,-0.907543462,155.31,0,0,0,0,0,4,0,0,0,0,5,0,0,0,0,0,0,0,0,1,0,0,1,0,2,1,0,0,2,0,0,0,0,0,0,0,0,0,0,0,3.764740016376921,0,0,0,0,-2.748484977,0,0,0,0,0,0,0,0,8.595322348840568,0,0,3.6251374716553286,0,-1.605841837,0.9381821617535904,0,0,21.309833865262256,0,0,0,0,0,0,0.1608182024883709,0.8451763008405546,3909.115913387361,0.1648289043244355,0.3041626835839055,-0.869036239,9,4,5,6,0,0,0,0,2,0.3333333333333333,0,1,0,0,0,0,0,0,0,0,0,0,0,0,0,0,0,0,0,0,0,0,0,0,0,1,0,0,0,0,0,0,0,0,0,0,0,0,0,0,0,0,0,180,265.4755
344,O=[N+]([O-])c1cn2c(n1)-c1ncc([N+](=O)[O-])n1CC2,0,10,0,1,1,0,2,2,8,0,10,3,2,1,0,0,0,2,0,0,250.174,0.3820220822468993,-0.357857521,10.768712049634669,0.137126795162509,-0.604154069,121.92000000000002,0,0,2,0,0,2,0,0,0,0,4,0,0,0,0,0,0,0,0,0,0,0,2,0,2,2,0,0,2,0,0,0,0,0,0,0,0,0.7287046485260769,0,0,2.43537037037037,0,0,0,0,0.1325056689342423,0,0,0,0,0,0,0,0,0,0,0,7.729580498866214,0,-1.142335916,2.968503401360544,0,0,21.40716899722852,0,0,0,0,0,0,0.1317802650853616,0.8737438850117943,2823.195622075016,0.2208916119134166,0.3357663066505711,-0.959332305,8,6,4,6,0,0,0,0,2,0.3333333333333333,0,0,0,0,0,0,0,0,0,1,0,0,0,0,0,0,0,0,0,0,0,0,0,0,0,2,0,0,0,0,0,0,0,0,0,0,0,0,0,0.25,3,0,0,330,299.6224
345,CN(CNC(=O)OCN(C)[N+](=O)[O-])[N+](=O)[O-],1,11,0,0,0,0,0,0,6,1,11,0,6,0,1,0,0,2,0,0,237.172,0.410139199553544,-0.422445128,10.865277777777775,0.3670516817838247,-0.983888889,131.09000000000003,2,0,2,0,0,0,0,0,0,1,0,0,0,0,0,0,0,1,0,0,0,0,0,2,2,0,0,0,3,1,0,0,0,0,0,2.2498526077097507,0,-0.921603364,0,0,0,0,0,0,-0.983888889,0,0,0,0,0,0,0,2.0318820861678004,0,0,0,0,0,1.1480864197530862,-1.500147392,0,0,0,31.06378228143109,4.380198412698412,0,0,0,0,0,0.174597265890413,0.951982525426926,2440.777001267116,0.8343843250971589,0.2951444521275698,-0.640885096,5,11,6,5,2,0,0,0,0,0.2962962962962963,0,0,0,0,0,0,0,0,0,0,0,0,0,0,0,0,0,0,0,0,0,0,0,0,0,0,0,0,0,0,0,0,0,0,0,0,0,0,0,0,0,0,0,180,157.53868
346,O=[N+]([O-])OCCn1nnnc1/N=N/c1nnnn1CCO[N+](=O)[O-],0,18,0,0,0,0,2,2,16,0,18,2,10,0,0,0,0,0,0,0,344.2080000000002,0.2940624157784691,-0.3119441,10.062973926703531,0.0377494838614966,-0.951691883,216.65999999999997,0,0,4,0,0,0,0,0,0,0,2,0,0,0,0,0,0,0,0,0,0,2,6,0,2,2,0,0,2,2,0,0,0,0,0,0,0,-0.637944462,0,0,0,0,0,0,0,-0.142519474,0,0,0,0,0,0,0,0,0,0,7.397368039808516,20.88882421020137,0,-1.903383765,2.216240883635364,0,0,20.125947853407062,8.262852193971284,0,0,0,0,0,0.3278451773913923,0.9094579307068308,5637.327042058054,1.0919373787159905,0.4880769767117557,-0.464835216,6,8,6,12,0,2,0,0,0,0.25,0,0,0,0,0,0,0,0,0,0,0,0,0,0,0,0,0,0,0,0,0,0,0,0,0,0,0,0,0,0,0,0,0,0,2,0,0,0,0,0.3125,0,0,0,179,123.40537
347,O=[N+]([O-])Nc1nc2nnc3nc(N[N+](=O)[O-])nn3n2n1,2,16,0,0,0,0,3,3,12,2,16,3,4,0,2,0,0,2,0,0,282.14000000000004,0.3067549476231662,-0.234422888,10.283925824589604,0.1116638321995457,-0.860655147,196.5,0,0,0,0,0,0,0,0,0,0,2,2,0,0,0,0,0,2,0,0,0,0,6,0,2,2,0,0,2,0,0,0,0,0,0,0,0,0,0,0,0,0,0,0,0,-0.701693647,-0.223327664,0,0,0,0,0,3.4478029730410684,0,0,0,0,21.85589600655077,0,-1.721310294,1.8735959939531368,0,0,20.56785164917921,0,0,0,0,0,0,0.1569675666163333,0.8430324334073256,3958.675103124359,7.722304044308134e-06,0.5954490678386617,-0.283547175,4,2,4,12,2,0,0,0,0,0.3636363636363636,0,0,0,0,0,0,0,0,0,0,0,0,0,0,0,0,0,1,0,0,0,0,0,0,0,0,0,0,0,2,0,0,0,0,0,0,0,0,0,0.7272727272727273,3,0,0,178,131.06702
348,O=[N+]([O-])c1cc([N+](=O)[O-])c(/C=N/N=C(N/N=C/c2c([N+](=O)[O-])cc([N+](=O)[O-])cc2[N+](=O)[O-])N/N=C/c2c([N+](=O)[O-])cc([N+](=O)[O-])cc2[N+](=O)[O-])c([N+](=O)[O-])c1,2,33,0,0,0,3,0,3,22,2,33,3,15,0,2,0,0,9,9,3,773.4170000000001,0.2915644818483313,-0.258302309,11.576481693853594,0.3142912809811184,-1.258846304,461.7599999999999,0,0,0,0,3,6,0,0,0,1,12,0,0,0,0,0,0,2,0,0,0,4,0,0,9,0,0,0,9,0,0,0,0,0,0,0,0,0,0,1.0139849540544672,2.012894396969073,0,0,0,-1.00425611,-13.4501095,0,0,0,0,0,0,3.791390011136584,0,0,0,13.558125664585802,0,0,-11.06403473,0,0,0,102.90433598994626,0,0,0,0,0,0,0.4201820215822791,0.7216423450643487,26527.76737463765,1.1732898487548946,0.2715223482287043,-0.651653636,22,11,18,15,0,0,0,0,9,0.5454545454545454,0,0,0,3,0,0,0,0,0,0,0,0,0,0,0,0,0,0,0,0,0,0,0,0,0,0,0,0,0,0,0,0,0,0,0,0,0,0,0,0,0,0,0,178,379.58597
349,Nn1nc([N+](=O)[O-])c2[nH]nc([N+](=O)[O-])c21,3,11,0,0,0,0,2,2,8,2,11,2,2,0,1,1,0,2,0,0,213.113,0.4199087227184934,-0.357684835,10.463892668178383,0.1720370370370367,-0.811905707,158.8,0,0,0,0,0,0,0,0,0,0,2,2,0,0,1,0,0,0,1,0,0,0,2,0,2,1,0,0,2,0,0,0,0,0,0,0,0,0,0,0,0,0,0,0,0,-1.207222222,-0.388055556,0,0,5.234537037037037,0,0,0,2.143611111111112,0,0,0,6.601342592592593,0,-1.623811413,0.5506944444444444,0,0,20.927785336356763,0,0,0,0,0,0,0.2490894916592523,0.7972793031180309,1519.9960717465517,0.2942763673020971,0.4598499387648806,-0.412926476,4,3,4,7,0,0,0,0,2,0.4444444444444444,0,0,0,0,0,0,0,0,0,0,0,0,0,0,0,0,0,0,0,0,0,0,0,0,0,2,0,0,0,0,0,0,0,0,0,0,0,0,0,0,2,0,0,178,283.58066
350,Nc1nc2nnc3nc(N[N+](=O)[O-])nn3n2n1,3,13,0,0,0,0,3,3,11,2,13,3,2,0,1,1,0,1,0,0,237.14300000000003,0.3067549475431761,-0.366381752,10.227603510540018,0.0201388888888893,-0.796529038,167.34999999999997,0,0,0,0,0,0,0,0,0,0,2,2,0,0,1,0,0,1,0,0,0,0,6,0,1,2,0,0,1,0,0,0,0,0,0,0,0,0,0,0,0,0,0,0,0,-0.266706612,0.124354686318973,0,0,5.372915328168304,0,0,1.7842911470143612,0,0,0,0,22.291428728898968,0,-0.796529038,2.201705404383976,0,0,10.227603510540018,0,0,0,0,0,0,0.127611445474718,0.8723885574604756,2509.4894495419067,9.719066296906206e-05,0.6493971991583136,-0.506023792,4,3,2,11,1,0,0,0,0,0.2,0,0,0,0,0,0,0,0,0,0,0,0,0,0,0,0,0,1,0,0,0,0,0,0,0,0,0,0,0,2,0,0,0,0,0,0,0,0,0,0.8,3,0,0,178,185.00691
351,Nc1c([N+](=O)[O-])n[nH]c1[N+](=O)[O-],3,9,0,0,0,0,1,1,6,2,9,1,2,0,1,1,0,2,0,0,173.088,0.4428698783708359,-0.384628698,10.089398148148147,0.5648148148148142,-0.903935185,140.98000000000002,0,0,0,0,0,0,0,0,0,0,3,0,0,0,1,0,0,0,1,0,0,0,1,0,2,0,0,0,2,0,0,0,0,0,0,0,0,0,0,0,0,0,0,0,0,-1.964444444,0,0,0,5.028101851851852,0,0,0,1.839074074074074,0,0,0,3.0457407407407406,0,-1.783564815,0,0,0,20.167546296296297,0,0,0,0,0,0,0.2131748973544036,0.7908777549255062,1077.2869634013716,0.0787052900636729,0.4044185616564983,-0.323534849,3,3,4,5,0,0,0,0,2,0.5333333333333333,0,0,0,0,0,0,0,0,0,0,0,0,0,0,0,0,0,0,0,0,0,0,0,0,0,0,1,0,0,0,0,0,0,0,0,0,0,0,0,0,1,0,0,178,294.11954
352,CN(CC(=O)OCC([N+](=O)[O-])([N+](=O)[O-])[N+](=O)[O-])[N+](=O)[O-],0,15,0,0,0,0,0,0,10,0,15,0,8,0,0,0,0,4,0,0,297.136,0.7336370752056132,-0.439256439,11.03625,0.2167592592592593,-3.955508078,202.1,1,0,2,0,0,0,0,0,0,1,0,0,1,0,0,0,0,0,0,0,0,0,0,1,4,0,0,0,5,1,0,0,0,0,0,0.8502135298563869,0,-2.804949924,0,0,0,0,0,0,-1.473032407,0,0,-3.955508078,0,0,0,0,0,0,0,0,0,0,0.2167592592592593,-6.532240174,0,0,0,52.57472611961451,4.002222222222222,0,0,0,0,0,0.3631235317983478,0.933271772123759,2441.891258667896,0.938815653943528,0.2355823595929138,-0.188465888,5,7,10,5,1,0,1,0,0,0.5185185185185185,0,0,0,0,0,0,0,0,0,0,0,0,0,0,0,0,0,0,0,0,0,0,0,0,0,0,0,0,0,0,0,0,0,0,0,0,0,0,0,0,0,0,0,178,128.47192
353,CN(c1c([N+](=O)[O-])n[nH]c1[N+](=O)[O-])[N+](=O)[O-],1,12,0,0,0,0,1,1,7,1,12,1,4,0,1,0,0,3,0,0,232.112,0.4494899252720384,-0.357747142,10.447175925925926,0.1525462962962962,-1.056712963,161.34000000000003,1,0,0,0,0,0,0,0,0,0,3,0,0,0,0,0,0,0,1,0,0,0,1,1,3,0,0,0,3,0,0,0,0,0,0,0.8381481481481481,0,0,0,0,0,0,0,0,0,-2.697407407,0,0,0,0,0,0,0,1.754074074074074,0,0,0,3.0285185185185184,0.1525462962962962,-3.125972222,0,0,0,31.275046296296296,0,0,0,0,0,0,0.4850618753959484,0.6688629476306296,1496.7733796932298,0.6200630951478201,0.3618942579444406,-0.275728958,4,4,6,6,1,0,0,0,2,0.6,0,0,0,0,0,0,0,0,0,0,0,0,0,0,0,0,0,0,0,0,0,0,0,0,0,0,1,0,0,0,0,0,0,0,0,0,0,0,0,0,1,0,0,178,151.3145
354,O=[N+]([O-])c1cn(/N=N/n2cc([N+](=O)[O-])nn2)nn1,0,14,0,0,0,0,2,2,12,0,14,2,4,0,0,0,0,2,0,0,254.12600000000003,0.4124563329921823,-0.357700751,10.28172811525896,0.5152584614092544,-0.764555636,172.41999999999996,0,0,0,0,0,2,0,0,0,0,2,0,0,0,0,0,0,0,0,0,0,2,4,0,2,2,0,0,2,0,0,0,0,0,0,0,0,0,0,0,1.795319979843789,0,0,0,0,-1.030516923,0,0,0,0,0,0,0,0,0,0,6.707358276643991,12.863278218694886,0,-1.529111273,1.4000925925925929,0,0,20.56345623051792,0,0,0,0,0,0,0.0728059586331116,0.927194041692222,4297.579075934296,3.970361306288497e-05,0.5509078173819285,-0.314804467,4,2,4,10,0,0,0,0,2,0.4,0,0,0,0,0,0,0,0,0,0,0,0,0,0,0,0,0,0,0,0,0,0,0,0,0,0,0,0,0,0,2,0,0,0,0,0,0,0,0,0,0,0,0,177,274.18823
355,Nc1c([N+](=O)[O-])cc2cc([N+](=O)[O-])c(N)c([N+](=O)[O-])c2c1[N+](=O)[O-],4,14,0,0,0,2,0,2,10,2,14,2,4,0,0,2,0,4,4,0,338.19200000000006,0.3135437311105771,-0.387475891,11.221155990173848,0.4766666666666663,-1.149861111,224.6,0,0,0,0,0,2,0,0,0,0,6,2,0,0,2,0,0,0,0,0,0,0,0,0,4,0,0,0,4,0,0,0,0,0,0,0,0,0,0,0,1.3553703703703703,0,0,0,0,-5.909410431,-1.202407407,0,0,10.775247543461829,0,0,0,0,0,0,0,0,0,-4.391394558,0,0,0,44.35296390778534,0,0,0,0,0,0,0.3971549405077841,0.6650607047632313,3947.196992908124,0.3163406997393352,0.2483796186781473,-0.709656053,10,6,8,6,0,0,0,0,4,0.5333333333333333,0,0,2,0,0,0,0,0,0,0,0,0,0,0,0,0,0,0,0,0,0,0,0,0,0,0,0,0,0,0,0,0,0,0,0,0,0,0,0,0,2,1,0,330,235.68976
356,Nc1c(-c2nnn[nH]2)nnc2c([N+](=O)[O-])c(N[N+](=O)[O-])nn12,4,16,0,0,0,0,3,3,12,3,16,3,4,0,2,1,0,2,0,0,308.17800000000005,0.3646044939079139,-0.38159832,11.045747039556565,0.0254157218442927,-1.000324546,221.87,0,0,0,0,0,0,0,0,0,0,5,1,0,0,1,0,0,1,1,0,0,0,6,0,2,1,0,0,2,0,0,0,0,0,0,0,0,0,0,0,0,0,0,0,0,-1.540345123,-0.37215325,0,0,5.785543272864701,0,0,1.6027282533383724,2.381795241244646,0,0,0,21.148504217994205,0,-1.891234017,0.8281944444444445,0,0,21.528483479837195,0,0,0,0,0,0,0.2451583273720156,0.7656683556389797,4125.464950709968,0.2498036170776718,0.5451394973035064,-0.519180474,6,4,4,12,1,0,0,0,1,0.3076923076923077,0,0,0,0,0,0,0,0,0,0,0,0,0,1,0,0,0,0,0,0,0,0,0,0,0,1,0,0,0,0,0,0,0,0,1,0,0,0,0,0.4230769230769231,2,0,0,177,228.9088
357,N=C(Nc1nnc(N)[n+]([O-])n1)N[N+](=O)[O-],5,12,0,0,0,0,1,1,8,4,12,1,2,0,3,1,0,1,0,0,215.13300000000004,0.4323601067393002,-0.721385896,10.756796579743009,0.0468518518518519,-0.966951373,182.68,0,0,0,0,0,0,0,0,0,1,2,0,0,0,1,0,1,2,0,0,0,0,3,0,1,1,0,0,1,0,0,0,0,0,0,0,0,0,0,0,0,0,0,0,-0.716137566,-0.867716627,0,0,0,5.009289572310406,0,6.966446995464853,3.480065901360544,0,0,0,0,9.602627551020408,0,-0.966951373,-0.046851852,0,0,9.891215409003108,0,0,0,0,0,0,0.0995525722351702,0.931384431067217,2427.427522971253,0.4151607803037418,0.5856842046547948,-0.409049286,3,5,3,9,1,0,0,0,0,0.2,0,0,0,0,0,0,0,0,0,0,0,0,0,0,0,0,0,1,0,0,0,0,0,0,0,0,0,0,0,0,0,0,0,0,0,0,0,0,0,0.3,1,0,0,177,174.20955
358,CCOC(=O)CNC(=O)OCC([N+](=O)[O-])([N+](=O)[O-])[N+](=O)[O-],1,14,0,0,0,0,0,0,10,1,14,0,8,0,1,0,0,3,0,0,310.175,0.7336921510421558,-0.464670304,11.057314342403629,0.0303997743878703,-3.915409266,194.05,1,0,3,0,0,0,0,0,0,2,0,0,1,0,0,0,0,1,0,0,0,0,0,0,3,0,0,0,5,2,0,0,0,0,0,1.4958575050390528,0,-2.396460423,0,0,0,0,0,0,-2.350444381,0,0,-3.915409266,0,0,0,0,1.753099962207105,0,0,0,0,0,0,-5.399920163,0,0,0,53.427222046857466,8.455643069727891,0,0,0,0,0,0.1781086140263536,0.961663274472407,4694.333269765575,0.7664616720509829,0.1805432417183848,-0.46425405,7,10,10,4,0,0,1,0,0,0.3225806451612903,0,0,0,0,0,0,0,0,0,0,0,0,0,0,0,0,0,0,0,0,0,0,0,0,0,0,0,0,0,0,0,0,0,0,0,0,0,0,0,0,0,0,0,177,128.9867
359,O=C(OCC(COC(=O)OCC([N+](=O)[O-])([N+](=O)[O-])[N+](=O)[O-])([N+](=O)[O-])[N+](=O)[O-])OCC([N+](=O)[O-])([N+](=O)[O-])[N+](=O)[O-],0,30,0,0,0,0,0,0,22,0,30,0,16,0,0,0,0,8,0,0,580.1970000000003,0.7337522751644064,-0.418202166,11.51049244246214,1.904487670068026,-4.387222995,416.18,0,0,4,0,0,0,0,0,0,2,0,0,3,0,0,0,0,0,0,0,0,0,0,0,8,0,0,0,10,4,0,0,0,0,0,0,0,-8.859496382,0,0,0,0,0,0,-4.845723884,0,0,-12.70813812,0,0,0,0,0,0,0,0,0,0,0,-16.45462006,0,0,0,109.83291421154463,15.306468239683568,0,0,0,0,0,0.0816597351760866,0.9948689171828946,21411.46801332122,0.866024006245335,0.1930378819607821,0,9,8,22,8,0,0,2,1,0,0.574468085106383,0,0,0,0,0,0,0,0,0,0,0,0,0,0,0,0,0,0,0,0,0,0,0,0,0,0,0,0,0,0,0,0,0,0,0,0,0,0,0,0,0,0,0,176,258.00372
360,O=C(O)CCC([N+](=O)[O-])([N+](=O)[O-])[N+](=O)[O-],1,11,0,0,0,0,0,0,7,1,11,0,6,0,0,0,0,3,0,0,223.097,0.6998790297006884,-0.481218913,10.246195200302342,1.0387500000000007,-3.682152778,166.72000000000003,0,0,2,0,0,0,0,0,0,1,0,0,1,0,0,0,0,0,0,0,0,0,0,0,3,0,0,1,4,0,0,0,0,0,0,0,0,-2.348935185,0,0,0,0,0,0,-1.592662037,0,0,-3.682152778,0,0,0,0,0,0,0,0,0,0,0,-5.137083333,0,0,8.15435657596372,40.78455782312925,0,0,0,0,0,0,0.4557877850619351,0.9594018078498064,1298.80037240077,0.819194300446795,0.1882589187662765,-0.179294208,4,5,8,3,0,0,1,0,0,0.5,0,0,0,0,0,0,0,0,0,0,0,0,0,0,0,0,0,0,0,0,0,0,0,0,0,0,0,0,0,0,0,0,0,0,0,0,0,0,0,0,0,0,0,176,136.17375
361,O=[N+]([O-])OCn1nc([N+](=O)[O-])nc1-c1nc([N+](=O)[O-])nn1CO[N+](=O)[O-],0,20,0,0,0,0,2,2,16,0,20,2,9,0,0,0,0,2,0,0,376.1580000000002,0.4913704303140266,-0.389691184,10.77678799760645,0.4834646636432349,-1.235795847,252.44,0,0,2,0,0,0,0,0,0,0,4,0,0,0,0,0,0,0,0,0,0,0,4,0,4,2,0,0,4,2,0,0,0,0,0,0,0,-1.972372606,0,0,0,0,0,0,0,-3.323252604,0,0,0,0,0,0,0,0,0,0,0,13.394104623330811,0,-4.593016329,0.96692932728647,0,0,42.09241151942361,8.009451215671454,0,0,0,0,0,0.5165663917814026,0.7029956753250973,4464.490357733295,0.86538227846994,0.3721840290516219,-0.17014127,6,4,10,10,0,2,0,0,2,0.5333333333333333,0,0,0,0,0,0,0,0,0,0,0,0,0,0,0,0,0,0,0,0,0,0,0,0,0,0,0,0,0,0,2,0,0,0,0,0,0,0,0,0,0,0,0,176,134.23232
362,O=[N+]([O-])/N=c1\[nH]nc(-c2noc(N[N+](=O)[O-])n2)o1,2,14,0,0,0,0,2,2,9,2,14,2,4,0,2,0,0,2,0,0,258.11,0.3863413835337293,-0.3959078,10.071345121011875,0.2496315192743763,-1.003233331,191.41,0,0,0,0,0,0,0,0,0,0,3,0,0,0,0,0,0,1,1,0,0,1,3,0,2,0,0,0,2,0,2,0,0,0,0,0,0,0,0,0,0,0,0,0,0,-1.030452832,0,0,0,0,0,0,1.6045338088939278,2.084664351851852,0,0,2.788276092844545,10.24543745275888,0,-1.913468583,0,0,0,20.10760150745585,0,9.169153517888637,0,0,0,0,0.1253084817562837,0.8807085063749591,3661.589980640041,0.0918146418272196,0.4339235209794274,-0.185967223,4,2,6,8,2,0,0,0,0,0.4,0,0,0,0,0,0,0,0,0,0,0,0,0,0,0,0,0,0,0,0,0,0,0,0,2,0,0,0,0,0,0,0,0,0,0,0,0,0,0,0.5,0,0,0,176,178.7979
363,CN(c1c([N+](=O)[O-])nn(N)c1[N+](=O)[O-])[N+](=O)[O-],2,13,0,0,0,0,1,1,9,1,13,1,4,0,0,1,0,3,0,0,247.127,0.4525495238973535,-0.357681303,10.598425925925929,0.1037962962962961,-1.105462963,176.49999999999997,1,0,0,0,0,0,0,0,0,0,3,0,0,0,1,0,0,0,0,0,0,0,1,1,3,1,0,0,3,0,0,0,0,0,0,0.8025925925925925,0,0,0,0,0,0,0,0,0,-3.012222222,0,0,0,5.0290325018896445,0,0,0,0,0,0,0,3.0424074074074072,0.1037962962962961,-3.279722222,0.1046296296296296,0,0,31.60474300831444,0,0,0,0,0,0,0.54316958030182,0.5887312272863169,1702.7632002386874,0.5884410349700462,0.3965572357532766,-0.291348173,4,5,6,7,1,0,0,0,2,0.5454545454545454,0,0,0,0,0,0,0,0,0,0,0,0,0,0,0,0,0,0,0,0,0,0,0,0,0,0,1,0,0,0,0,0,0,0,0,0,0,0,0,0,1,0,0,176,171.9065
364,Cc1no[n+]([O-])c1[N+](=O)[O-],0,7,0,0,0,0,1,1,5,0,7,1,1,1,0,0,0,1,0,0,145.07399999999998,0.4898533360006892,-0.323156665,10.327314814814816,0.0277777777777774,-0.84837963,96.11,1,0,0,0,0,0,0,0,0,0,2,0,0,0,0,0,0,0,0,0,0,0,1,0,1,1,0,0,1,0,1,0,0,0,0,1.3155092592592592,0,0,0,0,0,0,0,0,0,-0.694444444,0,0,0,0,0,0,0,0,0,0,0,3.071203703703704,0,-0.84837963,-0.240740741,0,0,9.988425925925926,0,3.9260185185185184,0,0,0,0,0.466726418973553,0.5387845057983202,601.8161630967817,0.1395347110857023,0.2895074237975102,-0.386009898,3,3,4,3,0,0,0,0,1,0.3076923076923077,0,0,0,0,0,0,0,0,0,0,0,0,0,0,0,0,0,0,0,0,0,0,0,0,0,1,0,0,0,0,0,0,0,0,0,0,0,0,0,0,1,0,0,176,272.4627
365,Nc1c([N+](=O)[O-])c(N[N+](=O)[O-])nn2nnnc12,3,13,0,0,0,0,2,2,10,2,13,2,3,0,1,1,0,2,0,0,241.127,0.3452310924061615,-0.389807896,10.734746787603932,0.161483371126228,-1.008964475,180.3,0,0,0,0,0,0,0,0,0,0,3,1,0,0,1,0,0,1,0,0,0,0,4,0,2,1,0,0,2,0,0,0,0,0,0,0,0,0,0,0,0,0,0,0,0,-1.832731481,-0.161483371,0,0,5.433291761148904,0,0,1.5505092592592593,0,0,0,0,13.36759448223734,0,-1.922807067,0.7442129629629628,0,0,20.994040060468635,0,0,0,0,0,0,0.4158877899767316,0.6203311381894696,1952.7503941985135,0.2318860186948119,0.5225462100884595,-0.364952909,4,3,4,9,1,0,0,0,1,0.4,0,0,0,0,0,0,0,0,0,0,1,0,0,0,0,0,0,0,0,0,0,0,0,0,0,0,0,0,0,0,0,0,0,0,1,0,0,0,0,0.25,2,0,0,175.4,149.83777
366,O=[N+]([O-])c1nc2n(n1)CCCn1nc([N+](=O)[O-])nc1-2,0,12,0,1,1,0,2,2,10,0,12,3,2,2,0,0,0,2,0,0,266.177,0.4913047695791558,-0.389691189,10.646269447593852,0.1155555555555556,-0.725469262,147.7,0,0,3,0,0,0,0,0,0,0,4,0,0,0,0,0,0,0,0,0,0,0,4,0,2,2,0,0,2,0,0,0,0,0,0,0,0,1.393899281934996,0,0,0,0,0,0,0,-0.890920257,0,0,0,0,0,0,0,0,0,0,0,14.899841269841271,0,-1.450938524,2.629707105064248,0,0,21.292538895187704,0,0,0,0,0,0,0.2609136446458192,0.7467750568729495,3005.2873872670657,0.2733706436607416,0.4207726437671175,-0.78143491,7,6,4,8,0,0,0,0,2,0.32,0,0,0,0,0,0,0,0,0,0,0,0,0,0,0,0,0,0,0,0,0,0,0,0,0,0,0,0,0,0,2,0,0,0,0,0,0,0,0,0,3,1,0,328,275.57373
367,NC1=C([N+](=O)[O-])C(N[N+](=O)[O-])=NN2N=NNC12,4,13,0,2,2,0,0,0,10,3,13,2,2,0,2,1,0,2,0,0,243.14300000000003,0.3413021489385109,-0.392948576,10.761969009826151,0.2783796296296288,-0.989501134,176.68000000000004,0,0,0,0,0,0,1,0,0,3,0,0,0,0,1,0,0,2,0,0,0,3,0,1,2,0,0,0,2,0,0,0,0,0,0,0,0,0,0,0,0,-0.909533258,0,0,-1.584722222,0,0,0,0,5.501578798185941,0,0,3.936986489040061,0,0,0,10.296677059712774,0,0.8831018518518519,-1.862510393,0,0,0,21.03587750377929,0,0,0,0,0,0,0.4120743411691667,0.6483689696184255,1952.9736651852995,0.409421682472596,0.51821356156665,-0.427731829,4,5,4,9,1,0,0,0,1,0.3636363636363636,0,0,0,0,0,0,0,0,0,0,1,0,0,0,0,0,0,0,0,0,0,0,0,0,0,0,0,0,0,0,0,0,0,0,1,0,0,0,0,0.2272727272727272,2,0,0,175.4,260.72943
368,O=[N+]([O-])N(CCN(c1nonc1-c1ncon1)[N+](=O)[O-])c1nonc1-c1ncon1,0,20,0,0,0,0,4,4,16,0,20,4,9,0,0,0,0,2,0,0,422.2340000000002,0.2676753146467306,-0.342358776,11.53282223366594,0.1348829552482144,-0.872631881,248.43999999999997,0,0,2,0,0,2,0,0,0,0,6,0,0,0,0,0,0,0,0,0,0,0,8,2,2,0,0,0,2,0,4,0,0,0,0,0,0,-1.155577759,0,0,1.936120232188539,0,0,0,0,-1.482619347,0,0,0,0,0,0,0,0,0,0,0,28.27729184347081,0.8893424036281177,-1.745263763,0,0,0,23.06564446733188,0,18.149417454351827,0,0,0,0,0.3540597605932503,0.8486317921457557,5280.643277136476,0.9555957381431044,0.3978836379827298,-0.568405197,10,6,8,12,2,0,0,0,0,0.2222222222222222,0,0,0,0,0,0,0,0,0,0,0,0,0,0,0,0,0,0,0,0,0,0,0,0,4,0,0,0,0,0,0,0,0,0,0,0,0,0,0,0.5555555555555556,0,0,0,175,119.256516
369,O=[N+]([O-])c1nc(/N=N/c2nc([N+](=O)[O-])nn2C([N+](=O)[O-])([N+](=O)[O-])[N+](=O)[O-])n(C([N+](=O)[O-])([N+](=O)[O-])[N+](=O)[O-])n1,0,32,0,0,0,0,2,2,24,0,32,2,12,0,0,0,0,8,0,0,552.1620000000003,0.8360591156462441,-0.389690531,11.264333095956474,1.0084227765180134,-4.831795871,431.25999999999993,0,0,0,0,0,0,0,0,0,0,4,0,2,0,0,0,0,0,0,0,0,2,4,0,8,2,0,0,8,0,0,0,0,0,0,0,0,0,0,0,0,0,0,0,0,-7.491748105,0,-9.663591742,0,0,0,0,0,0,0,0,5.400590513983371,10.725227623456789,0,-16.6592888,-2.016845553,0,0,89.43616136629124,0,0,0,0,0,0,0.3598124141572789,0.7595273392284659,9752.022428419365,0.614862645364879,0.4056780437625187,0.1159080125035768,6,0,16,16,0,0,2,0,2,0.7368421052631579,0,0,0,0,0,0,0,0,0,0,0,0,0,0,0,0,0,0,0,0,0,0,0,0,0,0,0,0,0,0,2,0,0,0,0,0,0,0,0,0,0,0,0,175,133.82428
370,O=[N+]([O-])c1cccc(-c2c([N+](=O)[O-])no[n+]2[O-])c1,0,10,0,0,0,1,1,2,7,0,10,2,3,0,0,0,0,2,1,1,252.142,0.4402307835910444,-0.358871707,11.239266817838246,0.0211574074074067,-0.910648148,139.25,0,0,0,0,0,4,0,0,0,0,4,0,0,0,0,0,0,0,0,0,0,0,1,0,2,1,0,0,2,0,1,0,0,0,0,0,0,0,0,0,4.816514550264549,0,0,0,0,-1.607087113,0,0,0,0,0,0,0,0,0,0,0,2.972668178382464,0,-1.593200113,-0.169452003,0,0,21.198331207482997,0,4.111293934240363,0,0,0,0,0.3490611227819461,0.7652407190501218,2229.8334901905387,0.625141268080934,0.2220970722846649,-0.761475676,8,4,6,4,0,0,0,0,2,0.3636363636363636,0,1,0,0,0,0,0,0,0,0,0,0,0,0,0,0,0,0,0,0,0,0,0,0,0,1,0,0,0,0,0,0,0,0,0,0,0,0,0,0,0,0,0,175,191.70714
371,O=[N+]([O-])c1cc(-n2cnnn2)cc([N+](=O)[O-])c1O,1,11,0,0,0,1,1,2,9,1,11,2,3,0,0,0,0,2,2,0,252.146,0.3197134745477867,-0.497311507,10.680432728647014,0.0035185185185182,-1.012199546,150.11,0,0,0,0,0,3,0,0,0,0,4,0,0,0,0,0,0,0,0,0,0,0,3,0,2,1,0,1,2,0,0,0,0,0,0,0,0,0,0,0,2.969463340891912,0,0,0,0,-2.608866213,0,0,0,0,0,0,0,0,0,0,0,10.046215986394555,0,-1.86866969,0.9994444444444446,0,9.407347883597884,21.36086545729403,0,0,0,0,0,0,0.376294631057365,0.6391695882272811,2543.54614668742,0.1523496718271717,0.3331403234633902,-0.698008297,7,4,5,6,0,0,0,0,2,0.3636363636363636,0,0,1,0,0,0,0,0,0,0,0,0,0,0,0,0,0,0,0,0,0,0,0,0,0,0,0,0,0,0,0,0,0,0,1,0,0,0,0,0.2272727272727272,0,0,0,175,250.9638
372,Nc1n[n+]([O-])c2nonc2c1[N+](=O)[O-],2,10,0,0,0,0,2,2,8,1,10,2,1,0,0,1,0,1,0,0,198.098,0.4329228621071496,-0.690296021,10.975925925925926,0.0081018518518516,-0.810648148,147.91,0,0,0,0,0,0,0,0,0,0,2,2,0,0,1,0,0,0,0,0,0,0,3,0,1,1,0,0,1,0,1,0,0,0,0,0,0,0,0,0,0,0,0,0,0,-1.123564815,-0.705185185,0,0,5.164537037037038,0,0,0,0,0,0,0,9.46712962962963,0,-0.810648148,0.0081018518518516,0,0,10.509814814814815,0,4.170740740740741,0,0,0,0,0.3955056017928007,0.6296873876218467,1184.7099105013838,0.1282098506222089,0.4240325495461842,-0.403840523,4,2,4,6,0,0,0,0,1,0.25,0,0,0,0,0,0,0,0,0,0,1,0,0,0,0,0,0,0,0,0,0,0,0,0,1,0,0,0,0,0,0,0,0,0,0,0,0,0,0,0.3125,2,0,0,175,257.64584
373,[N-]=[N+]=Nc1nonc1-c1noc(CO[N+](=O)[O-])n1,0,13,0,0,0,0,2,2,10,0,13,2,5,0,0,0,0,0,0,0,254.122,0.2945095965738334,-0.33675597,9.948343712497753,0.0519416099773237,-1.007011303,178.97000000000003,0,0,1,0,0,0,0,0,0,0,4,0,0,0,0,0,0,0,0,0,0,1,4,0,1,0,0,0,1,1,2,0,0,0,0,0,0,-0.511774613,0,0,0,0,0,0,0,-0.485062148,0,0,0,0,0,0,0,0,0,0,3.1785250535399343,13.860623661501638,0,-1.007011303,0,0,0,9.948343712497753,4.020852072310406,8.97126346371882,0,0,0,0,0.2894485493099411,0.9052265228545052,2324.9765508041046,0.7556814659249781,0.4407331911444109,-0.377771307,5,2,5,8,0,1,0,0,0,0.2,0,0,0,0,0,0,0,0,0,0,0,0,0,0,0,0,0,0,0,0,0,0,0,0,2,0,0,0,0,0,0,0,0,0,0,0,0,0,0,0.5,0,0,1,175,112.28154
374,O=C(Cl)CN(CC([N+](=O)[O-])([N+](=O)[O-])[N+](=O)[O-])[N+](=O)[O-],0,14,0,0,0,0,0,0,9,0,15,0,8,0,0,0,0,4,0,0,301.555,0.7228671755043135,-0.279021941,10.50328798185941,0.3851851851851853,-4.070030864,192.87,0,0,2,0,0,0,0,0,0,1,0,0,1,0,0,0,0,0,0,0,0,0,0,1,4,0,0,0,5,0,0,0,1,0,0,0,0,-3.14158179,0,0,0,0,0,0,-1.374403817,0,0,-4.070030864,0,0,0,0,0,0,0,0,0,0,-0.385185185,-7.140721372,0,0,0,52.40694318468128,0,0,0,4.789591206853111,0,0,0.3890047245395342,0.9162299976231648,2289.280913217436,0.8518690280717686,0.232130125516075,-0.053058314,4,4,9,5,1,0,1,0,0,0.6086956521739131,0,0,0,0,0,0,0,0,0,0,0,0,0,0,0,0,0,0,0,0,0,0,0,0,0,0,0,0,0,0,0,0,0,0,0,0,0,0,0,0,0,0,0,174,126.4202
375,Nc1c(-c2nnn[nH]2)nnc2c([N+](=O)[O-])c([N+](=O)[O-])nn12,3,15,0,0,0,0,3,3,12,2,15,3,3,0,1,1,0,2,0,0,293.163,0.4703830096015035,-0.379990023,10.926858150667677,0.0302834467120187,-1.011974285,209.84,0,0,0,0,0,0,0,0,0,0,5,1,0,0,1,0,0,0,1,0,0,0,6,0,2,1,0,0,2,0,0,0,0,0,0,0,0,0,0,0,0,0,0,0,0,-2.159683485,-0.457940287,0,0,5.72991685563114,0,0,0,2.362323790627362,0,0,0,20.791318972033256,0,-1.993855978,0.7372222222222222,0,0,21.745348954396576,0,0,0,0,0,0,0.1744948778401864,0.8440297331951858,3664.0504578711016,0.2798673970866776,0.5253050350828721,-0.518482892,6,3,4,11,0,0,0,0,2,0.3333333333333333,0,0,0,0,0,0,0,0,0,0,0,0,0,1,0,0,0,0,0,0,0,0,0,0,0,0,1,0,0,0,0,0,0,0,1,0,0,0,0,0.4583333333333333,2,0,0,174,254.74005
376,COc1nc(OCC([N+](=O)[O-])([N+](=O)[O-])[N+](=O)[O-])nc(OCC([N+](=O)[O-])([N+](=O)[O-])[N+](=O)[O-])n1,0,24,0,0,0,0,1,1,18,0,24,1,13,0,0,0,0,6,0,0,469.1920000000002,0.7336434788103656,-0.466550472,10.868208806785647,0.8122052154195007,-4.098323135,325.19999999999993,1,0,2,0,0,0,0,0,0,0,3,0,2,0,0,0,0,0,0,0,0,0,3,0,6,0,0,0,6,3,0,0,0,0,0,0.8964382558578983,0,-3.787225293,0,0,0,0,0,0,0,-3.153530801,0,-8.196646271,0,0,0,0,0,0,0,0,0,9.694513416477704,0,-11.31883031,0,0,0,65.20925284071387,13.446775321239606,0,0,0,0,0,0.1898304300153718,0.915354732632188,10587.24661011579,0.7163067288242123,0.2685467782911899,-0.153455302,8,7,15,9,0,0,2,0,0,0.5128205128205128,0,0,0,0,0,0,0,0,0,0,0,0,0,1,0,0,0,0,0,0,0,0,0,0,0,0,0,0,0,0,0,0,0,0,0,0,0,0,0,0.1538461538461538,1,0,0,173.7,149.61823
377,Nc1c([N+](=O)[O-])cc([N+](=O)[O-])c(N2c3nonc3-c3nonc3-c3nonc32)c1[N+](=O)[O-],2,20,0,1,1,1,3,4,17,1,20,5,4,0,0,1,0,3,3,0,445.2240000000002,0.3297673255544013,-0.387420414,11.884648368606705,0.096398389602754,-1.179641676,275.4399999999999,0,0,0,0,0,1,0,0,0,0,11,0,0,0,1,0,0,0,0,0,0,0,6,1,3,0,0,0,3,0,3,0,0,0,0,0,0,0,0,0,0.460222033257748,0,0,0,0,-6.512546926,0,0,0,5.664292170571933,0,0,0,0,0,0,0,21.78269815328437,0.7335109599395311,-3.312678461,0,0,0,35.006213754045646,0,14.005407895609013,0,0,0,0,0.3600527473490672,0.9170751147258784,5444.50652009444,1.0606329970828046,0.3458933031462813,-0.592959948,12,3,9,11,0,0,0,0,3,0.3428571428571428,0,0,0,1,0,0,0,0,0,0,0,0,0,0,0,0,0,0,0,0,0,0,0,0,3,0,0,0,0,0,0,0,0,0,0,0,0,0,0,0.4285714285714285,4,0,0,328,246.35196
378,O=[N+]([O-])c1n[nH]c(-c2ncn([N+](=O)[O-])n2)n1,1,12,0,0,0,0,2,2,9,1,12,2,3,0,1,0,0,2,0,0,226.112,0.4911258150405082,-0.389691267,10.2705681531872,0.1182407407407406,-0.818173343,158.56,0,0,0,0,0,1,0,0,0,0,3,0,0,0,0,0,0,0,1,0,0,0,4,0,2,1,0,0,2,0,0,0,0,0,0,0,0,0,0,0,0.8369907407407406,0,0,0,0,-0.933284203,0,0,0,0,0,0,0,2.1919283824640967,0,0,0,13.614871504157218,0,-1.633157911,0.3508796296296295,0,0,20.53588592844545,0,0,0,0,0,0,0.1329890092232968,0.8670109908296635,2556.9926929660523,1.44444957762725e-05,0.4953297480894423,-0.353806963,4,2,4,8,1,0,0,0,1,0.4444444444444444,0,0,0,0,0,0,0,0,0,0,0,0,0,0,0,0,0,0,0,0,0,0,0,0,0,0,0,0,0,0,2,0,0,0,0,0,0,0,0,0,0,0,0,173,177.85239
379,O=[N+]([O-])c1ccn(CC(F)([N+](=O)[O-])[N+](=O)[O-])n1,0,11,0,0,0,0,1,1,8,0,12,1,5,0,0,0,0,3,0,0,249.114,0.6354316344850747,-0.35774229,13.304347127739986,0.4203703703703705,-3.972332766,147.24,0,0,1,0,0,2,0,0,0,0,1,0,1,0,0,0,0,0,0,0,0,0,1,0,3,1,0,0,3,0,0,1,0,0,0,0,0,-1.360277778,0,0,1.666443216175359,0,0,0,0,-0.695327853,0,-3.972332766,0,0,0,0,0,0,0,0,0,3.1282638888888887,0,-4.393097128,0.4203703703703705,0,0,30.65913879440665,0,0,13.304347127739986,0,0,0,0.22852073011564,0.9266310211043448,2131.4822468526518,0.66489054640477,0.2809958492898833,-0.385365736,5,4,6,5,0,0,0,1,1,0.5238095238095238,0,0,0,0,0,0,0,0,0,0,0,0,0,0,0,0,0,0,0,0,0,0,0,0,0,1,0,0,0,0,0,0,0,0,0,0,0,0,0,0,1,0,0,173,114.36783
380,O=[N+]([O-])c1ccc(-c2c([N+](=O)[O-])no[n+]2[O-])cc1-c1c([N+](=O)[O-])no[n+]1[O-],0,17,0,0,0,1,2,3,12,0,17,3,5,0,0,0,0,3,1,0,381.1730000000001,0.4405075363215445,-0.358871732,11.71407108213656,0.3369434208868735,-1.138825612,235.36,0,0,0,0,0,3,0,0,0,0,7,0,0,0,0,0,0,0,0,0,0,0,2,0,3,2,0,0,3,0,2,0,0,0,0,0,0,0,0,0,2.474377362055933,0,0,0,0,-5.630831496,0,0,0,0,0,0,0,0,0,0,0,5.836946806500379,0,-3.146488646,-0.783840545,0,0,33.15880962878979,0,8.238036265432099,0,0,0,0,0.3777519524902558,0.8846192759468915,4551.859361786737,0.8390658618610257,0.2571011063218013,-0.482720445,10,3,10,7,0,0,0,0,3,0.4,0,1,0,0,0,0,0,0,0,0,0,0,0,0,0,0,0,0,0,0,0,0,0,0,0,2,0,0,0,0,0,0,0,0,0,0,0,0,0,0,0,0,0,173,240.33421
381,Nc1[nH+]nc(/N=N/c2n[nH+]c(N)n2[N-][N+](=O)[O-])n1[N-][N+](=O)[O-],6,18,0,0,0,0,2,2,12,2,18,2,6,0,2,2,0,2,0,0,314.18600000000004,0.3966072174432379,-0.373364109,10.344692799985008,0.2962525457713942,-1.04198131,255.16,0,0,0,0,0,0,0,0,0,0,4,0,0,0,2,0,0,0,2,0,0,2,2,0,2,2,0,0,2,0,0,0,0,0,0,0,0,0,0,0,0,0,0,0,0,-1.419496777,0,0,0,10.69748943863843,0,0,0,4.356651234567901,0,0,6.9150434618291765,6.985262030738221,0,-2.083962621,1.0724118165784828,0,0,20.689385599970016,0,0,0,0,0,0,0.2988213798206867,0.7337184010832997,3588.9627686873782,0.2858784951882639,0.623834289242678,-0.356476737,4,6,4,14,2,0,0,0,0,0.2857142857142857,0,0,0,0,0,0,0,0,0,0,0,0,0,0,0,0,0,0,0,0,0,0,0,0,0,0,0,0,0,2,0,0,0,0,0,0,0,0,0,0.3571428571428571,0,0,0,173,174.28651
382,O=[N+]([O-])c1nc(-c2nc[nH]n2)n(C([N+](=O)[O-])([N+](=O)[O-])[N+](=O)[O-])n1,1,18,0,0,0,0,2,2,13,1,18,2,6,0,1,0,0,4,0,0,330.1330000000001,0.8348051397388863,-0.38969113,11.020873252078609,0.4362037037037036,-4.280532407,244.84,0,0,0,0,0,1,0,0,0,0,3,0,1,0,0,0,0,0,1,0,0,0,4,0,4,1,0,0,4,0,0,0,0,0,0,0,0,0,0,0,0.9090740740740744,0,0,0,0,-2.969166667,0,-4.280532407,0,0,0,0,0,2.111418178382464,0,0,0,12.841678476946337,0,-6.914750567,-0.436203704,0,0,43.74424130763416,0,0,0,0,0,0,0.5311160020645902,0.6819864953734996,2797.750512769663,0.4855091110939924,0.4240715105730114,-0.145395946,5,2,8,10,0,0,1,0,1,0.56,0,0,0,0,0,0,0,0,0,0,0,0,0,0,0,0,0,0,0,0,0,0,0,0,0,0,0,0,0,1,1,0,0,0,0,0,0,0,0,0.2,0,0,0,172,94.709404
383,O=[N+]([O-])c1cnn([N+](=O)[O-])c1-c1nc(-c2noc(-c3c([N+](=O)[O-])cnn3[N+](=O)[O-])n2)no1,0,22,0,0,0,0,4,4,18,0,22,4,7,0,0,0,0,4,0,0,450.20000000000016,0.3518079261906158,-0.338815114,11.09815220047155,0.0238886036635852,-1.08675376,286.0399999999999,0,0,0,0,0,2,0,0,0,0,8,0,0,0,0,0,0,0,0,0,0,0,6,0,4,2,0,0,4,0,2,0,0,0,0,0,0,0,0,0,1.179270257303613,0,0,0,0,-5.630507503,0,0,0,0,0,0,0,0,0,0,0,20.69623001250013,0,-4.124792819,0.0477772073271707,0,0,44.30020139447878,0,9.564953388762913,0,0,0,0,0.185002286511368,0.8530355760476835,9973.800000315216,0.4488474327079583,0.3731674811195023,-0.390937361,10,2,10,12,2,0,0,0,2,0.4705882352941176,0,0,0,0,0,0,0,0,0,0,0,0,0,0,0,0,0,0,0,0,0,0,0,0,2,0,2,0,0,0,0,0,0,0,0,0,0,0,0,0.2941176470588235,0,0,0,172,186.40259
384,O=[N+]([O-])c1cn([N+](=O)[O-])nc1-c1nc(-c2nonc2[N+](=O)[O-])no1,0,17,0,0,0,0,3,3,14,0,17,3,5,0,0,0,0,3,0,0,339.1400000000001,0.4456231125255092,-0.357639441,10.923017342739566,0.0807996346686819,-1.027605523,225.07999999999996,0,0,0,0,0,1,0,0,0,0,6,0,0,0,0,0,0,0,0,0,0,0,5,0,3,1,0,0,3,0,2,0,0,0,0,0,0,0,0,0,0.5270959309649781,0,0,0,0,-3.74929057,0,0,0,0,0,0,0,0,0,0,0,16.55996163123192,0,-2.904499647,0.0807996346686819,0,0,32.29778947483493,0,8.890354070232316,0,0,0,0,0.1994487319201874,0.8266690744134682,5498.940742846019,0.292137633661511,0.371527982544082,-0.306658017,7,1,8,9,1,0,0,0,2,0.48,0,0,0,0,0,0,0,0,0,0,0,0,0,0,0,0,0,0,0,0,0,0,0,0,1,1,1,0,0,0,0,0,0,0,0,0,0,0,0,0.2,0,0,0,172,214.0499
385,Cc1nc(-c2nonc2N(CC([N+](=O)[O-])([N+](=O)[O-])[N+](=O)[O-])[N+](=O)[O-])no1,0,19,0,0,0,0,2,2,14,0,19,2,8,1,0,0,0,4,0,0,375.1700000000001,0.7234284356288407,-0.339243893,11.22213490488788,0.0029403265936003,-4.156289683,253.64,1,0,1,0,0,0,0,0,0,0,4,0,1,0,0,0,0,0,0,0,0,0,4,1,4,0,0,0,4,0,2,0,0,0,0,1.35336438037872,0,-1.939437594,0,0,0,0,0,0,0,-1.92634027,0,-4.156289683,0,0,0,0,0,0,0,0,0,13.364234693877552,-0.341342593,-7.040899313,0,0,0,44.11441699253929,0,8.874543060279667,0,0,0,0,0.4641456076041848,0.92577572373206,3494.6866548203484,0.9896450561731022,0.335847749020444,-0.277207666,7,5,10,9,1,0,1,0,0,0.4516129032258064,0,0,0,0,0,0,0,0,0,0,0,0,0,0,0,0,0,0,0,0,0,0,0,0,2,0,0,0,0,0,0,0,0,0,0,0,0,0,0,0.3225806451612903,0,0,0,172,94.996666
386,O=[N+]([O-])c1nc(/N=N/c2nc([N+](=O)[O-])nn2Cc2nnn[nH]2)n(Cc2nnn[nH]2)n1,2,22,0,0,0,0,4,4,18,2,22,4,8,0,2,0,0,2,0,0,418.258,0.4927372959744441,-0.389690595,10.976411220087648,0.1401133157834098,-0.834913089,281.34,0,0,2,0,0,0,0,0,0,0,6,0,0,0,0,0,0,0,2,0,0,2,10,0,2,2,0,0,2,0,0,0,0,0,0,0,0,-0.280226632,0,0,0,0,0,0,0,-1.701642309,0,0,0,0,0,0,0,4.896292210929449,0,0,7.484525699168556,35.36658751782898,0,-1.669826178,1.9986448097757616,0,0,21.952822440175296,0,0,0,0,0,0,0.3741921599346491,0.7333736980261507,6556.857932860143,0.8326776790467771,0.6024989360633868,-0.573808511,8,6,4,18,0,0,0,0,2,0.2222222222222222,0,0,0,0,0,0,0,0,0,0,0,0,0,0,0,0,0,0,0,0,0,0,0,0,0,0,0,0,0,0,2,0,0,0,2,0,0,0,0,0.2777777777777778,0,0,0,171,255.9894
387,Nc1nn2c(nn3c(N[N+](=O)[O-])nnc32)c2nc(N[N+](=O)[O-])nn12,4,18,0,0,0,0,4,4,14,3,18,4,4,0,2,1,0,2,0,0,336.192,0.3078861059893099,-0.366432243,10.542621761489006,0.0095698433694471,-0.850210328,226.93,0,0,0,0,0,0,0,0,0,0,3,3,0,0,1,0,0,2,0,0,0,0,6,0,2,3,0,0,2,0,0,0,0,0,0,0,0,0,0,0,0,0,0,0,0,-0.7940135,0.0732726022507779,0,0,5.726000173217434,0,0,3.5884396095827373,0,0,0,0,22.908824143829555,0,-1.689469062,3.1338366087175604,0,0,21.026554712590062,0,0,0,0,0,0,0.3326699944191779,0.6955562697289245,4577.168828022293,0.3703388212079507,0.5830001903674091,-0.475918523,6,4,4,14,2,0,0,0,0,0.2857142857142857,0,0,0,0,0,0,0,0,0,0,0,0,0,1,0,0,0,0,0,0,0,0,0,0,0,0,0,0,0,3,0,0,0,0,0,0,0,0,0,0.75,4,0,0,171,162.31537
388,Nc1c[n+]([O-])nc(N)c1[N+](=O)[O-],4,8,0,0,0,0,1,1,6,2,8,1,1,0,0,2,0,1,0,0,171.116,0.3458413069351325,-0.594307655,10.508888888888889,0.0671296296296295,-0.793981481,135.01,0,0,0,0,0,1,0,0,0,0,3,0,0,0,2,0,0,0,0,0,0,0,1,0,1,1,0,0,1,0,0,0,0,0,0,0,0,0,0,0,0.7723148148148149,0,0,0,0,-1.333703704,0,0,0,10.210185185185184,0,0,0,0,0,0,0,3.0728703703703704,0,-0.793981481,0.0671296296296295,0,0,10.248148148148148,0,0,0,0,0,0,0.3489828608773129,0.7140582625134942,930.5872620085424,0.1449196689940907,0.4090792211131629,-0.701278665,4,5,3,5,0,0,0,0,1,0.2352941176470588,0,0,0,0,0,0,0,0,0,0,1,0,0,0,0,0,0,0,0,0,0,0,0,0,0,0,0,0,0,0,0,0,0,0,0,0,0,0,0,0,1,0,0,325.2,318.21774
389,C=NN/C(N)=N\[N+](=O)[O-],3,7,0,0,0,0,0,0,3,2,7,0,2,0,1,1,0,1,0,0,131.09500000000003,0.2860425453448731,-0.363220965,9.520521541950114,0.3935185185185179,-0.936990741,105.91,0,1,0,0,0,0,0,0,0,1,0,0,0,0,1,0,0,1,0,0,0,2,0,0,1,0,0,0,1,0,0,0,0,0,0,0,2.9634013605442178,0,0,0,0,0,0,0,-0.393518519,0,0,0,0,4.848611111111111,0,0,1.9768055555555557,0,0,0,5.667314814814815,0,0,-0.936990741,0,0,0,9.520521541950114,0,0,0,0,0,0,0.4934594588792367,0.6110448214497928,545.9255607639926,0.3708798352819381,0.5339639192951675,-0.549220031,2,5,2,5,1,0,0,0,0,0.2857142857142857,0,0,0,0,0,0,0,0,0,0,0,0,0,0,0,0,0,0,0,0,0,0,0,0,0,0,0,0,0,0,0,0,0,0,0,0,0,0,0,0,0,0,0,170.9,199.84387
390,O=[N+]([O-])OCn1nnc([N+](=O)[O-])n1,0,11,0,0,0,0,1,1,9,0,11,1,4,0,0,0,0,1,0,0,190.075,0.5143163089978373,-0.389644371,10.004923941798944,0.5842592592592593,-1.074212963,139.11,0,0,1,0,0,0,0,0,0,0,1,0,0,0,0,0,0,0,0,0,0,0,3,0,2,1,0,0,2,1,0,0,0,0,0,0,0,-0.631111111,0,0,0,0,0,0,0,-0.743566704,0,0,0,0,0,0,0,0,0,0,0,9.235299508692366,0,-1.953518519,0.5842592592592593,0,0,19.67838624338624,3.818531746031746,0,0,0,0,0,0.1226188801767638,0.9599142698836284,1705.3882949525637,0.5914838777259173,0.4419308167828488,0,2,2,5,6,0,1,0,0,1,0.5333333333333333,0,0,0,0,0,0,0,0,0,0,0,0,0,0,0,0,0,0,0,0,0,0,0,0,0,0,0,0,0,0,0,0,0,0,0,1,0,0,0,0,1,0,0,170.81,113.43091
391,O=C(NCN(CC([N+](=O)[O-])([N+](=O)[O-])[N+](=O)[O-])[N+](=O)[O-])OCC([N+](=O)[O-])([N+](=O)[O-])[N+](=O)[O-],1,25,0,0,0,0,0,0,16,1,25,0,13,0,1,0,0,7,0,0,461.16900000000027,0.7336921578383258,-0.424190676,11.399777494331063,0.6136753590325008,-4.350536264,343.54999999999995,0,0,3,0,0,0,0,0,0,1,0,0,2,0,0,0,0,1,0,0,0,0,0,1,7,0,0,0,8,1,0,0,0,0,0,0,0,-5.894508456,0,0,0,0,0,0,-2.031773904,0,0,-8.602386106,0,0,0,0,1.2803202947845804,0,0,0,0,0,-0.613675359,-13.92977667,0,0,0,86.49505105814899,3.8681422430083146,0,0,0,0,0,0.1773773410452934,0.948522006433952,9024.111741922026,0.8806815834295789,0.2732187115786186,0.0173472197827694,6,7,16,9,1,0,2,0,0,0.631578947368421,0,0,0,0,0,0,0,0,0,0,0,0,0,0,0,0,0,0,0,0,0,0,0,0,0,0,0,0,0,0,0,0,0,0,0,0,0,0,0,0,0,0,0,170,153.43549
392,O=[N+]([O-])Nc1nnc2nnc(/N=N\c3nnc4nnc(N[N+](=O)[O-])nn34)n2n1,2,22,0,0,0,0,4,4,18,2,22,4,6,0,2,0,0,2,0,0,390.2040000000001,0.3208330360179383,-0.234422196,10.449025609046425,0.1153608510029859,-0.888902626,272.7799999999999,0,0,0,0,0,0,0,0,0,0,4,2,0,0,0,0,0,2,0,0,0,2,10,0,2,2,0,0,2,0,0,0,0,0,0,0,0,0,0,0,0,0,0,0,0,-1.374410777,-0.230721702,0,0,0,0,0,3.409390237010742,0,0,0,7.436980662635424,35.91007715876888,0,-1.777805253,1.8303872366210028,0,0,20.89805121809285,0,0,0,0,0,0,0.1173590887444463,0.9236223318027312,9161.862131993938,0.5810884893901076,0.6458160346895468,-0.369037734,6,2,4,18,2,0,0,0,0,0.2666666666666666,0,0,0,0,0,0,0,0,0,0,0,0,0,0,0,0,0,2,0,0,0,0,0,0,0,0,0,0,0,2,0,0,0,0,0,0,0,0,0,0.7333333333333333,2,0,0,170,106.8181
393,[N-]=[N+]=Nc1c(I)c([N+](=O)[O-])c(I)c([N+](=O)[O-])c1I,0,9,0,0,0,1,0,1,5,0,12,1,3,0,0,0,0,2,2,0,586.8090000000001,0.302916735133957,-0.258239902,10.921323563869992,0.0785185185185186,-0.733114135,135.04000000000002,0,0,0,0,0,0,0,0,0,0,6,0,0,0,0,0,0,0,0,0,0,1,0,0,2,0,0,0,2,0,0,0,0,0,3,0,0,0,0,0,0,0,0,0,0,-0.882557596,0,0,0,0,0,0,0,0,0,0,3.286296296296296,0,0,-1.466228269,0,0,0,21.842647127739983,0,0,0,0,0,4.804337358276644,0.5050623951162113,0.5311193459250614,6489.932208015498,0.4405709300124588,0.1192892406217355,-0.218128897,6,0,4,5,0,0,0,0,2,0.4444444444444444,0,0,1,0,0,0,0,0,0,0,0,0,0,0,0,0,0,0,0,0,0,0,0,0,0,0,0,0,0,0,0,0,0,0,0,0,0,0,0,0,1,0,1,170,268.81555
394,[N-]=[N+]=Nc1nc(OCC([N+](=O)[O-])([N+](=O)[O-])[N+](=O)[O-])nc(OCC([N+](=O)[O-])([N+](=O)[O-])[N+](=O)[O-])n1,0,26,0,0,0,0,1,1,18,0,26,1,13,0,0,0,0,6,0,0,480.17900000000026,0.7336434629628872,-0.438283257,10.872646109101735,1.069149659863945,-4.162386029,364.7299999999999,0,0,2,0,0,0,0,0,0,0,3,0,2,0,0,0,0,0,0,0,0,1,3,0,6,0,0,0,6,2,0,0,0,0,0,0,0,-3.940888842,0,0,0,0,0,0,0,-3.668715986,0,-8.324772058,0,0,0,0,0,0,0,0,2.782585978835979,9.371622260015116,0,-11.58602938,0,0,0,65.23587665461042,8.81051351095994,0,0,0,0,0,0.2465482013222301,0.8701473344388719,9830.48858428913,0.8754567141236254,0.3498695278219163,-0.066641815,7,4,14,12,0,0,2,0,0,0.5405405405405406,0,0,0,0,0,0,0,0,0,0,0,0,0,1,0,0,0,0,0,0,0,0,0,0,0,0,0,0,0,0,0,0,0,0,0,0,0,0,0,0.1621621621621621,1,0,1,169.9,145.22859
395,O=[N+]([O-])/N=c1\[nH]c(Cn2nc([N+](=O)[O-])c([N+](=O)[O-])c2[N+](=O)[O-])no1,1,18,0,0,0,0,2,2,12,1,18,2,6,0,1,0,0,4,0,0,345.1440000000001,0.4981460749160348,-0.357621116,10.979669233434114,0.3138926681783822,-1.413243155,244.55999999999997,0,0,1,0,0,0,0,0,0,0,4,0,0,0,0,0,0,0,1,0,0,1,2,0,4,1,0,0,4,0,1,0,0,0,0,0,0,-0.706619426,0,0,0,0,0,0,0,-4.337078032,0,0,0,0,0,0,0,2.137058767951625,0,0,2.71598403250189,6.427466143864953,0,-4.935730839,0.3199999999999998,0,0,42.74864046242158,0,4.387371189216427,0,0,0,0,0.4049230887922634,0.8366031911778404,3829.650035752912,1.0349503521756112,0.3650650163410054,-0.208608581,6,3,9,9,1,0,0,0,3,0.5925925925925926,0,0,0,0,0,0,0,0,0,0,0,0,0,0,0,0,0,0,0,0,0,0,0,0,1,0,0,1,0,0,0,0,0,0,0,0,0,0,0,0.1851851851851851,0,0,0,169.6,201.63715
396,O=[N+]([O-])C(COc1nc(OCC([N+](=O)[O-])([N+](=O)[O-])[N+](=O)[O-])nc(C([N+](=O)[O-])([N+](=O)[O-])[N+](=O)[O-])n1)([N+](=O)[O-])[N+](=O)[O-],0,32,0,0,0,0,1,1,23,0,32,1,16,0,0,0,0,9,0,0,588.1840000000003,0.7630025607831025,-0.438275274,11.30185862307886,1.9455933484504897,-4.877025463,445.38999999999993,0,0,2,0,0,0,0,0,0,0,3,0,3,0,0,0,0,0,0,0,0,0,3,0,9,0,0,0,9,2,0,0,0,0,0,0,0,-4.734291619,0,0,0,0,0,0,0,-6.214965986,0,-13.88056185,0,0,0,0,0,0,0,0,0,8.18027305366591,0,-19.78107804,0,0,0,99.88149537661712,8.417633692365836,0,0,0,0,0,0.5372628174535028,0.6219908987029217,10837.51961712984,0.9572912396553316,0.2856249064918459,0.0544047440936849,8,4,20,12,0,0,3,0,0,0.6818181818181818,0,0,0,0,0,0,0,0,0,0,0,0,0,1,0,0,0,0,0,0,0,0,0,0,0,0,0,0,0,0,0,0,0,0,0,0,0,0,0,0.1363636363636363,1,0,0,169.5,158.0358
397,O=C(NCC([N+](=O)[O-])([N+](=O)[O-])[N+](=O)[O-])OCC(COC(=O)NCC([N+](=O)[O-])([N+](=O)[O-])[N+](=O)[O-])([N+](=O)[O-])[N+](=O)[O-],2,30,0,0,0,0,0,0,20,2,30,0,16,0,2,0,0,8,0,0,578.2290000000003,0.7169289110702002,-0.433477665,11.633949232585596,1.108610773973224,-4.267847421,421.7799999999999,0,0,4,0,0,0,0,0,0,2,0,0,3,0,0,0,0,2,0,0,0,0,0,0,8,0,0,0,10,2,0,0,0,0,0,0,0,-8.158940827,0,0,0,0,0,0,-4.314473884,0,0,-12.38938697,0,0,0,0,2.217221547946448,0,0,0,0,0,0,-15.92684228,0,0,0,110.43696340343266,8.049727407032602,0,0,0,0,0,0.0977600289982373,0.9864925786697716,19349.886210063865,0.930123170421744,0.2421186069878886,-0.083012094,9,10,20,10,0,0,2,1,0,0.5510204081632653,0,0,0,0,0,0,0,0,0,0,0,0,0,0,0,0,0,0,0,0,0,0,0,0,0,0,0,0,0,0,0,0,0,0,0,0,0,0,0,0,0,0,0,169,243.9361
398,O=C(NC(=O)OCC([N+](=O)[O-])([N+](=O)[O-])[N+](=O)[O-])NC(=O)OCC([N+](=O)[O-])([N+](=O)[O-])[N+](=O)[O-],2,25,0,0,0,0,0,0,17,2,25,0,10,0,2,0,0,6,0,0,474.1640000000002,0.7336924100499541,-0.423882755,11.288999433106577,0.984177295918367,-4.246349078,352.56999999999994,0,0,2,0,0,0,0,0,0,3,0,0,2,0,0,0,0,2,0,0,0,0,0,0,6,0,0,0,9,2,0,0,0,0,0,0,0,-4.276619258,0,0,0,0,0,0,-6.232674871,0,0,-8.492698155,0,0,0,0,1.968354591836734,0,0,0,0,0,0,-12.14327461,0,0,0,97.43906966004393,7.592720604311513,0,0,0,0,0,0.0887630717247621,0.9780357091993648,14491.840710065471,0.8435820348341991,0.2362051948271062,0,7,6,17,8,0,0,2,0,0,0.5263157894736842,0,0,0,0,0,0,0,0,0,0,0,0,0,0,0,0,0,0,0,0,0,0,0,0,0,0,0,0,0,0,0,0,0,0,0,0,0,0,0,0,0,1,0,169,199.7235
399,Nc1nc2c([N+](=O)[O-])cnn2c(N)c1[N+](=O)[O-],4,11,0,0,0,0,2,2,9,2,11,2,2,0,0,2,0,2,0,0,239.15099999999995,0.35236613679847,-0.377765798,10.657527872260015,0.2401851851851848,-0.82875,168.51,0,0,0,0,0,1,0,0,0,0,4,1,0,0,2,0,0,0,0,0,0,0,2,0,2,1,0,0,2,0,0,0,0,0,0,0,0,0,0,0,0.8907331821617537,0,0,0,0,-1.969448224,-0.240185185,0,0,10.77056500377929,0,0,0,0,0,0,0,7.104907407407407,0,-1.564814815,0.7982407407407406,0,0,21.27166761148904,0,0,0,0,0,0,0.2344423128379746,0.7931648086839752,2104.6479781645444,0.1143056320958963,0.4097829404853,-0.702485041,6,5,4,7,0,0,0,0,2,0.3636363636363636,0,0,0,0,0,0,0,0,0,0,1,0,0,0,0,0,0,0,0,0,0,0,0,0,0,1,0,0,0,0,0,0,0,0,0,0,0,0,0,0,2,0,0,325,303.38434
400,O=[N+]([O-])Nc1nc(Nc2nnn[nH]2)c([N+](=O)[O-])cc1[N+](=O)[O-],3,16,0,0,0,0,2,2,11,3,16,2,6,0,3,0,0,3,0,0,312.1620000000001,0.3238131901475268,-0.301927018,10.945375566893423,0.1560128495842778,-1.096279841,220.83,0,0,0,0,0,1,0,0,0,0,5,0,0,0,0,0,0,2,1,0,0,0,4,0,3,0,0,0,3,0,0,0,0,0,0,0,0,0,0,0,0.5188133030990172,0,0,0,0,-3.215533825,0,0,0,0,0,0,3.769817176870748,2.2153009259259258,0,0,0,13.241801303854876,0,-3.102542674,0,0,0,32.20283856135047,0,0,0,0,0,0,0.4146860248475477,0.6142630329502722,3446.3333168286363,0.3574591256128541,0.4484850814641116,-0.410043503,6,4,6,10,1,0,0,0,2,0.4615384615384615,0,0,0,0,0,0,0,1,0,0,0,0,0,0,0,0,0,0,0,0,0,0,0,0,0,0,0,0,0,0,0,0,0,0,1,0,0,0,0,0.1923076923076923,0,0,0,169,183.37265
401,[N-]=[N+]=Nc1c([N+](=O)[O-])c([N+](=O)[O-])nn1CN(Cn1nc([N+](=O)[O-])c([N+](=O)[O-])c1N=[N+]=[N-])[N+](=O)[O-],0,26,0,0,0,0,2,2,16,0,26,2,11,0,0,0,0,5,0,0,484.2220000000002,0.4678305931450106,-0.357561935,11.47240488788108,0.0062585034013604,-1.434414506,352.1,0,0,2,0,0,0,0,0,0,0,6,0,0,0,0,0,0,0,0,0,0,2,2,1,5,2,0,0,5,0,0,0,0,0,0,0,0,-2.485721372,0,0,0,0,0,0,0,-7.887388435,0,0,0,0,0,0,0,0,0,0,5.759876045204328,6.376397077349458,-0.006258503,-6.577763487,0.3856075207860923,0,0,55.88239530480374,0,0,0,0,0,0,0.5447611133043527,0.8747788056999573,5529.518781486527,1.1939369869611915,0.4625977340971701,-0.264341562,8,4,10,16,1,0,0,0,4,0.5263157894736842,0,0,0,0,0,0,0,0,0,0,0,0,0,0,0,0,0,0,0,0,0,0,0,0,0,0,2,0,0,0,0,0,0,0,0,0,0,0,0,0,0,0,2,169,215.51083
402,O=[N+]([O-])C(COc1nc(OCC([N+](=O)[O-])([N+](=O)[O-])[N+](=O)[O-])nc(OCC([N+](=O)[O-])([N+](=O)[O-])[N+](=O)[O-])n1)([N+](=O)[O-])[N+](=O)[O-],0,33,0,0,0,0,1,1,24,0,33,1,18,0,0,0,0,9,0,0,618.2100000000003,0.733643478810376,-0.438211724,11.02489613460934,1.6594968820861669,-4.398134602,454.6199999999999,0,0,3,0,0,0,0,0,0,0,3,0,3,0,0,0,0,0,0,0,0,0,3,0,9,0,0,0,9,3,0,0,0,0,0,0,0,-6.6840625,0,0,0,0,0,0,0,-4.978490646,0,-13.19440381,0,0,0,0,0,0,0,0,0,8.884270124716554,0,-18.73018991,0,0,0,99.22406521148405,13.004746315192744,0,0,0,0,0,0.3943958305854853,0.722023245681087,14951.24048344475,0.9398816814503252,0.2717523171737757,0,9,6,21,12,0,0,3,0,0,0.625,0,0,0,0,0,0,0,0,0,0,0,0,0,1,0,0,0,0,0,0,0,0,0,0,0,0,0,0,0,0,0,0,0,0,0,0,0,0,0,0.125,1,0,0,168.8,189.61154
403,O=[N+]([O-])/N=c1/[nH]nc(-c2n[nH]nc2[N+](=O)[O-])[nH]1,3,13,0,0,0,0,2,2,7,3,13,2,3,0,3,0,0,2,0,0,241.127,0.420989288,-0.357684221,10.54027903754094,0.0916203703703699,-0.953370103,184.68,0,0,0,0,0,0,0,0,0,0,3,0,0,0,0,0,0,0,3,0,0,1,3,0,2,0,0,0,2,0,0,0,0,0,0,0,0,0,0,0,0,0,0,0,0,-0.831017574,0,0,0,0,0,0,0,6.561759023053666,0,0,2.8848715041572186,10.33490662005543,0,-1.725522093,0,0,0,20.608659611992945,0,0,0,0,0,0,0.1758689091253905,0.8474260864114644,2520.1358737772293,0.2381193415156909,0.5225462100884595,-0.364952909,4,3,4,9,1,0,0,0,1,0.4,0,0,0,0,0,0,0,0,0,0,0,0,0,0,0,0,0,0,0,0,0,0,0,0,0,0,0,0,0,1,1,0,0,0,0,0,0,0,0,0.25,0,0,0,168.45,198.62857
404,O=[N+]([O-])C(CNc1nc(-c2nonc2NCC([N+](=O)[O-])([N+](=O)[O-])[N+](=O)[O-])n[nH]1)([N+](=O)[O-])[N+](=O)[O-],3,26,0,0,0,0,2,2,19,3,26,2,13,0,3,0,0,6,0,0,493.22200000000026,0.7168289003783878,-0.34461418,10.959821634251682,0.5441334404132021,-3.917785089,363.39,0,0,2,0,0,0,0,0,0,0,4,0,2,0,0,0,0,2,1,0,0,0,4,0,6,0,0,0,6,0,1,0,0,0,0,0,0,-3.053970684,0,0,0,0,0,0,0,-2.350743496,0,-7.800673558,0,0,0,0,3.823554294230701,2.0357245606575964,0,0,0,13.549928158686953,0,-10.57950477,0,0,0,65.6160318784712,0,4.310288401173141,0,0,0,0,0.1382801411732034,0.9457767685667549,12340.665063698252,0.7876714681124807,0.3690021937383165,-0.210858396,8,7,13,13,0,0,2,0,0,0.4878048780487805,0,0,0,0,0,0,0,0,0,0,0,0,0,0,0,0,0,0,0,0,0,0,0,0,1,0,0,0,0,1,0,0,0,0,0,0,0,0,0,0.2439024390243902,0,0,0,168.01,161.74153
405,O=C(OCCC([N+](=O)[O-])([N+](=O)[O-])[N+](=O)[O-])C(=O)OCC([N+](=O)[O-])([N+](=O)[O-])[N+](=O)[O-],0,22,0,0,0,0,0,0,16,0,22,0,11,0,0,0,0,6,0,0,430.1510000000002,0.7336489750590264,-0.456288336,11.249004157218444,1.4844002739984878,-4.269896147,311.43999999999994,0,0,3,0,0,0,0,0,0,2,0,0,2,0,0,0,0,0,0,0,0,0,0,0,6,0,0,0,8,2,0,0,0,0,0,0,0,-5.347282218,0,0,0,0,0,0,-4.507664872,0,0,-8.309390744,0,0,0,0,0,0,0,0,0,0,0,-11.86316421,0,0,0,86.10001082446294,7.658299083522298,0,0,0,0,0,0.127508380395198,0.9862290479493344,9468.720964286877,0.859622389230336,0.1952802620475135,-0.03719624,7,6,16,6,0,0,2,0,0,0.5714285714285714,0,0,0,0,0,0,0,0,0,0,0,0,0,0,0,0,0,0,0,0,0,0,0,0,0,0,0,0,0,0,0,0,0,0,0,0,0,0,0,0,0,0,0,168,154.51215
406,Nc1nc([N+](=O)[O-])nn1-c1n[n+]([O-])c(N)[n+]([O-])n1,4,14,0,0,0,0,2,2,11,2,14,2,2,0,0,2,0,1,0,0,256.142,0.5812826036947867,-0.653629537,11.069455309901738,0.2338425925925924,-0.916010802,205.55,0,0,0,0,0,0,0,0,0,0,4,0,0,0,2,0,0,0,0,0,0,0,4,0,1,3,0,0,1,0,0,0,0,0,0,0,0,0,0,0,0,0,0,0,0,-2.728212186,0,0,0,10.311916414714034,0,0,0,0,0,0,0,12.966289210128496,0,-0.916010802,0.088240740740741,0,0,10.402766334929034,0,0,0,0,0,0,0.1861241145206141,0.823551554866411,2866.1509064687903,0.1869355625125105,0.5465718234416845,-0.374792108,4,4,4,10,0,0,0,0,1,0.1818181818181818,0,0,0,0,0,0,0,0,0,0,0,0,0,0,0,0,0,1,0,0,0,0,0,0,0,0,0,0,0,0,1,0,0,0,0,0,0,0,0,0.2727272727272727,0,0,0,168,278.15002
407,O=c1nc(OCC([N+](=O)[O-])([N+](=O)[O-])[N+](=O)[O-])nc(OCC([N+](=O)[O-])([N+](=O)[O-])[N+](=O)[O-])[nH]1,1,24,0,0,0,0,1,1,17,1,24,1,12,0,1,0,0,6,0,0,455.16500000000025,0.7336434788127054,-0.439593777,11.393443877551022,1.2510794595616015,-4.147828875,335.93999999999994,0,0,2,0,0,0,0,0,0,0,2,0,2,0,0,0,0,0,1,0,0,0,2,0,6,0,0,0,7,2,0,0,0,0,0,0,0,-3.916122685,0,0,0,0,0,0,0,-2.595908919,0,-8.285861832,0,0,0,0,0,1.553066184807256,0,0,0,5.919821900982615,0,-11.58185114,0,0,0,76.09256822242213,8.640332105064246,0,0,0,0,0,0.1566126429859435,0.949687443905525,8560.230068335233,0.8686565016799709,0.2768226906726131,-0.052728132,7,5,15,9,0,0,2,0,0,0.5555555555555556,0,0,0,0,0,0,0,0,0,0,0,0,0,1,0,0,0,0,0,0,0,0,0,0,0,0,0,0,0,0,0,0,0,0,0,0,0,0,0,0.1666666666666666,1,0,0,167.6,147.95644
408,O=C(O)CN(CC([N+](=O)[O-])([N+](=O)[O-])[N+](=O)[O-])[N+](=O)[O-],1,15,0,0,0,0,0,0,9,1,15,0,8,0,0,0,0,4,0,0,283.10900000000004,0.72286945188937,-0.47976325,10.47377409297052,0.5032407407407407,-4.1225,213.1,0,0,2,0,0,0,0,0,0,1,0,0,1,0,0,0,0,0,0,0,0,0,0,1,4,0,0,1,5,0,0,0,0,0,0,0,0,-3.427013889,0,0,0,0,0,0,-1.846626039,0,0,-4.1225,0,0,0,0,0,0,0,0,0,0,-0.503240741,-7.331923186,0,0,8.289759070294785,52.05605583900227,0,0,0,0,0,0,0.519666364231274,0.7635286951366639,1770.6755380226307,0.8929469632793618,0.2472545909879234,-0.028257668,4,5,10,5,1,0,1,0,0,0.5833333333333334,0,0,0,0,0,0,0,0,0,0,0,0,0,0,0,0,0,0,0,0,0,0,0,0,0,0,0,0,0,0,0,0,0,0,0,0,0,0,0,0,0,0,0,167,127.69344
409,Nn1nc(-n2cnc([N+](=O)[O-])n2)nc1[N+](=O)[O-],2,13,0,0,0,0,2,2,11,1,13,2,3,0,0,1,0,2,0,0,241.127,0.4909658974210825,-0.389718736,10.428550012597633,0.2918518518518516,-0.859284455,173.72,0,0,0,0,0,1,0,0,0,0,3,0,0,0,1,0,0,0,0,0,0,0,4,0,2,2,0,0,2,0,0,0,0,0,0,0,0,0,0,0,0.9416591080876792,0,0,0,0,-1.695391156,0,0,0,5.152240173847317,0,0,0,0,0,0,0,13.584648526077096,0,-1.688299635,1.2195833333333332,0,0,20.74277982489292,0,0,0,0,0,0,0.1159465296286572,0.8862623661342288,2912.525841055923,0.0568240631364406,0.5225462100884595,-0.364952909,4,3,4,9,0,0,0,0,2,0.4,0,0,0,0,0,0,0,0,0,0,0,0,0,0,0,0,0,0,0,0,0,0,0,0,0,0,0,0,0,0,2,0,0,0,0,0,0,0,0,0,0,0,0,167,271.01343
410,O=[N+]([O-])c1cc([N+](=O)[O-])c2n[n+]3[n-]c4c([N+](=O)[O-])c(Cl)c([N+](=O)[O-])cc4n3c2c1,0,16,0,0,0,2,2,4,10,0,17,4,4,0,0,0,0,4,4,2,422.6570000000001,0.3109129026511387,-0.258305549,11.400658803644916,0.2089644746787595,-0.974447279,208.06,0,0,0,0,0,3,0,0,0,0,5,4,0,0,0,0,0,0,0,0,0,0,2,0,4,2,0,0,4,0,0,0,1,0,0,0,0,0,0,0,2.491540112958763,0,0,0,0,-3.822370279,-1.158491119,0,0,0,0,0,0,0,0,0,0,7.684616402116402,0,-3.705189804,1.652886117409927,0,0,45.092430039764096,0,0,0,5.783259601471782,0,0,0.2402373091295493,0.7655072064513876,7824.42066000658,0.1180850189119242,0.2649902876327612,-0.662475719,12,3,8,8,0,0,0,0,4,0.5,0,0,2,0,0,0,0,0,0,0,0,0,0,0,0,0,0,0,0,0,0,0,0,0,0,0,0,0,0,2,0,0,0,0,0,0,0,0,0,0.3125,4,0,0,324.5,251.63464
411,O=[N+]([O-])n1cnc(-c2nc(/N=N/c3n[nH]c(-c4ncn([N+](=O)[O-])n4)n3)n[nH]2)n1,2,20,0,0,0,0,4,4,16,2,20,4,6,0,2,0,0,2,0,0,388.22800000000007,0.3386221968341154,-0.338793083,10.575170547027469,0.0275424963883381,-0.779874003,255.55999999999997,0,0,0,0,0,2,0,0,0,0,6,0,0,0,0,0,0,0,2,0,0,2,8,0,2,2,0,0,2,0,0,0,0,0,0,0,0,0,0,0,1.782726777265502,0,0,0,0,-0.374842583,0,0,0,0,0,0,0,4.887919027372421,0,0,7.362080183925422,29.79067785768085,0,-1.559748006,0.8105045550432797,0,0,21.150341094054937,0,0,0,0,0,0,0.1402400823620572,0.8597599442599915,12004.61644950328,0.0005639763683141,0.576980537210093,-0.576980537,8,4,4,16,2,0,0,0,0,0.25,0,0,0,0,0,0,0,0,0,0,0,0,0,0,0,0,0,0,0,0,0,0,0,0,0,0,0,0,0,2,2,0,0,0,0,0,0,0,0,0.3125,0,0,0,166,137.4998
412,O=[N+]([O-])c1nc(-c2nc([N+](=O)[O-])nn2C([N+](=O)[O-])[N+](=O)[O-])n(C([N+](=O)[O-])[N+](=O)[O-])n1,0,24,0,0,0,0,2,2,18,0,24,2,9,0,0,0,0,6,0,0,434.15400000000017,0.5677220758316762,-0.389691149,10.99064484126984,0.3617819349962206,-3.115677438,320.25999999999993,0,0,0,0,0,0,2,0,0,0,4,0,0,0,0,0,0,0,0,0,0,0,4,0,6,2,0,0,6,0,0,0,0,0,0,0,0,0,0,0,0,-6.231354875,0,0,0,-5.798038549,0,0,0,0,0,0,0,0,0,0,0,11.916931216931218,0,-9.230986395,-0.72356387,0,0,65.70017290249433,0,0,0,0,0,0,0.5604565254032882,0.7045166364642554,4789.068356022719,0.90116092227954,0.3869594659959368,-0.036853282,6,2,12,12,0,0,0,2,2,0.6875,0,0,0,0,0,0,0,0,0,0,0,0,0,0,0,0,0,0,0,0,0,0,0,0,0,0,0,0,0,0,2,0,0,0,0,0,0,0,0,0,0,0,0,166,141.46204
413,O=[N+]([O-])C(F)(c1nonc1/N=N\c1nonc1C(F)([N+](=O)[O-])[N+](=O)[O-])[N+](=O)[O-],0,20,0,0,0,0,2,2,16,0,22,2,8,0,0,0,0,4,0,0,410.1220000000002,0.6673139561019111,-0.255554206,14.061769428463151,1.3504497354497351,-4.592481576,275.11999999999995,0,0,0,0,0,0,0,0,0,0,4,0,2,0,0,0,0,0,0,0,0,2,4,0,4,0,0,0,4,0,2,2,0,0,0,0,0,0,0,0,0,0,0,0,0,-6.146606303,0,-9.184963152,0,0,0,0,0,0,0,0,5.733559145880575,10.766109615142351,0,-8.108328856,0,0,0,42.6082899565295,0,7.766777447089947,28.123538856926302,0,0,0,0.2769384923840123,0.9508488958616832,5196.810926979926,0.961845023462271,0.3413618386723949,-0.078025563,6,0,10,10,0,0,0,2,0,0.5,0,0,0,0,0,0,0,0,0,0,0,0,0,0,0,0,0,0,0,0,0,0,0,0,2,0,0,0,0,0,0,0,0,0,0,0,0,0,0,0.3571428571428571,0,1,0,166,108.64113
414,O=[N+]([O-])C(F)(c1nonc1/N=N/c1nonc1C(F)([N+](=O)[O-])[N+](=O)[O-])[N+](=O)[O-],0,20,0,0,0,0,2,2,16,0,22,2,8,0,0,0,0,4,0,0,410.1220000000002,0.6673139561019111,-0.255554206,14.061769428463151,1.3504497354497351,-4.592481576,275.11999999999995,0,0,0,0,0,0,0,0,0,0,4,0,2,0,0,0,0,0,0,0,0,2,4,0,4,0,0,0,4,0,2,2,0,0,0,0,0,0,0,0,0,0,0,0,0,-6.146606303,0,-9.184963152,0,0,0,0,0,0,0,0,5.733559145880575,10.766109615142351,0,-8.108328856,0,0,0,42.6082899565295,0,7.766777447089947,28.123538856926302,0,0,0,0.3441888971233375,0.8227226592497204,4530.834484304148,0.6544128742882137,0.3413618386723949,-0.078025563,6,0,10,10,0,0,0,2,0,0.5,0,0,0,0,0,0,0,0,0,0,0,0,0,0,0,0,0,0,0,0,0,0,0,0,2,0,0,0,0,0,0,0,0,0,0,0,0,0,0,0.3571428571428571,0,0,0,166,102.183754
415,O=[N+]([O-])/N=c1\[nH]nc(N[N+](=O)[O-])c2nc[nH]c12,3,12,0,0,0,0,2,2,6,3,12,2,3,0,3,0,0,2,0,0,240.139,0.246212130180206,-0.341194302,10.267875409423027,0.070416666666667,-0.922225687,168.03,0,0,0,0,0,1,0,0,0,0,1,2,0,0,0,0,0,1,2,0,0,1,2,0,2,0,0,0,2,0,0,0,0,0,0,0,0,0,0,0,1.212577475434618,0,0,0,0,-0.172640779,0.2102777777777782,0,0,0,0,0,1.800227229780801,4.770308012093726,0,0,3.01536186696901,7.265855064247921,0,-1.747016566,0,0,0,20.49780368165785,0,0,0,0,0,0,0.1981407776473897,0.8502030009089748,2287.826606276761,0.293742516630664,0.4663965453341606,-0.533024623,5,4,4,8,2,0,0,0,0,0.3809523809523809,0,0,0,0,0,0,0,0,0,1,0,0,0,0,0,0,0,0,0,0,0,0,0,0,1,0,0,0,0,0,0,0,0,0,0,0,0,0,0,0.5238095238095238,2,0,0,166,114.70907
416,[N-]=[N+]=Nc1nnnn1CCO[N+](=O)[O-],0,11,0,0,0,0,1,1,8,0,11,1,5,0,0,0,0,0,0,0,200.118,0.294062406375608,-0.311945386,9.778886684303352,0.0300925925925925,-0.932945169,144.73000000000002,0,0,2,0,0,0,0,0,0,0,1,0,0,0,0,0,0,0,0,0,0,1,3,0,1,1,0,0,1,1,0,0,0,0,0,0,0,-0.186188587,0,0,0,0,0,0,0,-0.069955593,0,0,0,0,0,0,0,0,0,0,3.1463803854875283,9.990652872260016,0,-0.932945169,1.086527777777778,0,0,9.778886684303352,4.019336026077098,0,0,0,0,0,0.3948210798255829,0.7516216732053504,1414.939577657141,0.7558647595346525,0.5596697948210554,-0.399764139,3,4,3,8,0,1,0,0,0,0.2222222222222222,0,0,0,0,0,0,0,0,0,0,0,0,0,0,0,0,0,0,0,0,0,0,0,0,0,0,0,0,0,0,0,0,0,0,1,0,0,0,0,0.2777777777777778,1,0,1,166,119.912575
417,[N-]=[N+]=Nc1nn2nnc([N+](=O)[O-])c2nc1N,2,12,0,0,0,0,2,2,9,1,12,2,2,0,0,1,0,1,0,0,222.128,0.4389486744185292,-0.381882629,10.497135928445452,0.2227872260015113,-0.774119583,173.89,0,0,0,0,0,0,0,0,0,0,3,1,0,0,1,0,0,0,0,0,0,1,4,0,1,1,0,0,1,0,0,0,0,0,0,0,0,0,0,0,0,0,0,0,0,-1.044272959,-0.222787226,0,0,5.370976946334089,0,0,0,0,0,0,3.1339266817838247,13.79254865835223,0,-0.774119583,0.7624074074074072,0,0,10.497135928445452,0,0,0,0,0,0,0.1884292925103441,0.8290806693812789,1974.8395855573656,0.2181234452051035,0.6302672333069221,-0.504213787,4,2,2,10,0,0,0,0,1,0.2222222222222222,0,0,0,0,0,0,0,0,0,0,0,0,0,1,0,0,0,0,0,0,0,0,0,0,0,0,0,0,0,0,1,0,0,0,0,0,0,0,0,0.3333333333333333,2,0,1,166,261.36115
418,[N-]=[N+]=Nc1c([N+](=O)[O-])nn(CN(Cn2nc([N+](=O)[O-])c(N=[N+]=[N-])c2[N+](=O)[O-])[N+](=O)[O-])c1[N+](=O)[O-],0,26,0,0,0,0,2,2,16,0,26,2,11,0,0,0,0,5,0,0,484.2220000000002,0.4297263520680608,-0.357792244,11.451045288485764,0.0724557508188459,-1.34068045,352.0999999999999,0,0,2,0,0,0,0,0,0,0,6,0,0,0,0,0,0,0,0,0,0,2,2,1,5,2,0,0,5,0,0,0,0,0,0,0,0,-2.653244048,0,0,0,0,0,0,0,-7.725252981,0,0,0,0,0,0,0,0,0,0,5.590377559477765,6.355838078267732,-0.076201814,-6.461427471,0.1449115016376918,0,0,56.22663057160637,0,0,0,0,0,0,0.3487710406435553,0.8770452772682129,7018.986202027214,1.1606090745346198,0.4625977340971701,-0.264341562,8,4,10,16,1,0,0,0,4,0.5263157894736842,0,0,0,0,0,0,0,0,0,0,0,0,0,0,0,0,0,0,0,0,0,0,0,0,0,0,2,0,0,0,0,0,0,0,0,0,0,0,0,0,0,0,2,166,214.57953
419,O=[N+]([O-])N1C2NC(C(F)(F)F)(C(F)(F)F)N([N+](=O)[O-])C2NC1(C(F)(F)F)C(F)(F)F,2,10,0,2,2,0,0,0,6,2,22,2,2,0,2,0,0,2,0,0,476.134,0.4397988330114942,-0.246093204,13.228849914965986,0.1641435185185185,-6.7859786,116.82000000000002,0,0,0,0,0,0,2,0,0,0,0,0,6,0,0,0,0,2,0,0,0,0,0,2,2,0,0,0,2,0,0,12,0,0,0,0,0,0,0,0,0,-7.533518519,0,0,0,0,0,-38.88706822,0,0,0,0,0.3282870370370374,0,0,0,0,0,-4.096435185,-5.153569539,0,0,0,21.881386054421768,0,0,158.74619897959187,0,0,0,0.4195916025545255,0.9500876224066168,4467.053058201203,1.0302472356302066,0.1764209235215296,-0.470455796,8,4,4,6,2,0,0,0,0,0.2352941176470588,0,0,0,0,0,0,0,0,0,0,0,0,0,0,0,0,0,0,0,0,0,0,0,0,0,2,0,0,0,0,0,0,0,0,0,0,0,0,0,0,2,0,0,165,73.5819
420,O=[N+]([O-])C(c1ncon1)[N+](=O)[O-],0,9,0,0,0,0,1,1,7,0,9,1,3,0,0,0,0,2,0,0,174.072,0.5124313831395247,-0.342220747,10.081574074074076,0.5648148148148147,-2.149305556,125.20000000000002,0,0,0,0,0,1,1,0,0,0,1,0,0,0,0,0,0,0,0,0,0,0,2,0,2,0,0,0,2,0,1,0,0,0,0,0,0,0,0,0,0.7870370370370372,-2.149305556,0,0,0,-0.564814815,0,0,0,0,0,0,0,0,0,0,0,6.187592592592592,0,-2.212592593,0,0,0,20.163148148148142,0,4.125787037037037,0,0,0,0,0.4719596370705896,0.8210254312441173,769.3512557486519,0.6994916244975498,0.3217059607518728,-0.183831978,3,2,5,4,0,0,0,1,0,0.5,0,0,0,0,0,0,0,0,0,0,0,0,0,0,0,0,0,0,0,0,0,0,0,0,1,0,0,0,0,0,0,0,0,0,0,0,0,0,0,0.3571428571428571,1,0,0,165,203.89287
421,Nc1c([N+](=O)[O-])c(N)c([N+](=O)[O-])c(N)c1[N+](=O)[O-],6,12,0,0,0,1,0,1,9,3,12,1,3,0,0,3,0,3,3,0,258.15,0.3286999771199757,-0.387349179,10.66307634164777,0.9253703703703702,-1.148703704,207.48,0,0,0,0,0,0,0,0,0,0,6,0,0,0,3,0,0,0,0,0,0,0,0,0,3,0,0,0,3,0,0,0,0,0,0,0,0,0,0,0,0,0,0,0,0,-6.102222222,0,0,0,15.569875283446711,0,0,0,0,0,0,0,0,0,-3.446111111,0,0,0,31.98922902494331,0,0,0,0,0,0,0.5470103996980229,0.5475959402150066,2100.204650354488,0.3151588444941825,0.3253922138291691,-0.557815224,6,6,6,6,0,0,0,0,3,0.5,0,0,0,1,0,0,0,0,0,0,0,0,0,0,0,0,0,0,0,0,0,0,0,0,0,0,0,0,0,0,0,0,0,0,0,0,0,0,0,0,1,1,0,324,334.6079
422,Nn1nc([N+](=O)[O-])nc1[N+](=O)[O-],2,10,0,0,0,0,1,1,8,1,10,1,2,0,0,1,0,2,0,0,174.076,0.5103778103433789,-0.389689384,10.037314814814817,0.2342592592592591,-0.975833333,143.01000000000002,0,0,0,0,0,0,0,0,0,0,2,0,0,0,1,0,0,0,0,0,0,0,2,0,2,1,0,0,2,0,0,0,0,0,0,0,0,0,0,0,0,0,0,0,0,-1.772314815,0,0,0,4.877037037037037,0,0,0,0,0,0,0,5.911481481481482,0,-1.948055556,0.2342592592592591,0,0,20.015462962962964,0,0,0,0,0,0,0.240537446834458,0.7651948960338588,1092.3557816455188,0.0779418395785955,0.4825478526620557,-0.091913877,2,2,4,6,0,0,0,0,2,0.5714285714285714,0,0,0,0,0,0,0,0,0,0,0,0,0,0,0,0,0,0,0,0,0,0,0,0,0,0,0,0,0,0,0,1,0,0,0,0,0,0,0,0,1,0,0,165,223.7766
423,Nc1nnnn1NCC(F)([N+](=O)[O-])[N+](=O)[O-],3,12,0,0,0,0,1,1,10,2,13,1,5,0,1,1,0,2,0,0,236.123,0.6326973381549593,-0.365171492,13.177334656084655,0.3249574829931967,-3.876597222,167.93000000000004,0,0,1,0,0,0,0,0,0,0,1,0,1,0,1,0,0,1,0,0,0,0,3,0,2,1,0,0,2,0,0,1,0,0,0,0,0,-1.275555556,0,0,0,0,0,0,0,-0.324957483,0,-3.876597222,0,5.124305555555555,0,0,1.8934259259259256,0,0,0,0,9.33245559334845,0,-3.360024565,0.5707638888888891,0,0,20.327757936507936,0,0,13.177334656084655,0,0,0,0.2526624636986073,0.917360586396416,1966.845746951664,0.5573946631703061,0.4743290573133493,-0.304925823,3,5,4,8,0,0,0,1,0,0.3333333333333333,0,0,0,0,0,0,0,0,0,0,0,0,0,0,0,0,0,0,0,0,0,0,0,0,0,0,0,0,0,0,0,0,0,0,1,0,0,0,0,0.238095238095238,1,0,0,165,105.932144
424,CN(Cn1nc([N+](=O)[O-])nc1[N+](=O)[O-])[N+](=O)[O-],0,13,0,0,0,0,1,1,9,0,13,1,5,0,0,0,0,3,0,0,247.127,0.5079967875648043,-0.389743187,10.480285336356763,0.4592592592592592,-1.032083333,163.37000000000003,1,0,1,0,0,0,0,0,0,0,2,0,0,0,0,0,0,0,0,0,0,0,2,1,3,1,0,0,3,0,0,0,0,0,0,1.0250387377173091,0,-0.634768519,0,0,0,0,0,0,0,-1.93162226,0,0,0,0,0,0,0,0,0,0,0,6.198077286470143,0.4636961451247163,-2.90209845,0.4592592592592592,0,0,31.077875566893425,0,0,0,0,0,0,0.2597619167742274,0.8433149474180803,2178.1732134672657,0.7590447979973919,0.3965572357532766,-0.291348173,4,5,6,7,1,0,0,0,2,0.5454545454545454,0,0,0,0,0,0,0,0,0,0,0,0,0,0,0,0,0,0,0,0,0,0,0,0,0,0,0,0,0,0,0,1,0,0,0,0,0,0,0,0,1,0,0,165,149.67554
425,CN(Cn1nc([N+](=O)[O-])c(N)c1[N+](=O)[O-])[N+](=O)[O-],2,13,0,0,0,0,1,1,9,1,13,1,5,0,0,1,0,3,0,0,261.154,0.4431490466522779,-0.384623304,10.683618669690098,0.4614739229024942,-1.008935185,176.5,1,0,1,0,0,0,0,0,0,0,3,0,0,0,1,0,0,0,0,0,0,0,1,1,3,1,0,0,3,0,0,0,0,0,0,1.0212594482237338,0,-0.651435185,0,0,0,0,0,0,0,-2.531855631,0,0,0,5.202790060468631,0,0,0,0,0,0,0,3.2576851851851854,0.4614739229024942,-2.859581444,0.4824074074074074,0,0,31.55862811791383,0,0,0,0,0,0,0.2875490301706309,0.802084991035402,2398.76101126732,0.7071172285100442,0.3752575108939555,-0.459498993,5,7,6,7,1,0,0,0,2,0.48,0,0,0,0,0,0,0,0,0,0,0,0,0,0,0,0,0,0,0,0,0,0,0,0,0,0,1,0,0,0,0,0,0,0,0,0,0,0,0,0,1,0,0,165,209.13922
426,O=C(CCN(CC([N+](=O)[O-])([N+](=O)[O-])[N+](=O)[O-])[N+](=O)[O-])OCC([N+](=O)[O-])([N+](=O)[O-])[N+](=O)[O-],0,24,0,0,0,0,0,0,16,0,24,0,14,0,0,0,0,7,0,0,460.18100000000027,0.7336360293488364,-0.440679776,11.51088860544218,0.5025642479213897,-4.310536264,331.52,0,0,4,0,0,0,0,0,0,1,0,0,2,0,0,0,0,0,0,0,0,0,0,1,7,0,0,0,8,1,0,0,0,0,0,0,0,-6.831586121,0,0,0,0,0,0,-1.781773904,0,0,-8.522386106,0,0,0,0,0,0,0,0,0,0,-0.502564248,-13.70061,0,0,0,86.76861114885197,3.979253354119425,0,0,0,0,0,0.2656842337088825,0.8817337619201145,6796.3950461368,0.9531204256098752,0.243382495148648,-0.069537856,7,8,16,8,1,0,2,0,0,0.6153846153846154,0,0,0,0,0,0,0,0,0,0,0,0,0,0,0,0,0,0,0,0,0,0,0,0,0,0,0,0,0,0,0,0,0,0,0,0,0,0,0,0,0,0,0,164,137.4048
427,O=C(c1nc([N+](=O)[O-])nn1C([N+](=O)[O-])([N+](=O)[O-])[N+](=O)[O-])c1nc([N+](=O)[O-])nn1C([N+](=O)[O-])([N+](=O)[O-])[N+](=O)[O-],0,31,0,0,0,0,2,2,23,0,31,2,12,0,0,0,0,8,0,0,552.1580000000002,0.8348107716977669,-0.38969113,12.961296296296297,1.2455555555555553,-5.060081885,423.6099999999999,0,0,0,0,0,0,0,0,0,1,4,0,2,0,0,0,0,0,0,0,0,0,4,0,8,2,0,0,9,0,0,0,0,0,0,0,0,0,0,0,0,0,0,0,-2.628657407,-8.634770618,0,-10.12016377,0,0,0,0,0,0,0,0,0,10.279408856135046,0,-17.69330971,-2.491111111,0,0,103.04161669606113,0,0,0,0,0,0,0.5759781111374125,0.6760364283195014,6443.769305241866,0.972283876724017,0.3549708597901324,0.0869316391322773,7,0,17,14,0,0,2,0,2,0.7368421052631579,0,0,0,0,0,0,0,0,0,0,0,0,0,0,0,0,0,0,0,0,0,0,0,0,0,0,0,0,0,0,2,0,0,0,0,0,0,0,0,0,0,0,0,164,124.16745
428,O=[N+]([O-])C(=C1NCN([N+](=O)[O-])CN1)[N+](=O)[O-],2,12,0,1,1,0,0,0,8,2,12,1,3,0,2,0,0,3,0,0,234.128,0.5988970664798821,-0.337936304,10.334147297808013,0.3606018518518517,-1.27500189,156.72000000000003,0,0,2,0,0,0,0,0,0,2,0,0,0,0,0,0,0,2,0,0,0,0,0,1,3,0,0,0,3,0,0,0,0,0,0,0,0,-0.721203704,0,0,0,0,0,0,-1.725835223,0,0,0,0,0,0,0,4.365462962962963,0,0,0,0,0,0.6537811791383219,-3.108055556,0,0,0,30.934591836734693,0,0,0,0,0,0,0.200032031735907,0.8369988543777652,2202.951771643144,0.4400909636552974,0.3587781042848355,-0.341693433,4,6,6,6,1,0,0,1,0,0.5,0,0,0,0,0,0,0,0,0,0,0,0,0,0,1,0,0,0,0,0,0,0,0,0,0,0,0,0,0,0,0,0,0,0,0,0,0,0,0,0,1,1,0,164,153.74994
429,O=[N+]([O-])N(CCN(c1nonc1-c1nnn[nH]1)[N+](=O)[O-])c1nonc1-c1nnn[nH]1,2,22,0,0,0,0,4,4,16,2,22,4,9,0,2,0,0,2,0,0,422.2420000000002,0.267593260851629,-0.24139788,11.536081583893631,0.0647785016210338,-0.867774235,279.5199999999999,0,0,2,0,0,0,0,0,0,0,6,0,0,0,0,0,0,0,2,0,0,0,10,2,2,0,0,0,2,0,2,0,0,0,0,0,0,-1.143424981,0,0,0,0,0,0,0,-1.267218112,0,0,0,0,0,0,0,4.693514447033358,0,0,0,34.35873381072807,0.9048439468379944,-1.735548469,0,0,0,23.072163167787267,0,9.044773022258592,0,0,0,0,0.3632168515013098,0.8325168586154565,5010.965695455539,0.9204784765453078,0.5305014659839618,-0.492608504,8,6,6,16,2,0,0,0,0,0.2222222222222222,0,0,0,0,0,0,0,0,0,0,0,0,0,0,0,0,0,0,0,0,0,0,0,0,2,0,0,0,0,0,0,0,0,0,2,0,0,0,0,0.5555555555555556,0,0,0,163,151.4598
430,[N-]=[N+]=Nc1nn2nnnc2c([N+](=O)[O-])c1N,2,12,0,0,0,0,2,2,9,1,12,2,2,0,0,1,0,1,0,0,222.128,0.3417957967425865,-0.391316247,10.74429469009826,0.2227872260015113,-0.77866969,173.89,0,0,0,0,0,0,0,0,0,0,3,1,0,0,1,0,0,0,0,0,0,1,4,0,1,1,0,0,1,0,0,0,0,0,0,0,0,0,0,0,0,0,0,0,0,-1.290277778,-0.222787226,0,0,5.417685185185185,0,0,0,0,0,0,3.102592592592593,13.52243291761149,0,-0.77866969,0.7624074074074072,0,0,10.74429469009826,0,0,0,0,0,0,0.3585420385648201,0.6604784622833181,1728.5803604906737,0.1200767828403048,0.630267233306922,-0.504213787,4,2,2,10,0,0,0,0,1,0.2222222222222222,0,0,0,0,0,0,0,0,0,0,1,0,0,0,0,0,0,0,0,0,0,0,0,0,0,0,0,0,0,0,0,0,0,0,1,0,0,0,0,0.2777777777777778,2,0,1,163,245.47134
431,COc1nc(N(CCO[N+](=O)[O-])[N+](=O)[O-])c([N+](=O)[O-])nc1[N+](=O)[O-],0,17,0,0,0,0,1,1,12,0,17,1,9,0,0,0,0,3,0,0,349.1720000000001,0.4308749308944417,-0.474901386,11.00990551776266,0.0147609599395317,-1.305274943,220.04,1,0,2,0,0,0,0,0,0,0,4,0,0,0,0,0,0,0,0,0,0,0,2,1,4,0,0,0,4,2,0,0,0,0,0,0.9295386202001464,0,-1.656168115,0,0,0,0,0,0,0,-4.263763779,0,0,0,0,0,0,0,0,0,0,0,6.426322908793146,0.0147609599395317,-4.769026055,0,0,0,42.78777305409972,8.409456018518519,0,0,0,0,0,0.2259743642352028,0.8558464631965012,4825.553558862573,0.6032091806743132,0.2806639707651244,-0.343670168,7,7,10,7,1,1,0,0,2,0.5161290322580645,0,0,0,0,0,0,0,0,0,0,0,1,0,0,0,0,0,0,0,0,0,0,0,0,0,0,0,0,0,0,0,0,0,0,0,0,0,0,0,0,1,0,0,162.5,144.21536
432,Nc1c([N+](=O)[O-])c(N)c2nn[nH]c2c1[N+](=O)[O-],5,11,0,0,0,1,1,2,8,3,11,2,2,0,1,2,0,2,2,0,239.151,0.3260027890954565,-0.391182823,10.806409674981104,0.1429629629629625,-0.897037037,179.89,0,0,0,0,0,0,0,0,0,0,4,2,0,0,2,0,0,0,1,0,0,0,2,0,2,0,0,0,2,0,0,0,0,0,0,0,0,0,0,0,0,0,0,0,0,-2.38712963,-0.297962963,0,0,10.839865835222977,0,0,0,2.2319283824640967,0,0,0,6.759605064247921,0,-1.754212963,0,0,0,21.55395313681028,0,0,0,0,0,0,0.427442688643223,0.6316185532736983,1806.6695865645731,0.2175701180161954,0.4097829404853,-0.702485041,6,5,4,7,0,0,0,0,2,0.3636363636363636,0,0,1,0,0,0,0,0,0,0,0,0,0,0,0,0,0,0,0,0,0,0,0,0,0,0,0,0,0,1,0,0,0,0,0,0,0,0,0,0.2272727272727272,2,0,0,322,302.3501
433,O=[N+]([O-])Nc1n[nH]c(-c2nnc(-c3nc(N[N+](=O)[O-])n[nH]3)nn2)n1,4,18,0,0,0,0,3,3,12,4,18,3,6,0,4,0,0,2,0,0,336.192,0.303509141926026,-0.254166131,10.265936927445836,0.0146507636316433,-0.839417485,245.04,0,0,0,0,0,0,0,0,0,0,6,0,0,0,0,0,0,2,2,0,0,0,8,0,2,0,0,0,2,0,0,0,0,0,0,0,0,0,0,0,0,0,0,0,0,-0.80854102,0,0,0,0,0,0,3.4751137609882337,4.717105743149213,0,0,0,29.23140877720708,0,-1.678834971,0,0,0,20.53187385489167,0,0,0,0,0,0,0.0328124062656373,0.9671875937451716,9197.100705735176,7.744003178222819e-06,0.5830001903674091,-0.475918523,6,4,4,14,2,0,0,0,0,0.2857142857142857,0,0,0,0,0,0,0,0,0,0,0,0,0,0,0,0,0,1,0,0,0,0,0,0,0,0,0,0,0,2,0,0,0,0,0,0,0,0,0,0.5714285714285714,0,0,0,162,121.00674
434,O=[N+]([O-])c1cn(Cc2nnc(Cn3cc([N+](=O)[O-])c([N+](=O)[O-])n3)n2/N=N/n2c(Cn3cc([N+](=O)[O-])c([N+](=O)[O-])n3)nnc2Cn2cc([N+](=O)[O-])c([N+](=O)[O-])n2)nc1[N+](=O)[O-],0,40,0,0,0,0,6,6,32,0,40,6,18,0,0,0,0,8,0,0,844.4679999999997,0.4672060606897464,-0.357562075,11.439620705010498,0.4259003411077715,-1.193482853,502.54,0,0,4,0,0,4,0,0,0,0,12,0,0,0,0,0,0,0,0,0,0,2,8,0,8,6,0,0,8,0,0,0,0,0,0,0,0,-2.931589197,0,0,2.536132805375785,0,0,0,0,-10.69590863,0,0,0,0,0,0,0,0,0,0,7.904998740236835,29.46082777792707,0,-9.116764061,3.988371289338101,0,0,91.42696564008398,0,0,0,0,0,0,0.6200924869838733,0.8835195713871259,18281.85507006298,1.9582403894037728,0.3978836379827298,-0.568405197,20,12,16,24,0,0,0,0,8,0.4444444444444444,0,0,0,0,0,0,0,0,0,0,0,0,0,0,0,0,0,0,0,0,0,0,0,0,0,0,4,0,0,2,0,0,0,0,0,0,0,0,0,0.1388888888888889,0,0,0,162,271.84387
435,O=[N+]([O-])c1cccc(-c2no[n+]([O-])c2[N+](=O)[O-])c1,0,10,0,0,0,1,1,2,7,0,10,2,3,0,0,0,0,2,1,1,252.142,0.4953809889452599,-0.323146876,10.985560279667425,0.0502314814814817,-0.974537037,139.25,0,0,0,0,0,4,0,0,0,0,4,0,0,0,0,0,0,0,0,0,0,0,1,0,2,1,0,0,2,0,1,0,0,0,0,0,0,0,0,0,4.934908824640967,0,0,0,0,-1.508615835,0,0,0,0,0,0,0,0,0,0,0,3.2188643235071805,0,-1.6405428,-0.366898148,0,0,21.21604804421769,0,4.111293934240363,0,0,0,0,0.2119077041521473,0.853006546544866,2608.8704138855296,0.4727753371303715,0.222097072284665,-0.761475676,8,4,6,4,0,0,0,0,2,0.3636363636363636,0,1,0,0,0,0,0,0,0,0,0,0,0,0,0,0,0,0,0,0,0,0,0,0,0,1,0,0,0,0,0,0,0,0,0,0,0,0,0,0,0,0,0,162,231.87215
436,CN(CNC(=O)NCN(C)[N+](=O)[O-])[N+](=O)[O-],2,11,0,0,0,0,0,0,5,2,11,0,6,0,2,0,0,2,0,0,236.188,0.3174136031846686,-0.315338165,10.97638888888889,0.3045516817838245,-0.733888889,133.89,2,0,2,0,0,0,0,0,0,1,0,0,0,0,0,0,0,2,0,0,0,0,0,2,2,0,0,0,3,0,0,0,0,0,0,2.3401303854875284,0,-0.609103364,0,0,0,0,0,0,-0.733888889,0,0,0,0,0,0,0,4.285986394557823,0,0,0,0,0,1.2991975308641974,-1.409869615,0,0,0,31.23530155580751,0,0,0,0,0,0,0.1329040778618621,0.9818792224049336,3293.563161430461,0.8495347727191062,0.3556488898673936,-0.745169103,5,12,5,6,2,0,0,0,0,0.2857142857142857,0,0,0,0,0,0,0,0,0,0,0,0,0,0,0,0,0,0,0,0,0,0,0,0,0,0,0,0,0,0,0,0,0,0,0,0,0,0,0,0,0,1,0,162,153.16087
437,C/N=[N+](\[O-])c1nonc1N(CN(c1nonc1/[N+]([O-])=N/C)[N+](=O)[O-])[N+](=O)[O-],0,20,0,0,0,0,2,2,14,0,20,2,8,0,0,0,0,2,0,0,388.21700000000016,0.4481079319187963,-0.690618712,11.546042597607354,0.0291713907785333,-1.210778534,247.46,2,0,1,0,0,0,0,0,0,0,4,0,0,0,0,0,0,0,0,0,0,2,4,2,2,0,0,0,2,0,2,0,0,0,0,2.1025940796683944,0,-1.210778534,0,0,0,0,0,0,0,-3.093293493,0,0,0,0,0,0,0,0,0,0,6.333329476826952,12.629696757567428,0.0583427815570669,-2.286948224,0,0,0,22.67032108213656,0,8.511989785507101,0,0,0,0,0.4312991647797587,0.7526715616126491,4150.792893136216,0.9789308447006388,0.4327476643217582,-0.412140633,7,8,8,12,2,0,0,0,0,0.2285714285714285,0,0,0,0,0,0,0,0,0,0,0,0,0,0,0,0,0,0,0,0,0,0,0,0,2,0,0,0,0,0,0,0,0,0,0,0,0,0,0,0.2857142857142857,0,0,0,162,140.77274
438,[N-]=[N+]=Nc1nnc([N+](=O)[O-])c(N)n1,2,10,0,0,0,0,1,1,7,1,10,1,2,0,0,1,0,1,0,0,182.103,0.4324855155750598,-0.376437266,10.170552406147644,0.355925925925926,-0.838093348,156.59000000000003,0,0,0,0,0,0,0,0,0,0,3,0,0,0,1,0,0,0,0,0,0,1,3,0,1,0,0,0,1,0,0,0,0,0,0,0,0,0,0,0,0,0,0,0,0,-1.467694633,0,0,0,5.113998488284203,0,0,0,0,0,0,2.961179138321996,9.568425925925926,0,-0.838093348,0,0,0,10.170552406147644,0,0,0,0,0,0,0.1770397380656521,0.8377870502729443,1358.5058583435175,0.1193838311256277,0.6150365452518628,-0.439311818,3,2,2,8,0,0,0,0,1,0.2666666666666666,0,0,0,0,0,0,0,0,0,0,0,0,0,0,1,0,0,0,0,0,0,0,0,0,0,0,0,0,0,0,0,0,0,0,0,0,0,0,0,0,1,0,1,162,227.40321
439,O=c1[nH]c(-c2nonc2NCC([N+](=O)[O-])([N+](=O)[O-])[N+](=O)[O-])no1,2,17,0,0,0,0,2,2,13,2,17,2,7,0,2,0,0,3,0,0,332.1450000000001,0.7167853412491876,-0.344614402,10.829971261652808,0.31235260770975,-3.756494552,239.26,0,0,1,0,0,0,0,0,0,0,3,0,1,0,0,0,0,1,1,0,0,0,3,0,3,0,0,0,4,0,2,0,0,0,0,0,0,-1.38561815,0,0,0,0,0,0,0,-1.113955499,0,-3.756494552,0,0,0,0,1.9898762282690852,2.046818074452003,0,0,0,9.719838907785336,0,-5.026314327,0,0,0,43.1401382590073,0,8.460570554610733,0,0,0,0,0.2767249832014591,0.8542410032373047,4043.9213360113313,0.476819468321547,0.3372021255776845,-0.240858661,6,4,9,8,0,0,1,0,0,0.3703703703703703,0,0,0,0,0,0,0,0,0,0,0,0,0,0,0,0,0,0,0,0,0,0,0,0,2,0,0,0,0,0,0,0,0,0,0,0,0,0,0,0.3703703703703703,0,0,0,161.83,129.31282
440,O=C(OCC([N+](=O)[O-])([N+](=O)[O-])[N+](=O)[O-])N(CN(CC([N+](=O)[O-])([N+](=O)[O-])[N+](=O)[O-])[N+](=O)[O-])[N+](=O)[O-],0,28,0,0,0,0,0,0,18,0,28,0,14,0,0,0,0,8,0,0,506.1660000000003,0.7336959979474822,-0.420362648,11.767833049886622,0.9581198034769464,-4.586063475,377.9,0,0,3,0,0,0,0,0,0,1,0,0,2,0,0,0,0,0,0,0,0,0,0,2,8,0,0,0,9,1,0,0,0,0,0,0,0,-7.101175123,0,0,0,0,0,0,-2.610477608,0,0,-9.073440528,0,0,0,0,0,0,0,0,0,0,-2.085109599,-16.97773963,0,0,0,98.52249720327372,3.73744779856387,0,0,0,0,0,0.1612166403708207,0.9398718098735148,9949.860572849617,0.8733028108518818,0.2765891031795892,0.0948305496615734,6,6,18,10,2,0,2,0,0,0.7,0,0,0,0,0,0,0,0,0,0,0,0,0,0,0,0,0,0,0,0,0,0,0,0,0,0,0,0,0,0,0,0,0,0,0,0,0,0,0,0,0,0,0,161,156.53937
441,O=[N+]([O-])C(F)(CNn1cnnc1)[N+](=O)[O-],1,10,0,0,0,0,1,1,8,1,11,1,5,0,1,0,0,2,0,0,220.12000000000003,0.632646211558716,-0.305766421,13.11422052154195,0.959652777777778,-3.773541667,129.02,0,0,1,0,0,2,0,0,0,0,0,0,1,0,0,0,0,1,0,0,0,0,2,0,2,1,0,0,2,0,0,1,0,0,0,0,0,-1.133888889,0,0,2.1395068027210886,0,0,0,0,0,0,-3.773541667,0,0,0,0,2.06125,0,0,0,0,6.60171768707483,0,-3.241354875,0.959652777777778,0,0,20.26121882086168,0,0,13.11422052154195,0,0,0,0.2646192145464019,0.9586394120334698,1399.8367725722294,0.7347978440499995,0.3816100308922405,-0.472469562,4,5,4,6,0,0,0,1,0,0.35,0,0,0,0,0,0,0,0,0,0,0,0,0,0,0,0,0,0,0,0,0,0,0,0,0,0,0,0,0,1,0,0,0,0,0,0,0,0,0,0.25,1,0,0,161,110.60569
442,O=[N+]([O-])C(F)(CNc1nc[nH]n1)[N+](=O)[O-],2,10,0,0,0,0,1,1,7,2,11,1,5,0,2,0,0,2,0,0,220.12000000000003,0.6311009236407945,-0.336151975,13.102610544217688,0.16599537037037,-3.791041667,139.88,0,0,1,0,0,1,0,0,0,0,1,0,1,0,0,0,0,1,1,0,0,0,2,0,2,0,0,0,2,0,0,1,0,0,0,0,0,-1.161851852,0,0,1.1255602796674224,0,0,0,0,-0.16599537,0,-3.791041667,0,0,0,0,2.016111111111111,2.2386725245653816,0,0,0,6.827216553287983,0,-3.26457483,0,0,0,20.24497968631897,0,0,13.102610544217688,0,0,0,0.2439305515710112,0.92923647411462,1746.5647504704914,0.5618413404522553,0.3816100308922405,-0.472469562,4,5,4,6,0,0,0,1,0,0.35,0,0,0,0,0,0,0,0,0,0,0,0,0,0,0,0,0,0,0,0,0,0,0,0,0,0,0,0,0,1,0,0,0,0,0,0,0,0,0,0.25,1,0,0,161,117.41817
443,Nc1c([N+](=O)[O-])cc(-n2cnc([N+](=O)[O-])c2)cc1[N+](=O)[O-],2,12,0,0,0,1,1,2,9,1,12,2,4,0,0,1,0,3,2,0,294.18300000000005,0.3813937609255193,-0.387498445,10.863402620307385,0.0387037037037032,-0.877802973,173.26,0,0,0,0,0,4,0,0,0,0,5,0,0,0,1,0,0,0,0,0,0,0,1,0,3,1,0,0,3,0,0,0,0,0,0,0,0,0,0,0,3.9142479213907775,0,0,0,0,-2.477034937,0,0,0,5.36914808515999,0,0,0,0,0,0,0,3.456476284958428,0,-2.522841553,1.0531481481481482,0,0,32.270094692197866,0,0,0,0,0,0,0.2515117457084956,0.7768857619263025,4120.146060695618,0.355694933121525,0.2855365537777507,-0.815818725,9,6,6,6,0,0,0,0,3,0.4444444444444444,0,0,1,0,0,0,0,0,0,0,0,0,0,0,0,0,0,0,0,0,0,0,0,0,0,1,0,0,0,0,0,0,0,0,0,0,0,0,0,0,0,0,0,321,259.78445
444,O=[N+]([O-])c1cc([N+](=O)[O-])c2cc1Oc1cc(c([N+](=O)[O-])c(Br)c1[N+](=O)[O-])Oc1cc(c([N+](=O)[O-])cc1[N+](=O)[O-])Oc1cc(c([N+](=O)[O-])c(Br)c1[N+](=O)[O-])O2,0,28,0,1,1,4,0,4,20,0,30,5,8,0,0,0,0,8,8,0,886.1560000000001,0.3324354216100612,-0.442517528,12.150436591539794,0.1792492073990086,-1.340660927,382.04,0,0,0,0,0,6,0,0,0,0,18,0,0,0,0,0,0,0,0,0,0,0,0,0,8,0,0,0,8,4,0,0,0,2,0,0,0,0,0,0,1.6899325180791622,0,0,0,0,-22.13613809,0,0,0,0,0,0,0,0,0,0,0,0,0,-10.2957511,0,0,0,96.71484750139456,21.54733663509276,0,0,0,5.264925029925099,0,0.5562244324112017,0.6020065819634666,20697.123117366,1.0386506179451014,0.1263885816944194,-0.559720862,24,6,20,8,0,0,0,0,8,0.5333333333333333,0,0,4,0,0,0,0,0,0,0,0,0,0,0,0,0,0,0,0,0,0,0,0,0,0,0,0,0,0,0,0,0,0,0,0,0,0,0,0,0,1,0,0,388.35,344.9612
445,Nc1c([N+](=O)[O-])c(N(CCO[N+](=O)[O-])[N+](=O)[O-])nn2nnnc12,2,17,0,0,0,0,2,2,13,1,17,2,7,0,0,1,0,2,0,0,330.177,0.3455087400014162,-0.389807742,11.13618535840262,0.1657870370370371,-1.167792528,223.88,0,0,2,0,0,0,0,0,0,0,3,1,0,0,1,0,0,0,0,0,0,0,4,1,3,1,0,0,3,1,0,0,0,0,0,0,0,-1.449151077,0,0,0,0,0,0,0,-2.262596634,-0.272880107,0,0,5.546260471781305,0,0,0,0,0,0,0,13.486531586348956,0.1657870370370371,-3.231805818,0.6552828168304357,0,0,32.29104213755954,3.94715411627614,0,0,0,0,0,0.43562571023877,0.91209564763024,3383.2987355555533,1.0671570505962646,0.4240149980162156,-0.387670855,6,6,7,10,1,1,0,0,1,0.4137931034482758,0,0,0,0,0,0,0,0,0,0,1,0,0,0,0,0,0,0,0,0,0,0,0,0,0,0,0,0,0,0,0,0,0,0,1,0,0,0,0,0.1724137931034483,2,0,0,161,134.00671
446,Cn1nc([N+](=O)[O-])c(N=[N+]=[N-])c1[N+](=O)[O-],0,11,0,0,0,0,1,1,7,0,11,1,3,1,0,0,0,2,0,0,213.113,0.4296175750464595,-0.357793376,10.492167422524563,0.6687962962962961,-0.961296296,152.86,1,0,0,0,0,0,0,0,0,0,3,0,0,0,0,0,0,0,0,0,0,1,1,0,2,1,0,0,2,0,0,0,0,0,0,1.1404043839758125,0,0,0,0,0,0,0,0,0,-2.26712963,0,0,0,0,0,0,0,0,0,0,2.883796296296296,3.2610185185185188,0,-1.873981481,0.6687962962962961,0,0,20.90072373393802,0,0,0,0,0,0,0.396512853711979,0.6378720619285989,1485.3289989101036,0.2623470313943096,0.4598499387648805,-0.412926476,4,3,4,7,0,0,0,0,2,0.4444444444444444,0,0,0,0,0,0,0,0,0,0,0,0,0,0,0,0,0,0,0,0,0,0,0,0,0,0,1,0,0,0,0,0,0,0,0,0,0,0,0,0,1,0,1,161,254.2245
447,O=C(O)C[C@@H](C(=O)O)N(CC([N+](=O)[O-])([N+](=O)[O-])[N+](=O)[O-])[N+](=O)[O-],2,17,0,0,0,0,0,0,10,2,17,0,10,0,0,0,0,4,0,0,341.14500000000004,0.7228846380113507,-0.481158567,10.857279856387,0.7451851851851847,-4.347943122,250.4,0,0,2,0,0,0,1,0,0,2,0,0,1,0,0,0,0,0,0,0,0,0,0,1,4,0,0,2,6,0,0,0,0,0,0,0,0,-3.697636054,0,0,0,-2.609513889,0,0,-4.063700869,0,0,-4.347943122,0,0,0,0,0,0,0,0,0,0,-0.745185185,-7.858621504,0,0,17.210187074829932,64.190291005291,0,0,0,0,0,0,0.4476595060799697,0.8253815794648174,2892.7870761320683,0.913822267958029,0.205191340925413,-0.164153073,6,7,12,5,1,0,1,0,0,0.4666666666666667,0,0,0,0,0,0,0,0,0,0,0,0,0,0,0,0,0,0,0,0,0,0,0,0,0,0,0,0,0,0,0,0,0,0,0,0,0,0,0,0,0,0,0,160,125.63752
448,O=[N+]([O-])OCC(CO[N+](=O)[O-])(CO[N+](=O)[O-])CO[N+](=O)[O-],0,16,0,0,0,0,0,0,12,0,16,0,12,0,0,0,0,0,0,0,316.135,0.2940186573325569,-0.313102926,10.119632936507935,1.032222222222222,-2.0275,209.48,0,0,4,0,0,0,0,0,0,0,0,0,1,0,0,0,0,0,0,0,0,0,0,0,4,0,0,0,4,4,0,0,0,0,0,0,0,-4.128888889,0,0,0,0,0,0,0,0,0,-2.0275,0,0,0,0,0,0,0,0,0,0,0,-5.225277778,0,0,0,40.47853174603175,15.674603174603176,0,0,0,0,0,0.5562946251833716,0.7876440370484884,3334.732540335555,1.2046917613435588,0.1771395131826593,-0.101222579,5,8,12,4,0,4,0,0,0,0.5517241379310345,0,0,0,0,0,0,0,0,0,0,0,0,0,0,0,0,0,0,0,0,0,0,0,0,0,0,0,0,0,0,0,0,0,0,0,0,0,0,0,0,0,0,0,160,110.446594
449,O=[N+]([O-])c1nn(C([N+](=O)[O-])([N+](=O)[O-])[N+](=O)[O-])c2c([N+](=O)[O-])nn(C([N+](=O)[O-])([N+](=O)[O-])[N+](=O)[O-])c12,0,28,0,0,0,0,2,2,20,0,28,2,10,0,0,0,0,8,0,0,496.1340000000003,0.8379698513044211,-0.357685469,11.332248677248678,1.1878004535147388,-5.03606883,380.75999999999993,0,0,0,0,0,0,0,0,0,0,2,2,2,0,0,0,0,0,0,0,0,0,2,0,8,2,0,0,8,0,0,0,0,0,0,0,0,0,0,0,0,0,0,0,0,-4.415833333,-4.200509259,-10.07213766,0,0,0,0,0,0,0,0,0,5.079667422524565,0,-17.86132275,-2.375600907,0,0,90.50620157785336,0,0,0,0,0,0,0.3860397954014188,0.8317288982984724,5798.5261063993385,0.8423182588553386,0.3386181958906261,0.1289974079583337,6,0,16,12,0,0,2,0,2,0.8235294117647058,0,0,0,0,0,0,0,0,0,0,0,0,0,0,0,0,0,0,0,0,0,0,0,0,0,2,0,0,0,0,0,0,0,0,0,0,0,0,0,0,2,0,0,160,116.69935
450,O=[N+]([O-])C(CNc1nonc1NCC([N+](=O)[O-])([N+](=O)[O-])[N+](=O)[O-])([N+](=O)[O-])[N+](=O)[O-],2,23,0,0,0,0,1,1,17,2,23,1,12,0,2,0,0,6,0,0,426.1710000000002,0.7167861325947834,-0.343441477,10.813131404229887,0.8575288170823872,-3.983643707,321.81999999999994,0,0,2,0,0,0,0,0,0,0,2,0,2,0,0,0,0,2,0,0,0,0,2,0,6,0,0,0,6,0,1,0,0,0,0,0,0,-3.290189437,0,0,0,0,0,0,0,-1.715057634,0,-7.967287415,0,0,0,0,3.4754374527588814,0,0,0,0,5.990820105820106,0,-11.01279747,0,0,0,64.87878842537934,0,4.094830876795163,0,0,0,0,0.2396830243446879,0.9082986304715662,6597.419411343816,0.8301435410788541,0.3285066323142588,-0.07508723,6,6,13,10,0,0,2,0,0,0.5714285714285714,0,0,0,0,0,0,0,0,0,0,0,0,0,0,0,0,0,0,0,0,0,0,0,0,1,0,0,0,0,0,0,0,0,0,0,0,0,0,0,0.1428571428571428,1,1,0,160,148.46101
451,Nc1n[nH]c(-c2nc(N[N+](=O)[O-])n[nH]2)n1,5,11,0,0,0,0,2,2,7,4,11,2,3,0,3,1,0,1,0,0,211.145,0.3035065672000757,-0.366494166,10.063363856345006,0.0464679915175954,-0.77609064,164.33000000000004,0,0,0,0,0,0,0,0,0,0,4,0,0,0,1,0,0,1,2,0,0,0,4,0,1,0,0,0,1,0,0,0,0,0,0,0,0,0,0,0,0,0,0,0,0,0.3149118690686165,0,0,0,5.264072735575711,0,0,1.7771152210884351,4.894255007558579,0,0,0,14.565674760645,0,-0.77609064,0,0,0,10.063363856345006,0,0,0,0,0,0,0.0865959398612173,0.9134040601512,2385.4426261872177,7.922535946926214e-06,0.5967463117762674,-0.64410713,4,5,2,9,1,0,0,0,0,0.2,0,0,0,0,0,0,0,0,0,0,0,0,0,0,0,0,0,0,0,0,0,0,0,0,0,0,0,0,0,2,0,0,0,0,0,0,0,0,0,0.5,0,0,0,160,169.401
452,[N-]=[N+]=Nc1c([N+](=O)[O-])n[nH]c1[N+](=O)[O-],1,11,0,0,0,0,1,1,6,1,11,1,3,0,1,0,0,2,0,0,199.086,0.4294471700846429,-0.357796323,10.260917422524566,0.7337962962962961,-0.992546296,163.72000000000003,0,0,0,0,0,0,0,0,0,0,3,0,0,0,0,0,0,0,1,0,0,1,1,0,2,0,0,0,2,0,0,0,0,0,0,0,0,0,0,0,0,0,0,0,0,-2.424537037,0,0,0,0,0,0,0,1.7843518518518515,0,0,2.812546296296296,3.024907407407408,0,-1.960787037,0,0,0,20.51058484504913,0,0,0,0,0,0,0.3260482623176597,0.7085585502926517,1322.8627405679797,0.2111588372834139,0.4922495805832655,-0.200918196,3,1,4,7,0,0,0,0,2,0.5333333333333333,0,0,0,0,0,0,0,0,0,0,0,0,0,0,0,0,0,0,0,0,0,0,0,0,0,0,1,0,0,0,0,0,0,0,0,0,0,0,0,0,1,0,1,160,211.32393
453,O=C(C[C@H](C(=O)O)N(CC([N+](=O)[O-])([N+](=O)[O-])[N+](=O)[O-])[N+](=O)[O-])OCC([N+](=O)[O-])([N+](=O)[O-])[N+](=O)[O-],1,26,0,0,0,0,0,0,17,1,26,0,15,0,0,0,0,7,0,0,504.19000000000034,0.7336360323867697,-0.479539181,11.762416383219955,0.9863605442176856,-4.60845293,368.82,0,0,3,0,0,0,1,0,0,2,0,0,2,0,0,0,0,0,0,0,0,0,0,1,7,0,0,1,9,1,0,0,0,0,0,0,0,-6.671722175,0,0,0,-3.029682067,0,0,-4.62058327,0,0,-8.988239045,0,0,0,0,0,0,0,0,0,0,-0.986360544,-14.83200503,0,0,9.058731221655332,99.20830270371464,3.896336687452759,0,0,0,0,0,0.2386050356751298,0.943173421815794,8347.337250899189,1.0545688085732412,0.2221384795414426,-0.063468137,8,8,18,8,1,0,2,0,0,0.5714285714285714,0,0,0,0,0,0,0,0,0,0,0,0,0,0,0,0,0,0,0,0,0,0,0,0,0,0,0,0,0,0,0,0,0,0,0,0,0,0,0,0,0,0,0,159,150.98184
454,O=[N+]([O-])Nc1nc(Cn2nnnc2N[N+](=O)[O-])n[nH]1,3,15,0,0,0,0,2,2,10,3,15,2,6,0,3,0,0,2,0,0,271.157,0.3037300316143604,-0.240625174,10.25989836175262,0.10004440665155,-0.833441665,195.51,0,0,1,0,0,0,0,0,0,0,3,0,0,0,0,0,0,2,1,0,0,0,5,0,2,1,0,0,2,0,0,0,0,0,0,0,0,-0.112036092,0,0,0,0,0,0,0,-0.306950638,0,0,0,0,0,0,3.5319190917107584,2.2596728552532124,0,0,0,17.43464663643235,0,-1.651857898,1.015787037037037,0,0,20.414409503802545,0,0,0,0,0,0,0.3106122177828256,0.8514123947697659,2707.0707739526533,0.8591679712535143,0.5679366566232849,-0.383541638,4,5,4,11,2,0,0,0,0,0.3333333333333333,0,0,0,0,0,0,0,0,0,0,0,0,0,0,0,0,0,0,0,0,0,0,0,0,0,0,0,0,0,1,0,0,0,0,1,0,0,0,0,0.4166666666666667,0,0,0,159,108.25318
455,O=[N+]([O-])c1c(I)nn2c1Nc1c([N+](=O)[O-])c(I)nn1C2,1,11,0,1,1,0,2,2,9,1,13,3,2,0,1,0,0,2,0,0,502.9540000000002,0.3442935881414778,-0.313568789,11.040474785840264,0.0747518518518517,-0.572980442,133.95,0,0,1,0,0,0,0,0,0,0,6,0,0,0,0,0,0,1,0,0,0,0,2,0,2,2,0,0,2,0,0,0,0,0,2,0,0,0.0747518518518517,0,0,0,0,0,0,0,0.2349244142101312,0,0,0,0,0,0,2.6900296296296298,0,0,0,0,8.042197656840514,0,-1.145960884,2.6938737717309142,0,0,22.080949571680527,0,0,0,0,0,3.4882844167296554,0.0911613646799944,0.909711511777634,9877.087967187415,0.1251670281857781,0.1948488330940801,-0.365838625,7,3,4,7,0,0,0,0,2,0.3478260869565217,0,0,0,0,0,0,0,0,0,0,0,0,0,1,0,0,0,0,0,0,0,0,0,0,0,2,0,0,0,0,0,0,0,0,0,0,0,0,0,0.2608695652173913,3,1,0,320,314.19592
456,O=[N+]([O-])N(CC([N+](=O)[O-])([N+](=O)[O-])[N+](=O)[O-])c1nonc1/N=N\c1nonc1N(CC([N+](=O)[O-])([N+](=O)[O-])[N+](=O)[O-])[N+](=O)[O-],0,34,0,0,0,0,2,2,24,0,34,2,16,0,0,0,0,8,0,0,612.2140000000003,0.7234298828577558,-0.252564059,11.442740468685844,0.69033769526329,-4.464905487,454.1599999999999,0,0,2,0,0,0,0,0,0,0,4,0,2,0,0,0,0,0,0,0,0,2,4,2,8,0,0,0,8,0,2,0,0,0,0,0,0,-4.554851463,0,0,0,0,0,0,0,-5.436386174,0,-8.929810975,0,0,0,0,0,0,0,0,6.13859693877551,11.583311118294883,-1.380675391,-15.8821093,0,0,0,89.7232596560214,0,8.182072594112636,0,0,0,0,0.174605381717109,0.9715885290957575,14957.680486601776,1.077722395797792,0.3658851316696447,0,8,4,18,16,2,0,2,0,0,0.6086956521739131,0,0,0,0,0,0,0,0,0,0,0,0,0,0,0,0,0,0,0,0,0,0,0,0,2,0,0,0,0,0,0,0,0,0,0,0,0,0,0,0.217391304347826,0,1,0,159,167.72572
457,O=[N+]([O-])c1cn([N+](=O)[O-])nc1-c1nnc(-c2nn([N+](=O)[O-])cc2[N+](=O)[O-])o1,0,19,0,0,0,0,3,3,15,0,19,3,6,0,0,0,0,4,0,0,382.1650000000001,0.3520600692029412,-0.40915899,10.989339656789152,0.0290192041003725,-1.072049967,247.11999999999995,0,0,0,0,0,2,0,0,0,0,6,0,0,0,0,0,0,0,0,0,0,0,4,0,4,2,0,0,4,0,1,0,0,0,0,0,0,0,0,0,0.9506310007933378,0,0,0,0,-4.469845259,0,0,0,0,0,0,0,0,0,0,0,13.36595773494583,0,-4.151802267,0.0580384082007452,0,0,43.37571918595008,0,4.995582010582011,0,0,0,0,0.1992419615232945,0.8279164388215652,7082.751644367705,0.3355775019312553,0.3663339133620293,-0.334933864,8,2,9,10,2,0,0,0,2,0.5517241379310345,0,0,0,0,0,0,0,0,0,0,0,0,0,0,0,0,0,0,0,0,0,0,0,0,1,0,2,0,0,0,0,0,0,0,0,0,0,0,0,0.1724137931034483,0,0,0,159,188.71826
458,Cc1nc(-c2nonc2N[N+](=O)[O-])no1,1,10,0,0,0,0,2,2,8,1,10,2,3,1,1,0,0,1,0,0,212.125,0.2645081607964614,-0.339243894,10.17616268266566,0.017175925925926,-0.795661376,133.01000000000002,1,0,0,0,0,0,0,0,0,0,4,0,0,0,0,0,0,1,0,0,0,0,4,0,1,0,0,0,1,0,2,0,0,0,0,1.5740224237843286,0,0,0,0,0,0,0,0,0,0.2106509826152693,0,0,0,0,0,0,1.794278155706727,0,0,0,0,14.029386810279666,0,-0.795661376,0,0,0,10.17616268266566,0,9.001664304610733,0,0,0,0,0.2287794935311567,0.7743933573120182,1892.451092893891,0.1566738224223148,0.3959929286977017,-0.603417796,5,4,4,6,1,0,0,0,0,0.2105263157894736,0,0,0,0,0,0,0,0,0,0,0,0,0,0,0,0,0,0,0,0,0,0,0,0,2,0,0,0,0,0,0,0,0,0,0,0,0,0,0,0.5263157894736842,0,0,0,159,137.59319
459,[N-]=[N+]=Nc1c([N+](=O)[O-])nn(CCn2nnnc2N)c1[N+](=O)[O-],2,16,0,0,0,0,2,2,12,1,16,2,6,2,0,1,0,2,0,0,310.194,0.4296328492414147,-0.366638149,11.04862181909801,0.0335163926681785,-0.98720679,222.48,0,0,2,0,0,0,0,0,0,0,4,0,0,0,1,0,0,0,0,0,0,1,4,0,2,2,0,0,2,0,0,0,0,0,0,0,0,-0.23456609,0,0,0,0,0,0,0,-2.548982899,0,0,0,5.422100137116371,0,0,0,0,0,0,2.974358780549257,13.6564712667283,0,-1.924747417,1.82712285840262,0,0,21.88666325480809,0,0,0,0,0,0,0.4399508368880115,0.7476352788733677,2881.364759897597,0.814858376219555,0.541596549256272,-0.567386861,6,6,4,12,0,0,0,0,2,0.2857142857142857,0,0,0,0,0,0,0,0,0,0,0,0,0,0,0,0,0,0,0,0,0,0,0,0,0,0,1,0,0,0,0,0,0,0,1,0,0,0,0,0.1785714285714285,0,0,1,159,246.28233
460,O=[N+]([O-])NC(N[N+](=O)[O-])C(N[N+](=O)[O-])N[N+](=O)[O-],4,16,0,0,0,0,0,0,8,4,16,0,9,0,4,0,0,4,0,0,270.11800000000005,0.2599677009044202,-0.234757094,10.103803854875284,1.2575462962962964,-2.064074074,220.68,0,0,0,0,0,0,2,0,0,0,0,0,0,0,0,0,0,4,0,0,0,0,0,0,4,0,0,0,4,0,0,0,0,0,0,0,0,0,0,0,0,-4.128148148,0,0,0,0,0,0,0,0,0,0,5.030185185185186,0,0,0,0,0,0,-5.065801209,0,0,0,40.41521541950114,0,0,0,0,0,0,0.7254847640761927,0.8641213349874957,1785.703027307328,1.0973439417272135,0.4146336045728165,0.0592333720818309,2,6,8,8,4,0,0,0,0,0.6666666666666666,0,0,0,0,0,0,0,0,0,0,0,0,0,0,0,0,0,0,0,0,0,0,0,0,0,0,0,0,0,0,0,0,0,0,0,0,0,0,0,0,0,0,0,158.7,135.98923
461,O=[N+]([O-])c1cc(-n2cncc2[N+](=O)[O-])cc([N+](=O)[O-])c1[N+](=O)[O-],0,14,0,0,0,1,1,2,10,0,14,2,5,0,0,0,0,4,3,0,324.1650000000001,0.4221398128933079,-0.357846489,10.961393613000755,0.3766666666666662,-1.313408919,190.38,0,0,0,0,0,4,0,0,0,0,5,0,0,0,0,0,0,0,0,0,0,0,1,0,4,1,0,0,4,0,0,0,0,0,0,0,0,0,0,0,2.9637474804736703,0,0,0,0,-4.642071051,0,0,0,0,0,0,0,0,0,0,0,3.474053445452255,0,-4.496786502,0.7259183673469392,0,0,43.654235796170326,0,0,0,0,0,0,0.3273781849113163,0.7570154253520724,3839.0450601113344,0.5509211207409929,0.2591272962842996,-0.592290963,9,4,8,6,0,0,0,0,4,0.5925925925925926,0,0,0,1,0,0,0,0,0,0,0,0,0,0,0,0,0,0,0,0,0,0,0,0,0,1,0,0,0,0,0,0,0,0,0,0,0,0,0,0,0,0,0,158,226.54344
462,[N-]=[N+]=NC1([N+](=O)[O-])COCN([N+](=O)[O-])C1,0,11,0,1,1,0,0,0,6,0,11,1,3,0,0,0,0,2,0,0,218.129,0.3461033964629989,-0.347642725,10.645833333333334,0.3714895124716555,-2.124930556,147.51000000000002,0,0,3,0,0,0,0,0,0,0,0,0,1,0,0,0,0,0,0,0,0,1,0,1,2,0,0,0,2,1,0,0,0,0,0,0,0,-1.463295068,0,0,0,0,0,0,0,0,0,-2.124930556,0,0,0,0,0,0,0,0,2.957638888888889,0,0.4731944444444445,-1.729479875,0,0,0,21.00892431972789,4.650972222222222,0,0,0,0,0,0.359011112844142,0.9102961965533742,1389.203657511369,0.8064917357737296,0.3850932246514676,-0.440106542,4,6,5,6,1,0,0,0,1,0.3809523809523809,0,0,0,0,0,0,0,1,0,0,0,0,0,0,0,0,0,0,0,0,0,0,0,0,0,0,0,0,0,0,0,0,0,0,0,0,0,0,0,0,1,0,1,158,159.28119
463,[N-]=[N+]=NCc1nc(-c2nonc2[N+](=O)[O-])no1,0,12,0,0,0,0,2,2,9,0,12,2,4,0,0,0,0,1,0,0,238.123,0.4456229080296727,-0.357639441,10.52533826918432,0.0045389266817836,-0.796331412,169.74,0,0,1,0,0,0,0,0,0,0,4,0,0,0,0,0,0,0,0,0,0,1,4,0,1,0,0,0,1,0,2,0,0,0,0,0,0,-0.164109505,0,0,0,0,0,0,0,-1.05253753,0,0,0,0,0,0,0,0,0,0,3.1851931374401614,13.501748866213152,0,-0.796331412,0,0,0,10.52533826918432,0,8.873703782438902,0,0,0,0,0.246200291350571,0.9003061762389187,2183.077108006291,0.7035476172314271,0.4703451577546058,-0.470345158,5,2,4,8,0,0,0,0,1,0.2105263157894736,0,0,0,0,0,0,0,0,0,0,0,0,0,0,0,0,0,0,0,0,0,0,0,0,1,1,0,0,0,0,0,0,0,0,0,0,0,0,0,0.2631578947368421,0,0,1,157.7,219.09953
464,O=[N+]([O-])N1CN=C(C(F)([N+](=O)[O-])[N+](=O)[O-])NC1,1,12,0,1,1,0,0,0,8,1,13,1,4,0,1,0,0,3,0,0,252.118,0.6749767810858631,-0.336038091,13.47115268329554,0.4482256235827664,-4.122332766,157.05,0,0,2,0,0,0,0,0,0,1,0,0,1,0,0,0,0,1,0,0,0,1,0,1,3,0,0,0,3,0,0,1,0,0,0,0,0,-1.34537037,0,0,0,0,0,0,-1.17537037,0,0,-4.122332766,0,0,0,0,1.8297222222222225,0,0,0,3.078194444444444,0,0.4482256235827664,-4.437680461,0,0,0,30.835062830687832,0,0,13.47115268329554,0,0,0,0.2442749477540968,0.9442541939633264,2110.414343218823,0.6324931981437936,0.3331773217303008,-0.285580561,4,5,6,6,1,0,0,1,0,0.5,0,0,0,0,0,0,0,0,0,0,0,0,0,0,1,0,0,0,0,0,0,0,0,0,0,0,0,0,0,0,0,0,0,0,0,0,0,0,0,0,1,0,0,157.5,126.22697
465,O=C(OCC([N+](=O)[O-])([N+](=O)[O-])[N+](=O)[O-])N(CCN(CC([N+](=O)[O-])([N+](=O)[O-])[N+](=O)[O-])[N+](=O)[O-])[N+](=O)[O-],0,28,0,0,0,0,0,0,18,0,28,0,15,0,0,0,0,8,0,0,520.1930000000002,0.7336959865138212,-0.420414508,11.772647982804234,0.6452993905895692,-4.434761818,377.9,0,0,4,0,0,0,0,0,0,1,0,0,2,0,0,0,0,0,0,0,0,0,0,2,8,0,0,0,9,1,0,0,0,0,0,0,0,-7.778254054,0,0,0,0,0,0,-2.40526392,0,0,-8.843953318,0,0,0,0,0,0,0,0,0,0,-1.471433177,-16.14528477,0,0,0,98.6264803688044,3.830543154761904,0,0,0,0,0,0.2122847975774324,0.941795757834616,9832.827133128634,1.0623378567831987,0.2691308802694381,0,7,8,18,10,2,0,2,0,0,0.6511627906976745,0,0,0,0,0,0,0,0,0,0,0,0,0,0,0,0,0,0,0,0,0,0,0,0,0,0,0,0,0,0,0,0,0,0,0,0,0,0,0,0,0,0,0,157,156.57065
466,Nc1c([N+](=O)[O-])cc2c(n[n+]3[n-]c4c(N)cc([N+](=O)[O-])nc4n23)c1[N+](=O)[O-],4,16,0,0,0,1,3,4,11,2,16,4,3,0,0,2,0,3,2,0,374.2330000000001,0.3661418260338471,-0.397524524,11.369478248089358,0.0251214096749816,-0.912602356,229.85,0,0,0,0,0,2,0,0,0,0,5,4,0,0,2,0,0,0,0,0,0,0,3,0,3,2,0,0,3,0,0,0,0,0,0,0,0,0,0,0,1.933434954228605,0,0,0,0,-2.885919732,-0.572616686,0,0,11.299715314347347,0,0,0,0,0,0,0,11.698662603930462,0,-2.597186424,1.881003401360544,0,0,33.621453283869414,0,0,0,0,0,0,0.3097024258326022,0.7221745342056577,5575.267825357148,0.4366127786087501,0.3740984894437422,-0.812328149,11,6,6,10,0,0,0,0,3,0.3636363636363636,0,0,1,0,0,0,1,0,0,0,0,0,0,0,0,0,0,0,0,0,0,0,0,0,0,0,0,0,0,2,0,0,0,0,0,0,0,0,0,0.303030303030303,4,0,0,320,261.3059
467,O=[N+]([O-])/N=c1\[nH]nnn1OCOn1nn[nH]/c1=N\[N+](=O)[O-],2,18,0,0,0,0,2,2,12,2,18,2,6,0,2,0,0,2,0,0,304.14300000000003,0.3513707414824625,-0.347578828,10.187244355922656,0.4268932403208192,-1.003611216,222.46,0,0,1,0,0,0,0,0,0,0,0,0,0,0,0,0,0,0,2,0,0,2,4,0,2,2,0,0,2,2,0,0,0,0,0,0,0,-0.616201814,0,0,0,0,0,0,0,0,0,0,0,0,0,0,0,4.164873141328769,0,0,5.734541711695392,12.986039097686824,0,-2.007222432,1.0987307886117412,0,0,20.374488711845316,9.577381897203326,0,0,0,0,0,0.3177315667695994,0.9287840749910362,3148.0494345727598,0.8277045000060441,0.5523717461851827,-0.105213666,3,4,6,12,2,0,0,0,0,0.32,0,0,0,0,0,0,0,0,0,0,0,0,0,0,0,0,0,0,0,0,0,0,0,0,0,0,0,0,0,0,0,0,0,0,2,0,0,0,0,0.4,0,0,0,157,160.04698
468,O=[N+]([O-])/N=c1\[nH]nnn1CCn1cc([N+](=O)[O-])c([N+](=O)[O-])n1,1,16,0,0,0,0,2,2,11,1,16,2,6,2,1,0,0,3,0,0,314.178,0.4671907321692153,-0.357562077,10.673122253161036,0.0563869992441421,-0.980777344,206.1,0,0,2,0,0,1,0,0,0,0,2,0,0,0,0,0,0,0,1,0,0,1,3,0,3,2,0,0,3,0,0,0,0,0,0,0,0,-0.133654573,0,0,0.878069098009574,0,0,0,0,-1.656749444,0,0,0,0,0,0,0,2.173804012345679,0,0,2.969405076845553,10.258868890148651,0,-2.875951455,1.9543981481481485,0,0,31.597314587935976,0,0,0,0,0,0,0.2512938935426216,0.9048845469927932,3685.5948352685423,0.8927980929212637,0.4456072672179466,-0.458338903,6,6,6,10,1,0,0,0,2,0.4285714285714285,0,0,0,0,0,0,0,0,0,0,0,0,0,0,0,0,0,0,0,0,0,0,0,0,0,0,1,0,0,0,0,0,0,0,1,0,0,0,0,0.1785714285714285,0,0,0,157,199.45302
469,Nc1nc(NC(=O)N[N+](=O)[O-])n/c(=N\[N+](=O)[O-])n1O,5,15,0,0,0,0,1,1,10,4,15,1,3,0,2,1,0,2,0,0,275.141,0.3789998795447932,-0.421996735,10.934110922146637,0.014497984378937,-1.326719577,216.73,0,0,0,0,0,0,0,0,0,1,2,0,0,0,1,0,0,2,0,0,0,1,2,0,2,1,0,1,3,0,0,0,0,0,0,0,0,0,0,0,0,0,0,0,-1.326719577,-1.324302721,0,0,0,5.147818405139834,0,0,2.957080026455026,0,0,0,2.6471902557319225,6.529926303854875,0,-2.341740756,-0.014497984,0,9.182343553162006,31.019107142857145,0,0,0,0,0,0,0.1998888732711075,0.8001111267311558,3857.3761967029022,3.2711378478873323e-06,0.4579470162571192,-0.261684009,4,5,6,9,2,0,0,0,0,0.3333333333333333,0,0,0,0,0,0,0,0,0,0,0,0,0,1,0,0,0,0,0,0,0,0,0,0,0,0,0,0,0,0,0,0,0,0,0,0,0,0,0,0.25,1,0,0,157,150.79579
470,[N-]=[N+]=Nc1n[nH]c(N)c1[N+](=O)[O-],3,9,0,0,0,0,1,1,5,2,9,1,2,0,1,1,0,1,0,0,169.10399999999998,0.339738940671478,-0.378314713,10.260778533635676,0.2338888888888886,-0.774953704,146.6,0,0,0,0,0,0,0,0,0,0,3,0,0,0,1,0,0,0,1,0,0,1,1,0,1,0,0,0,1,0,0,0,0,0,0,0,0,0,0,0,0,0,0,0,0,-1.101666667,0,0,0,5.129554043839757,0,0,0,2.12462962962963,0,0,2.965231481481481,3.3146296296296294,0,-0.774953704,0,0,0,10.260778533635676,0,0,0,0,0,0,0.3264677872633328,0.6735322127753062,1022.1255450739822,5.303996957365757e-06,0.579525026019491,-0.520389819,3,3,2,7,0,0,0,0,1,0.2666666666666666,0,0,0,0,0,0,0,0,0,0,0,0,0,0,0,0,0,0,0,0,0,0,0,0,0,1,0,0,0,0,0,0,0,0,0,0,0,0,0,0,1,0,1,157,296.13287
471,O=[N+]([O-])c1cn([N+](=O)[O-])nc1-c1noc(-c2nn([N+](=O)[O-])cc2[N+](=O)[O-])n1,0,19,0,0,0,0,3,3,15,0,19,3,6,0,0,0,0,4,0,0,382.1650000000001,0.3521016696466632,-0.338834532,10.993024464045387,0.0290192041003729,-1.072049967,247.11999999999995,0,0,0,0,0,2,0,0,0,0,6,0,0,0,0,0,0,0,0,0,0,0,4,0,4,2,0,0,4,0,1,0,0,0,0,0,0,0,0,0,0.9567421119044488,0,0,0,0,-4.364845259,0,0,0,0,0,0,0,0,0,0,0,13.534577349458305,0,-4.142006349,0.0641495193118564,0,0,43.38179557483896,0,4.687791477702192,0,0,0,0,0.1972480564057496,0.8124412466165875,7180.313186898558,0.2022590620955622,0.3663339133620293,-0.334933864,8,2,9,10,2,0,0,0,2,0.5517241379310345,0,0,0,0,0,0,0,0,0,0,0,0,0,0,0,0,0,0,0,0,0,0,0,0,1,0,2,0,0,0,0,0,0,0,0,0,0,0,0,0.1724137931034483,0,0,0,156,187.41905
472,O=C(CCC([N+](=O)[O-])([N+](=O)[O-])[N+](=O)[O-])OCC([N+](=O)[O-])([N+](=O)[O-])[N+](=O)[O-],0,20,0,0,0,0,0,0,14,0,20,0,11,0,0,0,0,6,0,0,386.1420000000001,0.7336360213317266,-0.440720068,11.314166666666669,1.46610827664399,-4.19240162,285.14,0,0,3,0,0,0,0,0,0,1,0,0,2,0,0,0,0,0,0,0,0,0,0,0,6,0,0,0,7,1,0,0,0,0,0,0,0,-5.227564248,0,0,0,0,0,0,-1.851990741,0,0,-8.242581019,0,0,0,0,0,0,0,0,0,0,0,-11.73429634,0,0,0,74.82146022297808,3.894345238095238,0,0,0,0,0,0.2192103077043144,0.9639079105808176,4968.931596229472,0.8997116700460039,0.2175365539102195,-0.041435534,6,6,14,6,0,0,2,0,0,0.625,0,0,0,0,0,0,0,0,0,0,0,0,0,0,0,0,0,0,0,0,0,0,0,0,0,0,0,0,0,0,0,0,0,0,0,0,0,0,0,0,0,0,0,155,132.85887
473,O=C(CCC([N+](=O)[O-])([N+](=O)[O-])[N+](=O)[O-])NCC([N+](=O)[O-])([N+](=O)[O-])[N+](=O)[O-],1,20,0,0,0,0,0,0,13,1,20,0,11,0,1,0,0,6,0,0,385.1580000000001,0.7168214174065713,-0.335223203,11.42527777777778,1.325229591836735,-4.081290509,287.94,0,0,3,0,0,0,0,0,0,1,0,0,2,0,0,0,0,1,0,0,0,0,0,0,6,0,0,0,7,0,0,0,0,0,0,0,0,-4.803953137,0,0,0,0,0,0,-1.601990741,0,0,-8.091469907,0,0,0,0,1.325229591836735,0,0,0,0,0,0,-11.46346301,0,0,0,75.11379582388511,0,0,0,0,0,0,0.2505153442489966,0.9600390344385318,4644.922616175362,0.9030931543027184,0.2544410345884026,-0.103853484,6,7,13,7,0,0,2,0,0,0.6060606060606061,0,0,0,0,0,0,0,0,0,0,0,0,0,0,0,0,0,0,0,0,0,0,0,0,0,0,0,0,0,0,0,0,0,0,0,0,0,0,0,0,0,0,0,155,139.86324
474,O=[N+]([O-])c1nn(Cc2nnn[nH]2)c([N+](=O)[O-])c1[N+](=O)[O-],1,15,0,0,0,0,2,2,11,1,15,2,5,0,1,0,0,3,0,0,285.1360000000001,0.498146074244183,-0.357621116,10.867265684051398,0.0135222978080118,-1.298634732,201.7,0,0,1,0,0,0,0,0,0,0,4,0,0,0,0,0,0,0,1,0,0,0,4,0,3,1,0,0,3,0,0,0,0,0,0,0,0,-0.460324074,0,0,0,0,0,0,0,-3.666532502,0,0,0,0,0,0,0,2.243586545729402,0,0,0,13.032056563366089,0,-3.554957483,0.4706944444444443,0,0,32.30107158604183,0,0,0,0,0,0,0.3623314946607049,0.7905007406420804,2522.053879395214,0.7306516309530275,0.4418943942539701,-0.308624656,5,3,6,9,0,0,0,0,3,0.5217391304347826,0,0,0,0,0,0,0,0,0,0,0,0,0,0,0,0,0,0,0,0,0,0,0,0,0,0,0,1,0,0,0,0,0,0,1,0,0,0,0,0.217391304347826,0,0,0,155,205.13942
475,O=[N+]([O-])C(F)(Cn1cnnn1)[N+](=O)[O-],0,10,0,0,0,0,1,1,8,0,11,1,4,0,0,0,0,2,0,0,206.093,0.6335145494995712,-0.255864286,13.085833333333332,0.5611111111111111,-3.810138889,129.88,0,0,1,0,0,1,0,0,0,0,0,0,1,0,0,0,0,0,0,0,0,0,3,0,2,1,0,0,2,0,0,1,0,0,0,0,0,-1.180555556,0,0,0.8346527777777779,0,0,0,0,0,0,-3.810138889,0,0,0,0,0,0,0,0,0,9.163813775510205,0,-3.288333333,0.5611111111111111,0,0,20.191808390022675,0,0,13.085833333333332,0,0,0,0.4729977536532118,0.8244555224814644,991.2967049928642,0.7471495096178671,0.4075829843808377,-0.27172199,3,3,4,6,0,0,0,1,0,0.4117647058823529,0,0,0,0,0,0,0,0,0,0,0,0,0,0,0,0,0,0,0,0,0,0,0,0,0,0,0,0,0,0,0,0,0,0,1,0,0,0,0,0.2941176470588235,1,0,0,155,96.17012
476,Nc1nnc(-c2nonc2[N+](=O)[O-])o1,2,10,0,0,0,0,2,2,9,1,10,2,2,0,0,1,0,1,0,0,198.098,0.4472825905814017,-0.401321544,10.384943783068785,0.2125462962962963,-0.785492252,147,0,0,0,0,0,0,0,0,0,0,4,0,0,0,1,0,0,0,0,0,0,0,4,0,1,0,0,0,1,0,2,0,0,0,0,0,0,0,0,0,0,0,0,0,0,-1.291113001,0,0,0,5.121937830687831,0,0,0,0,0,0,0,12.98378023431595,0,-0.785492252,0,0,0,10.384943783068785,0,8.867666288737716,0,0,0,0,0.3015406394125268,0.7082636057893229,1348.456662592082,0.1296192434834272,0.4240325495461842,-0.403840523,4,2,4,6,0,0,0,0,1,0.25,0,0,0,0,0,0,0,0,0,0,0,0,0,0,0,0,0,0,0,0,0,0,0,0,1,1,0,0,0,0,0,0,0,0,0,0,0,0,0,0.3125,0,0,0,155,249.30501
477,Nc1nnc(-c2n[nH]c(-c3nnc(N)n3N)c2[N+](=O)[O-])n1N,9,15,0,0,0,0,3,3,13,5,15,3,3,0,1,4,0,1,0,0,307.23800000000006,0.3288609561077282,-0.366453842,11.373077286470144,0.0842512282690852,-0.704456727,237.32,0,0,0,0,0,0,0,0,0,0,7,0,0,0,4,0,0,0,1,0,0,0,5,0,1,2,0,0,1,0,0,0,0,0,0,0,0,0,0,0,0,0,0,0,0,-1.242334866,0,0,0,22.09173952296968,0,0,0,2.4330914588057446,0,0,0,18.11994026622995,0,-0.704456727,1.7225324389014864,0,0,11.373077286470144,0,0,0,0,0,0,0.1659862193549981,0.9015723839484132,3804.298705971182,0.6350734284231043,0.5923746411576695,-0.85926871,7,9,2,13,0,0,0,0,1,0.1290322580645161,0,0,0,0,0,0,0,0,0,0,0,0,0,0,0,0,0,0,0,0,0,0,0,0,0,1,0,0,0,2,0,0,0,0,0,0,0,0,0,0.3225806451612903,0,0,0,318.6,306.55466
478,Nc1nc(NCC([N+](=O)[O-])([N+](=O)[O-])[N+](=O)[O-])no1,3,14,0,0,0,0,1,1,11,2,14,1,6,0,1,1,0,3,0,0,263.126,0.7168306637670538,-0.351210788,10.524110213529855,0.4107322373393798,-3.643460412,206.39,0,0,1,0,0,0,0,0,0,0,2,0,1,0,1,0,0,1,0,0,0,0,2,0,3,0,0,0,3,0,1,0,0,0,0,0,0,-1.278796296,0,0,0,0,0,0,0,-0.852931311,0,-3.643460412,0,5.015428004535147,0,0,1.9294444444444443,0,0,0,0,6.419667422524565,0,-4.906428571,0,0,0,31.572330640589566,0,4.255748771730914,0,0,0,0,0.2430693270943617,0.9784485995185166,2438.57427426417,0.5661588295263519,0.3724451403510107,-0.212825794,4,5,7,7,0,0,1,0,0,0.4347826086956521,0,0,0,0,0,0,0,0,0,0,0,0,0,0,0,0,0,0,0,0,0,0,0,0,1,0,0,0,0,0,0,0,0,0,0,0,0,0,0,0.217391304347826,1,0,0,155,124.334946
479,O=[N+]([O-])OCC(CO[N+](=O)[O-])(CO[N+](=O)[O-])Nc1nnc2nncn2n1,1,19,0,0,0,0,2,2,16,1,19,2,11,0,1,0,0,0,0,0,376.20200000000006,0.2940849018817028,-0.34034455,10.456705271640336,0.0053468285462336,-1.989507275,238,0,0,3,0,0,1,0,0,0,0,1,1,1,0,0,0,0,1,0,0,0,0,5,0,3,1,0,0,3,3,0,0,0,0,0,0,0,-2.817691327,0,0,1.1442812263794406,0,0,0,0,-0.344311224,0.0053468285462336,-1.989507275,0,0,0,0,2.391111111111111,0,0,0,0,18.044441461616785,0,-3.634408856,1.0527465986394555,0,0,31.370115814921007,12.491093159486017,0,0,0,0,0,0.4089290529237968,0.8463721082541265,4954.46214621951,1.204706404571948,0.3721404989872463,-0.382773085,7,8,9,10,0,3,0,0,0,0.3529411764705882,0,0,0,0,0,0,0,0,0,0,0,0,0,0,0,0,0,1,0,0,0,0,0,0,0,0,0,0,0,1,0,0,0,0,0,0,0,0,0,0.3235294117647059,2,0,0,154.6,113.51376
480,O=[N+]([O-])c1c[nH]nc1C([N+](=O)[O-])([N+](=O)[O-])[N+](=O)[O-],1,14,0,0,0,0,1,1,9,1,14,1,5,0,1,0,0,4,0,0,262.094,0.7540609090943035,-0.277445741,10.623333333333331,0.472800925925926,-4.122615741,201.24,0,0,0,0,0,1,0,0,0,0,2,0,1,0,0,0,0,0,1,0,0,0,1,0,4,0,0,0,4,0,0,0,0,0,0,0,0,0,0,0,0.472800925925926,0,0,0,0,-2.729074074,0,-4.122615741,0,0,0,0,0,1.7445601851851853,0,0,0,2.882037037037037,0,-6.854560185,0,0,0,42.34509259259259,0,0,0,0,0,0,0.5427594857217324,0.7545757977126233,1479.178045577396,0.6026651604622173,0.3204957000160248,-0.0610468,4,2,8,6,0,0,1,0,1,0.7,0,0,0,0,0,0,0,0,0,0,0,0,0,0,0,0,0,0,0,0,0,0,0,0,0,1,0,0,0,0,0,0,0,0,0,0,0,0,0,0,1,0,0,154.2,123.71519
481,O=[N+]([O-])N(CN(c1nonc1-c1nn[nH]n1)[N+](=O)[O-])c1nonc1-c1nn[nH]n1,2,22,0,0,0,0,4,4,16,2,22,4,8,0,2,0,0,2,0,0,408.21500000000015,0.2700890850619054,-0.24139484,11.57033100277148,0.1978314851601283,-1.043522298,279.5199999999999,0,0,1,0,0,0,0,0,0,0,6,0,0,0,0,0,0,0,2,0,0,0,10,2,2,0,0,0,2,0,2,0,0,0,0,0,0,-1.043522298,0,0,0,0,0,0,0,-2.069306783,0,0,0,0,0,0,0,4.273714486615266,0,0,0,34.622034158011445,0.471584939531368,-1.99771542,0,0,0,23.14066200554296,0,8.961886904848665,0,0,0,0,0.6607709027346811,0.8721064228682339,3732.731127200623,1.251603839266503,0.5487304484156632,-0.39195032,7,4,6,16,2,0,0,0,0,0.2424242424242424,0,0,0,0,0,0,0,0,0,0,0,0,0,0,0,0,0,0,0,0,0,0,0,0,2,0,0,0,0,0,0,0,0,0,2,0,0,0,0,0.6060606060606061,0,0,0,154,126.30837
482,O=[N+]([O-])N(CC(N(F)F)([N+](=O)[O-])[N+](=O)[O-])CC(N(F)F)([N+](=O)[O-])[N+](=O)[O-],0,18,0,0,0,0,0,0,12,0,22,0,11,0,0,0,0,5,0,0,400.1140000000001,0.5971308146490923,-0.256895153,12.662676366843034,1.2544444444444451,-4.843786848,225.42,0,0,2,0,0,0,0,0,0,0,0,0,2,0,0,0,0,0,0,0,0,0,0,3,5,0,0,0,5,0,0,4,0,0,0,0,0,-5.352638889,0,0,0,0,0,0,0,0,0,-9.687573696,0,0,0,0,0,0,0,0,0,0,-6.742222222,-11.54847222,0,0,0,53.09010078105315,0,0,50.65070546737213,0,0,0,0.3296918305004147,0.903324838265148,4090.307814699219,0.9627019089461792,0.2799202227365201,0,4,4,10,8,1,0,0,2,0,0.6,0,0,0,0,0,0,0,0,0,0,0,0,0,0,0,0,0,0,0,0,0,0,0,0,0,0,0,0,0,0,0,0,0,0,0,0,0,0,0,0,0,1,0,154,114.10884
483,[N-]=[N+]=Nc1c([N+](=O)[O-])ncn1N=Nn1cnc([N+](=O)[O-])c1N=[N+]=[N-],0,18,0,0,0,0,2,2,12,0,18,2,6,0,0,0,0,2,0,0,334.1760000000001,0.3933289251537027,-0.357747257,10.73054392400262,0.5775930650037788,-0.913199907,244.16,0,0,0,0,0,2,0,0,0,0,4,0,0,0,0,0,0,0,0,0,0,4,2,0,2,2,0,0,2,0,0,0,0,0,0,0,0,0,0,0,1.6472659989921892,0,0,0,0,-2.713277169,0,0,0,0,0,0,0,0,0,0,13.006875787351976,6.737892416225749,0,-1.826399815,1.284831821617536,0,0,21.461087848005235,0,0,0,0,0,0,0.1369618234965071,0.8714837956018856,6036.938245090973,0.1472274203629486,0.5865172843052762,-0.430910658,6,2,4,14,0,0,0,0,2,0.3076923076923077,0,0,0,0,0,0,0,0,0,0,0,0,0,0,0,0,0,0,0,0,0,0,0,0,0,2,0,0,0,0,0,0,0,0,0,0,0,0,0,0,0,0,2,154,259.8314
484,O=C(N[N+](=O)[O-])OCCN(CCOC(=O)N[N+](=O)[O-])[N+](=O)[O-],2,16,0,0,0,0,0,0,10,2,16,0,9,0,2,0,0,3,0,0,326.17800000000005,0.4651801854619996,-0.443776978,10.70603984014022,0.4599707892416225,-1.407491924,209.32,0,0,4,0,0,0,0,0,0,2,0,0,0,0,0,0,0,2,0,0,0,0,0,1,3,0,0,0,5,2,0,0,0,0,0,0,0,-2.027585349,0,0,0,0,0,0,-2.814983848,0,0,0,0,0,0,0,2.306477424075659,0,0,0,0,0,0.471111111111111,-3.241784859,0,0,0,51.75976998241026,8.532638570043872,0,0,0,0,0,0.167850157699051,0.9505868597961002,6363.499238508274,0.8951562160649119,0.2575280981549953,-0.343370798,6,10,10,6,3,0,0,0,0,0.375,0,0,0,0,0,0,0,0,0,0,0,0,0,0,0,0,0,0,0,0,0,0,0,0,0,0,0,0,0,0,0,0,0,0,0,0,0,0,0,0,0,0,0,153,173.74002
485,O=[N+]([O-])C1=NC[N+]([O-])=C1c1cc([N+](=O)[O-])cc([N+](=O)[O-])c1,0,12,0,1,1,1,0,1,8,0,12,2,3,0,0,0,0,3,2,2,295.16700000000003,0.4382437118965468,-0.620145803,11.57278911564626,0.1397996976568407,-0.932638889,167.85000000000002,0,0,1,0,0,3,0,0,0,2,3,0,0,0,0,0,0,0,0,0,0,1,0,0,3,0,0,0,3,0,0,0,0,0,0,0,0,-0.553436319,0,0,2.381227324263038,0,0,0,-1.34111489,-1.62199452,0,0,0,0,0,0,0,0,0,0,3.377335600907029,0,0,-2.729999055,0,0,0,32.304363189720334,0,0,0,0,0,0,0.4297816855204256,0.723845855214885,3063.638629869637,0.6720600799632318,0.2371538823784502,-0.731789123,9,5,7,5,0,0,0,0,3,0.4615384615384615,0,0,1,0,0,0,0,0,0,0,0,0,0,0,0,0,0,0,0,0,0,0,0,0,0,1,0,0,0,0,0,0,0,0,0,0,0,0,0,0,0,0,0,153,237.23918
486,Nc1n[nH]/c(=N/[N+](=O)[O-])o1,3,8,0,0,0,0,1,1,5,2,8,1,1,0,1,1,0,1,0,0,145.078,0.3872892378599245,-0.385560027,9.668261526832955,0.1938888888888885,-0.920185185,123.34000000000002,0,0,0,0,0,0,0,0,0,0,1,0,0,0,1,0,0,0,1,0,0,1,1,0,1,0,0,0,1,0,1,0,0,0,0,0,0,0,0,0,0,0,0,0,0,-0.193888889,0,0,0,4.962689909297052,0,0,0,2.086759259259259,0,0,2.7377777777777776,3.2575925925925926,0,-0.920185185,0,0,0,9.668261526832955,0,4.397083333333334,0,0,0,0,0.1848690580531262,0.8151309419489651,756.8922502191673,2.548700800021037e-06,0.4824990694660802,-0.275713754,2,3,3,5,1,0,0,0,0,0.3076923076923077,0,0,0,0,0,0,0,0,0,0,0,0,0,0,0,0,0,0,0,0,0,0,0,0,1,0,0,0,0,0,0,0,0,0,0,0,0,0,0,0.3846153846153846,1,0,0,153,116.247246
487,CN(CC(=O)O)[N+](=O)[O-],1,6,0,0,0,0,0,0,3,1,6,0,3,0,0,0,0,1,0,0,134.09099999999998,0.3286597031009081,-0.479763547,9.768055555555556,0.4884259259259258,-1.213703704,83.68,1,0,1,0,0,0,0,0,0,1,0,0,0,0,0,0,0,0,0,0,0,0,0,1,1,0,0,1,2,0,0,0,0,0,0,1.091388888888889,0,-0.576388889,0,0,0,0,0,0,-1.213703704,0,0,0,0,0,0,0,0,0,0,0,0,0,0.4884259259259258,-0.783611111,0,0,7.986666666666666,19.470972222222223,0,0,0,0,0,0,0.386197880795576,0.7682706865278397,535.2473966162025,0.6840322507113137,0.208813417753615,-0.596609765,3,6,4,2,1,0,0,0,0,0.2666666666666666,0,0,0,0,0,0,0,0,0,0,0,0,0,0,0,0,0,0,0,0,0,0,0,0,0,0,0,0,0,0,0,0,0,0,0,0,0,0,0,0,0,0,0,153,207.21272
488,O=[N+]([O-])c1cn[nH]c1-c1nc(-c2noc(-c3[nH]ncc3[N+](=O)[O-])n2)no1,2,16,0,0,0,0,4,4,12,2,16,4,5,0,2,0,0,2,0,0,360.2060000000001,0.3192803810333338,-0.331495804,10.90620529054387,0.095672116617282,-0.674075505,221.48,0,0,0,0,0,2,0,0,0,0,8,0,0,0,0,0,0,0,2,0,0,0,6,0,2,0,0,0,2,0,2,0,0,0,0,0,0,0,0,0,1.9782378786488564,0,0,0,0,-1.652042548,0,0,0,0,0,0,0,4.750593712410993,0,0,0,22.12119389779036,0,-1.34815101,0,0,0,21.81241058108774,0,9.858680240614763,0,0,0,0,0.1192989089755356,0.8949764496884539,7413.178409554847,0.2376712413167508,0.3886664852889735,-0.71070443,10,4,6,10,0,0,0,0,2,0.2666666666666666,0,0,0,0,0,0,0,0,0,0,0,0,0,0,0,0,0,0,0,0,0,0,0,0,2,2,0,0,0,0,0,0,0,0,0,0,0,0,0,0.3333333333333333,0,0,0,317,283.1283
489,[N-]=[N+]=Nc1c(-n2nc3c4no[n+]([O-])c4c4no[n+]([O-])c4c3n2)c(N=[N+]=[N-])c([N+](=O)[O-])c(N=[N+]=[N-])c1[N+](=O)[O-],0,26,0,0,0,2,3,5,16,0,26,5,6,0,0,0,0,2,2,0,524.2500000000002,0.3058411520458335,-0.358947505,12.247491003054328,0.139061059617032,-1.376349469,369.21,0,0,0,0,0,0,0,0,0,0,6,6,0,0,0,0,0,0,0,0,0,3,4,0,2,3,0,0,2,0,2,0,0,0,0,0,0,0,0,0,0,0,0,0,0,-7.128837255,-2.54282113,0,0,0,0,0,0,0,0,0,9.27657377301497,14.817042205860886,0,-2.540499041,0.0511251788412123,0,0,23.78377203978214,0,8.99959936780186,0,0,0,0,0.2809023814109913,0.8089323091307659,10514.371036131202,0.7158804241212022,0.4806866952789697,-0.488316643,12,0,8,18,0,0,0,0,2,0.2105263157894736,1,0,1,0,0,0,0,0,0,0,0,0,0,0,0,0,0,0,0,0,0,0,0,0,2,0,0,0,0,1,0,0,0,0,0,0,0,0,0,0.5526315789473685,4,0,3,153,227.75009
490,O=[N+]([O-])OCCN(c1nc(N(CCO[N+](=O)[O-])[N+](=O)[O-])c([N+](=O)[O-])nc1[N+](=O)[O-])[N+](=O)[O-],0,24,0,0,0,0,1,1,16,0,24,1,14,0,0,0,0,4,0,0,468.2080000000002,0.4169956361214103,-0.35769557,11.270678811278108,0.2286652021919875,-1.594358754,309.56,0,0,4,0,0,0,0,0,0,0,4,0,0,0,0,0,0,0,0,0,0,0,2,2,6,0,0,0,6,2,0,0,0,0,0,0,0,-4.225376484,0,0,0,0,0,0,0,-5.948731261,0,0,0,0,0,0,0,0,0,0,0,6.188108780549257,-0.457330404,-8.301836775,0,0,0,65.35735368830726,7.697125434767376,0,0,0,0,0,0.5645238060758981,0.6937884983927239,6632.455611296293,1.000262946294021,0.299012404743191,-0.205037078,8,8,14,10,2,2,0,0,2,0.6,0,0,0,0,0,0,0,0,0,0,0,1,0,0,0,0,0,0,0,0,0,0,0,0,0,0,0,0,0,0,0,0,0,0,0,0,0,0,0,0,1,0,0,152.9,139.01164
491,O=c1[nH][nH]c(=O)n1NCC([N+](=O)[O-])([N+](=O)[O-])[N+](=O)[O-],3,15,0,0,0,0,1,1,10,3,15,1,6,0,3,0,0,3,0,0,279.125,0.7183812457584072,-0.295491655,10.970566893424037,0.0885416666666669,-3.816319444,212.1,0,0,1,0,0,0,0,0,0,0,0,0,1,0,0,0,0,1,2,0,0,0,0,0,3,1,0,0,5,0,0,0,0,0,0,0,0,-1.513055556,0,0,0,0,0,0,0,0,0,-3.816319444,0,0,0,0,1.650324074074074,3.517381897203326,0,0,0,0,0,-5.232497166,0.0885416666666669,0,0,53.54565334467121,0,0,0,0,0,0,0.3014656994185404,0.9228166693421544,2387.989147744476,0.5317706028204724,0.3510971786833856,-0.143304971,4,5,8,7,0,0,1,0,0,0.4166666666666667,0,0,0,0,0,0,0,0,0,0,0,0,0,0,0,0,0,0,0,0,0,0,0,0,0,0,0,0,0,1,0,0,0,0,0,0,0,0,0,0.2083333333333333,1,0,0,152,182.13545
492,O=[N+]([O-])Nc1nc(Cc2noc(N[N+](=O)[O-])n2)no1,2,14,0,0,0,0,2,2,10,2,14,2,6,0,2,0,0,2,0,0,272.137,0.3788556184932595,-0.30985309,10.09718189418406,0.03963246409675,-0.870285756,188.18,0,0,1,0,0,0,0,0,0,0,4,0,0,0,0,0,0,2,0,0,0,0,4,0,2,0,0,0,2,0,2,0,0,0,0,0,0,-0.077590703,0,0,0,0,0,0,0,-0.740855642,0,0,0,0,0,0,3.3165113058538385,0,0,0,0,14.030199042579994,0,-1.740571513,0,0,0,20.19436378836812,0,8.990246598639455,0,0,0,0,0.1891653775001291,0.9318423108275676,3469.27531226472,0.8970181806744111,0.4115574140965764,-0.352763498,5,4,6,8,2,0,0,0,0,0.3478260869565217,0,0,0,0,0,0,0,0,0,0,0,0,0,0,0,0,0,0,0,0,0,0,0,0,2,0,0,0,0,0,0,0,0,0,0,0,0,0,0,0.4347826086956521,0,0,0,152,170.8532
493,O=[N+]([O-])N1CN=C(C(Cl)([N+](=O)[O-])[N+](=O)[O-])NC1,1,12,0,1,1,0,0,0,8,1,13,1,4,0,1,0,0,3,0,0,268.57300000000004,0.5948913936800361,-0.337744085,10.540999149659864,0.4702546296296295,-3.150110544,157.05,0,0,2,0,0,0,0,0,0,1,0,0,1,0,0,0,0,1,0,0,0,1,0,1,3,0,0,0,3,0,0,0,1,0,0,0,0,-1.034259259,0,0,0,0,0,0,-0.743271605,0,0,-3.150110544,0,0,0,0,2.0727777777777776,0,0,0,3.32125,0,0.5562503149407914,-3.494117851,0,0,0,31.381937830687832,0,0,0,5.235383282942806,0,0,0.283667663049258,0.9660869601210887,2177.9016753267183,0.7567049089026017,0.3127641274439353,-0.268083538,4,5,6,6,1,0,0,1,0,0.5,0,0,0,0,0,0,0,0,0,0,0,0,0,0,1,0,0,0,0,0,0,0,0,0,0,0,0,0,0,0,0,0,0,0,0,0,0,0,0,0,1,0,0,152,135.635
494,O=[N+]([O-])c1nc(-c2ncn(C([N+](=O)[O-])([N+](=O)[O-])[N+](=O)[O-])n2)n(C([N+](=O)[O-])([N+](=O)[O-])[N+](=O)[O-])n1,0,27,0,0,0,0,2,2,20,0,27,2,10,0,0,0,0,7,0,0,479.1510000000002,0.8348051414319512,-0.38969113,11.249673406399598,0.0825925925925927,-4.727725694,363.4,0,0,0,0,0,1,0,0,0,0,3,0,2,0,0,0,0,0,0,0,0,0,4,0,7,2,0,0,7,0,0,0,0,0,0,0,0,0,0,0,-0.082592593,0,0,0,0,-4.837675107,0,-9.219358505,0,0,0,0,0,0,0,0,0,11.561904289493576,0,-14.2115997,-1.517546296,0,0,77.90343395691609,0,0,0,0,0,0,0.3418906714739935,0.8296736399814927,6366.8634253080045,0.6906050619021846,0.3798385060241968,0.0500885942009929,6,1,14,13,0,0,2,0,1,0.7058823529411765,0,0,0,0,0,0,0,0,0,0,0,0,0,0,0,0,0,0,0,0,0,0,0,0,0,0,0,0,0,1,1,0,0,0,0,0,0,0,0,0.1470588235294117,0,0,0,152,115.0735
495,O=[N+]([O-])c1cc(-c2cc([N+](=O)[O-])nn2[N+](=O)[O-])n([N+](=O)[O-])n1,0,16,0,0,0,0,2,2,12,0,16,2,5,0,0,0,0,4,0,0,314.13,0.394562697814273,-0.35774026,10.802864229024944,0.1122297808012096,-1.189035336,208.2,0,0,0,0,0,2,0,0,0,0,4,0,0,0,0,0,0,0,0,0,0,0,2,0,4,2,0,0,4,0,0,0,0,0,0,0,0,0,0,0,1.118133030990174,0,0,0,0,-3.36212774,0,0,0,0,0,0,0,0,0,0,0,6.05021164021164,0,-4.507472915,-0.224459562,0,0,42.79619110607206,0,0,0,0,0,0,0.3327254433295695,0.8247674126210224,3434.858839097412,0.6935334959701495,0.3565402858689078,-0.254671633,6,2,8,8,2,0,0,0,2,0.6666666666666666,0,0,0,0,0,0,0,0,0,0,0,0,0,0,0,0,0,0,0,0,0,0,0,0,0,0,2,0,0,0,0,0,0,0,0,0,0,0,0,0,0,0,0,152,129.70961
496,O=[N+]([O-])Nc1nnc2c3nnc(N[N+](=O)[O-])n3c3nonc3n12,2,17,0,0,0,0,4,4,13,2,17,4,4,0,2,0,0,2,0,0,322.16100000000006,0.2917349802027925,-0.240111923,10.609421620130044,0.0013407029478462,-0.843718261,209.64,0,0,0,0,0,0,0,0,0,0,2,4,0,0,0,0,0,2,0,0,0,0,6,0,2,2,0,0,2,0,1,0,0,0,0,0,0,0,0,0,0,0,0,0,0,-0.555582535,-0.065748299,0,0,0,0,0,3.668451121189216,0,0,0,0,21.87154415469892,0,-1.687436523,2.239259259259259,0,0,21.21884324026009,0,4.591826341647771,0,0,0,0,0.155375707196483,0.8446242939044821,4533.470704295144,7.018253636475514e-05,0.5214783912391631,-0.39731687,6,2,5,12,2,0,0,0,0,0.32,0,0,0,0,0,0,0,0,0,1,0,0,0,0,0,0,0,0,0,0,0,0,0,0,1,0,0,0,0,2,0,0,0,0,0,0,0,0,0,0.84,4,1,0,151,146.28796
497,O=[N+]([O-])Nc1nc(C2=NNC(c3nnc(N[N+](=O)[O-])[nH]3)=NN2)n[nH]1,6,18,0,1,1,0,2,2,12,6,18,3,6,0,6,0,0,2,0,0,338.208,0.2831197997502342,-0.300100377,10.28603337806312,0.0027103474794676,-0.810810913,242.26,0,0,0,0,0,0,0,0,0,2,4,0,0,0,0,0,0,4,2,0,0,2,4,0,2,0,0,0,2,0,0,0,0,0,0,0,0,0,0,0,0,0,0,0,0.1494230809607799,-0.317574441,0,0,0,0,0,0,8.55902065225714,4.781819125314762,0,0,7.725638070042832,14.57952910136539,0,-1.620961817,0,0,0,20.57155311378568,0,0,0,0,0,0,0.0689737442731148,0.9341088316179804,8808.127252549863,0.1044911178280314,0.5795250260194911,-0.520389819,6,6,4,14,2,0,0,0,0,0.2666666666666666,0,0,0,0,0,0,0,0,0,0,0,0,0,0,0,0,0,1,0,0,0,0,0,0,0,0,0,0,0,2,0,0,0,0,0,0,0,0,0,0.5333333333333333,0,0,0,151,164.9501
498,O=[N+]([O-])c1nn(Cc2nnc(Cn3nc([N+](=O)[O-])c([N+](=O)[O-])c3[N+](=O)[O-])n2/N=N/n2c(Cn3nc([N+](=O)[O-])c([N+](=O)[O-])c3[N+](=O)[O-])nnc2Cn2nc([N+](=O)[O-])c([N+](=O)[O-])c2[N+](=O)[O-])c([N+](=O)[O-])c1[N+](=O)[O-],0,52,0,0,0,0,6,6,40,0,52,6,22,0,0,0,0,12,0,0,1024.4559999999997,0.4981460777791828,-0.357621116,12.015082596337384,0.0922004460535372,-1.842731299,675.0999999999998,0,0,4,0,0,0,0,0,0,0,16,0,0,0,0,0,0,0,0,0,0,2,8,0,12,6,0,0,12,0,0,0,0,0,0,0,0,-5.833192337,0,0,0,0,0,0,0,-25.70907801,0,0,0,0,0,0,0,0,0,0,7.218317586293777,26.888690040642256,0,-18.88896822,-0.150956122,0,0,141.57092686041048,0,0,0,0,0,0,0.696698917934078,0.9177036359954416,31249.07384315881,2.4580994971108323,0.3826421046877563,-0.312360902,20,8,24,28,0,0,0,0,12,0.6,0,0,0,0,0,0,0,0,0,0,0,0,0,0,0,0,0,0,0,0,0,0,0,0,0,0,0,4,0,2,0,0,0,0,0,0,0,0,0,0.125,0,0,0,151,375.97375
499,O=[N+]([O-])c1cc([N+](=O)[O-])c(N2c3nonc3-c3no[n+]([O-])c3-c3nonc32)c([N+](=O)[O-])c1,0,20,0,1,1,1,3,4,16,0,20,5,4,0,0,0,0,3,3,1,446.2080000000002,0.306864999453939,-0.358947131,12.11143695249756,0.0982264287206566,-1.088196177,263.4699999999999,0,0,0,0,0,2,0,0,0,0,10,0,0,0,0,0,0,0,0,0,0,0,5,1,3,1,0,0,3,0,3,0,0,0,0,0,0,0,0,0,1.0041632023179643,0,0,0,0,-6.225960359,0,0,0,0,0,0,0,0,0,0,0,17.756935338924876,0.6937887377173091,-3.218059417,-0.098226429,0,0,34.68701915915841,0,13.76855032233279,0,0,0,0,0.3405529108533787,0.9252343257927168,5684.046180413137,1.0784466782170576,0.3137550200803211,-0.537865749,12,2,10,10,0,0,0,0,3,0.3529411764705882,0,0,0,1,0,0,0,0,0,0,0,0,0,0,0,0,0,0,0,0,0,0,0,0,3,0,0,0,0,0,0,0,0,0,0,0,0,0,0,0.4411764705882353,4,0,0,317,256.09402
500,O=[N+]([O-])C(F)(c1nc(-c2noc(C(F)([N+](=O)[O-])[N+](=O)[O-])n2)no1)[N+](=O)[O-],0,18,0,0,0,0,2,2,14,0,20,2,7,0,0,0,0,4,0,0,382.1080000000001,0.6968125801352547,-0.319020189,13.807289946855692,1.0742861866968998,-4.552245843,250.4,0,0,0,0,0,0,0,0,0,0,4,0,2,0,0,0,0,0,0,0,0,0,4,0,4,0,0,0,4,0,2,2,0,0,0,0,0,0,0,0,0,0,0,0,0,-5.752434912,0,-9.104491686,0,0,0,0,0,0,0,0,0,11.434407596371882,0,-8.063450109,0,0,0,42.02503472851237,0,7.9879864260519025,27.614579893711387,0,0,0,0.1431860113285958,0.9898991300994504,6612.794448146919,0.8662203851528685,0.2931108482418582,-0.083745957,6,0,10,8,0,0,0,2,0,0.5384615384615384,0,0,0,0,0,0,0,0,0,0,0,0,0,0,0,0,0,0,0,0,0,0,0,0,2,0,0,0,0,0,0,0,0,0,0,0,0,0,0,0.3846153846153846,0,0,0,151,111.18464
501,COc1n[n+]([O-])c([N+](=O)[O-])c(OC)c1[N+](=O)[O-],0,11,0,0,0,0,1,1,8,0,11,1,4,0,0,0,0,2,0,0,246.135,0.5885377225397964,-0.589055503,11.176203703703704,0.4120370370370367,-1.180555556,144.57000000000002,2,0,0,0,0,0,0,0,0,0,4,0,0,0,0,0,0,0,0,0,0,0,1,0,2,1,0,0,2,2,0,0,0,0,0,1.9815277777777776,0,0,0,0,0,0,0,0,0,-3.552685185,0,0,0,0,0,0,0,0,0,0,0,3.018240740740741,0,-2.122083333,-0.412037037,0,0,21.295386904761905,8.98672619047619,0,0,0,0,0,0.4047077262024043,0.6465006703175273,1901.4727578976708,0.4511659295760899,0.2275174193024153,-0.520039816,6,6,7,4,0,0,0,0,2,0.3478260869565217,0,0,0,0,0,0,0,0,0,0,0,1,0,0,0,0,0,0,0,0,0,0,0,0,0,0,0,0,0,0,0,0,0,0,0,0,0,0,0,0,1,0,0,151,264.68927
502,CN(Cn1c([N+](=O)[O-])n[nH]c1=O)[N+](=O)[O-],1,11,0,0,0,0,1,1,7,1,11,1,4,0,1,0,0,2,0,0,218.129,0.4606286215123896,-0.389769812,10.99375,0.5177777777777777,-0.911026077,140.20000000000002,1,0,1,0,0,0,0,0,0,0,1,0,0,0,0,0,0,0,1,0,0,0,1,1,2,1,0,0,3,0,0,0,0,0,0,1.0725850340136054,0,-0.556898148,0,0,0,0,0,0,0,-0.769722222,0,0,0,0,0,0,0,1.829335789871504,0,0,0,3.1047439531368104,0.5177777777777777,-1.713441043,0.5444444444444445,0,0,31.58875850340136,0,0,0,0,0,0,0.5355444819784169,0.6851826492140082,1254.1386627548873,0.7320136407340401,0.3850932246514676,-0.440106542,4,6,5,6,1,0,0,0,1,0.3809523809523809,0,0,0,0,0,0,0,0,0,0,0,0,0,0,0,0,0,0,0,0,0,0,0,0,0,0,0,0,0,0,1,0,0,0,0,0,0,0,0,0,1,0,0,151,133.50691
503,O=[N+]([O-])/N=c1\[nH]nc(-c2noc(N[N+](=O)[O-])n2)[nH]1,3,14,0,0,0,0,2,2,8,3,14,2,4,0,3,0,0,2,0,0,257.126,0.3792744861584351,-0.309368331,10.086970121011875,0.0317148526077093,-0.940733331,194.06,0,0,0,0,0,0,0,0,0,0,3,0,0,0,0,0,0,1,2,0,0,1,3,0,2,0,0,0,2,0,1,0,0,0,0,0,0,0,0,0,0,0,0,0,0,-0.629341721,0,0,0,0,0,0,1.6323115866717055,4.5655860260770975,0,0,2.8993872039556563,10.481548563869993,0,-1.83056042,0,0,0,20.163226507455853,0,4.467962569286974,0,0,0,0,0.0505911700205681,0.9543661782568208,4142.455468842204,0.0916036953553262,0.4900321243281504,-0.280018357,4,3,5,9,2,0,0,0,0,0.3809523809523809,0,0,0,0,0,0,0,0,0,0,0,0,0,0,0,0,0,0,0,0,0,0,0,0,1,0,0,0,0,1,0,0,0,0,0,0,0,0,0,0.4761904761904761,0,0,0,150.7,174.05066
504,O=[N+]([O-])C1CN([N+](=O)[O-])CN([N+](=O)[O-])C1,0,11,0,1,1,0,0,0,6,0,11,1,3,0,0,0,0,3,0,0,221.129,0.2585486072959617,-0.26410245,10.397685185185184,0.42625,-1.324490741,135.9,0,0,3,0,0,0,1,0,0,0,0,0,0,0,0,0,0,0,0,0,0,0,0,2,3,0,0,0,3,0,0,0,0,0,0,0,0,-1.40375,0,0,0,-1.324490741,0,0,0,0,0,0,0,0,0,0,0,0,0,0,0,0,0.8884259259259257,-2.523333333,0,0,0,31.098240740740746,0,0,0,0,0,0,0.5127860903619202,0.5664104355430304,1749.0372312449506,0.5525440040219166,0.3165573036553323,-0.397957753,4,7,6,5,2,0,0,0,1,0.5454545454545454,0,0,0,0,0,0,0,0,0,0,0,0,1,0,0,0,0,0,0,0,0,0,0,0,0,0,0,0,0,0,0,0,0,0,0,0,0,0,0,0,1,0,0,150.6,159.07704
505,O=[N+]([O-])Cc1nnc(-c2n[nH]/c(=N\[N+](=O)[O-])[nH]2)o1,2,13,0,0,0,0,2,2,8,2,13,2,4,0,2,0,0,2,0,0,256.13800000000003,0.29455953084176,-0.411729531,10.19808123212299,0.0160204081632651,-0.930779234,182.03,0,0,1,0,0,0,0,0,0,0,3,0,0,0,0,0,0,0,2,0,0,1,3,0,2,0,0,0,2,0,1,0,0,0,0,0,0,-0.621475419,0,0,0,0,0,0,0,-0.370591721,0,0,0,0,0,0,0,4.59641085600907,0,0,2.9113273966994204,10.478925894431846,0,-1.570606323,0,0,0,20.28269795807314,0,4.909663170823885,0,0,0,0,0.0855055405319269,0.9605370331193568,3733.6100843874,0.4621004058742309,0.4372642872201703,-0.437264287,5,4,5,8,1,0,0,0,1,0.3636363636363636,0,0,0,0,0,0,0,0,0,0,0,0,0,0,0,0,0,0,0,0,0,0,0,0,1,0,0,0,0,1,0,0,0,0,0,0,0,0,0,0.4545454545454545,0,0,0,150.4,191.04025
506,O=C(c1nc(C([N+](=O)[O-])([N+](=O)[O-])[N+](=O)[O-])n[nH]1)c1nc(C([N+](=O)[O-])([N+](=O)[O-])[N+](=O)[O-])n[nH]1,2,25,0,0,0,0,2,2,17,2,25,2,10,0,2,0,0,6,0,0,462.1640000000002,0.764520191020096,-0.281474673,12.259374527588813,1.2161720521541948,-4.333721142,359.05,0,0,0,0,0,0,0,0,0,1,4,0,2,0,0,0,0,0,2,0,0,0,4,0,6,0,0,0,7,0,0,0,0,0,0,0,0,0,0,0,0,0,0,0,-1.643159486,-5.884547509,0,-8.667442284,0,0,0,0,0,3.153589852607709,0,0,0,11.67910265495087,0,-11.85365851,0,0,0,78.15441157087263,0,0,0,0,0,0,0.123083803704992,0.9892722094020876,10437.914221302157,0.81798290672928,0.3635073264036141,-0.069239491,7,2,13,12,0,0,2,0,0,0.5882352941176471,0,0,0,0,0,0,0,0,0,0,0,0,0,0,0,0,0,0,0,0,0,0,0,0,0,0,0,0,0,2,0,0,0,0,0,0,0,0,0,0.2941176470588235,0,0,0,150,146.10141
507,O=[N+]([O-])OCn1nnc(-c2nnn(CO[N+](=O)[O-])n2)n1,0,16,0,0,0,0,2,2,14,0,16,2,7,0,0,0,0,0,0,0,288.14000000000004,0.2959351916682852,-0.288453355,9.966781966846067,0.0932397959183668,-1.021324213,191.94,0,0,2,0,0,0,0,0,0,0,2,0,0,0,0,0,0,0,0,0,0,0,6,0,2,2,0,0,2,2,0,0,0,0,0,0,0,-1.113944662,0,0,0,0,0,0,0,-0.186479592,0,0,0,0,0,0,0,0,0,0,0,21.219548847316705,0,-2.042648425,1.5681627928949355,0,0,19.933563933692135,8.021566505083822,0,0,0,0,0,0.1854468281177186,0.8823909463604022,4558.888702378236,0.732887139886749,0.485874921912959,-0.22211425,4,4,6,10,0,2,0,0,0,0.3333333333333333,0,0,0,0,0,0,0,0,0,0,0,0,0,0,0,0,0,0,0,0,0,0,0,0,0,0,0,0,0,0,0,0,0,0,2,0,0,0,0,0.4166666666666667,0,0,0,150,122.053894
508,O=[N+]([O-])c1nn(C([N+](=O)[O-])([N+](=O)[O-])[N+](=O)[O-])c(-c2n[nH]c([N+](=O)[O-])c2[N+](=O)[O-])c1[N+](=O)[O-],1,25,0,0,0,0,2,2,17,1,25,2,9,0,1,0,0,7,0,0,463.14800000000025,0.8379197971709735,-0.357668715,11.38854261148904,1.0732482993197276,-4.934571759,348.4799999999999,0,0,0,0,0,0,0,0,0,0,6,0,1,0,0,0,0,0,1,0,0,0,2,0,7,1,0,0,7,0,0,0,0,0,0,0,0,0,0,0,0,0,0,0,0,-11.20576294,0,-4.934571759,0,0,0,0,0,1.390753968253968,0,0,0,5.535470521541949,0,-13.45202601,-1.073248299,0,0,78.74469226347948,0,0,0,0,0,0,0.5279050406407573,0.7104153173162874,5177.855860637424,0.9017751719872052,0.3325071035608486,-0.017273096,7,1,14,11,0,0,1,0,4,0.7878787878787878,0,0,0,0,0,0,0,0,0,0,0,0,0,0,0,0,0,0,0,0,0,0,0,0,0,0,2,0,0,0,0,0,0,0,0,0,0,0,0,0,0,0,0,150,134.69933
509,O=[N+]([O-])C(F)(COCOCC(F)([N+](=O)[O-])[N+](=O)[O-])[N+](=O)[O-],0,14,0,0,0,0,0,0,10,0,16,0,10,0,0,0,0,4,0,0,320.1170000000001,0.6373515213934369,-0.336693247,13.085575514928196,1.290972222222222,-4.205981867,191.02,0,0,3,0,0,0,0,0,0,0,0,0,2,0,0,0,0,0,0,0,0,0,0,0,4,0,0,0,4,2,0,2,0,0,0,0,0,-4.812372449,0,0,0,0,0,0,0,0,0,-8.411963735,0,0,0,0,0,0,0,0,0,0,0,-7.664716081,0,0,0,40.3750815696649,7.967738095238095,0,26.17115102985639,0,0,0,0.2078988868421453,0.9395458344122128,3764.039942368356,0.8414091007452923,0.1749360390107367,-0.149945176,5,6,10,4,0,0,0,2,0,0.5185185185185185,0,0,0,0,0,0,0,0,0,0,0,0,0,0,0,0,0,0,0,0,0,0,0,0,0,0,0,0,0,0,0,0,0,0,0,0,0,0,0,0,0,0,0,150,127.44905
510,Nc1c([N+](=O)[O-])nnc2nc(-c3n[nH]cc3[N+](=O)[O-])nn12,3,14,0,0,0,0,3,3,11,2,14,3,3,0,1,1,0,2,0,0,292.175,0.4326773139117982,-0.376352675,10.822962543041909,0.1457842025699163,-0.833212711,196.95,0,0,0,0,0,1,0,0,0,0,5,1,0,0,1,0,0,0,1,0,0,0,5,0,2,1,0,0,2,0,0,0,0,0,0,0,0,0,0,0,1.0540797430083144,0,0,0,0,-1.762635398,-0.147779667,0,0,5.538686933106576,0,0,0,2.310301949483497,0,0,0,18.114758676618795,0,-1.511771857,0.8599924414210127,0,0,21.522183589485174,0,0,0,0,0,0,0.1496557945813356,0.8652959557091142,3902.755955737428,0.2486800864418513,0.4791648840592111,-0.657140412,7,4,4,10,0,0,0,0,2,0.32,0,0,0,0,0,0,0,0,0,0,0,0,0,0,1,0,0,0,0,0,0,0,0,0,0,1,0,0,0,1,0,0,0,0,0,0,0,0,0,0.2,2,0,0,317,268.44873
511,O=[N+]([O-])C(c1nc(/N=N/c2n[nH]c(C([N+](=O)[O-])([N+](=O)[O-])[N+](=O)[O-])n2)n[nH]1)([N+](=O)[O-])[N+](=O)[O-],2,26,0,0,0,0,2,2,18,2,26,2,10,0,2,0,0,6,0,0,462.1680000000002,0.7622393839164816,-0.252190418,10.946412925577995,1.0089194381456272,-4.179306519,366.7,0,0,0,0,0,0,0,0,0,0,4,0,2,0,0,0,0,0,2,0,0,2,4,0,6,0,0,0,6,0,0,0,0,0,0,0,0,0,0,0,0,0,0,0,0,-5.024880153,0,-8.358613038,0,0,0,0,0,3.089623360746196,0,0,6.1355423280423285,12.287229308390025,0,-11.31919025,0,0,0,65.67847755346799,0,0,0,0,0,0,0.1165879429561812,0.986706197445518,11331.950249015306,0.7362046227986403,0.4240882103477522,-0.034619446,6,2,12,14,0,0,2,0,0,0.5882352941176471,0,0,0,0,0,0,0,0,0,0,0,0,0,0,0,0,0,0,0,0,0,0,0,0,0,0,0,0,0,2,0,0,0,0,0,0,0,0,0,0.2941176470588235,0,0,0,150,146.46103
512,Nc1nc(N[N+](=O)[O-])nc2nc([N+](=O)[O-])nn12,3,13,0,0,0,0,2,2,10,2,13,2,3,0,1,1,0,2,0,0,241.127,0.4931504698538182,-0.389690451,10.39892676051902,0.2698611111111106,-0.906691862,180.3,0,0,0,0,0,0,0,0,0,0,3,1,0,0,1,0,0,1,0,0,0,0,4,0,2,1,0,0,2,0,0,0,0,0,0,0,0,0,0,0,0,0,0,0,0,-1.493980537,-0.269861111,0,0,5.370379818594104,0,0,1.6452272297808013,0,0,0,0,13.777118291761148,0,-1.75914903,0.7948998488284202,0,0,20.551016077727382,0,0,0,0,0,0,0.1317945475865549,0.8682054524924772,2700.7547245987184,1.3511996841737708e-05,0.5225462100884595,-0.364952909,4,3,4,9,1,0,0,0,1,0.4,0,0,0,0,0,0,0,0,0,0,0,0,0,1,0,0,0,0,0,0,0,0,0,0,0,0,0,0,0,0,1,0,0,0,0,0,0,0,0,0.3,2,0,0,150,206.69144
513,Nc1n/c(=N\[N+](=O)[O-])o[nH]1,3,8,0,0,0,0,1,1,5,2,8,1,1,0,1,1,0,1,0,0,145.078,0.4130400240949655,-0.367119858,9.662150415721843,0.0549999999999997,-0.931435185,123.34,0,0,0,0,0,0,0,0,0,0,1,0,0,0,1,0,0,0,1,0,0,1,1,0,1,0,0,0,1,0,1,0,0,0,0,0,0,0,0,0,0,0,0,0,0,-0.055,0,0,0,5.011301020408164,0,0,0,2.067453703703704,0,0,2.7134722222222223,3.2980555555555555,0,-0.931435185,0,0,0,9.662150415721843,0,4.305648148148148,0,0,0,0,0.1768427238021613,0.8231572762041648,772.7815306706062,3.0636830652946708e-06,0.4824990694660802,-0.275713754,2,3,3,5,1,0,0,0,0,0.3076923076923077,0,0,0,0,0,0,0,0,0,0,0,0,0,0,0,0,0,0,0,0,0,0,0,0,1,0,0,0,0,0,0,0,0,0,0,0,0,0,0,0.3846153846153846,1,0,0,150,123.187675
514,CN(CC(=O)NC(=O)OCC([N+](=O)[O-])([N+](=O)[O-])[N+](=O)[O-])[N+](=O)[O-],1,17,0,0,0,0,0,0,11,1,17,0,8,0,1,0,0,4,0,0,340.16100000000006,0.7336924015078318,-0.423920885,11.134777494331065,0.2618765353363566,-4.043635322,231.2,1,0,2,0,0,0,0,0,0,2,0,0,1,0,0,0,0,1,0,0,0,0,0,1,4,0,0,0,6,1,0,0,0,0,0,0.8771329618853971,0,-2.836170714,0,0,0,0,0,0,-3.078905423,0,0,-4.043635322,0,0,0,0,1.341062925170068,0,0,0,0,0,0.2618765353363566,-6.656746926,0,0,0,64.02126724430971,3.9199050453514737,0,0,0,0,0,0.1744926039948236,0.9346726855988184,4949.497085988312,0.8240408519419197,0.2469418892818401,-0.235182752,6,8,11,6,1,0,1,0,0,0.4516129032258064,0,0,0,0,0,0,0,0,0,0,0,0,0,0,0,0,0,0,0,0,0,0,0,0,0,0,0,0,0,0,0,0,0,0,0,0,0,0,0,0,0,0,0,150,126.89287
515,[N-]=[N+]=Nc1nnc2nnc(N[N+](=O)[O-])n2n1,1,13,0,0,0,0,2,2,9,1,13,2,3,0,1,0,0,1,0,0,223.11600000000004,0.3079175024040847,-0.234422883,10.188562610229278,0.0682964852607708,-0.841472191,172.79000000000002,0,0,0,0,0,0,0,0,0,0,2,1,0,0,0,0,0,1,0,0,0,1,5,0,1,1,0,0,1,0,0,0,0,0,0,0,0,0,0,0,0,0,0,0,0,-0.578252079,-0.068296485,0,0,0,0,0,1.743580640589569,0,0,0,3.0784637188208617,17.317559523809525,0,-0.841472191,0.8887037037037038,0,0,10.188562610229278,0,0,0,0,0,0,0.1552697092483448,0.8447302911270566,2300.239116757833,2.864524157403645e-05,0.6902239193961884,-0.322702092,3,1,2,11,1,0,0,0,0,0.2352941176470588,0,0,0,0,0,0,0,0,0,0,0,0,0,0,0,0,0,1,0,0,0,0,0,0,0,0,0,0,0,1,0,0,0,0,0,0,0,0,0,0.6470588235294118,2,0,1,150,150.13914
516,O=[N+]([O-])Nc1nonc1Nc1nnc(Nc2nonc2N[N+](=O)[O-])nn1,4,20,0,0,0,0,3,3,16,4,20,3,8,0,4,0,0,2,0,0,368.1900000000001,0.2774228889302052,-0.299916338,10.388842959004464,0.1905743808593727,-0.877392203,263.79999999999995,0,0,0,0,0,0,0,0,0,0,6,0,0,0,0,0,0,4,0,0,0,0,8,0,2,0,0,0,2,0,2,0,0,0,0,0,0,0,0,0,0,0,0,0,0,-1.456083762,0,0,0,0,0,0,8.3129853486091,0,0,0,0,27.6791730830533,0,-1.754784406,0,0,0,20.777685918008928,0,8.663337900344436,0,0,0,0,0.1394955663104981,0.8895803108630396,7758.605656269647,0.4096816239178802,0.5323338493712485,-0.347646596,6,4,6,14,2,0,0,0,0,0.2666666666666666,0,0,0,0,0,0,0,0,0,0,0,0,0,0,0,0,0,1,0,0,0,0,0,0,2,0,0,0,0,0,0,0,0,0,0,0,0,0,0,0.5333333333333333,0,0,0,149,129.89078
517,O=[N+]([O-])Nc1nc([N+](=O)[O-])nn1Cc1nnn[nH]1,2,14,0,0,0,0,2,2,10,2,14,2,5,0,2,0,0,2,0,0,256.142,0.4927843302276484,-0.389690591,10.476165989543963,0.1349074074074077,-0.913814248,183.48,0,0,1,0,0,0,0,0,0,0,3,0,0,0,0,0,0,1,1,0,0,0,5,0,2,1,0,0,2,0,0,0,0,0,0,0,0,-0.134907407,0,0,0,0,0,0,0,-0.961925548,0,0,0,0,0,0,1.685702947845805,2.376334089191232,0,0,0,16.883362307886117,0,-1.788554422,0.8919907407407406,0,0,20.7739986457546,0,0,0,0,0,0,0.4367993472349397,0.6962933960690837,2260.5338248807816,0.7856650696553674,0.5465718234416845,-0.374792108,4,4,4,10,1,0,0,0,1,0.3636363636363636,0,0,0,0,0,0,0,0,0,0,0,0,0,0,0,0,0,0,0,0,0,0,0,0,0,0,0,0,0,0,1,0,0,0,1,0,0,0,0,0.2272727272727272,0,0,0,149,164.85048
518,O=[N+]([O-])N(CN(c1nonc1-c1nnn[nH]1)[N+](=O)[O-])c1nonc1-c1nnn[nH]1,2,22,0,0,0,0,4,4,16,2,22,4,8,0,2,0,0,2,0,0,408.21500000000015,0.2699973187621156,-0.241396327,11.573895423910304,0.1275192721206424,-1.036152683,279.5199999999999,0,0,1,0,0,0,0,0,0,0,6,0,0,0,0,0,0,0,2,0,0,0,10,2,2,0,0,0,2,0,2,0,0,0,0,0,0,-1.036152683,0,0,0,0,0,0,0,-1.851946246,0,0,0,0,0,0,0,4.619879066206628,0,0,0,33.995269661762265,0.4885903250188967,-1.987066484,0,0,0,23.14779084782061,0,8.97584466426097,0,0,0,0,0.3244897238060285,0.9368734453525288,5075.630410330889,0.9866768249825164,0.5487304484156632,-0.39195032,7,4,6,16,2,0,0,0,0,0.2424242424242424,0,0,0,0,0,0,0,0,0,0,0,0,0,0,0,0,0,0,0,0,0,0,0,0,2,0,0,0,0,0,0,0,0,0,2,0,0,0,0,0.6060606060606061,0,0,0,149,148.54265
519,O=[N+]([O-])N(CN(c1nonc1-c1ncon1)[N+](=O)[O-])c1nonc1-c1ncon1,0,20,0,0,0,0,4,4,16,0,20,4,8,0,0,0,0,2,0,0,408.20700000000016,0.2700793707740748,-0.342358776,11.57033100277148,0.1978314851601283,-1.043522298,248.43999999999997,0,0,1,0,0,2,0,0,0,0,6,0,0,0,0,0,0,0,0,0,0,0,8,2,2,0,0,0,2,0,4,0,0,0,0,0,0,-1.043522298,0,0,1.872759649659139,0,0,0,0,-2.069306783,0,0,0,0,0,0,0,0,0,0,0,27.94736483444005,0.4715849395313678,-1.99771542,0,0,0,23.14066200554296,0,18.037511065376187,0,0,0,0,0.6528644252929559,0.9015979279508256,3435.6980122621835,1.1849236628691957,0.4115559017851236,-0.470349602,9,4,8,12,2,0,0,0,0,0.2424242424242424,0,0,0,0,0,0,0,0,0,0,0,0,0,0,0,0,0,0,0,0,0,0,0,0,4,0,0,0,0,0,0,0,0,0,0,0,0,0,0,0.6060606060606061,0,0,0,149,104.230125
520,[N-]=[N+]=Nc1n[nH]nc1[N+](=O)[O-],1,9,0,0,0,0,1,1,5,1,9,1,2,0,1,0,0,1,0,0,155.077,0.4195573452086803,-0.357693104,10.057445200302343,0.3634259259259258,-0.798101852,133.47,0,0,0,0,0,0,0,0,0,0,2,0,0,0,0,0,0,0,1,0,0,1,2,0,1,0,0,0,1,0,0,0,0,0,0,0,0,0,0,0,0,0,0,0,0,-0.944166667,0,0,0,0,0,0,0,1.957962962962963,0,0,2.921898148148148,6.363240740740741,0,-0.798101852,0,0,0,10.057445200302343,0,0,0,0,0,0,0.4425528573139821,0.6166567692103148,703.418724390606,0.2412685225639404,0.6319441309800936,-0.25793638,2,1,2,7,0,0,0,0,1,0.3333333333333333,0,0,0,0,0,0,0,0,0,0,0,0,0,0,0,0,0,0,0,0,0,0,0,0,0,0,0,0,0,0,1,0,0,0,0,0,0,0,0,0,1,0,1,149,272.8511
521,Nc1nnc2c([N+](=O)[O-])c(-c3nn4c(N)c([N+](=O)[O-])nnc4c3[N+](=O)[O-])nn2c1[N+](=O)[O-],4,22,0,0,0,0,4,4,18,2,22,4,5,0,0,2,0,4,0,0,448.2320000000002,0.4325651709883333,-0.376388449,11.679892342739564,0.3482388510959937,-1.085825775,310.75999999999993,0,0,0,0,0,0,0,0,0,0,8,2,0,0,2,0,0,0,0,0,0,0,6,0,4,2,0,0,4,0,0,0,0,0,0,0,0,0,0,0,0,0,0,0,0,-7.315229823,-1.484404972,0,0,10.976438643155191,0,0,0,0,0,0,0,20.553973138587136,0,-4.24625201,0.8073573318216172,0,0,45.68739217913176,0,0,0,0,0,0,0.2158092965536542,0.8578398367615748,8177.590422054153,0.6043100128811569,0.4372735547662816,-0.499741205,10,4,8,14,0,0,0,0,4,0.4444444444444444,0,0,0,0,0,0,0,0,0,0,0,0,0,0,2,0,0,0,0,0,0,0,0,0,0,2,0,0,0,0,0,0,0,0,0,0,0,0,0,0,2,0,0,315,271.40326
522,Nc1nc(OCC([N+](=O)[O-])([N+](=O)[O-])[N+](=O)[O-])nc(OCC([N+](=O)[O-])([N+](=O)[O-])[N+](=O)[O-])n1,2,24,0,0,0,0,1,1,18,1,24,1,12,0,0,1,0,6,0,0,454.18100000000027,0.733643471477728,-0.43824583,10.812035967279474,0.9001681783824631,-4.096808467,341.98999999999995,0,0,2,0,0,0,0,0,0,0,3,0,2,0,1,0,0,0,0,0,0,0,3,0,6,0,0,0,6,2,0,0,0,0,0,0,0,-3.794594907,0,0,0,0,0,0,0,-3.277327098,0,-8.193616934,0,5.171411564625851,0,0,0,0,0,0,0,9.410624527588814,0,-11.36570531,0,0,0,64.87221580367684,8.804776549508691,0,0,0,0,0,0.1599192782989808,0.935350793455394,10194.794984995591,0.67211877821691,0.3082471525669281,-0.105684738,7,6,14,10,0,0,2,0,0,0.5405405405405406,0,0,0,0,0,0,0,0,0,0,0,0,0,1,0,0,0,0,0,0,0,0,0,0,0,0,0,0,0,0,0,0,0,0,0,0,0,0,0,0.1621621621621621,1,0,0,148.9,149.76617
523,O=[N+]([O-])c1cnn(-c2ncn([N+](=O)[O-])n2)n1,0,12,0,0,0,0,2,2,10,0,12,2,3,0,0,0,0,2,0,0,226.112,0.4293598377180968,-0.357701508,10.29448444192492,0.2316666666666662,-0.824987402,147.7,0,0,0,0,0,2,0,0,0,0,2,0,0,0,0,0,0,0,0,0,0,0,4,0,2,2,0,0,2,0,0,0,0,0,0,0,0,0,0,0,1.7057407407407406,0,0,0,0,-0.734024943,0,0,0,0,0,0,0,0,0,0,0,13.761938775510204,0,-1.580944192,1.0581944444444442,0,0,20.561214254220207,0,0,0,0,0,0,0.0892577791643393,0.9107422208646264,2642.3874047998597,9.135701869557468e-06,0.4953297480894423,-0.353806963,4,2,4,8,1,0,0,0,1,0.4444444444444444,0,0,0,0,0,0,0,0,0,0,0,0,0,0,0,0,0,0,0,0,0,0,0,0,0,0,0,0,0,0,2,0,0,0,0,0,0,0,0,0,0,0,0,148,191.14827
524,O=[N+]([O-])C(c1nc(-c2n[nH]c(C([N+](=O)[O-])([N+](=O)[O-])[N+](=O)[O-])n2)n[nH]1)([N+](=O)[O-])[N+](=O)[O-],2,24,0,0,0,0,2,2,16,2,24,2,9,0,2,0,0,6,0,0,434.1540000000001,0.7621900359108895,-0.252190424,10.983191137999942,1.0079917800453508,-4.239430272,341.98,0,0,0,0,0,0,0,0,0,0,4,0,2,0,0,0,0,0,2,0,0,0,4,0,6,0,0,0,6,0,0,0,0,0,0,0,0,0,0,0,0,0,0,0,0,-5.140165029,0,-8.478860544,0,0,0,0,0,3.04771022297808,0,0,0,12.451981292517008,0,-11.51229293,0,0,0,65.89914682799964,0,0,0,0,0,0,0.1679981369377864,0.9690150877412664,7811.307829022078,0.7162372821945937,0.3869594659959368,-0.036853282,6,2,12,12,0,0,2,0,0,0.625,0,0,0,0,0,0,0,0,0,0,0,0,0,0,0,0,0,0,0,0,0,0,0,0,0,0,0,0,0,2,0,0,0,0,0,0,0,0,0,0.3125,0,1,0,148,132.4351
525,O=[N+]([O-])C(c1n[nH]c(-c2nc(C([N+](=O)[O-])([N+](=O)[O-])[N+](=O)[O-])n[nH]2)n1)([N+](=O)[O-])[N+](=O)[O-],2,24,0,0,0,0,2,2,16,2,24,2,9,0,2,0,0,6,0,0,434.1540000000001,0.7645201278998492,-0.255530918,10.978719687382656,0.9142417800453508,-4.26005102,341.98,0,0,0,0,0,0,0,0,0,0,4,0,2,0,0,0,0,0,2,0,0,0,4,0,6,0,0,0,6,0,0,0,0,0,0,0,0,0,0,0,0,0,0,0,0,-5.079331696,0,-8.520102041,0,0,0,0,0,3.4532615268329554,0,0,0,12.133646069538926,0,-11.56544344,0,0,0,65.87231812429594,0,0,0,0,0,0,0.1484581220918308,0.9903960255521332,8260.812613707722,0.7099490074677671,0.3869594659959368,-0.036853282,6,2,12,12,0,0,2,0,0,0.625,0,0,0,0,0,0,0,0,0,0,0,0,0,0,0,0,0,0,0,0,0,0,0,0,0,0,0,0,0,2,0,0,0,0,0,0,0,0,0,0.3125,0,1,0,148,133.49632
526,Cc1nc(C([N+](=O)[O-])([N+](=O)[O-])[N+](=O)[O-])no1,0,12,0,0,0,0,1,1,9,0,12,1,4,1,0,0,0,3,0,0,233.096,0.7661401107273302,-0.338754174,10.514633408919124,0.2593287037037033,-3.835555556,168.33999999999995,1,0,0,0,0,0,0,0,0,0,2,0,1,0,0,0,0,0,0,0,0,0,2,0,3,0,0,0,3,0,1,0,0,0,0,1.1816439909297052,0,0,0,0,0,0,0,0,0,-1.490810185,0,-3.835555556,0,0,0,0,0,0,0,0,0,5.985092592592592,0,-5.091388889,0,0,0,31.543900226757373,0,4.246550925925926,0,0,0,0,0.5079124852475659,0.9653240194382348,1197.3120547069366,0.7072909010266845,0.3003054535470364,-0.171603116,4,3,7,5,0,0,1,0,0,0.5263157894736842,0,0,0,0,0,0,0,0,0,0,0,0,0,0,0,0,0,0,0,0,0,0,0,0,1,0,0,0,0,0,0,0,0,0,0,0,0,0,0,0.2631578947368421,1,0,0,148,99.27147
527,[N-]=[N+]=Nc1c([N+](=O)[O-])nn(Cc2nnn[nH]2)c1[N+](=O)[O-],1,15,0,0,0,0,2,2,10,1,15,2,5,0,1,0,0,2,0,0,281.15200000000004,0.4296495000731275,-0.357793071,10.958784958427817,0.0814677815570674,-0.993899282,207.32,0,0,1,0,0,0,0,0,0,0,4,0,0,0,0,0,0,0,1,0,0,1,4,0,2,1,0,0,2,0,0,0,0,0,0,0,0,-0.32827192,0,0,0,0,0,0,0,-2.457560941,0,0,0,0,0,0,0,2.312781005920887,0,0,2.9510374149659864,13.38005889392794,0,-1.944484127,0.657083333333333,0,0,21.72165162824389,0,0,0,0,0,0,0.416746402750707,0.71623303277818,2537.088289916883,0.6903257116613986,0.5477464147507398,-0.426815388,5,3,4,11,0,0,0,0,2,0.3478260869565217,0,0,0,0,0,0,0,0,0,0,0,0,0,0,0,0,0,0,0,0,0,0,0,0,0,0,1,0,0,0,0,0,0,0,1,0,0,0,0,0.217391304347826,0,0,1,148,212.59404
528,O=[N+]([O-])c1ncn(/N=[N+](\[O-])c2nonc2N(CN(c2nonc2/[N+]([O-])=N/n2cnc([N+](=O)[O-])n2)[N+](=O)[O-])[N+](=O)[O-])n1,0,32,0,0,0,0,4,4,24,0,32,4,12,0,0,0,0,4,0,0,584.2590000000001,0.5071943859061957,-0.721312448,12.390438380904236,0.1901102292768959,-1.506248979,395.1599999999999,0,0,1,0,0,2,0,0,0,0,6,0,0,0,0,0,0,0,0,0,0,2,8,2,4,2,0,0,4,0,2,0,0,0,0,0,0,-1.506248979,0,0,1.2347342327416413,0,0,0,0,-6.344248684,0,0,0,0,0,0,0,0,0,0,6.329602571863783,25.29384545195865,-0.380220459,-4.696898108,0.5691117717125318,0,0,44.82777572642722,0,8.572051232505363,0,0,0,0,0.3293654925974041,0.8407543182495302,12402.375627083484,0.9541895190979898,0.4792395153519241,-0.219080921,9,4,12,20,2,0,0,0,2,0.3555555555555555,0,0,0,0,0,0,0,0,0,0,0,0,0,0,0,0,0,0,0,0,0,0,0,0,2,0,0,0,0,0,2,0,0,0,0,0,0,0,0,0.2222222222222222,0,0,0,147,177.97008
529,N/C(=N/[N+](=O)[O-])C(Cl)([N+](=O)[O-])[N+](=O)[O-],2,11,0,0,0,0,0,0,6,1,12,0,4,0,0,1,0,3,0,0,227.52,0.6012185788560968,-0.368135737,10.134166666666664,1.4310879629629625,-3.506875,167.8,0,0,0,0,0,0,0,0,0,1,0,0,1,0,1,0,0,0,0,0,0,1,0,0,3,0,0,0,3,0,0,0,1,0,0,0,0,0,0,0,0,0,0,0,-1.528549383,0,0,-3.506875,0,4.648055555555556,0,0,0,0,0,0,2.1933333333333334,0,0,-4.631705247,0,0,0,30.004135802469133,0,0,0,4.845246913580246,0,0,0.5115800459000934,0.8325877828044461,1077.6651246467345,0.6246030881787614,0.3076652601969057,0.070323488045007,2,2,6,5,1,0,0,1,0,0.6875,0,0,0,0,0,0,0,0,0,0,0,0,0,0,0,0,0,0,0,0,0,0,0,0,0,0,0,0,0,0,0,0,0,0,0,0,0,0,0,0,0,0,0,147,112.68769
530,O=[N+]([O-])c1no[n+]([O-])c1-c1no[n+]([O-])c1-c1c([N+](=O)[O-])no[n+]1[O-],0,18,0,0,0,0,3,3,13,0,18,3,4,0,0,0,0,2,0,0,344.1120000000001,0.4446266506370059,-0.358875101,11.6641761148904,0.5059778911564625,-1.226290627,245.18999999999997,0,0,0,0,0,0,0,0,0,0,6,0,0,0,0,0,0,0,0,0,0,0,3,0,2,3,0,0,2,0,3,0,0,0,0,0,0,0,0,0,0,0,0,0,0,-6.531844293,0,0,0,0,0,0,0,0,0,0,0,8.70593427185689,0,-2.341853584,-1.564463341,0,0,21.680591143864955,0,12.170771132527085,0,0,0,0,0.3594427120429403,0.8557272413131343,3171.790220010634,0.7918155916468371,0.3254754266052912,-0.092992979,6,0,10,8,0,0,0,0,2,0.3333333333333333,0,0,0,0,0,0,0,0,0,0,0,0,0,0,0,0,0,0,0,0,0,0,0,0,1,2,0,0,0,0,0,0,0,0,0,0,0,0,0,0.2083333333333333,0,0,0,146.5,187.73828
531,O=C(O)CCN(CC([N+](=O)[O-])([N+](=O)[O-])[N+](=O)[O-])[N+](=O)[O-],1,15,0,0,0,0,0,0,9,1,15,0,9,0,0,0,0,4,0,0,297.136,0.7228472522035098,-0.481178753,10.557229465860418,0.2613888888888889,-4.050026455,213.1,0,0,3,0,0,0,0,0,0,1,0,0,1,0,0,0,0,0,0,0,0,0,0,1,4,0,0,1,5,0,0,0,0,0,0,0,0,-3.676501795,0,0,0,0,0,0,-1.5224452,0,0,-4.050026455,0,0,0,0,0,0,0,0,0,0,-0.261388889,-7.034730726,0,0,8.319131708238851,52.44266109221466,0,0,0,0,0,0,0.4152581091301988,0.7781664695228437,2421.5865578154758,0.7955228257166892,0.2355823595929137,-0.188465888,5,7,10,5,1,0,1,0,0,0.5185185185185185,0,0,0,0,0,0,0,0,0,0,0,0,0,0,0,0,0,0,0,0,0,0,0,0,0,0,0,0,0,0,0,0,0,0,0,0,0,0,0,0,0,0,0,146,134.37874
532,COc1ccc([N+](=O)[O-])cc1[N+](=O)[O-],0,7,0,0,0,1,0,1,5,0,7,1,3,0,0,0,0,2,2,1,198.134,0.3172730647772342,-0.490129855,10.458425925925926,0.0005555555555558,-0.730324074,95.51,1,0,0,0,0,3,0,0,0,0,3,0,0,0,0,0,0,0,0,0,0,0,0,0,2,0,0,0,2,1,0,0,0,0,0,1.258101851851852,0,0,0,0,3.1953703703703704,0,0,0,0,-0.750185185,0,0,0,0,0,0,0,0,0,0,0,0,0,-1.432268519,0,0,0,20.77594246031746,4.677096560846561,0,0,0,0,0,0.3014024767315773,0.7023641372620616,1556.1507771310128,0.1181958727946611,0.1413185016201156,-0.969041154,7,6,5,2,0,0,0,0,2,0.4,0,0,1,0,0,0,0,0,0,0,0,0,0,0,0,0,0,0,0,0,0,0,0,0,0,0,0,0,0,0,0,0,0,0,0,0,0,0,0,0,1,0,0,315,265.89343
533,Cc1c(/C=N/n2nn[nH]/c2=N\[N+](=O)[O-])no[n+]1[O-],1,13,0,0,0,0,2,2,9,1,13,2,3,0,1,0,0,1,0,0,255.154,0.3362424635890916,-0.359311033,10.890621063240111,0.14588246409675,-0.936345427,167.33,1,0,0,0,1,0,0,0,0,0,2,0,0,0,0,0,0,0,1,0,0,2,3,0,1,2,0,0,1,0,1,0,0,0,0,1.4589524281934996,0,0,0,1.1197609599395313,0,0,0,0,0,0.3223731313513065,0,0,0,0,0,0,0,2.162173091458806,0,0,6.616960112748803,10.068108229402872,0,-0.936345427,0.9476060563114131,0,0,10.176711598219534,0,4.295072751322751,0,0,0,0,0.2107794025176386,0.8153691960787688,3097.8224415220548,0.3866092585132379,0.4938194188607663,-0.533011436,5,5,4,9,1,0,0,0,0,0.1739130434782608,0,0,0,0,0,0,0,0,0,0,0,0,0,0,0,0,0,0,0,0,0,0,0,0,1,0,0,0,0,0,0,0,0,0,1,0,0,0,0,0.4347826086956521,0,0,0,146,201.23706
534,O=[N+]([O-])c1nn([N+](=O)[O-])c2c([N+](=O)[O-])nn([N+](=O)[O-])c12,0,16,0,0,0,0,2,2,12,0,16,2,4,0,0,0,0,4,0,0,288.0920000000001,0.4268679147413388,-0.357681929,10.678337112622827,0.3069444444444444,-1.311211262,208.2,0,0,0,0,0,0,0,0,0,0,2,2,0,0,0,0,0,0,0,0,0,0,2,0,4,2,0,0,4,0,0,0,0,0,0,0,0,0,0,0,0,0,0,0,0,-2.594444444,-2.104814815,0,0,0,0,0,0,0,0,0,0,5.766481481481481,0,-5.134845049,-0.613888889,0,0,42.67408919123204,0,0,0,0,0,0,0.4106508931627234,0.6631307879765571,2459.977198756753,0.4370790769482948,0.3887647001652248,0,4,0,8,8,2,0,0,0,2,0.8,0,0,0,0,0,0,0,0,0,0,0,0,0,0,0,0,0,0,0,0,0,0,0,0,0,0,2,0,0,0,0,0,0,0,0,0,0,0,0,0,2,0,0,145,102.62378
535,N=C(NN)c1nonc1N(CCN(c1nonc1C(=N)NN)[N+](=O)[O-])[N+](=O)[O-],8,20,0,0,0,0,2,2,14,6,20,2,9,0,4,2,0,2,0,0,400.27600000000007,0.2674800659670912,-0.306906521,11.355817943313436,0.3411719734189971,-0.948021148,294.4,0,0,2,0,0,0,0,0,0,2,4,0,0,0,2,0,2,2,0,0,0,0,4,2,2,0,0,0,2,0,2,0,0,0,0,0,0,-1.300135582,0,0,0,0,0,0,-1.083911151,-1.840978627,0,0,0,10.12172491391793,0,15.0516320451162,3.8264861761589337,0,0,0,0,13.268060297019533,0.6823439468379944,-1.896042297,0,0,0,22.71163588662687,0,8.747548504352256,0,0,0,0,0.2534557248784475,0.9271769932134512,5597.214972010179,0.92515720606316,0.4896621331281418,-0.639558704,8,12,6,14,2,0,0,0,0,0.2,0,0,0,0,0,0,0,0,0,0,0,0,0,0,0,0,0,0,0,0,0,0,0,0,2,0,0,0,0,0,0,0,0,0,0,0,0,0,0,0.25,0,0,0,145,190.13524
536,N/N=C(\N)c1nonc1N(CCN(c1nonc1/C(N)=N/N)[N+](=O)[O-])[N+](=O)[O-],8,20,0,0,0,0,2,2,14,4,20,2,9,0,0,4,0,2,0,0,400.2760000000001,0.2675110973574341,-0.380263155,11.371022024946088,0.3378200067395591,-0.92795942,299.3999999999999,0,0,2,0,0,0,0,0,0,2,4,0,0,0,4,0,0,0,0,0,0,2,4,2,2,0,0,0,2,0,2,0,0,0,0,0,0,-1.251949641,0,0,0,0,0,0,-0.825646688,-1.645021837,0,0,0,20.907271326770093,0,0,0,0,0,0,6.264570905505943,13.38882475982945,0.7379689468379944,-1.85591884,0,0,0,22.742044049892176,0,8.795812967162174,0,0,0,0,0.2315789033072961,0.9527589161167096,6524.366395258494,1.2116258921550205,0.4896621331281418,-0.639558704,8,12,6,14,2,0,0,0,0,0.2,0,0,0,0,0,0,0,0,0,0,0,0,0,0,0,0,0,0,0,0,0,0,0,0,2,0,0,0,0,0,0,0,0,0,0,0,0,0,0,0.25,0,0,0,145,181.76091
537,O=[N+]([O-])N(CC([N+](=O)[O-])([N+](=O)[O-])[N+](=O)[O-])c1nonc1/N=[N+](/[O-])c1nonc1N(CC([N+](=O)[O-])([N+](=O)[O-])[N+](=O)[O-])[N+](=O)[O-],0,35,0,0,0,0,2,2,24,0,35,2,16,0,0,0,0,8,0,0,628.2130000000003,0.723434290415147,-0.690255243,12.556962514172335,0.7892265841521797,-4.554474648,467.8699999999999,0,0,2,0,0,0,0,0,0,0,4,0,2,0,0,0,0,0,0,0,0,1,4,2,8,0,0,0,8,0,2,0,0,0,0,0,0,-4.752096361,0,0,0,0,0,0,0,-6.374256544,0,-9.088815722,0,0,0,0,0,0,0,0,2.8748540249433105,11.178311118294886,-1.617064279,-16.36672192,0,0,0,89.85535763410152,0,8.047350371890413,0,0,0,0,0.2735268607396705,0.9507906676819602,10762.753684802943,1.1180269911198193,0.3565669605691061,0.025469068612079,8,4,19,16,2,0,2,0,0,0.5957446808510638,0,0,0,0,0,0,0,0,0,0,0,0,0,0,0,0,0,0,0,0,0,0,0,0,2,0,0,0,0,0,0,0,0,0,0,0,0,0,0,0.2127659574468085,0,0,0,144.6,150.91742
538,O=[N+]([O-])N(CC([N+](=O)[O-])([N+](=O)[O-])[N+](=O)[O-])c1nonc1Nc1nnc(Nc2nonc2N(CC([N+](=O)[O-])([N+](=O)[O-])[N+](=O)[O-])[N+](=O)[O-])nn1,2,38,0,0,0,0,3,3,28,2,38,3,18,0,2,0,0,8,0,0,694.2800000000001,0.7234298544854246,-0.299907706,11.536174697766148,0.5459817907646114,-4.38156335,505.05999999999983,0,0,2,0,0,0,0,0,0,0,6,0,2,0,0,0,0,2,0,0,0,0,8,2,8,0,0,0,8,0,2,0,0,0,0,0,0,-4.338378576,0,0,0,0,0,0,0,-5.958109957,0,-8.763126699,0,0,0,0,4.031717232737046,0,0,0,0,25.728962059208616,-1.091963582,-15.25868873,0,0,0,90.34090855834974,0,8.467771136903359,0,0,0,0,0.0964789505509852,0.9778883492940132,29134.8772711184,0.9801609510221416,0.4032955003744884,-0.115227286,10,6,18,20,2,0,2,0,0,0.5185185185185185,0,0,0,0,0,0,0,0,0,0,0,0,0,0,0,0,0,1,0,0,0,0,0,0,2,0,0,0,0,0,0,0,0,0,0,0,0,0,0,0.2962962962962963,0,0,0,144,282.11432
539,O=[N+]([O-])N1CN([N+](=O)[O-])CC(F)([N+](=O)[O-])C1,0,11,0,1,1,0,0,0,6,0,12,1,3,0,0,0,0,3,0,0,239.119,0.4035864070960496,-0.261224606,13.524722222222223,0.078472222222222,-3.223819444,135.9,0,0,3,0,0,0,0,0,0,0,0,0,1,0,0,0,0,0,0,0,0,0,0,2,3,0,0,0,3,0,0,1,0,0,0,0,0,-3.061319444,0,0,0,0,0,0,0,0,0,-3.223819444,0,0,0,0,0,0,0,0,0,0,0.1569444444444443,-3.63875,0,0,0,30.996111111111112,0,0,13.524722222222223,0,0,0,0.5297530930869494,0.5838962969450696,1784.1143217571023,0.5398677863039707,0.292741271082599,-0.334561453,4,6,6,5,2,0,0,0,1,0.5454545454545454,0,0,0,0,0,0,0,0,0,0,0,0,1,0,0,0,0,0,0,0,0,0,0,0,0,0,0,0,0,0,0,0,0,0,0,0,0,0,0,0,1,0,0,143.2,150.02377
540,O=C(OOC(=O)c1cc([N+](=O)[O-])cc([N+](=O)[O-])c1)c1cccc([N+](=O)[O-])c1,0,13,0,0,0,2,0,2,10,0,13,2,5,0,0,0,0,3,3,3,377.22100000000006,0.3863454884628641,-0.2583093,11.85237638573948,0.3036826026706973,-1.416128853,182.02,0,0,0,0,0,7,0,0,0,2,5,0,0,0,0,0,0,0,0,0,0,0,0,0,3,0,0,0,5,2,0,0,0,0,0,0,0,0,0,0,6.3473986981576624,0,0,0,-2.673554264,-2.822063047,0,0,0,0,0,0,0,0,0,0,0,0,0,-2.677773903,0,0,0,55.83630675807447,8.439512944066514,0,0,0,0,0,0.1490384346516614,0.9139085031461216,8874.778727043506,0.7398694938118514,0.1113405669355629,-0.911932263,14,7,10,3,0,0,0,0,3,0.3529411764705882,0,1,1,0,0,0,0,0,0,0,0,0,0,0,0,0,0,0,0,0,0,0,0,0,0,0,0,0,0,0,0,0,0,0,0,0,0,0,0,0,0,0,0,143,260.1154
541,O=[N+]([O-])c1cc([N+](=O)[O-])n(C([N+](=O)[O-])([N+](=O)[O-])[N+](=O)[O-])n1,0,17,0,0,0,0,1,1,12,0,17,1,6,0,0,0,0,5,0,0,307.091,0.8977215421744824,-0.357790535,10.727688964474678,0.0190972222222223,-4.503310185,233.52,0,0,0,0,0,1,0,0,0,0,2,0,1,0,0,0,0,0,0,0,0,0,1,0,5,1,0,0,5,0,0,0,0,0,0,0,0,0,0,0,0.0190972222222223,0,0,0,0,-3.066273148,0,-4.503310185,0,0,0,0,0,0,0,0,0,2.618148148148148,0,-9.107614796,-0.84212963,0,0,53.23270786092215,0,0,0,0,0,0,0.474192421751263,0.7898198031934747,2316.839468122553,0.5567342517000207,0.3191236473879078,0.0781527299725488,4,1,10,7,0,0,1,0,2,0.8181818181818182,0,0,0,0,0,0,0,0,0,0,0,0,0,0,0,0,0,0,0,0,0,0,0,0,0,0,1,0,0,0,0,0,0,0,0,0,0,0,0,0,1,0,0,143,108.11068
542,O=[N+]([O-])C(c1nc(C([N+](=O)[O-])([N+](=O)[O-])[N+](=O)[O-])n[nH]1)[N+](=O)[O-],1,18,0,0,0,0,1,1,12,1,18,1,7,0,1,0,0,5,0,0,322.10600000000005,0.7645159919901854,-0.258131082,10.712266628873772,1.2500694444444451,-4.257443311,257.2699999999999,0,0,0,0,0,0,1,0,0,0,2,0,1,0,0,0,0,0,1,0,0,0,2,0,5,0,0,0,5,0,0,0,0,0,0,0,0,0,0,0,0,-2.78776644,0,0,0,-2.948032407,0,-4.257443311,0,0,0,0,0,1.480625,0,0,0,5.5825,0,-8.832592593,0,0,0,53.08968820861678,0,0,0,0,0,0,0.3379583849124069,0.9621022255055722,2843.7264859062984,0.9118718172908974,0.3477116228819084,0.0496730889831297,4,2,10,8,0,0,1,1,0,0.7083333333333334,0,0,0,0,0,0,0,0,0,0,0,0,0,0,0,0,0,0,0,0,0,0,0,0,0,0,0,0,0,1,0,0,0,0,0,0,0,0,0,0.2083333333333333,1,0,0,143,117.4464
543,O=[N+]([O-])c1n[nH]cc1-c1c([N+](=O)[O-])n[nH]c1[N+](=O)[O-],2,13,0,0,0,0,2,2,8,2,13,2,4,0,2,0,0,3,0,0,269.13300000000004,0.4279349748841826,-0.357789108,10.745278722600151,0.3915277777777775,-0.990516818,186.78,0,0,0,0,0,1,0,0,0,0,5,0,0,0,0,0,0,0,2,0,0,0,2,0,3,0,0,0,3,0,0,0,0,0,0,0,0,0,0,0,0.9474074074074073,0,0,0,0,-3.479074074,0,0,0,0,0,0,0,3.9762944066515495,0,0,0,6.424926303854876,0,-2.881048753,0,0,0,32.172414021164016,0,0,0,0,0,0,0.5664458717448786,0.6927739923606027,1888.186166606229,0.826659227613321,0.3641322320191132,-0.445876202,6,3,6,7,0,0,0,0,3,0.5454545454545454,0,0,0,0,0,0,0,0,0,0,0,0,0,0,0,0,0,0,0,0,0,0,0,0,0,1,1,0,0,0,0,0,0,0,0,0,0,0,0,0,0,0,0,314,258.10153
544,Nn1nc([C-]([N+](=O)[O-])[N+](=O)[O-])oc1=[NH2+],4,11,0,0,0,0,1,1,8,2,11,1,3,0,0,2,0,2,0,0,204.102,0.4969899290521752,-0.388716923,10.1979119425548,0.4467592592592591,-1.429722222,168.85,0,0,0,0,0,0,0,0,0,0,1,0,0,0,1,0,0,0,0,0,0,0,1,0,2,1,0,0,2,0,1,0,0,0,0,0,0,0,0,0,0,0,0,0,0,-0.861111111,0,0,0,5.007000188964475,0,0,0,0,0,0,0,3.1354629629629627,0,-2.517314815,0.4467592592592591,0,0,20.3958238851096,0,4.383287037037037,0,0,0,0,0.2759729056489144,0.7375448287892779,1448.7989772695466,0.1516552429908204,0.4115589264191433,-0.235176529,3,4,5,6,0,0,0,1,0,0.3888888888888889,0,0,0,0,0,0,0,0,0,0,0,0,0,0,0,0,0,0,0,0,0,0,0,0,1,0,0,0,0,0,0,0,0,0,0,0,0,0,0,0.2777777777777778,1,0,0,143,166.68634
545,[N-]=[N+]=Nc1n[nH]c(N[N+](=O)[O-])n1,2,10,0,0,0,0,1,1,5,2,10,1,3,0,2,0,0,1,0,0,170.092,0.2808251333552101,-0.240504785,9.839070924666164,0.1922222222222218,-0.819065571,145.5,0,0,0,0,0,0,0,0,0,0,2,0,0,0,0,0,0,1,1,0,0,1,2,0,1,0,0,0,1,0,0,0,0,0,0,0,0,0,0,0,0,0,0,0,0,-0.398842593,0,0,0,0,0,0,1.693293650793651,2.143148148148148,0,0,2.999095804988662,6.735787037037037,0,-0.819065571,0,0,0,9.839070924666164,0,0,0,0,0,0,0.1292779257090716,0.8879598203232801,1340.772473980188,0.1830434339484417,0.6584671824659595,-0.282200221,2,2,2,8,1,0,0,0,0,0.2857142857142857,0,0,0,0,0,0,0,0,0,0,0,0,0,0,0,0,0,0,0,0,0,0,0,0,0,0,0,0,0,1,0,0,0,0,0,0,0,0,0,0.3571428571428571,1,0,1,143,109.246254
546,O=C(NCC([N+](=O)[O-])([N+](=O)[O-])[N+](=O)[O-])NCC([N+](=O)[O-])([N+](=O)[O-])[N+](=O)[O-],2,21,0,0,0,0,0,0,13,2,21,0,10,0,2,0,0,6,0,0,386.1460000000001,0.7168781512572387,-0.316882051,11.314166666666669,1.2141184807256236,-4.121290509,299.97,0,0,2,0,0,0,0,0,0,1,0,0,2,0,0,0,0,2,0,0,0,0,0,0,6,0,0,0,7,0,0,0,0,0,0,0,0,-3.761455971,0,0,0,0,0,0,-1.851990741,0,0,-8.242581019,0,0,0,0,2.428236961451248,0,0,0,0,0,0,-11.73429634,0,0,0,74.82146022297806,0,0,0,0,0,0,0.1762088318312198,0.997042521987151,6354.688350470116,0.820589287115534,0.2900457339969856,0,5,6,13,8,0,0,2,0,0,0.625,0,0,0,0,0,0,0,0,0,0,0,0,0,0,0,0,0,0,0,0,0,0,0,0,0,0,0,0,0,0,0,0,0,0,0,0,0,0,0,0,0,1,0,142,147.83034
547,O=[N+]([O-])Nc1nnc(-c2cc(-c3nnc(N[N+](=O)[O-])[nH]3)[nH]n2)[nH]1,5,16,0,0,0,0,3,3,9,5,16,3,6,0,5,0,0,2,0,0,322.205,0.2830741090328836,-0.30152189,10.295633472505108,0.1543661892493959,-0.793019746,222.16,0,0,0,0,0,1,0,0,0,0,6,0,0,0,0,0,0,2,3,0,0,0,5,0,2,0,0,0,2,0,0,0,0,0,0,0,0,0,0,0,1.4929629629629628,0,0,0,0,0.7031448260867472,0,0,0,0,0,0,3.622385524613089,7.728037902603649,0,0,0,18.35786212551544,0,-1.583647911,0,0,0,20.58962728451639,0,0,0,0,0,0,0.0386933546536931,0.9613066486718372,8294.28234176881,0.0001498613522371,0.5214071786595491,-0.645551745,7,6,4,12,2,0,0,0,0,0.2758620689655172,0,0,0,0,0,0,0,0,0,0,0,0,0,0,0,0,0,0,0,0,0,0,0,0,1,0,0,0,0,2,0,0,0,0,0,0,0,0,0,0.5172413793103449,0,0,0,142,146.65138
548,N#Cc1nn(C([N+](=O)[O-])([N+](=O)[O-])[N+](=O)[O-])nc1C#N,0,14,0,0,0,0,1,1,11,0,14,1,4,0,0,0,2,3,0,0,268.105,0.8359978323336339,-0.250632666,10.65760865457294,0.4959259259259259,-4.138194444,207.71,0,0,0,0,0,0,0,0,2,0,2,0,1,0,0,0,0,0,0,2,0,0,2,0,3,1,0,0,3,0,0,0,0,0,0,0,0,0,0,0,0,0,0,2.5420332577475437,0,-1.61587963,0,-4.138194444,0,0,0,0,0,0,17.035814436885865,0,0,5.865462962962963,0,-5.555629252,-0.495925926,0,0,31.97282596371882,0,0,0,0,0,0,0.3919628782340465,0.9010430454206706,1998.384445418284,0.6068726460717678,0.4177467783144664,-0.238712445,5,0,6,8,0,0,1,0,0,0.5263157894736842,0,0,0,0,0,0,0,0,0,0,0,0,0,0,0,0,0,0,0,0,0,0,0,0,0,0,0,0,0,1,0,0,0,0,0,0,0,0,0,0.2631578947368421,1,1,0,142,87.214424
549,O=NN1CN([N+](=O)[O-])CN=C1C(Cl)([N+](=O)[O-])[N+](=O)[O-],0,14,0,1,1,0,0,0,9,0,15,1,5,0,0,0,0,3,0,0,297.571,0.5969826797645064,-0.256810012,10.672110260770976,0.0743055555555556,-3.433929989,177.69,0,0,2,0,0,0,0,0,0,1,0,0,1,0,0,0,0,0,0,0,0,2,0,2,3,0,0,0,4,0,0,0,1,0,0,0,0,-1.601203704,0,0,0,0,0,0,-1.099753086,0,0,-3.433929989,0,0,0,0,0,0,0,0,5.42238425925926,0,0.4236114260519024,-3.937034518,0,0,0,42.24760141093474,0,0,0,5.230830813807003,0,0,0.3711164025330016,0.8596192869139191,2442.379851671245,0.7402243270479024,0.3293331675465688,-0.161306041,4,4,7,7,1,0,0,1,0,0.4782608695652174,0,0,0,0,0,0,0,0,0,0,0,0,0,0,1,0,0,0,0,0,0,0,0,0,0,0,0,0,0,0,0,0,0,0,0,0,0,0,0,0,1,0,0,141,119.97028
550,O=C(OOC(=O)c1cc([N+](=O)[O-])cc([N+](=O)[O-])c1)c1ccc([N+](=O)[O-])cc1,0,13,0,0,0,2,0,2,10,0,13,2,5,0,0,0,0,3,3,3,377.22100000000006,0.3863454882664923,-0.258309633,11.839554883681869,0.1820159360040307,-1.391609557,182.02,0,0,0,0,0,7,0,0,0,2,5,0,0,0,0,0,0,0,0,0,0,0,0,0,3,0,0,0,5,2,0,0,0,0,0,0,0,0,0,0,6.174035002762456,0,0,0,-2.573851673,-2.533368032,0,0,0,0,0,0,0,0,0,0,0,0,0,-2.59357261,0,0,0,55.643978526225965,8.471190554925673,0,0,0,0,0,0.1131844644557895,0.9157490911941464,9883.672324124042,0.62844236581663,0.1113405669355629,-0.911932263,14,7,10,3,0,0,0,0,3,0.3529411764705882,0,1,1,0,0,0,0,0,0,0,0,0,0,0,0,0,0,0,0,0,0,0,0,0,0,0,0,0,0,0,0,0,0,0,0,0,0,0,0,0,0,0,0,141,265.45584
551,O=[N+]([O-])c1nn(C([N+](=O)[O-])([N+](=O)[O-])[N+](=O)[O-])nc1-c1nn(C([N+](=O)[O-])([N+](=O)[O-])[N+](=O)[O-])nc1[N+](=O)[O-],0,30,0,0,0,0,2,2,22,0,30,2,11,0,0,0,0,8,0,0,524.1480000000003,0.853290241522872,-0.357684716,11.285106410619804,1.1061829176114877,-4.81939366,406.5399999999999,0,0,0,0,0,0,0,0,0,0,4,0,2,0,0,0,0,0,0,0,0,0,4,0,8,2,0,0,8,0,0,0,0,0,0,0,0,0,0,0,0,0,0,0,0,-7.628142479,0,-9.63878732,0,0,0,0,0,0,0,0,0,10.599615457294028,0,-16.93859065,-2.212365835,0,0,89.4924687447293,0,0,0,0,0,0,0.2577764603580156,0.9164848594829306,8951.657667432259,0.9038706892841571,0.3739401848332911,0.1221029174965848,6,0,16,14,0,0,2,0,2,0.7777777777777778,0,0,0,0,0,0,0,0,0,0,0,0,0,0,0,0,0,0,0,0,0,0,0,0,0,0,0,0,0,0,2,0,0,0,0,0,0,0,0,0,0,0,0,141,131.6031
552,O=[N+]([O-])c1ncn(NCC([N+](=O)[O-])([N+](=O)[O-])[N+](=O)[O-])n1,1,16,0,0,0,0,1,1,12,1,16,1,7,0,1,0,0,4,0,0,292.124,0.718465634625263,-0.389690744,10.567762975560594,0.4200231481481484,-3.74927603,215.3,0,0,1,0,0,1,0,0,0,0,1,0,1,0,0,0,0,1,0,0,0,0,2,0,4,1,0,0,4,0,0,0,0,0,0,0,0,-1.402267574,0,0,0.6693754724111867,0,0,0,0,-0.896843348,0,-3.74927603,0,0,0,0,1.8184722222222225,0,0,0,0,6.250039682539683,0,-6.109167611,0.4200231481481484,0,0,41.95815535241874,0,0,0,0,0,0,0.1825502762597006,0.982910595955196,3516.0770769057017,0.5818354471872788,0.3833988306335666,-0.109542523,4,4,8,8,0,0,1,0,1,0.5833333333333334,0,0,0,0,0,0,0,0,0,0,0,0,0,0,0,0,0,0,0,0,0,0,0,0,0,0,0,0,0,0,1,0,0,0,0,0,0,0,0,0,1,0,0,141,117.83815
553,O=[N+]([O-])c1cn(C([N+](=O)[O-])([N+](=O)[O-])[N+](=O)[O-])nc1[N+](=O)[O-],0,17,0,0,0,0,1,1,12,0,17,1,6,0,0,0,0,5,0,0,307.09100000000007,0.8372703427263511,-0.357561995,10.686766817838247,0.1324074074074075,-4.362083333,233.52,0,0,0,0,0,1,0,0,0,0,2,0,1,0,0,0,0,0,0,0,0,0,1,0,5,1,0,0,5,0,0,0,0,0,0,0,0,0,0,0,-0.132407407,0,0,0,0,-3.092731481,0,-4.362083333,0,0,0,0,0,0,0,0,0,2.618148148148148,0,-8.916849962,-0.663425926,0,0,53.06634164777022,0,0,0,0,0,0,0.3627882595333522,0.8718880345732487,2642.2142659543297,0.5933452798790779,0.3191236473879077,0.0781527299725488,4,1,10,7,0,0,1,0,2,0.8181818181818182,0,0,0,0,0,0,0,0,0,0,0,0,0,0,0,0,0,0,0,0,0,0,0,0,0,0,1,0,0,0,0,0,0,0,0,0,0,0,0,0,1,0,0,141,107.49839
554,O=[N+]([O-])c1cnc2n1CCn1c([N+](=O)[O-])cnc1-2,0,10,0,1,1,0,2,2,8,0,10,3,2,0,0,0,0,2,0,0,250.174,0.342958000181201,-0.357857511,10.768712049634669,0.1371267951625088,-0.538181847,121.92,0,0,2,0,0,2,0,0,0,0,4,0,0,0,0,0,0,0,0,0,0,0,2,0,2,2,0,0,2,0,0,0,0,0,0,0,0,0.5195370370370367,0,0,2.2609259259259256,0,0,0,0,0.2832464096749827,0,0,0,0,0,0,0,0,0,0,0,7.814673091458806,0,-1.076363694,2.78979969765684,0,0,21.537424099269337,0,0,0,0,0,0,0.1669831734222547,0.8387129911882214,2598.4271558156493,0.2289836460947025,0.3357663066505711,-0.959332305,8,6,4,6,0,0,0,0,2,0.3333333333333333,0,0,0,0,0,0,0,0,0,1,0,0,0,0,0,0,0,0,0,0,0,0,0,0,0,2,0,0,0,0,0,0,0,0,0,0,0,0,0,0.25,3,1,0,314,296.7214
555,O=[N+]([O-])c1n[nH]cc1-c1c[nH]nc1[N+](=O)[O-],2,10,0,0,0,0,2,2,6,2,10,2,3,0,2,0,0,2,0,0,224.136,0.3974197912168633,-0.357726727,10.58180650037793,0.0189351851851855,-0.733572373,143.64,0,0,0,0,0,2,0,0,0,0,4,0,0,0,0,0,0,0,2,0,0,0,2,0,2,0,0,0,2,0,0,0,0,0,0,0,0,0,0,0,2.408703703703704,0,0,0,0,-0.926018519,0,0,0,0,0,0,0,4.556356764928194,0,0,0,6.767543461829176,0,-1.467144747,0,0,0,21.16361300075586,0,0,0,0,0,0,0.4839650148635494,0.7767572681241409,1312.382963873332,0.7103987943793021,0.3747724595781132,-0.713852304,6,4,4,6,0,0,0,0,2,0.4,0,0,0,0,0,0,0,0,0,0,0,0,0,0,0,0,0,0,0,0,0,0,0,0,0,2,0,0,0,0,0,0,0,0,0,0,0,0,0,0,0,0,0,382,266.7985
556,CN/C(=N\Cl)C(Cl)([N+](=O)[O-])[N+](=O)[O-],1,8,0,0,0,0,0,0,5,1,10,0,3,0,1,0,0,2,0,0,230.995,0.5962195046777533,-0.361910776,10.274413580246916,0.7584876543209871,-3.059027778,110.67000000000002,1,0,0,0,0,0,0,0,0,1,0,0,1,0,0,0,0,1,0,0,0,1,0,0,2,0,0,0,2,0,0,0,2,0,0,1.1719675925925928,0,0,0,0,0,0,0,0,-0.758487654,0,0,-3.059027778,0,0,0,0,2.057777777777778,0,0,0,2.783611111111111,0,0,-2.626450617,0,0,0,20.54882716049383,0,0,0,9.971844135802469,0,0,0.5380779689926151,0.925985642575503,1146.372777315545,0.7688855914336926,0.2424294898157968,-0.277062274,3,4,4,4,0,0,0,1,0,0.4117647058823529,0,0,0,0,0,0,0,0,0,0,0,0,0,0,0,0,0,0,0,0,0,0,0,0,0,0,0,0,0,0,0,0,0,0,0,0,0,0,0,0,0,0,0,141,126.12888
557,Cc1nonc1-c1c([N+](=O)[O-])c([N+](=O)[O-])nn1C([N+](=O)[O-])([N+](=O)[O-])[N+](=O)[O-],0,20,0,0,0,0,2,2,15,0,20,2,7,1,0,0,0,5,0,0,389.1530000000001,0.8379160778223647,-0.357561688,11.262798563869993,0.3767668178382457,-4.569699074,272.44,1,0,0,0,0,0,0,0,0,0,5,0,1,0,0,0,0,0,0,0,0,0,3,0,5,1,0,0,5,0,1,0,0,0,0,1.0604091080876794,0,0,0,0,0,0,0,0,0,-5.938039966,0,-4.569699074,0,0,0,0,0,0,0,0,0,9.09391723356009,0,-9.096579743,-0.684722222,0,0,56.00395030234316,0,4.210147392290249,0,0,0,0,0.5649162492404993,0.6844022212770702,3572.485753596619,0.9508704915528926,0.3237801070530099,-0.185017204,7,3,11,9,0,0,1,0,2,0.6,0,0,0,0,0,0,0,0,0,0,0,0,0,0,0,0,0,0,0,0,0,0,0,0,1,0,1,0,0,0,0,0,0,0,0,0,0,0,0,0.1666666666666666,0,0,0,141,92.909065
558,CC1(O[N+](=O)[O-])COC1,0,5,0,1,1,0,0,0,4,0,5,1,2,0,0,0,0,0,0,0,133.10299999999998,0.2947153008942961,-0.376071542,9.735486111111111,0.3134722222222224,-0.789166667,61.60000000000001,1,0,2,0,0,0,0,0,0,0,0,0,1,0,0,0,0,0,0,0,0,0,0,0,1,0,0,0,1,2,0,0,0,0,0,1.6381944444444445,0,0.6269444444444447,0,0,0,0,0,0,0,0,0,-0.677083333,0,0,0,0,0,0,0,0,0,0,0,-0.789166667,0,0,0,9.735486111111111,8.980138888888888,0,0,0,0,0,0.3312602256714322,0.965791046778734,480.8852458734673,0.8396110555421235,0.1051817013891497,-0.90155744,4,7,4,1,0,1,0,0,0,0.25,0,0,0,0,0,0,0,0,0,0,0,0,0,0,0,0,0,0,0,0,0,0,0,0,0,0,0,0,0,0,0,0,0,0,0,0,0,0,0,0,1,0,0,141,145.32559
559,C/N=[N+](\[O-])c1nonc1N[N+](=O)[O-],1,10,0,0,0,0,1,1,7,1,10,1,3,0,1,0,0,1,0,0,188.103,0.4477286999539913,-0.690618835,10.80175925925926,0.0439814814814814,-0.896296296,132.52,1,0,0,0,0,0,0,0,0,0,2,0,0,0,0,0,0,1,0,0,0,1,2,0,1,0,0,0,1,0,1,0,0,0,0,1.1920833333333334,0,0,0,0,0,0,0,0,0,-0.801111111,0,0,0,0,0,0,1.6217592592592591,0,0,0,3.1515495086923657,6.191435185185185,0,-0.896296296,0,0,0,9.963646541950112,0,4.100879629629629,0,0,0,0,0.4893402336037856,0.5981293575531872,1081.459657787183,0.4110796868748844,0.4465638506562893,-0.340239124,3,4,4,6,1,0,0,0,0,0.2352941176470588,0,0,0,0,0,0,0,0,0,0,0,0,0,0,0,0,0,0,0,0,0,0,0,0,1,0,0,0,0,0,0,0,0,0,0,0,0,0,0,0.2941176470588235,1,0,0,141,77.8844
560,[N-]=[N+]=Nc1nn(N)nc1[N+](=O)[O-],2,10,0,0,0,0,1,1,7,1,10,1,2,0,0,1,0,1,0,0,170.092,0.4221039558803096,-0.357692069,10.160778533635677,0.4537037037037035,-0.846851852,148.63000000000002,0,0,0,0,0,0,0,0,0,0,2,0,0,0,1,0,0,0,0,0,0,1,2,0,1,1,0,0,1,0,0,0,0,0,0,0,0,0,0,0,0,0,0,0,0,-1.124722222,0,0,0,4.954183673469387,0,0,0,0,0,0,2.913148148148148,6.391018518518518,0,-0.846851852,0.4604629629629631,0,0,10.160778533635677,0,0,0,0,0,0,0.4446055317770153,0.5553944683139945,1047.37240977025,1.4476534732765708e-05,0.6584671824659596,-0.282200221,2,2,2,8,0,0,0,0,1,0.2857142857142857,0,0,0,0,0,0,0,0,0,0,0,0,0,0,0,0,0,0,0,0,0,0,0,0,0,0,0,0,0,0,1,0,0,0,0,0,0,0,0,0,1,0,1,141,260.4446
561,Cc1cc([N+](=O)[O-])c(C)c([N+](=O)[O-])c1[N+](=O)[O-],0,9,0,0,0,1,0,1,6,0,9,1,3,1,0,0,0,3,3,0,241.159,0.3555588689494907,-0.258297058,10.752592592592592,0.1120370370370367,-0.978703704,129.42000000000002,2,0,0,0,0,1,0,0,0,0,5,0,0,0,0,0,0,0,0,0,0,0,0,0,3,0,0,0,3,0,0,0,0,0,0,2.333611111111111,0,0,0,0,0.9587962962962964,0,0,0,0,-2.476018519,0,0,0,0,0,0,0,0,0,0,0,0,0,-2.697700302,0,0,0,32.1073223733938,0,0,0,0,0,0,0.3686019062214914,0.6998434762775282,1924.815421196828,0.4096869521553971,0.1741589573683752,-0.895674638,8,7,6,3,0,0,0,0,3,0.5,0,0,0,1,0,0,0,0,0,0,0,0,0,0,0,0,0,0,0,0,0,0,0,0,0,0,0,0,0,0,0,0,0,0,0,0,0,0,0,0,1,0,0,140.9,224.945
562,O=C(Nc1nonc1NC(=O)N[N+](=O)[O-])N[N+](=O)[O-],4,15,0,0,0,0,1,1,9,4,15,1,4,0,4,0,0,2,0,0,276.12500000000006,0.3779802756084419,-0.28192515,10.926717765810029,0.4881037414965983,-1.293116287,207.46,0,0,0,0,0,0,0,0,0,2,2,0,0,0,0,0,0,4,0,0,0,0,2,0,2,0,0,0,4,0,1,0,0,0,0,0,0,0,0,0,0,0,0,0,-2.586232573,-0.976207483,0,0,0,0,0,0,6.05813318846057,0,0,0,0,6.205304232804233,0,-2.286920335,0,0,0,41.736682746432926,0,4.132659674981103,0,0,0,0,0.3445210711838458,0.691751939946496,3511.0093617151183,0.4274887400549012,0.4056133997283839,-0.173834314,4,4,7,8,2,0,0,0,0,0.3478260869565217,0,0,0,0,0,0,0,0,0,0,0,0,0,0,0,0,0,0,0,0,0,0,0,0,1,0,0,0,0,0,0,0,0,0,0,0,0,0,0,0.217391304347826,1,1,0,140,146.90628
563,O=[N+]([O-])OCCN(c1cc(CO[N+](=O)[O-])on1)[N+](=O)[O-],0,14,0,0,0,0,1,1,10,0,14,1,9,0,0,0,0,1,0,0,293.148,0.2944482073063299,-0.35693442,10.735933090828924,0.1261623939699334,-1.099925753,177.15,0,0,3,0,0,1,0,0,0,0,2,0,0,0,0,0,0,0,0,0,0,0,1,1,3,0,0,0,3,2,1,0,0,0,0,0,0,-1.616498252,0,0,1.02625,0,0,0,0,-0.428110618,0,0,0,0,0,0,0,0,0,0,0,3.294735449735449,0.4193055555555556,-3.06055713,0,0,0,30.605633557843603,7.913580872890938,4.573360339506173,0,0,0,0,0.1298547408249004,0.9513760767413448,4605.279754530399,0.8094008757046635,0.2387872337522344,-0.354769604,6,7,9,5,1,2,0,0,0,0.4444444444444444,0,0,0,0,0,0,0,0,0,0,0,0,0,0,0,0,0,0,0,1,0,0,0,0,0,0,0,0,0,0,0,0,0,0,0,0,0,0,0,0.1851851851851851,1,0,0,140,142.68513
564,O=[N+]([O-])Nc1nc(/N=N\c2noc(N[N+](=O)[O-])n2)no1,2,16,0,0,0,0,2,2,12,2,16,2,6,0,2,0,0,2,0,0,286.124,0.3805725095161529,-0.307746687,10.0664074206905,0.3583931195935153,-0.913519091,212.9,0,0,0,0,0,0,0,0,0,0,4,0,0,0,0,0,0,2,0,0,0,2,4,0,2,0,0,0,2,0,2,0,0,0,0,0,0,0,0,0,0,0,0,0,0,-1.730176485,0,0,0,0,0,0,3.189135064136868,0,0,0,6.721415343915344,13.27134511211892,0,-1.827038182,0,0,0,20.132814841381,0,8.776356131142386,0,0,0,0,0.1125989856252983,0.9216812509820655,4612.918136367341,0.4222040793459011,0.48929834617159,-0.167759433,4,2,6,10,2,0,0,0,0,0.3636363636363636,0,0,0,0,0,0,0,0,0,0,0,0,0,0,0,0,0,0,0,0,0,0,0,0,2,0,0,0,0,0,0,0,0,0,0,0,0,0,0,0.4545454545454545,0,0,0,140,149.62341
565,O=[N+]([O-])Nc1nc(/N=N/c2noc(N[N+](=O)[O-])n2)no1,2,16,0,0,0,0,2,2,12,2,16,2,6,0,2,0,0,2,0,0,286.124,0.3805725095161529,-0.307746687,10.0664074206905,0.3583931195935153,-0.913519091,212.9,0,0,0,0,0,0,0,0,0,0,4,0,0,0,0,0,0,2,0,0,0,2,4,0,2,0,0,0,2,0,2,0,0,0,0,0,0,0,0,0,0,0,0,0,0,-1.730176485,0,0,0,0,0,0,3.189135064136868,0,0,0,6.721415343915344,13.27134511211892,0,-1.827038182,0,0,0,20.132814841381,0,8.776356131142386,0,0,0,0,0.0755243686719996,0.9244756313985978,5689.325798796892,1.98522473473293e-05,0.48929834617159,-0.167759433,4,2,6,10,2,0,0,0,0,0.3636363636363636,0,0,0,0,0,0,0,0,0,0,0,0,0,0,0,0,0,0,0,0,0,0,0,0,2,0,0,0,0,0,0,0,0,0,0,0,0,0,0,0.4545454545454545,0,0,0,140,138.02655
566,O=[N+]([O-])c1c[nH]nc1-c1noc(-c2n[nH]cc2[N+](=O)[O-])n1,2,13,0,0,0,0,3,3,9,2,13,3,4,0,2,0,0,2,0,0,292.17100000000005,0.3192896356691053,-0.331451356,10.787813261106912,0.1451955782312919,-0.6808516,182.56,0,0,0,0,0,2,0,0,0,0,6,0,0,0,0,0,0,0,2,0,0,0,4,0,2,0,0,0,2,0,1,0,0,0,0,0,0,0,0,0,2.1096856890904507,0,0,0,0,-1.461825449,0,0,0,0,0,0,0,4.610788296800202,0,0,0,14.619204302091209,0,-1.355592089,0,0,0,21.57194171495759,0,4.83385582010582,0,0,0,0,0.1956906732622596,0.8378115067146396,3706.0382796397166,0.3298441296646524,0.3833371552960424,-0.71191186,8,4,5,8,0,0,0,0,2,0.32,0,0,0,0,0,0,0,0,0,0,0,0,0,0,0,0,0,0,0,0,0,0,0,0,1,2,0,0,0,0,0,0,0,0,0,0,0,0,0,0.2,0,0,0,314,262.61633
567,O=[N+]([O-])c1no[n+]([O-])c1-c1c([N+](=O)[O-])no[n+]1[O-],0,14,0,0,0,0,2,2,10,0,14,2,3,0,0,0,0,2,0,0,260.07800000000003,0.4447035139876285,-0.358748227,11.108703703703704,0.5356481481481481,-1.179722222,192.22,0,0,0,0,0,0,0,0,0,0,4,0,0,0,0,0,0,0,0,0,0,0,2,0,2,2,0,0,2,0,2,0,0,0,0,0,0,0,0,0,0,0,0,0,0,-4.520648148,0,0,0,0,0,0,0,0,0,0,0,5.489765684051398,0,-2.32547808,-1.071296296,0,0,21.042796674225247,0,7.791322751322751,0,0,0,0,0.3443071279241196,0.7599001348946952,2049.450670290346,0.5214458489560853,0.3229800290682025,0,4,0,8,6,0,0,0,0,2,0.4444444444444444,0,0,0,0,0,0,0,0,0,0,0,0,0,0,0,0,0,0,0,0,0,0,0,0,0,2,0,0,0,0,0,0,0,0,0,0,0,0,0,0,0,0,0,140,177.68758
568,O=[N+]([O-])C(c1nonc1/N=N\c1nonc1C([N+](=O)[O-])[N+](=O)[O-])[N+](=O)[O-],0,20,0,0,0,0,2,2,16,0,20,2,8,0,0,0,0,4,0,0,374.14200000000017,0.4997148167716206,-0.258183089,10.7127443593497,0.8369387755102038,-2.587589732,275.11999999999995,0,0,0,0,0,0,2,0,0,0,4,0,0,0,0,0,0,0,0,0,0,2,4,0,4,0,0,0,4,0,2,0,0,0,0,0,0,0,0,0,0,-5.175179464,0,0,0,-3.559328336,0,0,0,0,0,0,0,0,0,0,6.394253590325019,12.03587569286974,0,-5.289110749,0,0,0,42.8509774373988,0,8.224867724867725,0,0,0,0,0.18467614240419,0.962047173214594,5891.11557536489,0.8324893400980864,0.3741894788609671,-0.128293536,6,2,10,10,0,0,0,2,0,0.5,0,0,0,0,0,0,0,0,0,0,0,0,0,0,0,0,0,0,0,0,0,0,0,0,2,0,0,0,0,0,0,0,0,0,0,0,0,0,0,0.3571428571428571,0,1,0,140,163.72633
569,O=[N+]([O-])C(c1nonc1/N=N/c1nonc1C([N+](=O)[O-])[N+](=O)[O-])[N+](=O)[O-],0,20,0,0,0,0,2,2,16,0,20,2,8,0,0,0,0,4,0,0,374.14200000000017,0.4997148167716206,-0.258183089,10.7127443593497,0.8369387755102038,-2.587589732,275.11999999999995,0,0,0,0,0,0,2,0,0,0,4,0,0,0,0,0,0,0,0,0,0,2,4,0,4,0,0,0,4,0,2,0,0,0,0,0,0,0,0,0,0,-5.175179464,0,0,0,-3.559328336,0,0,0,0,0,0,0,0,0,0,6.394253590325019,12.03587569286974,0,-5.289110749,0,0,0,42.8509774373988,0,8.224867724867725,0,0,0,0,0.2470490474425386,0.9159134365762936,5297.180897317194,0.7183284839919033,0.3741894788609671,-0.128293536,6,2,10,10,0,0,0,2,0,0.5,0,0,0,0,0,0,0,0,0,0,0,0,0,0,0,0,0,0,0,0,0,0,0,0,2,0,0,0,0,0,0,0,0,0,0,0,0,0,0,0.3571428571428571,0,0,0,140,154.65907
570,[N-]=[N+]=NCCn1nn[nH]c1=N[N+](=O)[O-],1,11,0,0,0,0,1,1,6,1,11,1,4,0,1,0,0,1,0,0,199.134,0.3145724403920616,-0.232595422,10.016905391786343,0.1082038926681778,-0.875739953,150.76000000000002,0,0,2,0,0,0,0,0,0,0,0,0,0,0,0,0,0,0,1,0,0,2,2,0,1,1,0,0,1,0,0,0,0,0,0,0,0,0.2928250188964476,0,0,0,0,0,0,0,0,0,0,0,0,0,0,0,2.222747307256236,0,0,6.201449829931973,6.779585695389267,0,-0.875739953,1.1225,0,0,10.016905391786343,0,0,0,0,0,0,0.2343925159378122,0.8108259051509444,1802.2887455800676,0.5318685617549141,0.6327397631745456,-0.522261392,3,5,2,9,1,0,0,0,0,0.2105263157894736,0,0,0,0,0,0,0,0,0,0,0,0,0,0,0,0,0,0,0,0,0,0,0,0,0,0,0,0,0,0,0,0,0,0,1,0,0,0,0,0.2631578947368421,1,0,1,140,189.38358
571,Nc1c(N[N+](=O)[O-])nn2nnnc2c1[N+](=O)[O-],3,13,0,0,0,0,2,2,10,2,13,2,3,0,1,1,0,2,0,0,241.127,0.3437572447295537,-0.389756724,10.762966742252456,0.3042611489040057,-0.959712774,180.3,0,0,0,0,0,0,0,0,0,0,3,1,0,0,1,0,0,1,0,0,0,0,4,0,2,1,0,0,2,0,0,0,0,0,0,0,0,0,0,0,0,0,0,0,0,-1.689953704,-0.304261149,0,0,5.3778240740740735,0,0,1.6155092592592593,0,0,0,0,13.298569538926682,0,-1.813053666,0.6669907407407407,0,0,21.00752078609221,0,0,0,0,0,0,0.3133279865714318,0.7167910441700293,2083.677071360495,0.2556851413013157,0.5225462100884596,-0.364952909,4,3,4,9,1,0,0,0,1,0.4,0,0,0,0,0,0,0,0,0,0,1,0,0,0,0,0,0,0,0,0,0,0,0,0,0,0,0,0,0,0,0,0,0,0,1,0,0,0,0,0.25,2,0,0,139.7,161.97911
572,O=[N+]([O-])C(Cl)(C(/N=N/C(=N/Cl)C(Cl)([N+](=O)[O-])[N+](=O)[O-])=N\Cl)[N+](=O)[O-],0,16,0,0,0,0,0,0,10,0,20,0,6,0,0,0,0,4,0,0,429.90400000000017,0.600368819572176,-0.256808207,10.682610469856668,1.62096056941295,-3.749128401,222,0,0,0,0,0,0,0,0,0,2,0,0,2,0,0,0,0,0,0,0,0,4,0,0,4,0,0,0,4,0,0,0,4,0,0,0,0,0,0,0,0,0,0,0,-3.241921139,0,0,-7.498256803,0,0,0,0,0,0,0,0,10.382087112622829,0,0,-6.772815571,0,0,0,42.73044187942666,0,0,0,19.94780041852132,0,0,0.3006138487202644,0.884032827454705,4905.011594276151,0.6394966106542047,0.2605232796159141,0,4,0,8,8,0,0,0,2,0,0.5833333333333334,0,0,0,0,0,0,0,0,0,0,0,0,0,0,0,0,0,0,0,0,0,0,0,0,0,0,0,0,0,0,0,0,0,0,0,0,0,0,0,0,0,0,0,139,111.19342
573,O=[N+]([O-])Nc1nnc2nnc(N[N+](=O)[O-])n2n1,2,14,0,0,0,0,2,2,10,2,14,2,4,0,2,0,0,2,0,0,242.11500000000004,0.3208338006770239,-0.234422883,10.198720789241625,0.1497704081632651,-0.908921643,179.2,0,0,0,0,0,0,0,0,0,0,2,1,0,0,0,0,0,2,0,0,0,0,5,0,2,1,0,0,2,0,0,0,0,0,0,0,0,0,0,0,0,0,0,0,0,-0.819448224,-0.149770408,0,0,0,0,0,3.3226303854875283,0,0,0,0,16.998375850340135,0,-1.798638826,0.7932870370370371,0,0,20.326782092466612,0,0,0,0,0,0,0.2851750252077497,0.739295235267527,2280.1986923447853,0.2117951631248035,0.5782376143568139,-0.198252896,3,2,4,10,2,0,0,0,0,0.4210526315789473,0,0,0,0,0,0,0,0,0,0,0,0,0,0,0,0,0,1,0,0,0,0,0,0,0,0,0,0,0,1,0,0,0,0,0,0,0,0,0,0.5789473684210527,2,0,0,138,115.05625
574,O=[N+]([O-])c1nc2c3nc([N+](=O)[O-])nn3nnn2n1,0,14,0,0,0,0,3,3,12,0,14,3,2,0,0,0,0,2,0,0,252.11,0.4932223114139939,-0.389690448,10.488053036029228,0.1552777777777771,-0.83734001,172.44,0,0,0,0,0,0,0,0,0,0,2,2,0,0,0,0,0,0,0,0,0,0,6,0,2,2,0,0,2,0,0,0,0,0,0,0,0,0,0,0,0,0,0,0,0,-1.438790627,-0.310555556,0,0,0,0,0,0,0,0,0,0,20.65460695389267,0,-1.67468002,1.4838737717309145,0,0,20.976106072058453,0,0,0,0,0,0,0.165865010143432,0.834134989970398,2779.655788133296,1.635840817513459e-05,0.5553131569552973,-0.253857443,4,0,4,10,0,0,0,0,2,0.4444444444444444,0,0,0,0,0,0,0,0,0,0,0,0,0,0,0,0,0,1,0,0,0,0,0,0,0,0,0,0,0,0,2,0,0,0,0,0,0,0,0,0.3333333333333333,3,1,0,138,241.99763
575,O=[N+]([O-])c1nc(-c2nc([N+](=O)[O-])n(C([N+](=O)[O-])([N+](=O)[O-])[N+](=O)[O-])n2)nn1C([N+](=O)[O-])([N+](=O)[O-])[N+](=O)[O-],0,30,0,0,0,0,2,2,22,0,30,2,11,0,0,0,0,8,0,0,524.1480000000003,0.8639471364439522,-0.389764517,11.190752866395002,1.1144623960695377,-4.88053599,406.54,0,0,0,0,0,0,0,0,0,0,4,0,2,0,0,0,0,0,0,0,0,0,4,0,8,2,0,0,8,0,0,0,0,0,0,0,0,0,0,0,0,0,0,0,0,-7.66552973,0,-9.76107198,0,0,0,0,0,0,0,0,0,11.058364512471655,0,-17.24792746,-2.228924792,0,0,89.50587805752849,0,0,0,0,0,0,0.2117178978012895,0.9176171449633396,10113.27265814294,0.7341018282242779,0.3739401848332911,0.1221029174965848,6,0,16,14,0,0,2,0,2,0.7777777777777778,0,0,0,0,0,0,0,0,0,0,0,0,0,0,0,0,0,0,0,0,0,0,0,0,0,0,0,0,0,0,2,0,0,0,0,0,0,0,0,0,0,0,0,138,135.22057
576,O=[N+]([O-])c1cn(C(N(F)F)([N+](=O)[O-])[N+](=O)[O-])nc1-n1cnnn1,0,16,0,0,0,0,2,2,13,0,18,2,6,0,0,0,0,3,0,0,336.13100000000003,0.6881055541040488,-0.258139222,12.898331601158985,0.0920370370370371,-4.405734127,194.08,0,0,0,0,0,2,0,0,0,0,2,0,1,0,0,0,0,0,0,0,0,0,4,1,3,2,0,0,3,0,0,2,0,0,0,0,0,0,0,0,0.8582407407407406,0,0,0,0,-1.914675926,0,-4.405734127,0,0,0,0,0,0,0,0,0,12.51461010330058,-2.354073129,-5.118892668,0.0299943310657595,0,0,32.58860040312422,0,0,25.79666320231797,0,0,0,0.3293235528963081,0.8666746910814302,3396.111215566387,0.5849890003956785,0.4165042795814727,-0.238002445,5,2,6,10,0,0,0,1,1,0.44,0,0,0,0,0,0,0,0,0,0,0,0,0,0,0,0,0,0,0,0,0,0,0,0,0,1,0,0,0,0,0,0,0,0,1,0,0,0,0,0.2,0,0,0,138,83.08998
577,Nc1c(-n2cncn2)c(-n2cncn2)c([N+](=O)[O-])c(N)c1[N+](=O)[O-],4,14,0,0,0,1,2,3,12,2,14,3,4,0,0,2,0,2,2,0,332.2400000000001,0.3266341605367119,-0.391238755,11.50104828042328,0.1614814814814813,-0.899589475,199.74,0,0,0,0,0,4,0,0,0,0,6,0,0,0,2,0,0,0,0,0,0,0,4,0,2,2,0,0,2,0,0,0,0,0,0,0,0,0,0,0,4.601646195515243,0,0,0,0,-3.034138322,0,0,0,11.502914304610734,0,0,0,0,0,0,0,15.062261589821112,0,-1.761479119,2.066844293272865,0,0,22.78097552910053,0,0,0,0,0,0,0.4513122299356051,0.6249538282458226,3454.0015939871373,0.5581473091348251,0.4213821333975441,-0.963159162,10,8,4,10,0,0,0,0,2,0.25,0,0,1,0,0,0,0,0,0,0,0,0,0,0,0,0,0,0,0,0,0,0,0,0,0,0,0,0,0,2,0,0,0,0,0,0,0,0,0,0.3125,0,0,0,314,264.86395
578,N=C(NN)c1nonc1N(CN(c1nonc1C(=N)NN)[N+](=O)[O-])[N+](=O)[O-],8,20,0,0,0,0,2,2,14,6,20,2,8,0,4,2,0,2,0,0,386.2490000000001,0.2698841261888973,-0.30690651,11.380262739355002,0.1234788359788359,-1.126855631,294.4,0,0,1,0,0,0,0,0,0,2,4,0,0,0,2,0,2,2,0,0,0,0,4,2,2,0,0,0,2,0,2,0,0,0,0,0,0,-1.126855631,0,0,0,0,0,0,-1.215454828,-2.320004409,0,0,0,10.078937643111528,0,15.017640761181523,3.74654343718918,0,0,0,0,13.044144050360682,0.2469576719576718,-2.160677595,0,0,0,22.76052548,0,8.667717942497884,0,0,0,0,0.3574810443573808,0.8660561542264706,4383.216542894946,0.9769546821380511,0.507444679468426,-0.538512721,7,10,6,14,2,0,0,0,0,0.2162162162162162,0,0,0,0,0,0,0,0,0,0,0,0,0,0,0,0,0,0,0,0,0,0,0,0,2,0,0,0,0,0,0,0,0,0,0,0,0,0,0,0.2702702702702703,0,0,0,138,191.03122
579,N/N=C(\N)c1nonc1N(CN(c1nonc1/C(N)=N/N)[N+](=O)[O-])[N+](=O)[O-],8,20,0,0,0,0,2,2,14,4,20,2,8,0,0,4,0,2,0,0,386.24900000000014,0.2699151569364039,-0.380263143,11.396639660493827,0.1536829176114889,-1.099077853,299.3999999999999,0,0,1,0,0,0,0,0,0,2,4,0,0,0,4,0,0,0,0,0,0,2,4,2,2,0,0,0,2,0,2,0,0,0,0,0,0,-1.099077853,0,0,0,0,0,0,-0.955454828,-2.118422619,0,0,0,20.814459493061584,0,0,0,0,0,0,6.195138475908678,13.168989729373028,0.3073658352229778,-2.117274817,0,0,0,22.79327932098765,0,8.717717942497885,0,0,0,0,0.3885094476148689,0.8841865594985028,4119.149937945951,1.124674937757731,0.507444679468426,-0.538512721,7,10,6,14,2,0,0,0,0,0.2162162162162162,0,0,0,0,0,0,0,0,0,0,0,0,0,0,0,0,0,0,0,0,0,0,0,0,2,0,0,0,0,0,0,0,0,0,0,0,0,0,0,0.2702702702702703,0,0,0,138,166.29016
580,[NH2+]=c1[nH]nc([C-]([N+](=O)[O-])[N+](=O)[O-])o1,3,10,0,0,0,0,1,1,6,2,10,1,3,0,1,1,0,2,0,0,189.087,0.4698711029973791,-0.390583232,10.122798563869992,0.3507407407407406,-1.367638889,153.69,0,0,0,0,0,0,0,0,0,0,1,0,0,0,0,0,0,0,1,0,0,0,1,0,2,0,0,0,2,0,1,0,0,0,0,0,0,0,0,0,0,0,0,0,0,-0.770833333,0,0,0,0,0,0,0,1.9902314814814812,0,0,0,3.121574074074074,0,-2.446203704,0,0,0,20.245597127739984,0,4.358981481481481,0,0,0,0,0.3030472081084771,0.7117743588583556,1190.9250857744564,0.1626273514622044,0.3701999608645756,-0.211542835,3,3,5,5,0,0,0,1,0,0.4375,0,0,0,0,0,0,0,0,0,0,0,0,0,0,0,0,0,0,0,0,0,0,0,0,1,0,0,0,0,0,0,0,0,0,0,0,0,0,0,0.3125,1,0,0,138,134.42722
581,O=[N+]([O-])C(CNc1nnnn1NCC([N+](=O)[O-])([N+](=O)[O-])[N+](=O)[O-])([N+](=O)[O-])[N+](=O)[O-],2,24,0,0,0,0,1,1,18,2,24,1,12,0,2,0,0,6,0,0,426.1750000000002,0.7184292335052616,-0.330666028,10.814141183141452,0.1486578798185949,-3.990588152,326.5,0,0,2,0,0,0,0,0,0,0,1,0,2,0,0,0,0,2,0,0,0,0,3,0,6,1,0,0,6,0,0,0,0,0,0,0,0,-3.308059807,0,0,0,0,0,0,0,-0.885306595,0,-7.973676304,0,0,0,0,3.417567082388511,0,0,0,0,9.031880196523057,0,-11.01935075,0.1486578798185949,0,0,64.87747748433624,0,0,0,0,0,0,0.3964041918664581,0.8131646780669617,5111.499905186151,0.821563464680822,0.3942042588138675,-0.037543263,5,6,12,12,0,0,2,0,0,0.5714285714285714,0,0,0,0,0,0,0,0,0,0,0,0,0,0,0,0,0,0,0,0,0,0,0,0,0,0,0,0,0,0,0,0,0,0,1,0,0,0,0,0.1428571428571428,1,0,0,137.4,138.76173
582,O=[N+]([O-])Nc1nc(-c2noc(N[N+](=O)[O-])n2)no1,2,14,0,0,0,0,2,2,10,2,14,2,5,0,2,0,0,2,0,0,258.11,0.3792762807145563,-0.309366033,10.071811941999531,0.2365759637188205,-0.909483331,188.18,0,0,0,0,0,0,0,0,0,0,4,0,0,0,0,0,0,2,0,0,0,0,4,0,2,0,0,0,2,0,2,0,0,0,0,0,0,0,0,0,0,0,0,0,0,-1.466512241,0,0,0,0,0,0,3.211654069035021,0,0,0,0,13.592465986394558,0,-1.818966662,0,0,0,20.143623883999062,0,8.860777746283699,0,0,0,0,0.2168131852519525,0.7831868147656803,3249.377159275341,7.612222076991416e-06,0.4339235209794274,-0.185967223,4,2,6,8,2,0,0,0,0,0.4,0,0,0,0,0,0,0,0,0,0,0,0,0,0,0,0,0,0,0,0,0,0,0,0,2,0,0,0,0,0,0,0,0,0,0,0,0,0,0,0.5,0,0,0,137,153.25072
583,O=[N+]([O-])N1CN=C(C(Cl)([N+](=O)[O-])[N+](=O)[O-])N([N+](=O)[O-])C1,0,15,0,1,1,0,0,0,9,0,16,1,5,0,0,0,0,4,0,0,313.5700000000001,0.6009319917957695,-0.256807902,10.72233024691358,0.211805870496347,-3.601429989,191.4,0,0,2,0,0,0,0,0,0,1,0,0,1,0,0,0,0,0,0,0,0,1,0,2,4,0,0,0,4,0,0,0,1,0,0,0,0,-1.94662037,0,0,0,0,0,0,-1.321975309,0,0,-3.601429989,0,0,0,0,0,0,0,0,3.119305555555556,0,-0.01944413,-5.554511369,0,0,0,42.58093474426808,0,0,0,5.190583900226756,0,0,0.3868552412464258,0.8549371837827306,2576.716204021683,0.7330075087404961,0.3125298976305131,-0.102050579,4,4,8,7,2,0,0,1,0,0.625,0,0,0,0,0,0,0,0,0,0,0,0,0,0,0,1,0,0,0,0,0,0,0,0,0,0,0,0,0,0,0,0,0,0,0,0,0,0,0,0,1,0,0,137,118.50783
584,O=[N+]([O-])C(=C1NCN(CC([N+](=O)[O-])([N+](=O)[O-])[N+](=O)[O-])CN1)[N+](=O)[O-],2,18,0,1,1,0,0,0,13,2,18,1,7,0,2,0,0,5,0,0,352.1760000000001,0.7122873588809795,-0.347379449,10.79604486856471,0.5785879629629624,-3.750382259,243,0,0,3,0,0,0,0,0,0,2,0,0,1,0,0,0,0,2,0,0,0,0,0,1,5,0,0,0,5,0,0,0,0,0,0,0,0,-2.449297052,0,0,0,0,0,0,-2.088980379,0,0,-3.750382259,0,0,0,0,4.2292554799697655,0,0,0,0,0,0.7732256235827664,-7.658547099,0,0,0,53.51402950995213,0,0,0,0,0,0,0.2082083548667357,0.9410842378524454,4694.107019815769,0.8354763721561046,0.318022806778429,-0.272590977,6,8,10,8,0,0,1,1,0,0.53125,0,0,0,0,0,0,0,0,0,0,0,0,0,1,0,0,0,0,0,0,0,0,0,0,0,0,0,0,0,0,0,0,0,0,0,0,0,0,0,0.1875,1,1,0,137,147.1865
585,O=[N+]([O-])/N=C(\O)C([N+](=O)[O-])([N+](=O)[O-])[N+](=O)[O-],1,14,0,0,0,0,0,0,8,1,14,0,5,0,0,0,0,4,0,0,239.056,0.7845586795642217,-0.475356081,10.18611111111111,1.7494212962962958,-4.479097222,205.15,0,0,0,0,0,0,0,0,0,1,0,0,1,0,0,0,0,0,0,0,0,1,0,0,4,0,0,1,4,0,0,0,0,0,0,0,0,0,0,0,0,0,0,0,-2.460648148,0,0,-4.479097222,0,0,0,0,0,0,0,0,1.7830555555555556,0,0,-8.096643519,0,0,8.624444444444444,40.272777777777776,0,0,0,0,0,0,0.4897852513077528,0.9552300378412516,1293.5537082140454,0.8234668847128268,0.2928184191151864,0.3011846596613346,2,1,9,5,1,0,1,0,0,0.8235294117647058,0,0,0,0,0,0,0,0,0,0,0,0,0,0,0,0,0,0,0,0,0,0,0,0,0,0,0,0,0,0,0,0,0,0,0,0,0,0,0,0,0,0,0,137,115.99752
586,O=[N+]([O-])N1CN=C(C([N+](=O)[O-])([N+](=O)[O-])[N+](=O)[O-])NC1,1,15,0,1,1,0,0,0,10,1,15,1,5,0,1,0,0,4,0,0,279.125,0.7600535782550579,-0.331684807,10.672943594104307,0.4108106575963723,-3.900110544,200.19,0,0,2,0,0,0,0,0,0,1,0,0,1,0,0,0,0,1,0,0,0,1,0,1,4,0,0,0,4,0,0,0,0,0,0,0,0,-1.476481481,0,0,0,0,0,0,-1.17537037,0,0,-3.900110544,0,0,0,0,1.8447222222222224,0,0,0,3.1331944444444444,0,0.4108106575963723,-6.123611111,0,0,0,42.35175642479214,0,0,0,0,0,0,0.3181470044170445,0.965728878283404,2272.736444979328,0.783820135823666,0.3510971786833857,-0.143304971,4,5,8,7,1,0,1,0,0,0.5833333333333334,0,0,0,0,0,0,0,0,0,0,0,0,0,0,1,0,0,0,0,0,0,0,0,0,0,0,0,0,0,0,0,0,0,0,0,0,0,0,0,0,1,0,0,136,131.05786
587,O=[N+]([O-])c1nc(-c2ncn([N+](=O)[O-])n2)n(C([N+](=O)[O-])([N+](=O)[O-])[N+](=O)[O-])n1,0,21,0,0,0,0,2,2,16,0,21,2,7,0,0,0,0,5,0,0,375.1300000000001,0.8348935266421527,-0.389691122,11.090414147140336,0.0770370370370372,-4.461637141,277.11999999999995,0,0,0,0,0,1,0,0,0,0,3,0,1,0,0,0,0,0,0,0,0,0,4,0,5,2,0,0,5,0,0,0,0,0,0,0,0,0,0,0,0.4090740740740741,0,0,0,0,-3.79907124,0,-4.461637141,0,0,0,0,0,0,0,0,0,12.169654667422524,0,-8.527110103,-0.697322373,0,0,54.57820605788611,0,0,0,0,0,0,0.4384487069017641,0.7034951022739697,4311.166718114857,0.449301362512216,0.4105243515581264,-0.02132594,5,1,10,11,1,0,1,0,1,0.6666666666666666,0,0,0,0,0,0,0,0,0,0,0,0,0,0,0,0,0,0,0,0,0,0,0,0,0,0,0,0,0,0,2,0,0,0,0,0,0,0,0,0,0,0,0,136,90.880165
588,Nc1c([N+](=O)[O-])cc([N+](=O)[O-])c(N2c3nonc3-c3no[n+]([O-])c3-c3nonc32)c1[N+](=O)[O-],2,21,0,1,1,1,3,4,17,1,21,5,4,0,0,1,0,3,3,0,461.2230000000002,0.3297673447294488,-0.387420414,12.145552178835006,0.1177094534120146,-1.242566846,289.4899999999999,0,0,0,0,0,1,0,0,0,0,11,0,0,0,1,0,0,0,0,0,0,0,5,1,3,1,0,0,3,0,3,0,0,0,0,0,0,0,0,0,0.4141186381960196,0,0,0,0,-8.007521154,0,0,0,5.646637849584279,0,0,0,0,0,0,0,17.709855627410644,0.6346220710506423,-3.436207565,-0.117709453,0,0,35.039169574880255,0,13.765645990847108,0,0,0,0,0.3820055368556472,0.9584082123365014,5753.909247453617,1.0398776079171717,0.3338948838197573,-0.537700852,12,3,10,11,0,0,0,0,3,0.3333333333333333,0,0,0,1,0,0,0,0,0,0,0,0,0,0,0,0,0,0,0,0,0,0,0,0,3,0,0,0,0,0,0,0,0,0,0,0,0,0,0,0.4166666666666667,4,0,0,314,254.64072
589,O=[N+]([O-])C(F)(c1no[n+]([O-])c1-c1no[n+]([O-])c1-c1c(C(F)([N+](=O)[O-])[N+](=O)[O-])no[n+]1[O-])[N+](=O)[O-],0,24,0,0,0,0,3,3,17,0,26,3,8,0,0,0,0,4,0,0,498.1400000000002,0.6905490738023233,-0.358879787,14.628840636576026,0.990982615268329,-4.993583829,331.4699999999999,0,0,0,0,0,0,0,0,0,0,6,0,2,0,0,0,0,0,0,0,0,0,3,0,4,3,0,0,4,0,3,2,0,0,0,0,0,0,0,0,0,0,0,0,0,-11.35240279,0,-9.957014598,0,0,0,0,0,0,0,0,0,7.759727654950869,0,-8.905969005,-3.077125535,0,0,43.89312240802862,0,11.634639786470144,29.245528495374277,0,0,0,0.2523774117585519,0.9185118214884552,7128.492049276093,0.8788179424614779,0.2810454892198978,-0.064238969,8,0,14,10,0,0,0,2,0,0.4117647058823529,0,0,0,0,0,0,0,0,0,0,0,0,0,0,0,0,0,0,0,0,0,0,0,0,3,0,0,0,0,0,0,0,0,0,0,0,0,0,0,0.4411764705882353,0,0,0,136,137.09654
590,O=[N+]([O-])C(Br)(C(/N=N/C(=N/Cl)C(Br)([N+](=O)[O-])[N+](=O)[O-])=N\Cl)[N+](=O)[O-],0,16,0,0,0,0,0,0,10,0,20,0,6,0,0,0,0,4,0,0,518.8060000000002,0.5728738863146144,-0.257155114,10.784483755179028,1.431917359536407,-3.381072846,222,0,0,0,0,0,0,0,0,0,2,0,0,2,0,0,0,0,0,0,0,0,4,0,0,4,0,0,0,4,0,0,0,2,2,0,0,0,0,0,0,0,0,0,0,-2.863834719,0,0,-6.762145692,0,0,0,0,0,0,0,0,10.886809334845047,0,0,-6.082807855,0,0,0,43.13793502071611,0,0,0,9.898186474692755,4.20347796989166,0,0.2772983116554323,0.9586440818716572,6962.409208211189,0.8002760004778313,0.2158803097882445,0,4,0,8,8,0,0,0,2,0,0.5833333333333334,0,0,0,0,0,0,0,0,0,0,0,0,0,0,0,0,0,0,0,0,0,0,0,0,0,0,0,0,0,0,0,0,0,0,0,0,0,0,0,0,0,0,0,136,139.85396
591,O=[N+]([O-])/N=c1\[nH]nnn1CCn1cc([N+](=O)[O-])cn1,1,13,0,0,0,0,2,2,9,1,13,2,5,2,1,0,0,2,0,0,269.181,0.3146389063950132,-0.263709751,10.4522889198277,0.1327260749978998,-0.884478476,162.96000000000004,0,0,2,0,0,2,0,0,0,0,1,0,0,0,0,0,0,0,1,0,0,1,3,0,2,2,0,0,2,0,0,0,0,0,0,0,0,0.3961130007558575,0,0,2.347947452,0,0,0,0,-0.138559907,0,0,0,0,0,0,0,2.2524228395061727,0,0,3.031851064499874,10.703208144368858,0,-1.453681746,2.464351851851852,0,0,20.68120335405869,0,0,0,0,0,0,0.1685300700834644,0.9620927550383414,3107.644978832302,0.8232934470173798,0.4680865291383866,-0.683554931,6,7,4,9,1,0,0,0,1,0.3076923076923077,0,0,0,0,0,0,0,0,0,0,0,0,0,0,0,0,0,0,0,0,0,0,0,0,0,1,0,0,0,0,0,0,0,0,1,0,0,0,0,0.1923076923076923,0,0,0,136,214.78023
592,CNC(=N)C(Cl)([N+](=O)[O-])[N+](=O)[O-],2,8,0,0,0,0,0,0,5,2,9,0,3,0,2,0,0,2,0,0,196.55,0.5945305157838826,-0.36331531,10.114166666666666,0.9868827160493824,-3.102430556,122.16,1,0,0,0,0,0,0,0,0,1,0,0,1,0,0,0,1,1,0,0,0,0,0,0,2,0,0,0,2,0,0,0,1,0,0,1.131412037037037,0,0,0,0,0,0,0,0,-0.986882716,0,0,-3.102430556,0,0,0,6.825833333333334,1.93625,0,0,0,0,0,0,-2.707561728,0,0,0,20.22833333333333,0,0,0,4.97449074074074,0,0,0.6738573146340571,0.9436824561464676,755.4744257585879,0.5664629867132116,0.28491477995421,-0.366319003,3,5,4,4,0,0,0,1,0,0.4117647058823529,0,0,0,0,0,0,0,0,0,0,0,0,0,0,0,0,0,0,0,0,0,0,0,0,0,0,0,0,0,0,0,0,0,0,0,0,0,0,0,0,0,0,0,136,130.7903
593,O=[N+]([O-])c1ccn(C([N+](=O)[O-])[N+](=O)[O-])n1,0,11,0,0,0,0,1,1,8,0,11,1,4,0,0,0,0,3,0,0,217.097,0.5698390925234667,-0.357742239,10.253707482993198,0.3037037037037038,-2.348425926,147.24,0,0,0,0,0,2,1,0,0,0,1,0,0,0,0,0,0,0,0,0,0,0,1,0,3,1,0,0,3,0,0,0,0,0,0,0,0,0,0,0,1.6333333333333333,-2.348425926,0,0,0,-0.691018519,0,0,0,0,0,0,0,0,0,0,0,3.086851851851852,0,-3.332437642,0.3037037037037038,0,0,30.67399659863945,0,0,0,0,0,0,0.2523310487855098,0.9259000712020344,1626.6354945552796,0.6887428207737789,0.3224365145534023,-0.257949212,4,3,6,5,0,0,0,1,1,0.6111111111111112,0,0,0,0,0,0,0,0,0,0,0,0,0,0,0,0,0,0,0,0,0,0,0,0,0,1,0,0,0,0,0,0,0,0,0,0,0,0,0,0,1,0,0,135.8,170.34094
594,O=[N+]([O-])Nc1[nH]nc([N+](=O)[O-])c1[N+](=O)[O-],2,12,0,0,0,0,1,1,7,2,12,1,4,0,2,0,0,3,0,0,218.085,0.4696562262031292,-0.357561084,10.368148148148148,0.7530555555555554,-1.14537037,170.13,0,0,0,0,0,0,0,0,0,0,3,0,0,0,0,0,0,1,1,0,0,0,1,0,3,0,0,0,3,0,0,0,0,0,0,0,0,0,0,0,0,0,0,0,0,-2.932638889,0,0,0,0,0,0,1.3880092592592592,1.7822685185185183,0,0,0,2.9572685185185184,0,-3.377515117,0,0,0,30.59130385487528,0,0,0,0,0,0,0.2751624956630759,0.7461341664111122,1691.4226653188884,0.2146869443010202,0.3851709195955705,-0.073365889,3,2,6,6,1,0,0,0,2,0.7058823529411765,0,0,0,0,0,0,0,0,0,0,0,0,0,0,0,0,0,0,0,0,0,0,0,0,0,0,1,0,0,0,0,0,0,0,0,0,0,0,0,0,1,0,0,135,118.17625
595,O=[N+]([O-])C(=C1NCNC(=C([N+](=O)[O-])[N+](=O)[O-])N1)[N+](=O)[O-],3,15,0,1,1,0,0,0,11,3,15,1,4,0,3,0,0,4,0,0,291.136,0.5992583387065342,-0.342652521,10.506282123960696,0.4225925925925922,-1.53236489,208.65,0,0,1,0,0,0,0,0,0,4,0,0,0,0,0,0,0,3,0,0,0,0,0,0,4,0,0,0,4,0,0,0,0,0,0,0,0,-0.422592593,0,0,0,0,0,0,-4.685192744,0,0,0,0,0,0,0,6.127898715041572,0,0,0,0,0,0,-5.403703704,0,0,0,42.02512849584278,0,0,0,0,0,0,0.2309526214938652,0.8298694965541127,3208.316978868033,0.3801735682013099,0.3366124422950099,-0.2473071,5,5,8,7,0,0,0,2,0,0.56,0,0,0,0,0,0,0,0,0,0,0,0,0,1,0,0,0,0,0,0,0,0,0,0,0,0,0,0,0,0,0,0,0,0,0,0,0,0,0,0.24,1,1,0,135,210.2716
596,Nc1nnnn1CCn1nc([N+](=O)[O-])c([N+](=O)[O-])c1[N+](=O)[O-],2,16,0,0,0,0,2,2,13,1,16,2,6,2,0,1,0,3,0,0,314.17800000000005,0.4981293995838528,-0.366638149,10.957102544721591,0.0983253548332903,-1.291956255,216.86,0,0,2,0,0,0,0,0,0,0,4,0,0,0,1,0,0,0,0,0,0,0,4,0,3,2,0,0,3,0,0,0,0,0,0,0,0,-0.462405518,0,0,0,0,0,0,0,-3.719232384,0,0,0,5.380974741748551,0,0,0,0,0,0,0,13.343442302847064,0,-3.528528282,1.5698998488284202,0,0,32.54125797850004,0,0,0,0,0,0,0.4872932536335833,0.7467042096549585,2632.5857069089675,1.0063335037887766,0.4456072672179466,-0.458338903,6,6,6,10,0,0,0,0,3,0.4285714285714285,0,0,0,0,0,0,0,0,0,0,0,0,0,0,0,0,0,0,0,0,0,0,0,0,0,0,0,1,0,0,0,0,0,0,1,0,0,0,0,0.1785714285714285,0,0,0,135,236.89268
597,O=[N+]([O-])/N=c1\[nH]nc(-c2n[nH]c(-c3n[nH]/c(=N/[N+](=O)[O-])[nH]3)c2[N+](=O)[O-])[nH]1,5,19,0,0,0,0,3,3,9,5,19,3,5,0,5,0,0,3,0,0,367.2020000000001,0.3287029566736352,-0.30070612,11.397965482489292,0.1927886957252034,-1.002763806,271.75999999999993,0,0,0,0,0,0,0,0,0,0,5,0,0,0,0,0,0,0,5,0,0,2,3,0,3,0,0,0,3,0,0,0,0,0,0,0,0,0,0,0,0,0,0,0,0,-1.561519904,0,0,0,0,0,0,0,11.37020836608544,0,0,5.837742929299706,10.971995415399096,0,-2.814801122,0,0,0,32.05138239736582,0,0,0,0,0,0,0.0850139416762689,0.938964173161783,7910.463492588927,0.3642085880367137,0.4956400019607735,-0.457513848,7,5,6,13,2,0,0,0,1,0.3870967741935484,0,0,0,0,0,0,0,0,0,0,0,0,0,0,0,0,0,0,0,0,0,0,0,0,0,1,0,0,0,2,0,0,0,0,0,0,0,0,0,0.3225806451612903,0,0,0,134.4,229.0699
598,O=[N+]([O-])/N=c1\[nH]nnn1OCCOn1nn[nH]/c1=N\[N+](=O)[O-],2,18,0,0,0,0,2,2,12,2,18,2,7,0,2,0,0,2,0,0,318.1700000000001,0.3512129147061861,-0.388554617,10.212140837322634,0.1714299886621313,-0.970056914,222.46,0,0,2,0,0,0,0,0,0,0,0,0,0,0,0,0,0,0,2,0,0,2,4,0,2,2,0,0,2,2,0,0,0,0,0,0,0,-0.342859977,0,0,0,0,0,0,0,0,0,0,0,0,0,0,0,4.254914700065314,0,0,5.822237017498562,13.198260210675436,0,-1.940113828,1.309386337868481,0,0,20.42428167464527,9.89937185059209,0,0,0,0,0,0.1694324498972543,0.9262387158133673,5551.233607539291,0.7331864263989324,0.5280196121570231,-0.251437911,4,6,6,12,2,0,0,0,0,0.2857142857142857,0,0,0,0,0,0,0,0,0,0,0,0,0,0,0,0,0,0,0,0,0,0,0,0,0,0,0,0,0,0,0,0,0,0,2,0,0,0,0,0.3571428571428571,0,0,0,134,198.76843
599,Nc1c([N+](=O)[O-])cc(-n2cc([N+](=O)[O-])c([N+](=O)[O-])n2)cc1[N+](=O)[O-],2,15,0,0,0,1,1,2,11,1,15,2,5,0,0,1,0,4,2,0,339.18000000000006,0.4676584564441099,-0.387498411,10.925556185437138,0.3761111111111106,-1.13019857,216.40000000000003,0,0,0,0,0,3,0,0,0,0,6,0,0,0,1,0,0,0,0,0,0,0,1,0,4,1,0,0,4,0,0,0,0,0,0,0,0,0,0,0,2.1137679516250945,0,0,0,0,-4.909277736,0,0,0,5.334264613252708,0,0,0,0,0,0,0,3.321672335600907,0,-4.215439342,0.5512962962962962,0,0,43.401857940707146,0,0,0,0,0,0,0.2560644770708213,0.7698839066141531,5313.833141464405,0.2962990391465818,0.2889321304322189,-0.589657409,9,5,8,7,0,0,0,0,4,0.5517241379310345,0,0,1,0,0,0,0,0,0,0,0,0,0,0,0,0,0,0,0,0,0,0,0,0,0,0,1,0,0,0,0,0,0,0,0,0,0,0,0,0,0,0,0,313,247.95561
600,Nc1nnnn1CCCn1nc([N+](=O)[O-])c([N+](=O)[O-])c1[N+](=O)[O-],2,16,0,0,0,0,2,2,13,1,16,2,7,2,0,1,0,3,0,0,328.2050000000001,0.4981279237175075,-0.366640276,10.989022161333668,0.0110427164693045,-1.262095931,216.86,0,0,3,0,0,0,0,0,0,0,4,0,0,0,1,0,0,0,0,0,0,0,4,0,3,2,0,0,3,0,0,0,0,0,0,0,0,0.0771872637944068,0,0,0,0,0,0,0,-3.505660956,0,0,0,5.42339174400502,0,0,0,0,0,0,0,13.57927322770757,0,-3.45478731,1.7866795792391028,0,0,32.6302915588233,0,0,0,0,0,0,0.2371689904751299,0.8652184568777557,4724.223001660048,0.8614663743060665,0.4265626666260417,-0.585000229,7,8,6,10,0,0,0,0,3,0.3870967741935484,0,0,0,0,0,0,0,0,0,0,0,0,0,0,0,0,0,0,0,0,0,0,0,0,0,0,0,1,0,0,0,0,0,0,1,0,0,0,0,0.1612903225806451,0,0,0,134,253.45653
601,Nc1c([N+](=O)[O-])c2nnnn2c2no[n+]([O-])c12,2,12,0,0,0,0,3,3,10,1,12,3,1,0,0,1,0,1,0,0,238.123,0.3474148529543398,-0.38920825,11.242894935752078,0.0428703703703701,-0.784259259,165.20999999999998,0,0,0,0,0,0,0,0,0,0,2,3,0,0,1,0,0,0,0,0,0,0,4,0,1,2,0,0,1,0,1,0,0,0,0,0,0,0,0,0,0,0,0,0,0,-0.973287037,-0.603240741,0,0,5.519074074074074,0,0,0,0,0,0,0,13.540599017384732,0,-0.784259259,0.8616203703703704,0,0,10.864913076341647,0,4.30010582010582,0,0,0,0,0.400379725019701,0.6160847005286978,1747.4150673288618,0.1132085760868163,0.4703451577546058,-0.470345158,5,2,4,8,0,0,0,0,1,0.2105263157894736,0,0,0,0,0,0,1,0,0,0,0,0,0,0,0,0,0,0,0,0,0,0,0,0,1,0,0,0,0,0,0,0,0,0,1,0,0,0,0,0.5263157894736842,3,0,0,134,262.237
602,N=C(N)Nc1[n+]([O-])nc([N+](=O)[O-])n[n+]1[O-],4,12,0,0,0,0,1,1,7,3,12,1,2,0,2,1,0,1,0,0,216.117,0.6172618907517403,-0.641424719,10.926342592592594,0.3893518518518517,-1.158238851,184.7,0,0,0,0,0,0,0,0,0,1,2,0,0,0,1,0,1,1,0,0,0,0,2,0,1,2,0,0,1,0,0,0,0,0,0,0,0,0,0,0,0,0,0,0,-0.706802721,-2.011849962,0,0,0,4.838406084656085,0,6.736075050390526,1.8218820861678005,0,0,0,0,5.603796296296296,0,-1.110766723,-0.778703704,0,0,10.12763920382968,0,0,0,0,0,0,0.2101439429707405,0.8415079287321812,1754.773593583929,0.4880662268998983,0.5182378063733996,-0.296135889,3,4,4,8,0,0,0,0,1,0.2105263157894736,0,0,0,0,0,0,0,0,0,0,0,0,0,0,0,0,0,0,1,0,0,0,0,0,0,0,0,0,0,0,0,0,0,0,0,0,0,0,0,0,1,0,0,134,177.01515
603,CN(Cn1nnc(C([N+](=O)[O-])([N+](=O)[O-])[N+](=O)[O-])n1)[N+](=O)[O-],0,17,0,0,0,0,1,1,12,0,17,1,7,0,0,0,0,4,0,0,307.139,0.7664361319428625,-0.252188173,10.731048910304862,0.3644675925925928,-4.036271967,219.40000000000003,1,0,1,0,0,0,0,0,0,0,1,0,1,0,0,0,0,0,0,0,0,0,3,1,4,1,0,0,4,0,0,0,0,0,0,0.9769727891156464,0,-0.691247166,0,0,0,0,0,0,0,-1.43125189,0,-4.036271967,0,0,0,0,0,0,0,0,0,9.032452286470145,0.4143055555555555,-6.298119803,0.3644675925925928,0,0,42.54267963435374,0,0,0,0,0,0,0.310669712540336,0.9414527562240628,2760.548272477439,0.9086689687992808,0.4102377099619391,-0.130234194,4,5,8,9,1,0,1,0,0,0.5384615384615384,0,0,0,0,0,0,0,0,0,0,0,0,0,0,0,0,0,0,0,0,0,0,0,0,0,0,0,0,0,0,0,0,0,0,1,0,0,0,0,0.1923076923076923,1,0,0,134,97.956795
604,O=[N+]([O-])C(c1n[nH]c(/N=N/c2nc(C([N+](=O)[O-])([N+](=O)[O-])[N+](=O)[O-])n[nH]2)n1)([N+](=O)[O-])[N+](=O)[O-],2,26,0,0,0,0,2,2,18,2,26,2,10,0,2,0,0,6,0,0,462.1680000000002,0.7645697674405315,-0.25218916,10.941169583061928,0.9333638825900714,-4.201972414,366.69999999999993,0,0,0,0,0,0,0,0,0,0,4,0,2,0,0,0,0,0,2,0,0,2,4,0,6,0,0,0,6,0,0,0,0,0,0,0,0,0,0,0,0,0,0,0,0,-5.007874767,0,-8.403944828,0,0,0,0,0,3.431973497732426,0,0,6.20665343915344,12.02547753808441,0,-11.37965321,0,0,0,65.64701749837157,0,0,0,0,0,0,0.1259202186710475,0.9757740403012888,11430.50039762268,0.6695654456750231,0.4240882103477522,-0.034619446,6,2,12,14,0,0,2,0,0,0.5882352941176471,0,0,0,0,0,0,0,0,0,0,0,0,0,0,0,0,0,0,0,0,0,0,0,0,0,0,0,0,0,2,0,0,0,0,0,0,0,0,0,0.2941176470588235,0,0,0,133,147.25769
605,O=[N+]([O-])C(Br)(C(/N=N/C(=N/Br)C(Br)([N+](=O)[O-])[N+](=O)[O-])=N\Cl)[N+](=O)[O-],0,16,0,0,0,0,0,0,10,0,20,0,6,0,0,0,0,4,0,0,563.2570000000002,0.5728738843499717,-0.257155432,10.822292397154335,1.2806827916351724,-3.353295068,222,0,0,0,0,0,0,0,0,0,2,0,0,2,0,0,0,0,0,0,0,0,4,0,0,4,0,0,0,4,0,0,0,1,3,0,0,0,0,0,0,0,0,0,0,-2.674791509,0,0,-6.649298469,0,0,0,0,0,0,0,0,11.394378779289491,0,0,-5.931384244,0,0,0,43.24715998642255,0,0,0,4.970360598457489,6.590859315948602,0,0.2900878214193289,0.8687666787381916,7985.59994286467,0.7865537760656108,0.1988435119314983,0,4,0,8,8,0,0,0,2,0,0.5833333333333334,0,0,0,0,0,0,0,0,0,0,0,0,0,0,0,0,0,0,0,0,0,0,0,0,0,0,0,0,0,0,0,0,0,0,0,0,0,0,0,0,0,0,0,133,154.61156
606,N#Cc1c([N+](=O)[O-])no[n+]1[O-],0,8,0,0,0,0,1,1,6,0,8,1,1,0,0,0,1,1,0,0,156.057,0.4507793725350782,-0.358261492,10.336064814814817,0.3212962962962962,-0.975740741,119.9,0,0,0,0,0,0,0,0,1,0,2,0,0,0,0,0,0,0,0,1,0,0,1,0,1,1,0,0,1,0,1,0,0,0,0,0,0,0,0,0,0,0,0,1.2777314814814815,0,-1.627314815,0,0,0,0,0,0,0,0,8.16175925925926,0,0,2.739953703703704,0,-0.975740741,-0.321296296,0,0,9.973703703703704,0,3.7947685185185183,0,0,0,0,0.3771193004869505,0.6228806995162758,778.042379011434,1.841007379939622e-06,0.3588432431739685,-0.205053282,3,0,4,4,0,0,0,0,1,0.3636363636363636,0,0,0,0,0,0,0,0,0,0,0,0,0,0,0,0,0,0,0,0,0,0,0,0,0,1,0,0,0,0,0,0,0,0,0,0,0,0,0,0,1,0,0,133,256.1962
607,CN(C)/C=N/c1no[n+]([O-])c1-c1c([N+](=O)[O-])no[n+]1[O-],0,13,0,0,0,0,2,2,9,0,13,2,4,0,0,0,0,1,0,0,285.176,0.4445967215425427,-0.368597378,11.465883408919122,0.1981481481481481,-0.986435185,164.68,2,0,0,0,1,0,0,0,0,0,4,0,0,0,0,0,0,0,0,0,0,1,2,1,1,2,0,0,1,0,2,0,0,0,0,3.2859920634920634,0,0,0,1.259762849584278,0,0,0,0,0,-2.609343348,0,0,0,0,0,0,0,0,0,0,3.755021730914588,6.232922178130512,1.514765762786596,-0.986435185,-0.496018519,0,0,10.740843568909046,0,8.377880054799698,0,0,0,0,0.412498484071095,0.6829125844231374,2785.5854891898966,0.5371196284195069,0.3436474317614387,-0.645215586,7,7,6,7,0,0,0,0,1,0.1481481481481481,0,0,0,0,0,0,0,0,0,0,0,0,0,0,0,0,0,0,0,0,0,0,0,0,1,1,0,0,0,0,0,0,0,0,0,0,0,0,0,0.1851851851851851,0,0,0,133,240.12772
608,O=[N+]([O-])C(Cl)(C(/N=N/C(Cl)(Cl)C(Cl)(Cl)/N=N/C(=N/Cl)C(Cl)([N+](=O)[O-])[N+](=O)[O-])=N\Cl)[N+](=O)[O-],0,18,0,0,0,0,0,0,12,0,26,0,9,0,0,0,0,4,0,0,623.7520000000001,0.6003566210753708,-0.256808209,10.889962675061645,1.5906773461093444,-3.757926074,246.72,0,0,0,0,0,0,0,0,0,2,0,0,4,0,0,0,0,0,0,0,0,6,0,0,4,0,0,0,4,0,0,0,8,0,0,0,0,0,0,0,0,0,0,0,-3.181354692,0,0,-13.69627952,0,0,0,0,0,0,0,0,16.723843553537968,0,0,-6.699374079,0,0,0,43.55985070024658,0,0,0,42.95568556198848,0,0,0.1787858595386688,0.9668957110084582,12857.931251055374,0.8491043542674689,0.2244481781220741,-0.102604881,6,0,8,10,0,0,0,2,0,0.4375,0,0,0,0,0,0,0,0,0,0,0,0,0,0,0,0,0,0,0,0,0,0,0,0,0,0,0,0,0,0,0,0,0,0,0,0,0,0,0,0,0,0,0,132.5,168.23196
609,O=[N+]([O-])c1cnn(C([N+](=O)[O-])([N+](=O)[O-])[N+](=O)[O-])c1,0,14,0,0,0,0,1,1,10,0,14,1,5,0,0,0,0,4,0,0,262.094,0.8204503675029001,-0.258210607,10.575466742252456,0.2305555555555556,-4.033472222,190.38,0,0,0,0,0,2,0,0,0,0,1,0,1,0,0,0,0,0,0,0,0,0,1,0,4,1,0,0,4,0,0,0,0,0,0,0,0,0,0,0,0.6524305555555558,0,0,0,0,-0.856550926,0,-4.033472222,0,0,0,0,0,0,0,0,0,2.9237037037037035,0,-6.508656463,-0.300462963,0,0,42.01983749055177,0,0,0,0,0,0,0.3660412037932353,0.9541760832349392,1856.7601852122964,0.5999820683904469,0.3204957000160248,-0.0610468,4,2,8,6,0,0,1,0,1,0.7,0,0,0,0,0,0,0,0,0,0,0,0,0,0,0,0,0,0,0,0,0,0,0,0,0,1,0,0,0,0,0,0,0,0,0,0,0,0,0,0,1,0,0,132,108.05243
610,O=C(O)c1cn(-c2nn[nH]n2)nc1[N+](=O)[O-],2,11,0,0,0,0,2,2,8,2,11,2,3,0,1,0,0,1,0,0,225.124,0.4047304353503872,-0.477368125,10.687096324640969,0.0874074074074071,-1.456995465,152.72,0,0,0,0,0,1,0,0,0,1,3,0,0,0,0,0,0,0,1,0,0,0,4,0,1,1,0,1,2,0,0,0,0,0,0,0,0,0,0,0,0.9358333333333332,0,0,0,-1.456995465,-1.414166667,0,0,0,0,0,0,0,2.1261692176870746,0,0,0,13.61331396447468,0,-0.902741875,0.8522685185185184,0,8.70336333144369,21.198359315948604,0,0,0,0,0,0,0.2337854745525087,0.7762911952661948,2090.7125307206134,0.1353593927631438,0.4353156482649561,-0.533039569,5,3,4,7,0,0,0,0,1,0.2105263157894736,0,0,0,0,0,0,0,0,0,0,0,0,0,0,0,0,0,0,0,0,0,0,0,0,0,1,0,0,0,0,0,0,0,0,1,0,0,0,0,0.2631578947368421,0,0,0,312,273.26215
611,O=[N+]([O-])c1cc(-n2cnnn2)nn1C([N+](=O)[O-])([N+](=O)[O-])[N+](=O)[O-],0,18,0,0,0,0,2,2,14,0,18,2,6,0,0,0,0,4,0,0,330.1330000000001,0.880529449610305,-0.357837138,10.967079396573444,0.5015972222222225,-4.324738757,233.98,0,0,0,0,0,2,0,0,0,0,2,0,1,0,0,0,0,0,0,0,0,0,4,0,4,2,0,0,4,0,0,0,0,0,0,0,0,0,0,0,1.3652470710506426,0,0,0,0,-1.947013889,0,-4.324738757,0,0,0,0,0,0,0,0,0,12.76812074829932,0,-7.074193594,0.1231254724111869,0,0,43.83639314058957,0,0,0,0,0,0,0.3952902572105489,0.8492423952847711,3013.8503386921097,0.5590349954847207,0.4240715105730114,-0.145395946,5,2,8,10,0,0,1,0,1,0.56,0,0,0,0,0,0,0,0,0,0,0,0,0,0,0,0,0,0,0,0,0,0,0,0,0,1,0,0,0,0,0,0,0,0,1,0,0,0,0,0.2,0,0,0,132,87.30445
612,O=[N+]([O-])C(F)(CNn1ccnn1)[N+](=O)[O-],1,10,0,0,0,0,1,1,8,1,11,1,5,0,1,0,0,2,0,0,220.12000000000003,0.6326951924040807,-0.290534774,13.10685090702948,0.8207638888888891,-3.785763889,129.02,0,0,1,0,0,2,0,0,0,0,0,0,1,0,0,0,0,1,0,0,0,0,2,0,2,1,0,0,2,0,0,1,0,0,0,0,0,-1.156388889,0,0,2.4221655328798186,0,0,0,0,0,0,-3.785763889,0,0,0,0,2.012638888888889,0,0,0,0,6.5825226757369615,0,-3.256094104,0.8207638888888891,0,0,20.251652494331065,0,0,13.10685090702948,0,0,0,0.2480621609157672,0.9287550105094464,1717.1822293457492,0.5618717968195773,0.3816100308922405,-0.472469562,4,5,4,6,0,0,0,1,0,0.35,0,0,0,0,0,0,0,0,0,0,0,0,0,0,0,0,0,0,0,0,0,0,0,0,0,0,0,0,0,1,0,0,0,0,0,0,0,0,0,0.25,1,0,0,132,108.267784
613,N#Cc1nonc1N(CN(c1nonc1C#N)[N+](=O)[O-])[N+](=O)[O-],0,16,0,0,0,0,2,2,12,0,16,2,6,0,0,0,2,2,0,0,322.1570000000001,0.2768069096760765,-0.240769517,11.087072625346435,0.1048488284202568,-1.091481481,218.18,0,0,1,0,0,0,0,0,2,0,4,0,0,0,0,0,0,0,0,2,0,0,4,2,2,0,0,0,2,0,2,0,0,0,0,0,0,-1.091481481,0,0,0,0,0,2.940069916855631,0,-2.466492294,0,0,0,0,0,0,0,0,17.5155884143781,0,0,12.505721844293271,0.2096976568405137,-2.173745276,0,0,0,22.17414525069287,0,8.379017384731672,0,0,0,0,0.4762342434539803,0.8083429103944206,2723.0304450488547,1.0240849311857516,0.4345707217288464,-0.446987028,7,2,6,10,2,0,0,0,0,0.32,0,0,0,0,0,0,0,0,0,0,0,0,0,0,0,0,0,0,0,0,0,0,0,0,2,0,0,0,0,0,0,0,0,0,0,0,0,0,0,0.4,0,1,0,132,83.5217
614,[N-]=[N+]=Nc1c(-n2cncn2)c(N=[N+]=[N-])c([N+](=O)[O-])c(N=[N+]=[N-])c1[N+](=O)[O-],0,18,0,0,0,1,1,2,10,0,18,2,6,0,0,0,0,2,2,0,358.1980000000001,0.2973474852853239,-0.258283996,11.425667202066013,0.589453892668178,-1.171583522,263.27,0,0,0,0,0,2,0,0,0,0,6,0,0,0,0,0,0,0,0,0,0,3,2,0,2,1,0,0,2,0,0,0,0,0,0,0,0,0,0,0,1.932097190728143,0,0,0,0,-5.675245654,0,0,0,0,0,0,0,0,0,0,9.204933390022676,7.208630952380952,0,-2.302928949,0.7578325774754346,0,0,22.851334404132025,0,0,0,0,0,0,0.4706257194398101,0.6095992398191903,4035.4556775794313,0.5520111630503755,0.5471834013590249,-0.580684426,8,2,4,14,0,0,0,0,2,0.2857142857142857,0,0,1,0,0,0,0,0,0,0,0,0,0,0,0,0,0,0,0,0,0,0,0,0,0,0,0,0,0,1,0,0,0,0,0,0,0,0,0,0.1785714285714285,0,0,3,132,222.8824
615,Nc1nnnn1NCC([N+](=O)[O-])([N+](=O)[O-])[N+](=O)[O-],3,15,0,0,0,0,1,1,12,2,15,1,6,0,1,1,0,3,0,0,263.13,0.7184292325900907,-0.36517147,10.538878968253968,0.3759778911564619,-3.654375,211.07,0,0,1,0,0,0,0,0,0,0,1,0,1,0,1,0,0,1,0,0,0,0,3,0,3,1,0,0,3,0,0,0,0,0,0,0,0,-1.296388889,0,0,0,0,0,0,0,-0.375977891,0,-3.654375,0,5.153004535147392,0,0,1.908425925925926,0,0,0,0,9.330754913076342,0,-4.915036848,0.5329861111111114,0,0,31.616636904761904,0,0,0,0,0,0,0.3241878285296466,0.9388870334703746,2061.338509459164,0.7349704851566241,0.4788507581803673,-0.152016114,3,5,6,9,0,0,1,0,0,0.4347826086956521,0,0,0,0,0,0,0,0,0,0,0,0,0,0,0,0,0,0,0,0,0,0,0,0,0,0,0,0,0,0,0,0,0,0,1,0,0,0,0,0.217391304347826,1,0,0,131.9,107.144775
616,O=[N+]([O-])c1c(-c2no[n+]([O-])c2-c2no[n+]([O-])c2[N+](=O)[O-])no[n+]1[O-],0,18,0,0,0,0,3,3,13,0,18,3,4,0,0,0,0,2,0,0,344.1120000000001,0.5909296530026328,-0.358848578,11.644584278155708,0.4506594860166291,-1.328520408,245.18999999999997,0,0,0,0,0,0,0,0,0,0,6,0,0,0,0,0,0,0,0,0,0,0,3,0,2,3,0,0,2,0,3,0,0,0,0,0,0,0,0,0,0,0,0,0,0,-6.213250189,0,0,0,0,0,0,0,0,0,0,0,9.150678382464095,0,-2.446404478,-1.681786187,0,0,21.719032501889643,0,12.211302910052911,0,0,0,0,0.29460317562862,0.8198479627486728,3922.694955885072,0.6420084135770326,0.3254754266052912,-0.092992979,6,0,10,8,0,0,0,0,2,0.3333333333333333,0,0,0,0,0,0,0,0,0,0,0,0,0,0,0,0,0,0,0,0,0,0,0,0,1,2,0,0,0,0,0,0,0,0,0,0,0,0,0,0.2083333333333333,0,0,0,130.7,208.99466
617,O=[N+]([O-])c1ncn(C([N+](=O)[O-])[N+](=O)[O-])n1,0,12,0,0,0,0,1,1,9,0,12,1,4,0,0,0,0,3,0,0,218.085,0.5670384533616604,-0.389691434,10.22592970521542,0.1925925925925926,-2.410925926,160.13,0,0,0,0,0,1,1,0,0,0,1,0,0,0,0,0,0,0,0,0,0,0,2,0,3,1,0,0,3,0,0,0,0,0,0,0,0,0,0,0,0.55,-2.410925926,0,0,0,-0.941018519,0,0,0,0,0,0,0,0,0,0,0,6.021018518518519,0,-3.523548753,0.1925925925925926,0,0,30.555941043083894,0,0,0,0,0,0,0.3273669806882613,0.959130174360552,1433.0750684256502,0.6409518979568753,0.3851709195955705,-0.073365889,3,2,6,6,0,0,0,1,1,0.6470588235294118,0,0,0,0,0,0,0,0,0,0,0,0,0,0,0,0,0,0,0,0,0,0,0,0,0,0,0,0,0,0,1,0,0,0,0,0,0,0,0,0,1,0,0,130.5,160.82195
618,O=[N+]([O-])Nc1n[nH]nc1[N+](=O)[O-],2,10,0,0,0,0,1,1,6,2,10,1,3,0,2,0,0,2,0,0,174.07600000000002,0.4396260486167235,-0.357642605,10.084814814814814,0.5231481481481477,-0.967407407,139.88,0,0,0,0,0,0,0,0,0,0,2,0,0,0,0,0,0,1,1,0,0,0,2,0,2,0,0,0,2,0,0,0,0,0,0,0,0,0,0,0,0,0,0,0,0,-1.239166667,0,0,0,0,0,0,1.5103703703703704,1.8764351851851853,0,0,0,6.213657407407407,0,-1.860925926,0,0,0,19.916481481481483,0,0,0,0,0,0,0.2985754016514645,0.713165111426736,1063.82452466088,0.1330424975333536,0.4825478526620556,-0.091913877,2,2,4,6,1,0,0,0,1,0.5714285714285714,0,0,0,0,0,0,0,0,0,0,0,0,0,0,0,0,0,0,0,0,0,0,0,0,0,0,0,0,0,0,1,0,0,0,0,0,0,0,0,0,1,0,0,130,124.1683
619,O=c1n(-c2nc([N+](=O)[O-])nn2C([N+](=O)[O-])[N+](=O)[O-])[n+]([O-])c2nc([N+](=O)[O-])[nH]n12,1,22,0,0,0,0,3,3,16,1,22,3,6,0,1,0,0,4,0,0,402.1560000000001,0.5688753385308257,-0.722318389,12.299872448979592,0.1363501511715794,-2.982743397,285.3,0,0,0,0,0,0,1,0,0,0,3,1,0,0,0,0,0,0,1,0,0,0,3,0,4,4,0,0,5,0,0,0,0,0,0,0,0,0,0,0,0,-2.982743397,0,0,0,-3.693693993,-0.951241497,0,0,0,0,0,0,1.8113182634164773,0,0,0,9.27573822121441,0,-5.414709023,-0.65210097,0,0,55.67295514280093,0,0,0,0,0,0,0.3173984920633894,0.8395283751156704,5667.723978684768,0.8028092690832488,0.4177483364664457,-0.119356668,6,2,10,12,0,0,0,1,2,0.5,0,0,0,0,0,0,0,0,0,0,0,0,0,0,0,0,0,0,0,0,0,0,0,0,0,0,0,0,0,1,2,0,0,0,0,0,0,0,0,0.1666666666666666,2,0,0,129,187.73561
620,Cc1c(-c2no[n+]([O-])c2[N+](=O)[O-])no[n+]1[O-],0,11,0,0,0,0,2,2,8,0,11,2,2,0,0,0,0,1,0,0,229.108,0.4998813110607822,-0.359308951,10.87541761148904,0.0306368102796672,-0.997920446,149.07999999999998,1,0,0,0,0,0,0,0,0,0,4,0,0,0,0,0,0,0,0,0,0,0,2,0,1,2,0,0,1,0,2,0,0,0,0,1.2979979213907784,0,0,0,0,0,0,0,0,0,-1.717685185,0,0,0,0,0,0,0,0,0,0,0,6.378703703703703,0,-0.997920446,-0.359644747,0,0,10.536528722600153,0,8.241322751322752,0,0,0,0,0.2546521237864658,0.7702397201462766,1828.049825220313,0.3176669731929917,0.3055327618415769,-0.384098329,5,3,6,5,0,0,0,0,1,0.2105263157894736,0,0,0,0,0,0,0,0,0,0,0,0,0,0,0,0,0,0,0,0,0,0,0,0,1,1,0,0,0,0,0,0,0,0,0,0,0,0,0,0.2631578947368421,0,0,0,129,204.43634
621,Nc1c([N+](=O)[O-])nn(Cn2nc([N+](=O)[O-])c(N)c2[N+](=O)[O-])c1[N+](=O)[O-],4,18,0,0,0,0,2,2,14,2,18,2,6,0,0,2,0,4,0,0,358.1870000000001,0.4432481716432459,-0.384621834,11.01357032627866,0.3299924414210127,-1.108693941,260.23999999999995,0,0,1,0,0,0,0,0,0,0,6,0,0,0,2,0,0,0,0,0,0,0,2,0,4,2,0,0,4,0,0,0,0,0,0,0,0,-0.955648148,0,0,0,0,0,0,0,-6.011140506,0,0,0,10.55543713781809,0,0,0,0,0,0,0,6.533654572940288,0,-4.425432099,0.6599848828420254,0,0,43.57157207944906,0,0,0,0,0,0,0.4076752660247161,0.7753066667356772,4214.095164862825,1.003924753680425,0.3908572896280434,-0.402024641,7,6,8,10,0,0,0,0,4,0.5161290322580645,0,0,0,0,0,0,0,0,0,0,0,0,0,0,0,0,0,0,0,0,0,0,0,0,0,0,2,0,0,0,0,0,0,0,0,0,0,0,0,0,0,0,0,310,267.49954
622,O=[N+]([O-])Nn1nc([N+](=O)[O-])c2c1c([N+](=O)[O-])nn2N[N+](=O)[O-],2,18,0,0,0,0,2,2,12,2,18,2,6,0,2,0,0,4,0,0,318.122,0.4730117469102244,-0.357569679,10.85464096749811,0.1078628117913831,-1.196268582,232.26,0,0,0,0,0,0,0,0,0,0,2,2,0,0,0,0,0,2,0,0,0,0,2,0,4,2,0,0,4,0,0,0,0,0,0,0,0,0,0,0,0,0,0,0,0,-2.251296296,-1.606018519,0,0,0,0,0,2.7057322373393804,0,0,0,0,6.273839758125472,0,-4.690175107,0.2157256235827664,0,0,42.50942948475687,0,0,0,0,0,0,0.3895787392313921,0.6786687265751458,3452.9855756149746,0.4883629901552178,0.4400827355542842,-0.05029517,4,2,8,10,2,0,0,0,2,0.6666666666666666,0,0,0,0,0,0,0,0,0,0,0,0,0,0,0,0,0,0,0,0,0,0,0,0,0,2,0,0,0,0,0,0,0,0,0,0,0,0,0,0,2,0,0,128,136.01091
623,O=[N+]([O-])Nc1nonc1-c1noc2nc([N+](=O)[O-])cn12,1,14,0,0,0,0,3,3,11,1,14,3,4,0,1,0,0,2,0,0,282.132,0.4465032819011761,-0.357755017,10.598253968253967,0.0914814814814812,-0.878300265,180.56,0,0,0,0,0,1,0,0,0,0,4,1,0,0,0,0,0,1,0,0,0,0,4,0,2,1,0,0,2,0,2,0,0,0,0,0,0,0,0,0,1.0196296296296297,0,0,0,0,-1.061906914,-0.178932351,0,0,0,0,0,1.741467072940287,0,0,0,0,13.773742756361802,0,-1.610910336,1.086103552532124,0,0,20.97644775657177,0,9.111244409800957,0,0,0,0,0.2262068075801835,0.8217817198169739,3153.772277871976,0.3691124259623221,0.3969773014050162,-0.396977301,6,2,6,8,1,0,0,0,1,0.3636363636363636,0,0,0,0,0,0,0,0,0,0,0,0,0,0,0,0,0,0,0,0,0,0,0,0,2,1,0,0,0,0,0,0,0,0,0,0,0,0,0,0.4545454545454545,2,0,0,128,187.07962
624,O=[N+]([O-])N(CN(c1nonc1C(F)([N+](=O)[O-])[N+](=O)[O-])[N+](=O)[O-])c1nonc1C(F)([N+](=O)[O-])[N+](=O)[O-],0,26,0,0,0,0,2,2,18,0,28,2,12,0,0,0,0,6,0,0,516.1590000000002,0.6673969862342718,-0.255554197,14.460126617043104,0.7711758314436881,-4.949432292,343.1599999999999,0,0,1,0,0,0,0,0,0,0,4,0,2,0,0,0,0,0,0,0,0,0,4,2,6,0,0,0,6,0,2,2,0,0,0,0,0,-2.056107332,0,0,0,0,0,0,0,-7.87548346,0,-9.898864584,0,0,0,0,0,0,0,0,0,10.25632462079567,-1.542351663,-12.43226413,0,0,0,66.31910556793629,0,7.656948845807071,28.92025323408621,0,0,0,0.3352884215515048,0.9373131256400284,6766.058911771368,0.9667659342922128,0.3254811017535292,-0.0309982,7,2,14,12,2,0,0,2,0,0.5945945945945946,0,0,0,0,0,0,0,0,0,0,0,0,0,0,0,0,0,0,0,0,0,0,0,0,2,0,0,0,0,0,0,0,0,0,0,0,0,0,0,0.2702702702702703,0,0,0,128,119.01017
625,N/C(=N/Br)C(Br)([N+](=O)[O-])[N+](=O)[O-],2,8,0,0,0,0,0,0,5,1,10,0,3,0,0,1,0,2,0,0,305.87000000000006,0.5681063396142627,-0.373316379,10.198402777777778,0.7939814814814812,-2.753472222,124.66,0,0,0,0,0,0,0,0,0,1,0,0,1,0,1,0,0,0,0,0,0,1,0,0,2,0,0,0,2,0,0,0,0,2,0,0,0,0,0,0,0,0,0,0,-0.793981481,0,0,-2.753472222,0,4.92625,0,0,0,0,0,0,2.9797916666666664,0,0,-2.402592593,0,0,0,20.39680555555556,0,0,0,0,4.667060185185186,0,0.5259927130186733,0.8868002023521392,1322.1459224767327,0.5631605075051881,0.1830843168666427,-0.052309805,2,2,4,4,0,0,0,1,0,0.5,0,0,0,0,0,0,0,0,0,0,0,0,0,0,0,0,0,0,0,0,0,0,0,0,0,0,0,0,0,0,0,0,0,0,0,0,0,0,0,0,0,0,0,128,134.44087
626,O=c1[nH]c(-c2nonc2N[N+](=O)[O-])no1,2,11,0,0,0,0,2,2,8,2,11,2,3,0,2,0,0,1,0,0,214.097,0.438744915358264,-0.295513196,10.601171107331822,0.1198148148148148,-0.859897487,152.98000000000002,0,0,0,0,0,0,0,0,0,0,3,0,0,0,0,0,0,1,1,0,0,0,3,0,1,0,0,0,2,0,2,0,0,0,0,0,0,0,0,0,0,0,0,0,0,-0.534537037,0,0,0,0,0,0,1.7122373393801964,2.13364134542706,0,0,0,9.76454648526077,0,-0.859897487,0,0,0,20.725809476568408,0,8.419623488284202,0,0,0,0,0.2262790278497914,0.7763259696806987,1874.727247925766,0.0778321914846153,0.3923455256262348,-0.298929924,4,2,5,6,1,0,0,0,0,0.2352941176470588,0,0,0,0,0,0,0,0,0,0,0,0,0,0,0,0,0,0,0,0,0,0,0,0,2,0,0,0,0,0,0,0,0,0,0,0,0,0,0,0.5882352941176471,0,0,0,127.25,111.05048
627,O=c1[nH]nc(C([N+](=O)[O-])[N+](=O)[O-])[nH]1,2,10,0,0,0,0,1,1,6,2,10,1,3,0,2,0,0,2,0,0,189.087,0.508967186000355,-0.280712754,10.421111111111111,0.6249999999999998,-2.237083333,147.82,0,0,0,0,0,0,1,0,0,0,1,0,0,0,0,0,0,0,2,0,0,0,1,0,2,0,0,0,3,0,0,0,0,0,0,0,0,0,0,0,0,-2.237083333,0,0,0,-0.625,0,0,0,0,0,0,0,3.622083333333333,0,0,0,3.082222222222222,0,-2.321203704,0,0,0,30.69833333333333,0,0,0,0,0,0,0.4025691379386224,0.8909440407417645,978.6901011551864,0.7751402394656273,0.3701999608645755,-0.211542835,3,3,5,5,0,0,0,1,0,0.4375,0,0,0,0,0,0,0,0,0,0,0,0,0,0,0,0,0,0,0,0,0,0,0,0,0,0,0,0,0,1,0,0,0,0,0,0,0,0,0,0.3125,1,0,0,127,208.56265
628,O=[N+]([O-])c1cn(C([N+](=O)[O-])([N+](=O)[O-])[N+](=O)[O-])nc1-n1cnnn1,0,18,0,0,0,0,2,2,14,0,18,2,6,0,0,0,0,4,0,0,330.13300000000004,0.8205223243792308,-0.258139191,10.92753590325019,0.1720370370370372,-4.183511905,233.98,0,0,0,0,0,2,0,0,0,0,2,0,1,0,0,0,0,0,0,0,0,0,4,0,4,2,0,0,4,0,0,0,0,0,0,0,0,0,0,0,0.9694907407407408,0,0,0,0,-1.803564815,0,-4.183511905,0,0,0,0,0,0,0,0,0,12.67524281934996,0,-6.682149471,0.1958106575963718,0,0,43.70600765306123,0,0,0,0,0,0,0.3398383776044413,0.8358660891456865,3345.283123741898,0.5602533503681455,0.4240715105730114,-0.145395946,5,2,8,10,0,0,1,0,1,0.56,0,0,0,0,0,0,0,0,0,0,0,0,0,0,0,0,0,0,0,0,0,0,0,0,0,1,0,0,0,0,0,0,0,0,1,0,0,0,0,0.2,0,0,0,127,87.71071
629,N/C(=N\Cl)C(Cl)([N+](=O)[O-])[N+](=O)[O-],2,8,0,0,0,0,0,0,5,1,10,0,3,0,0,1,0,2,0,0,216.968,0.5960191112963428,-0.372451525,10.075524691358025,1.0964506172839503,-3.178819444,124.66,0,0,0,0,0,0,0,0,0,1,0,0,1,0,1,0,0,0,0,0,0,1,0,0,2,0,0,0,2,0,0,0,2,0,0,0,0,0,0,0,0,0,0,0,-1.096450617,0,0,-3.178819444,0,4.756111111111111,0,0,0,0,0,0,2.5544444444444445,0,0,-2.813950617,0,0,0,20.15104938271605,0,0,0,9.61545524691358,0,0,0.4965511827397797,0.9533401421362736,1033.1470109724803,0.8868469580101593,0.2581025773385937,-0.073743594,2,2,4,4,0,0,0,1,0,0.5,0,0,0,0,0,0,0,0,0,0,0,0,0,0,0,0,0,0,0,0,0,0,0,0,0,0,0,0,0,0,0,0,0,0,0,0,0,0,0,0,0,0,0,127,126.66809
630,N#[N+]c1nc(C([N+](=O)[O-])([N+](=O)[O-])[N+](=O)[O-])n[n-]1,0,14,0,0,0,0,1,1,9,0,14,1,4,0,0,0,0,3,0,0,244.083,0.7646816893647682,-0.252189148,10.523739134542708,0.8658101851851849,-3.97625,197.45,0,0,0,0,0,0,0,0,0,0,2,0,1,0,0,0,0,0,0,1,0,0,3,0,3,0,0,0,3,0,0,0,0,0,0,0,0,0,0,0,0,0,0,0,0,-2.277569444,0,-3.97625,0,0,0,0,0,0,8.182907218442933,0,0,8.541226851851853,0,-5.359620181,0,0,0,31.57121740362812,0,0,0,0,0,0,0.4145248755852897,0.9810985714969096,1490.6692057399127,0.7381527454126879,0.4588603057156787,0,3,0,6,8,0,0,1,0,0,0.5882352941176471,0,0,0,0,0,0,0,0,0,0,0,0,0,0,0,0,0,0,0,0,0,0,0,0,0,0,0,0,0,1,0,0,0,0,0,0,0,0,0,0.2941176470588235,1,0,0,127,92.41835
631,[N-]=[N+]=Nc1nn(CCn2nnnc2N)c(N=[N+]=[N-])c1[N+](=O)[O-],2,16,0,0,0,0,2,2,11,1,16,2,6,2,0,1,0,1,0,0,306.2100000000001,0.3261695109741146,-0.36663934,11.020671821197617,0.0085496976568406,-0.858225309,228.1,0,0,2,0,0,0,0,0,0,0,4,0,0,0,1,0,0,0,0,0,0,2,4,0,1,2,0,0,1,0,0,0,0,0,0,0,0,0.0899860638699923,0,0,0,0,0,0,0,-1.579926041,0,0,0,5.472894890202791,0,0,0,0,0,0,6.322801240866717,14.099195819512378,0,-0.858225309,2.2119074389014863,0,0,11.020671821197617,0,0,0,0,0,0,0.2862226880203634,0.7372478204326156,4280.007167124481,0.4284778461947282,0.6400836027562785,-0.679272395,6,6,2,14,0,0,0,0,1,0.1428571428571428,0,0,0,0,0,0,0,0,0,0,0,0,0,0,0,0,0,0,0,0,0,0,0,0,0,1,0,0,0,0,0,0,0,0,1,0,0,0,0,0.1785714285714285,0,0,2,127,262.96432
632,N=C(N)Nc1c([N+](=O)[O-])n[nH]c1[N+](=O)[O-],5,11,0,0,0,0,1,1,6,4,11,1,3,0,3,1,0,2,0,0,215.129,0.443538125643209,-0.369862912,10.399587112622829,0.5439814814814812,-0.935740741,176.86,0,0,0,0,0,0,0,0,0,1,3,0,0,0,1,0,1,1,1,0,0,0,1,0,2,0,0,0,2,0,0,0,0,0,0,0,0,0,0,0,0,0,0,0,-0.664259259,-2.063611111,0,0,0,4.907046485260771,0,6.82562358276644,1.9686574074074077,1.855046296296296,0,0,0,3.109490740740741,0,-1.847175926,0,0,0,20.787924225245654,0,0,0,0,0,0,0.4306916188713877,0.6384517374582469,1505.7776815576997,0.4973337295177176,0.4555406291109055,-0.483430872,4,5,4,7,0,0,0,0,2,0.4,0,0,0,0,0,0,0,0,0,0,0,0,0,0,0,0,0,0,0,0,0,0,0,0,0,0,1,0,0,0,0,0,0,0,0,0,0,0,0,0,1,0,0,308,250.17027
633,O=[N+]([O-])Nc1nc(-c2c(/N=N/c3no[n+]([O-])c3-c3noc(N[N+](=O)[O-])n3)no[n+]2[O-])no1,2,24,0,0,0,0,4,4,18,2,24,4,8,0,2,0,0,2,0,0,454.1920000000002,0.3792977485828488,-0.358847218,11.793888681713426,0.2069748576347185,-0.994450786,318.8399999999999,0,0,0,0,0,0,0,0,0,0,8,0,0,0,0,0,0,2,0,0,0,2,6,0,2,2,0,0,2,0,4,0,0,0,0,0,0,0,0,0,0,0,0,0,0,-4.669182916,0,0,0,0,0,0,3.123332727486733,0,0,0,7.074290595867977,20.27867012526145,0,-1.988901573,-0.413949715,0,0,20.80114102805714,0,17.739014669383188,0,0,0,0,0.3651645219533344,0.7015635248607294,7390.82830267774,0.6555028586807512,0.4315355620530523,-0.24659175,8,2,10,14,2,0,0,0,0,0.2352941176470588,0,0,0,0,0,0,0,0,0,0,0,0,0,0,0,0,0,0,0,0,0,0,0,0,4,0,0,0,0,0,0,0,0,0,0,0,0,0,0,0.5882352941176471,0,0,0,126,166.00317
634,O=[N+]([O-])/N=c1/[nH]nc(CO[N+](=O)[O-])o1,1,11,0,0,0,0,1,1,7,1,11,1,4,0,1,0,0,1,0,0,205.086,0.3860206378550436,-0.401942741,9.83569783005795,0.2200925925925922,-1.047105694,149.69,0,0,1,0,0,0,0,0,0,0,1,0,0,0,0,0,0,0,1,0,0,1,1,0,2,0,0,0,2,1,1,0,0,0,0,0,0,-0.544906463,0,0,0,0,0,0,0,-0.220092593,0,0,0,0,0,0,0,2.033224678760393,0,0,2.719297052154195,3.321898148148148,0,-2.05191547,0,0,0,19.56491205278408,3.880635393046108,4.540416666666666,0,0,0,0,0.1652627402190744,0.9018642548206398,1974.5773742162987,0.5103115248301956,0.3413202266366305,-0.117024078,3,3,6,5,1,1,0,0,0,0.4705882352941176,0,0,0,0,0,0,0,0,0,0,0,0,0,0,0,0,0,0,0,0,0,0,0,0,1,0,0,0,0,0,0,0,0,0,0,0,0,0,0,0.2941176470588235,1,0,0,125.98,133.49774
635,O=C(OOC(=O)c1cccc([N+](=O)[O-])c1)c1ccc([N+](=O)[O-])cc1,0,10,0,0,0,2,0,2,8,0,10,2,4,0,0,0,0,2,2,2,332.22400000000005,0.3860878078616875,-0.258309633,11.687332661459644,0.0764423763332489,-1.102813261,138.88000000000002,0,0,0,0,0,8,0,0,0,2,4,0,0,0,0,0,0,0,0,0,0,0,0,0,2,0,0,0,4,2,0,0,0,0,0,0,0,0,0,0,9.07430382475192,0,0,0,-2.154962522,-0.806086099,0,0,0,0,0,0,0,0,0,0,0,0,0,-1.336199898,0,0,0,44.4704790893412,8.628551193625597,0,0,0,0,0,0.0723069901918447,0.9593330492035282,8011.38654701338,0.6312789201876832,0.0842804854555962,-1.155846658,14,8,8,2,0,0,0,0,2,0.25,0,2,0,0,0,0,0,0,0,0,0,0,0,0,0,0,0,0,0,0,0,0,0,0,0,0,0,0,0,0,0,0,0,0,0,0,0,0,0,0,0,0,0,125,266.7446
636,O=[N+]([O-])Nc1nonc1Cc1nnc2nnc(N[N+](=O)[O-])n2n1,2,17,0,0,0,0,3,3,13,2,17,3,6,0,2,0,0,2,0,0,324.1770000000001,0.3079160159090634,-0.241884826,10.445690124853634,0.0192554799697659,-0.848318794,218.11999999999995,0,0,1,0,0,0,0,0,0,0,4,1,0,0,0,0,0,2,0,0,0,0,7,0,2,1,0,0,2,0,1,0,0,0,0,0,0,-0.140180933,0,0,0,0,0,0,0,-0.458641949,-0.083316851,0,0,0,0,0,3.5734470894265264,0,0,0,0,25.091915474446587,0,-1.691344482,0.9436983497102543,0,0,20.853117225170344,0,4.391522185626623,0,0,0,0,0.2147525745461092,0.8873633461651874,4710.913084266427,0.809290655155728,0.5182354084342813,-0.444201779,6,4,5,12,2,0,0,0,0,0.2962962962962963,0,0,0,0,0,0,0,0,0,0,0,0,0,0,0,0,0,1,0,0,0,0,0,0,1,0,0,0,0,1,0,0,0,0,0,0,0,0,0,0.5925925925925926,2,0,0,125,139.7583
637,O=[N+]([O-])Nc1nc(C([N+](=O)[O-])([N+](=O)[O-])[N+](=O)[O-])n[nH]1,2,16,0,0,0,0,1,1,10,2,16,1,6,0,2,0,0,4,0,0,278.097,0.7645706857799225,-0.25218916,10.610332105064249,0.8380324074074073,-4.048582766,226.16,0,0,0,0,0,0,0,0,0,0,2,0,1,0,0,0,0,1,1,0,0,0,2,0,4,0,0,0,4,0,0,0,0,0,0,0,0,0,0,0,0,0,0,0,0,-2.299282407,0,-4.048582766,0,0,0,0,1.3392573696145122,1.6797453703703704,0,0,0,5.819675925925925,0,-6.638101852,0,0,0,41.865310846560845,0,0,0,0,0,0,0.2542140420513889,0.974021285409309,2521.8774431920874,0.6163297835473401,0.4027371744391346,0.0575338820627335,3,2,8,8,1,0,1,0,0,0.6666666666666666,0,0,0,0,0,0,0,0,0,0,0,0,0,0,0,0,0,0,0,0,0,0,0,0,0,0,0,0,0,1,0,0,0,0,0,0,0,0,0,0.238095238095238,1,0,0,125,126.72764
638,O=[N+]([O-])Nc1cc(N[N+](=O)[O-])c([N+](=O)[O-])cc1[N+](=O)[O-],2,14,0,0,0,1,0,1,8,2,14,1,6,0,2,0,0,4,2,0,288.132,0.3049019438502024,-0.258235406,10.677646919879065,0.3726851851851851,-1.148703704,196.62,0,0,0,0,0,2,0,0,0,0,4,0,0,0,0,0,0,2,0,0,0,0,0,0,4,0,0,0,4,0,0,0,0,0,0,0,0,0,0,0,0.9023148148148148,0,0,0,0,-3.421763039,0,0,0,0,0,0,2.8596579743008315,0,0,0,0,0,0,-4.502222222,0,0,0,41.914339569161,0,0,0,0,0,0,0.3368259711023894,0.7520453027291751,3028.939297370158,0.4726181139252198,0.2915330473532964,-0.333180626,6,4,8,6,2,0,0,0,2,0.6666666666666666,0,0,1,0,0,0,0,0,0,0,0,0,0,0,0,0,0,0,0,0,0,0,0,0,0,0,0,0,0,0,0,0,0,0,0,0,0,0,0,0,1,1,0,125,120.185265
639,O=[N+]([O-])NC1=NCN=C1Nc1nnc2nnc(N[N+](=O)[O-])n2n1,3,17,0,1,1,0,2,2,13,3,17,3,4,0,3,0,0,2,0,0,323.1930000000001,0.3079778884913535,-0.303168629,10.44659405047347,0.0136202968841863,-0.848726957,215.95,0,0,1,0,0,0,0,0,0,2,2,1,0,0,0,0,0,3,0,0,0,2,5,0,2,1,0,0,2,0,0,0,0,0,0,0,0,-0.018909059,0,0,0,0,0,0,-0.105737985,-0.448320631,-0.092066851,0,0,0,0,0,6.185171232787575,0,0,0,7.618008210974931,18.161328528273877,0,-1.651752646,0.9220146762408667,0,0,20.88179892856796,0,0,0,0,0,0,0.1458676476028293,0.8546711178829818,6247.051620311338,0.0653174306377548,0.5631310084067415,-0.519813239,6,5,4,13,2,0,0,0,0,0.2857142857142857,0,0,0,0,0,0,0,0,0,0,0,0,0,0,0,0,0,1,0,0,0,0,0,0,1,0,0,0,0,1,0,0,0,0,0,0,0,0,0,0.5714285714285714,2,0,0,125,148.45511
640,O=[N+]([O-])c1nn(C([N+](=O)[O-])([N+](=O)[O-])[N+](=O)[O-])c(-c2c([N+](=O)[O-])c([N+](=O)[O-])nn2C([N+](=O)[O-])([N+](=O)[O-])[N+](=O)[O-])c1[N+](=O)[O-],0,34,0,0,0,0,2,2,24,0,34,2,13,0,0,0,0,10,0,0,612.1660000000003,0.8379184776276171,-0.357561688,11.757838246409674,1.6129931972789109,-5.493441515,467.0399999999999,0,0,0,0,0,0,0,0,0,0,6,0,2,0,0,0,0,0,0,0,0,0,2,0,10,2,0,0,10,0,0,0,0,0,0,0,0,0,0,0,0,0,0,0,0,-15.99893141,0,-10.98688303,0,0,0,0,0,0,0,0,0,4.727290249433106,0,-24.18443059,-3.225986395,0,0,116.08447058453012,0,0,0,0,0,0,0.7924304426751844,0.966866075747966,5911.556359019289,1.6083074503554833,0.3201745931659058,0.1045468059317243,8,0,20,14,0,0,2,0,4,0.8571428571428571,0,0,0,0,0,0,0,0,0,0,0,0,0,0,0,0,0,0,0,0,0,0,0,0,0,0,2,0,0,0,0,0,0,0,0,0,0,0,0,0,0,0,0,125,131.36243
641,O=[N+]([O-])C(c1nc(/N=N/c2noc(C([N+](=O)[O-])([N+](=O)[O-])[N+](=O)[O-])n2)no1)([N+](=O)[O-])[N+](=O)[O-],0,26,0,0,0,0,2,2,20,0,26,2,10,0,0,0,0,6,0,0,464.13600000000025,0.7816144695530327,-0.313671901,10.89814846276808,1.1478083270345156,-4.302763309,361.3999999999999,0,0,0,0,0,0,0,0,0,0,4,0,2,0,0,0,0,0,0,0,0,2,4,0,6,0,0,0,6,0,2,0,0,0,0,0,0,0,0,0,0,0,0,0,0,-5.833907931,0,-8.605526618,0,0,0,0,0,0,0,0,5.930542328042328,11.483374433106576,0,-11.75419025,0,0,0,65.38889077660848,0,8.168593147773343,0,0,0,0,0.1225905683154705,0.9743946891856546,11463.165017555446,0.7100431088115617,0.3619628729510314,0.0689453091335298,6,0,14,12,0,0,2,0,0,0.625,0,0,0,0,0,0,0,0,0,0,0,0,0,0,0,0,0,0,0,0,0,0,0,0,2,0,0,0,0,0,0,0,0,0,0,0,0,0,0,0.3125,0,0,0,125,140.5997
642,Nc1no[n+]([O-])c1-c1no[n+]([O-])c1[N+](=O)[O-],2,12,0,0,0,0,2,2,9,1,12,2,2,0,0,1,0,1,0,0,230.096,0.4998680237866827,-0.358798187,11.01648148148148,0.2220370370370372,-1.083796296,175.09999999999997,0,0,0,0,0,0,0,0,0,0,4,0,0,0,1,0,0,0,0,0,0,0,2,0,1,2,0,0,1,0,2,0,0,0,0,0,0,0,0,0,0,0,0,0,0,-2.758981481,0,0,0,5.210446900982615,0,0,0,0,0,0,0,6.073990929705215,0,-1.078101852,-0.6925,0,0,10.50308201058201,0,8.047195767195767,0,0,0,0,0.3132231744022636,0.716926727833847,1682.8085513202238,0.3161826843036579,0.3650650163410054,-0.208608581,4,2,6,6,0,0,0,0,1,0.2222222222222222,0,0,0,0,0,0,0,0,0,0,0,0,0,0,0,0,0,0,0,0,0,0,0,0,1,1,0,0,0,0,0,0,0,0,0,0,0,0,0,0.2777777777777778,0,0,0,125,208.12213
643,O=[N+]([O-])c1nn2c(c1[N+](=O)[O-])Nc1c([N+](=O)[O-])c([N+](=O)[O-])nn1CC2,1,17,0,1,1,0,2,2,13,1,17,3,4,2,1,0,0,4,0,0,355.18300000000016,0.4696835751917793,-0.357561004,11.159001165280928,0.1944425547996977,-1.073829995,220.23,0,0,2,0,0,0,0,0,0,0,6,0,0,0,0,0,0,1,0,0,0,0,2,0,4,2,0,0,4,0,0,0,0,0,0,0,0,-0.38888511,0,0,0,0,0,0,0,-5.161912845,0,0,0,0,0,0,2.2621296296296296,0,0,0,0,6.989512786596119,0,-4.294006677,1.7510034013605444,0,0,44.171079407071474,0,0,0,0,0,0,0.1868129432281317,0.8363452804663268,5259.1933231291,0.3892906260887457,0.3547467080350129,-0.472995611,8,5,8,9,0,0,0,0,4,0.5333333333333333,0,0,0,0,0,0,0,0,0,0,0,0,0,0,0,0,0,0,0,0,0,0,0,0,0,0,2,0,0,0,0,0,0,0,0,0,0,0,0,0,3,1,0,307,272.6464
644,Cc1c(N(CN(c2no[n+]([O-])c2C)[N+](=O)[O-])[N+](=O)[O-])no[n+]1[O-],0,16,0,0,0,0,2,2,10,0,16,2,6,0,0,0,0,2,0,0,332.1890000000001,0.3727496725164927,-0.359258225,11.132706968589904,0.1019009826152683,-1.039663171,198.7,2,0,1,0,0,0,0,0,0,0,4,0,0,0,0,0,0,0,0,0,0,0,2,2,2,2,0,0,2,0,2,0,0,0,0,2.3309202569916856,0,-1.027037037,0,0,0,0,0,0,0,-1.678223052,0,0,0,0,0,0,0,0,0,0,0,6.3405377614008565,0.3597146636432349,-2.079326342,-0.203801965,0,0,22.238845899470903,0,8.38077664399093,0,0,0,0,0.2356749946104484,0.8918844377387598,3774.1710193629033,0.8524351181620561,0.3371574615655546,-0.481653517,7,8,8,8,2,0,0,0,0,0.2580645161290322,0,0,0,0,0,0,0,0,0,0,0,0,0,0,0,0,0,0,0,0,0,0,0,0,2,0,0,0,0,0,0,0,0,0,0,0,0,0,0,0.3225806451612903,0,1,0,125,131.09836
645,NNC(N)=C([N+](=O)[O-])[N+](=O)[O-],5,9,0,0,0,0,0,0,7,3,9,0,3,0,1,2,0,2,0,0,163.093,0.5999349363326101,-0.372792847,9.87175925925926,0.7916666666666663,-1.368055556,150.35000000000002,0,0,0,0,0,0,0,0,0,2,0,0,0,0,2,0,0,1,0,0,0,0,0,0,2,0,0,0,2,0,0,0,0,0,0,0,0,0,0,0,0,0,0,0,-2.159722222,0,0,0,0,9.38601851851852,0,0,1.601759259259259,0,0,0,0,0,0,-2.481759259,0,0,0,19.74351851851852,0,0,0,0,0,0,0.4794107665730149,0.5492859034803359,776.769614498686,0.3189471221250315,0.4292029700845529,-0.24525884,2,5,4,5,0,0,0,1,0,0.4375,0,0,0,0,0,0,0,0,0,0,0,0,0,0,0,0,0,0,0,0,0,0,0,0,0,0,0,0,0,0,0,0,0,0,0,0,0,0,0,0,0,0,0,124.5,161.11604
646,O=[N+]([O-])c1nc(C([N+](=O)[O-])([N+](=O)[O-])[N+](=O)[O-])n[nH]1,1,15,0,0,0,0,1,1,10,1,15,1,5,0,1,0,0,4,0,0,263.082,0.781661617704328,-0.389776923,10.5424111866969,1.1945138888888882,-4.0925,214.13,0,0,0,0,0,0,0,0,0,0,2,0,1,0,0,0,0,0,1,0,0,0,2,0,4,0,0,0,4,0,0,0,0,0,0,0,0,0,0,0,0,0,0,0,0,-2.741550926,0,-4.0925,0,0,0,0,0,1.501550925925926,0,0,0,5.526203703703704,0,-6.790878685,0,0,0,41.840254157218446,0,0,0,0,0,0,0.3471998161972672,0.9470104354982172,1883.2341629444984,0.590628537002462,0.3725074311431416,0.0912263096677081,3,1,8,7,0,0,1,0,1,0.7368421052631579,0,0,0,0,0,0,0,0,0,0,0,0,0,0,0,0,0,0,0,0,0,0,0,0,0,0,0,0,0,0,1,0,0,0,0,0,0,0,0,0,1,0,0,124,120.81832
647,O=[N+]([O-])C(c1nc(-c2noc(C([N+](=O)[O-])([N+](=O)[O-])[N+](=O)[O-])n2)no1)([N+](=O)[O-])[N+](=O)[O-],0,24,0,0,0,0,2,2,18,0,24,2,9,0,0,0,0,6,0,0,436.1220000000002,0.7815634834133451,-0.315304114,10.930845458987596,1.1816028911564616,-4.370949546,336.67999999999995,0,0,0,0,0,0,0,0,0,0,4,0,2,0,0,0,0,0,0,0,0,0,4,0,6,0,0,0,6,0,2,0,0,0,0,0,0,0,0,0,0,0,0,0,0,-6.042942807,0,-8.741899093,0,0,0,0,0,0,0,0,0,11.569759070294785,0,-11.98104293,0,0,0,65.58507275392556,0,8.192646919879063,0,0,0,0,0.1496959371778358,0.9906803341276494,8200.598587724851,0.7803457111780898,0.3210110932262072,0.0733739641659902,6,0,14,10,0,0,2,0,0,0.6666666666666666,0,0,0,0,0,0,0,0,0,0,0,0,0,0,0,0,0,0,0,0,0,0,0,0,2,0,0,0,0,0,0,0,0,0,0,0,0,0,0,0.3333333333333333,0,1,0,124,125.75106
648,O=[N+]([O-])c1nnn(C(CO)([N+](=O)[O-])[N+](=O)[O-])n1,1,14,0,0,0,0,1,1,11,1,14,1,5,0,0,0,0,3,0,0,249.099,0.613320822569522,-0.389644333,10.57893896447468,0.2310185185185185,-3.332083333,193.25,0,0,1,0,0,0,0,0,0,0,1,0,1,0,0,0,0,0,0,0,0,0,3,0,3,1,0,1,3,0,0,0,0,0,0,0,0,-1.596712018,0,0,0,0,0,0,0,-1.160625,0,-3.332083333,0,0,0,0,0,0,0,0,0,8.41863425925926,0,-4.122681406,-0.231018519,0,8.736864134542706,31.35214427437642,0,0,0,0,0,0,0.3470020632281928,0.9077127655557236,1739.9499184323772,0.8622100055030538,0.3934178780324288,-0.032115745,3,3,7,7,0,0,0,1,1,0.55,0,0,0,0,0,0,0,0,0,0,0,0,0,0,0,0,0,0,0,0,0,0,0,0,0,0,0,0,0,0,0,0,0,0,0,1,0,0,0,0,1,0,0,123.9,106.52681
649,O=[N+]([O-])C(c1nc(/N=N/c2noc(C([N+](=O)[O-])[N+](=O)[O-])n2)no1)[N+](=O)[O-],0,20,0,0,0,0,2,2,16,0,20,2,8,0,0,0,0,4,0,0,374.14200000000017,0.5271373837266408,-0.321102018,10.54622470098855,0.7081921348786413,-2.523917684,275.11999999999995,0,0,0,0,0,0,2,0,0,0,4,0,0,0,0,0,0,0,0,0,0,2,4,0,4,0,0,0,4,0,2,0,0,0,0,0,0,0,0,0,0,-5.047835368,0,0,0,-3.408017212,0,0,0,0,0,0,0,0,0,0,6.399404761904762,12.59929264298312,0,-5.185528595,0,0,0,42.1848988039542,0,8.606219495424941,0,0,0,0,0.0869684571169111,0.9723448297034426,9124.76967961916,0.729925368722468,0.3741894788609671,-0.128293536,6,2,10,10,0,0,0,2,0,0.5,0,0,0,0,0,0,0,0,0,0,0,0,0,0,0,0,0,0,0,0,0,0,0,0,2,0,0,0,0,0,0,0,0,0,0,0,0,0,0,0.3571428571428571,0,0,0,123,162.07083
650,CCOC(=O)CNCC([N+](=O)[O-])([N+](=O)[O-])[N+](=O)[O-],1,12,0,0,0,0,0,0,9,1,12,0,8,0,1,0,0,3,0,0,266.166,0.7119324891266561,-0.465032126,10.844178004535149,0.0469886148904001,-3.618556902,167.75000000000003,1,0,3,0,0,0,0,0,0,1,0,0,1,0,0,0,0,1,0,0,0,0,0,0,3,0,0,0,4,1,0,0,0,0,0,1.5072006094104309,0,-1.796340467,0,0,0,0,0,0,-0.83199641,0,0,-3.618556902,0,0,0,0,1.9553703703703704,0,0,0,0,0,0,-4.901327239,0,0,0,42.25972482048375,4.427045068027211,0,0,0,0,0,0.2152659567043795,0.9637447789223508,2811.7350000615525,0.7569855037738058,0.2103950166437488,-0.541015757,6,10,8,4,0,0,1,0,0,0.3571428571428571,0,0,0,0,0,0,0,0,0,0,0,0,0,0,0,0,0,0,0,0,0,0,0,0,0,0,0,0,0,0,0,0,0,0,0,0,0,0,0,0,0,0,0,123,136.83734
651,O=C(Nc1nonc1[N+](=O)[O-])N[N+](=O)[O-],2,12,0,0,0,0,1,1,8,2,12,1,3,0,2,0,0,2,0,0,218.085,0.4587313604051806,-0.357600085,10.699722222222222,0.6256018518518511,-1.306666667,166.33000000000004,0,0,0,0,0,0,0,0,0,1,2,0,0,0,0,0,0,2,0,0,0,0,2,0,2,0,0,0,3,0,1,0,0,0,0,0,0,0,0,0,0,0,0,0,-1.306666667,-1.478844482,0,0,0,0,0,0,2.8897524565381705,0,0,0,0,5.812744708994709,0,-2.118103741,0,0,0,30.72102820294784,0,3.958783541194256,0,0,0,0,0.1656536535307037,0.8378507174950051,2220.2445861291594,0.1150753552111862,0.3851709195955705,-0.073365889,3,2,6,6,1,0,0,0,1,0.4705882352941176,0,0,0,0,0,0,0,0,0,0,0,0,0,0,0,0,0,0,0,0,0,0,0,0,0,1,0,0,0,0,0,0,0,0,0,0,0,0,0,0,1,0,0,122,128.5341
652,N/C(=N/n1nnnc1C(Cl)([N+](=O)[O-])[N+](=O)[O-])C(Cl)([N+](=O)[O-])[N+](=O)[O-],2,18,0,0,0,0,1,1,13,1,20,1,7,0,0,1,0,4,0,0,389.0280000000001,0.6011966623724198,-0.371860194,10.813295483574088,0.1685879629629627,-3.679141156,254.54,0,0,0,0,0,0,0,0,0,1,1,0,2,0,1,0,0,0,0,0,0,1,3,0,4,1,0,0,4,0,0,0,2,0,0,0,0,0,0,0,0,0,0,0,-1.557009952,-1.367750693,0,-7.326476757,0,5.045198412698412,0,0,0,0,0,0,2.9308564814814813,8.608932665658855,0,-6.520281557,-0.168587963,0,0,43.02380835152991,0,0,0,10.363058215055569,0,0,0.3162075054563077,0.9723287494972304,3658.049923710399,0.970192021076915,0.359871268906094,-0.041128145,4,2,8,10,0,0,0,2,0,0.5384615384615384,0,0,0,0,0,0,0,0,0,0,0,0,0,0,0,0,0,0,0,0,0,0,0,0,0,0,0,0,0,0,0,0,0,0,1,0,0,0,0,0.1923076923076923,1,0,0,121.9,102.04514
653,O=[N+]([O-])Nn1nc([N+](=O)[O-])nc1-c1nc([N+](=O)[O-])nn1N[N+](=O)[O-],2,20,0,0,0,0,2,2,14,2,20,2,7,0,2,0,0,4,0,0,346.1360000000001,0.5160540130354129,-0.389645449,10.65439098324515,0.1289663643235072,-1.182582514,258.04,0,0,0,0,0,0,0,0,0,0,4,0,0,0,0,0,0,2,0,0,0,0,4,0,4,2,0,0,4,0,0,0,0,0,0,0,0,0,0,0,0,0,0,0,0,-3.933321995,0,0,0,0,0,0,2.7567422524565384,0,0,0,0,12.71329365079365,0,-4.619774502,0.2579327286470148,0,0,42.24589726631393,0,0,0,0,0,0,0.4144697041155706,0.6262952603266857,4741.4381439796825,0.4665893501233099,0.4853583562530335,-0.046224605,4,2,8,12,2,0,0,0,2,0.6153846153846154,0,0,0,0,0,0,0,0,0,0,0,0,0,0,0,0,0,0,0,0,0,0,0,0,0,0,0,0,0,0,2,0,0,0,0,0,0,0,0,0,0,0,0,121,170.50475
654,O=[N+]([O-])c1nc2n(n1)CCn1nc([N+](=O)[O-])nc1-2,0,12,0,1,1,0,2,2,10,0,12,3,2,2,0,0,0,2,0,0,252.15,0.4913058629328176,-0.389691189,10.560331947593852,0.1051388888888891,-0.735673343,147.7,0,0,2,0,0,0,0,0,0,0,4,0,0,0,0,0,0,0,0,0,0,0,4,0,2,2,0,0,2,0,0,0,0,0,0,0,0,0.5906500377928949,0,0,0,0,0,0,0,-0.92101285,0,0,0,0,0,0,0,0,0,0,0,14.65984126984127,0,-1.471346687,2.567207105064248,0,0,21.120663895187704,0,0,0,0,0,0,0.1776153252467003,0.8261711250643774,2858.5300829025305,0.1991386444602346,0.444180051556613,-0.634542931,6,4,4,8,0,0,0,0,2,0.3636363636363636,0,0,0,0,0,0,0,0,0,1,0,0,0,0,0,0,0,0,0,0,0,0,0,0,0,0,0,0,0,0,2,0,0,0,0,0,0,0,0,0.2727272727272727,3,1,0,307,276.35928
655,O=[N+]([O-])Nc1nc([N+](=O)[O-])nn1C([N+](=O)[O-])([N+](=O)[O-])[N+](=O)[O-],1,19,0,0,0,0,1,1,13,1,19,1,7,0,1,0,0,5,0,0,323.0940000000001,0.8361096186342859,-0.389690527,10.788063114134545,0.7837962962962965,-4.48650463,258.43999999999994,0,0,0,0,0,0,0,0,0,0,2,0,1,0,0,0,0,1,0,0,0,0,2,0,5,1,0,0,5,0,0,0,0,0,0,0,0,0,0,0,0,0,0,0,0,-3.12400463,0,-4.48650463,0,0,0,0,1.0122916666666666,0,0,0,0,5.3632175925925925,0,-9.064828042,-0.783796296,0,0,53.083478835978845,0,0,0,0,0,0,0.5373268405815326,0.6757173396204956,2794.284832939907,0.520648552735374,0.3899793868038403,0.1733241719128179,3,1,10,9,1,0,1,0,1,0.782608695652174,0,0,0,0,0,0,0,0,0,0,0,0,0,0,0,0,0,0,0,0,0,0,0,0,0,0,0,0,0,0,1,0,0,0,0,0,0,0,0,0,1,0,0,121,107.57221
656,[N-]=[N+]=Nc1c([N+](=O)[O-])c([N+](=O)[O-])nn1N,2,12,0,0,0,0,1,1,8,1,12,1,3,0,0,1,0,2,0,0,214.101,0.4699634209372594,-0.357561015,10.44411186696901,0.2737962962962963,-1.099317838,178.88000000000002,0,0,0,0,0,0,0,0,0,0,3,0,0,0,1,0,0,0,0,0,0,1,1,0,2,1,0,0,2,0,0,0,0,0,0,0,0,0,0,0,0,0,0,0,0,-2.847777778,0,0,0,5.035648148148148,0,0,0,0,0,0,2.8403703703703704,3.0387962962962964,0,-2.198021542,0.2737962962962963,0,0,20.77507322373394,0,0,0,0,0,0,0.3286645283535455,0.6950170244186394,1562.266185297839,0.2059118175880493,0.5231175940327228,-0.224193255,3,2,4,8,0,0,0,0,2,0.4705882352941176,0,0,0,0,0,0,0,0,0,0,0,0,0,0,0,0,0,0,0,0,0,0,0,0,0,0,1,0,0,0,0,0,0,0,0,0,0,0,0,0,1,0,1,121,221.75682
657,N#[N+]C1C(=O)N(Cc2noc(N)n2)[N-]C1[N+](=O)[O-],2,12,0,1,1,0,1,1,8,1,12,2,3,0,0,1,0,1,0,0,254.166,0.4360421124023889,-0.490670813,11.61913784958428,0.0326738473167049,-1.660418556,170.64,0,0,1,0,0,0,2,0,0,1,2,0,0,0,1,0,0,0,0,1,0,0,2,1,1,0,0,0,2,0,1,0,0,0,0,0,0,-0.254074074,0,0,0,-3.225929705,0,0,-0.830952381,-0.170226285,0,0,0,5.175411470143613,0,0,0,0,8.587010477030319,0,0,7.019010770975056,0.7382407407407408,-0.826514629,0,0,0,22.229720070126817,0,4.467824703955657,0,0,0,0,0.2385429230914576,0.9089446098017826,2404.490941202924,0.7382697534628031,0.440656893526278,-0.692460833,6,6,4,8,0,0,0,0,1,0.1666666666666666,0,0,0,0,0,0,0,0,0,0,0,0,0,0,0,0,0,0,0,0,0,0,0,0,1,1,0,0,0,0,0,0,0,0,0,0,0,0,0,0.2083333333333333,0,0,0,120.6,214.9689
658,O=[N+]([O-])Nc1nonc1/[N+]([O-])=N\c1nonc1/N=N\c1nonc1/N=[N+](/[O-])c1nonc1N[N+](=O)[O-],2,28,0,0,0,0,4,4,22,2,28,4,10,0,2,0,0,2,0,0,510.22000000000025,0.4481551457654351,-0.690255365,12.127595581775848,0.2806427945243293,-1.037131348,367.5999999999999,0,0,0,0,0,0,0,0,0,0,8,0,0,0,0,0,0,2,0,0,0,4,8,0,2,0,0,0,2,0,4,0,0,0,0,0,0,0,0,0,0,0,0,0,0,-5.170174339,0,0,0,0,0,0,3.1028463897605123,0,0,0,13.790569266137656,25.720441187309248,0,-2.074262695,0,0,0,21.018629348017438,0,17.23274925389913,0,0,0,0,0.2231820573149628,0.9597680694181556,10175.579241423697,1.0113246482099545,0.4939045901767863,-0.219513151,8,2,10,18,2,0,0,0,0,0.2105263157894736,0,0,0,0,0,0,0,0,0,0,0,0,0,0,0,0,0,0,0,0,0,0,0,0,4,0,0,0,0,0,0,0,0,0,0,0,0,0,0,0.5263157894736842,0,1,0,120,133.81241
659,O=[N+]([O-])N1C2C(NC1(C(F)(F)F)C(F)(F)F)N([N+](=O)[O-])C(C(F)(F)F)(C(F)(F)F)N2[N+](=O)[O-],1,13,0,2,2,0,0,0,7,1,25,2,3,0,1,0,0,3,0,0,521.131,0.4512287740857274,-0.245396597,13.555655470521542,0.034606481481481,-7.237298044,151.17000000000002,0,0,0,0,0,0,2,0,0,0,0,0,6,0,0,0,0,1,0,0,0,0,0,3,3,0,0,0,3,0,0,12,0,0,0,0,0,0,0,0,0,-8.63037037,0,0,0,0,0,-41.2560393,0,0,0,0,-0.034606481,0,0,0,0,0,-7.275902778,-8.532383787,0,0,0,33.34170493197279,0,0,161.71255952380952,0,0,0,0.4761155680884393,0.8813673090882743,4895.024504411455,1.0184108881413243,0.188052524221357,-0.353078209,8,3,6,7,3,0,0,0,0,0.3333333333333333,0,0,0,0,0,0,0,0,0,0,0,0,0,0,0,0,0,0,0,0,0,0,0,0,0,1,1,0,0,0,0,0,0,0,0,0,0,0,0,0,2,0,0,120,60.319283
660,O=[N+]([O-])C(c1n[nH]c(-c2nonc2/N=N/c2nonc2-c2nc(C([N+](=O)[O-])[N+](=O)[O-])n[nH]2)n1)[N+](=O)[O-],2,26,0,0,0,0,4,4,20,2,26,4,10,0,2,0,0,4,0,0,508.24400000000026,0.5108196133567987,-0.258129631,10.881678445143107,0.3169358250008491,-2.457676002,358.2599999999999,0,0,0,0,0,0,2,0,0,0,8,0,0,0,0,0,0,0,2,0,0,2,8,0,4,0,0,0,4,0,2,0,0,0,0,0,0,0,0,0,0,-4.915352004,0,0,0,-3.74301188,0,0,0,0,0,0,0,4.373491710623052,0,0,7.309964411690602,27.803686421433675,0,-4.880332877,0,0,0,43.52671378057244,0,8.998126655845603,0,0,0,0,0.1393573185401597,0.9039531415419126,15104.36697380329,0.4379373878068329,0.4407331911444108,-0.377771307,10,4,10,16,0,0,0,2,0,0.35,0,0,0,0,0,0,0,0,0,0,0,0,0,0,0,0,0,0,0,0,0,0,0,0,2,0,0,0,0,2,0,0,0,0,0,0,0,0,0,0.5,0,0,0,120,193.8745
661,NC(=O)CCC([N+](=O)[O-])([N+](=O)[O-])[N+](=O)[O-],2,11,0,0,0,0,0,0,7,1,11,0,6,0,0,1,0,3,0,0,222.113,0.6998093695745962,-0.369666094,10.287011526832956,0.816527777777778,-3.602152778,172.51,0,0,2,0,0,0,0,0,0,1,0,0,1,0,1,0,0,0,0,0,0,0,0,0,3,0,0,0,4,0,0,0,0,0,0,0,0,-2.001712963,0,0,0,0,0,0,-1.092662037,0,0,-3.602152778,0,4.593347505668935,0,0,0,0,0,0,0,0,0,-4.970416667,0,0,0,41.129229024943314,0,0,0,0,0,0,0.4550472916898803,0.9427847922838288,1297.292058707928,0.8581632079162829,0.2521239189061423,-0.288141622,4,6,7,4,0,0,1,0,0,0.4761904761904761,0,0,0,0,0,0,0,0,0,0,0,0,0,0,0,0,0,0,0,0,0,0,0,0,0,0,0,0,0,0,0,0,0,0,0,0,0,0,0,0,0,0,0,120,141.89763
662,NC(=[NH2+])C(c1nnn[n-]1)([N+](=O)[O-])[N+](=O)[O-],4,12,0,0,0,0,1,1,7,2,12,1,4,0,0,2,0,2,0,0,216.117,0.587145597215814,-0.321498803,10.650277777777776,0.8912037037037035,-3.107638889,190.66,0,0,0,0,0,0,0,0,0,1,1,0,1,0,1,0,0,0,0,0,0,0,4,0,2,0,0,0,2,0,0,0,0,0,0,0,0,0,0,0,0,0,0,0,-1.076574074,-0.891203704,0,-3.107638889,0,4.940277777777777,0,0,0,0,0,0,0,11.813935185185189,0,-2.636851852,0,0,0,21.300555555555555,0,0,0,0,0,0,0.6770701296005466,0.982843053604827,903.672892176248,1.1199823709164645,0.5182378063733994,-0.296135889,3,4,4,8,0,0,0,1,0,0.3684210526315789,0,0,0,0,0,0,0,0,0,0,0,0,0,0,0,0,0,0,0,0,0,0,0,0,0,0,0,0,0,0,0,0,0,0,1,0,0,0,0,0.2631578947368421,1,1,0,120,110.03211
663,Cn1c(C([N+](=O)[O-])([N+](=O)[O-])[N+](=O)[O-])noc1=O,0,13,0,0,0,0,1,1,10,0,13,1,4,0,0,0,0,3,0,0,249.095,0.7644299860296861,-0.294858522,10.820277777777775,0.2166666666666663,-3.971319444,177.45,1,0,0,0,0,0,0,0,0,0,1,0,1,0,0,0,0,0,0,0,0,0,1,0,3,1,0,0,4,0,1,0,0,0,0,0.8188657407407407,0,0,0,0,0,0,0,0,0,-1.331018519,0,-3.971319444,0,0,0,0,0,0,0,0,0,2.702037037037037,0,-5.320555556,0.2166666666666663,0,0,42.59472222222222,0,3.8958564814814816,0,0,0,0,0.5306992363297129,0.9545725232955352,1274.876399530673,0.7196818267713623,0.2810172825628776,-0.096348783,4,3,8,5,0,0,1,0,0,0.5,0,0,0,0,0,0,0,0,0,0,0,0,0,0,0,0,0,0,0,0,0,0,0,0,1,0,0,0,0,0,0,0,0,0,0,0,0,0,0,0.25,1,0,0,119,119.98795
664,Cc1nn2/c(=N\[N+](=O)[O-])[nH]nc2[nH]1,2,9,0,0,0,0,2,2,5,2,9,2,1,1,2,0,0,1,0,0,183.13100000000003,0.3194188995663284,-0.309661192,10.056953420256992,0.0237499999999994,-0.815509259,117.27,1,0,0,0,0,0,0,0,0,0,1,1,0,0,0,0,0,0,2,0,0,1,2,0,1,1,0,0,1,0,0,0,0,0,0,1.7129166666666666,0,0,0,0,0,0,0,0,0,0.6076832955404385,0.38712962962963,0,0,0,0,0,0,5.142113567649282,0,0,3.045555555555556,7.609583333333333,0,-0.815509259,1.22037037037037,0,0,10.056953420256992,0,0,0,0,0,0,0.3532806617700004,0.716146913537762,1039.9933591267977,0.3752760829634046,0.5351360501498925,-0.742637784,4,5,2,7,1,0,0,0,0,0.2222222222222222,0,0,0,0,0,0,0,0,0,0,0,0,0,0,0,0,0,0,0,0,0,0,0,0,0,0,0,0,0,2,0,0,0,0,0,0,0,0,0,0.5555555555555556,2,0,0,119,173.81189
665,Nc1nc([N+](=O)[O-])nn1CCn1nc([N+](=O)[O-])nc1N,4,14,0,0,0,0,2,2,12,2,14,2,5,2,0,2,0,2,0,0,284.196,0.492572162252826,-0.38969061,10.4622889198277,0.0390750188964474,-0.790149772,199.74000000000004,0,0,2,0,0,0,0,0,0,0,4,0,0,0,2,0,0,0,0,0,0,0,4,0,2,2,0,0,2,0,0,0,0,0,0,0,0,0.0781500377928949,0,0,0,0,0,0,0,-1.601982867,0,0,0,10.869881582262536,0,0,0,0,0,0,0,13.930558075081889,0,-1.580299544,2.121203703703704,0,0,20.9245778396554,0,0,0,0,0,0,0.1149536770120377,0.8987974427018214,4628.031088685624,0.3747822672653105,0.4926177708342132,-0.675590086,6,8,4,10,0,0,0,0,2,0.2857142857142857,0,0,0,0,0,0,0,0,0,0,0,0,0,0,0,0,0,0,0,0,0,0,0,0,0,0,0,0,0,0,2,0,0,0,0,0,0,0,0,0,0,0,0,307,277.33902
666,O=[N+]([O-])c1cc(-c2cc([N+](=O)[O-])n[nH]2)[nH]n1,2,10,0,0,0,0,2,2,6,2,10,2,3,0,2,0,0,2,0,0,224.136,0.3898896176486341,-0.35774212,10.348013353489543,0.2567592592592596,-0.675812232,143.64,0,0,0,0,0,2,0,0,0,0,4,0,0,0,0,0,0,0,2,0,0,0,2,0,2,0,0,0,2,0,0,0,0,0,0,0,0,0,0,0,2.300077475434618,0,0,0,0,-0.223049887,0,0,0,0,0,0,0,4.740245653817082,0,0,0,6.80896447467876,0,-1.351624465,0,0,0,20.69602670697909,0,0,0,0,0,0,0.1176931918975565,0.8823068081292534,2706.4085981164344,1.264142090042022e-05,0.3747724595781132,-0.713852304,6,4,4,6,0,0,0,0,2,0.4,0,0,0,0,0,0,0,0,0,0,0,0,0,0,0,0,0,0,0,0,0,0,0,0,0,2,0,0,0,0,0,0,0,0,0,0,0,0,0,0,0,0,0,376,271.55927
667,[N-]=[N+]=Nc1no[n+]([O-])c1-c1no[n+]([O-])c1[N+](=O)[O-],0,14,0,0,0,0,2,2,9,0,14,2,3,0,0,0,0,1,0,0,256.094,0.4997811926903152,-0.358859034,11.1880007558579,0.310648148148148,-1.169268707,197.84,0,0,0,0,0,0,0,0,0,0,4,0,0,0,0,0,0,0,0,0,0,1,2,0,1,2,0,0,1,0,2,0,0,0,0,0,0,0,0,0,0,0,0,0,0,-3.270194633,0,0,0,0,0,0,0,0,0,0,2.952833522297808,6.043877551020408,0,-1.133232237,-0.836241497,0,0,10.598335852859664,0,8.059170682161753,0,0,0,0,0.3181480196797228,0.7777915440848956,2164.750374955544,0.4998608456553344,0.4373394144337626,-0.124954118,4,0,6,8,0,0,0,0,1,0.2222222222222222,0,0,0,0,0,0,0,0,0,0,0,0,0,0,0,0,0,0,0,0,0,0,0,0,1,1,0,0,0,0,0,0,0,0,0,0,0,0,0,0.2777777777777778,0,0,1,119,169.42488
668,O=[N+]([O-])NN1c2c([N+](=O)[O-])c([N+](=O)[O-])nn2Cn2nc([N+](=O)[O-])c([N+](=O)[O-])c21,1,21,0,1,1,0,2,2,15,1,21,3,6,0,1,0,0,5,0,0,401.1680000000002,0.4698569392883522,-0.357560988,11.293797083648274,0.0831018518518516,-1.329860166,266.61,0,0,1,0,0,0,0,0,0,0,6,0,0,0,0,0,0,1,0,0,0,0,2,1,5,2,0,0,5,0,0,0,0,0,0,0,0,-0.773887944,0,0,0,0,0,0,0,-7.137772634,0,0,0,0,0,0,1.368949357520786,0,0,0,0,6.655287226001512,0.0831018518518516,-6.345547682,1.000432728647014,0,0,55.574718547912994,0,0,0,0,0,0,0.2764601564717202,0.7806473609881878,5433.627950997805,0.41212800712087,0.3838790731065288,-0.21935947,7,3,10,11,1,0,0,0,4,0.6451612903225806,0,0,0,0,0,0,0,0,0,0,0,0,0,1,0,0,0,0,0,0,0,0,0,0,0,0,2,0,0,0,0,0,0,0,0,0,0,0,0,0.1935483870967742,3,0,0,117,225.05093
669,O=[N+]([O-])c1no[n+]([O-])c1/N=N/c1c([N+](=O)[O-])no[n+]1[O-],0,16,0,0,0,0,2,2,12,0,16,2,4,0,0,0,0,2,0,0,288.09200000000004,0.4320981069054337,-0.390383669,10.97915981670446,0.476070483749055,-1.111573051,216.94,0,0,0,0,0,0,0,0,0,0,4,0,0,0,0,0,0,0,0,0,0,2,2,0,2,2,0,0,2,0,2,0,0,0,0,0,0,0,0,0,0,0,0,0,0,-4.239251701,0,0,0,0,0,0,0,0,0,0,5.971203703703703,5.519813712522046,0,-2.223146101,-0.952140967,0,0,20.923319790879315,0,7.785228804484757,0,0,0,0,0.3159732213152169,0.7133660795116464,2991.421829627302,0.2764791013528521,0.3887647001652249,0,4,0,8,8,0,0,0,0,2,0.4,0,0,0,0,0,0,0,0,0,0,0,0,0,0,0,0,0,0,0,0,0,0,0,0,0,2,0,0,0,0,0,0,0,0,0,0,0,0,0,0,0,0,0,117,195.96257
670,O=[N+]([O-])c1[nH]ncc1C([N+](=O)[O-])[N+](=O)[O-],1,11,0,0,0,0,1,1,7,1,11,1,4,0,1,0,0,3,0,0,217.097,0.4860138498071997,-0.357837561,10.32162037037037,0.6851851851851849,-2.385046296,158.10000000000002,0,0,0,0,0,1,1,0,0,0,2,0,0,0,0,0,0,0,1,0,0,0,1,0,3,0,0,0,3,0,0,0,0,0,0,0,0,0,0,0,0.6888888888888889,-2.385046296,0,0,0,-1.538518519,0,0,0,0,0,0,0,1.837453703703704,0,0,0,3.1535185185185184,0,-3.488055556,0,0,0,30.94921296296296,0,0,0,0,0,0,0.4521198864255601,0.781368824074109,1261.682544561013,0.5790413175400108,0.3224365145534024,-0.257949212,4,3,6,5,0,0,0,1,1,0.6111111111111112,0,0,0,0,0,0,0,0,0,0,0,0,0,0,0,0,0,0,0,0,0,0,0,0,0,1,0,0,0,0,0,0,0,0,0,0,0,0,0,0,1,0,0,117,179.19305
671,O=[N+]([O-])c1[nH]ncc1C([N+](=O)[O-])([N+](=O)[O-])[N+](=O)[O-],1,14,0,0,0,0,1,1,9,1,14,1,5,0,1,0,0,4,0,0,262.094,0.7382603215252839,-0.357832177,10.635555555555555,0.2981481481481483,-4.07400463,201.24,0,0,0,0,0,1,0,0,0,0,2,0,1,0,0,0,0,0,1,0,0,0,1,0,4,0,0,0,4,0,0,0,0,0,0,0,0,0,0,0,0.2981481481481483,0,0,0,0,-2.65962963,0,-4.07400463,0,0,0,0,0,1.612662037037037,0,0,0,2.9765046296296296,0,-6.811365741,0,0,0,42.37050925925926,0,0,0,0,0,0,0.5778324557603257,0.8617033879609628,1395.173892513076,0.6129680220087107,0.3204957000160248,-0.0610468,4,2,8,6,0,0,1,0,1,0.7,0,0,0,0,0,0,0,0,0,0,0,0,0,0,0,0,0,0,0,0,0,0,0,0,0,1,0,0,0,0,0,0,0,0,0,0,0,0,0,0,1,0,0,117,123.71458
672,[N-]=[N+]=Nc1c([N+](=O)[O-])c([N+](=O)[O-])nn1NCC([N+](=O)[O-])([N+](=O)[O-])[N+](=O)[O-],1,21,0,0,0,0,1,1,14,1,21,1,9,0,1,0,0,5,0,0,377.1460000000001,0.7184836831830625,-0.357561015,10.873052366780046,0.0821064814814813,-4.052443429,294.31,0,0,1,0,0,0,0,0,0,0,3,0,1,0,0,0,0,1,0,0,0,1,1,0,5,1,0,0,5,0,0,0,0,0,0,0,0,-1.759982993,0,0,0,0,0,0,0,-4.151701625,0,-4.052443429,0,0,0,0,1.5603703703703704,0,0,0,2.7289559712774,2.962750377928949,0,-8.386683201,-0.082106481,0,0,53.969984646636426,0,0,0,0,0,0,0.2599417519699694,0.8568116936254145,5328.908576429314,0.5755076974225074,0.4083299305839117,-0.063635833,5,3,10,11,0,0,1,0,2,0.6206896551724138,0,0,0,0,0,0,0,0,0,0,0,0,0,0,0,0,0,0,0,0,0,0,0,0,0,0,1,0,0,0,0,0,0,0,0,0,0,0,0,0,1,0,1,117,143.17934
673,O=[N+]([O-])Nn1c(-c2nc([N+](=O)[O-])c([N+](=O)[O-])n2N[N+](=O)[O-])nc([N+](=O)[O-])c1[N+](=O)[O-],2,24,0,0,0,0,2,2,16,2,24,2,9,0,2,0,0,6,0,0,434.15400000000017,0.4655192137638488,-0.357612687,11.134634117535905,0.3134486016628872,-1.687352608,318.54,0,0,0,0,0,0,0,0,0,0,6,0,0,0,0,0,0,2,0,0,0,0,2,0,6,2,0,0,6,0,0,0,0,0,0,0,0,0,0,0,0,0,0,0,0,-9.372928949,0,0,0,0,0,0,2.2087707860922148,0,0,0,0,6.118834089191232,0,-8.920825775,-0.626897203,0,0,65.7965235260771,0,0,0,0,0,0,0.3693343101038848,0.6832571143183883,6405.884103540503,0.4523636186331171,0.3869594659959368,-0.036853282,6,2,12,12,2,0,0,0,4,0.75,0,0,0,0,0,0,0,0,0,0,0,0,0,0,0,0,0,0,0,0,0,0,0,0,0,0,2,0,0,0,0,0,0,0,0,0,0,0,0,0,0,1,0,116,196.19347
674,O=[N+]([O-])C(F)(c1c(-c2no[n+]([O-])c2-c2no[n+]([O-])c2C(F)([N+](=O)[O-])[N+](=O)[O-])no[n+]1[O-])[N+](=O)[O-],0,24,0,0,0,0,3,3,17,0,26,3,8,0,0,0,0,4,0,0,498.1400000000002,0.6882085779204222,-0.358876213,14.657937858798247,0.9277456538170816,-5.060274786,331.4699999999999,0,0,0,0,0,0,0,0,0,0,6,0,2,0,0,0,0,0,0,0,0,0,3,0,4,3,0,0,4,0,3,2,0,0,0,0,0,0,0,0,0,0,0,0,0,-11.03380868,0,-10.09039651,0,0,0,0,0,0,0,0,0,8.26257243638196,0,-9.026617153,-3.370002756,0,0,43.93262858086812,0,11.675171563995969,29.30372293981872,0,0,0,0.229404550117935,0.9341357259937716,7751.371274130851,0.8847388803706762,0.2810454892198978,-0.064238969,8,0,14,10,0,0,0,2,0,0.4117647058823529,0,0,0,0,0,0,0,0,0,0,0,0,0,0,0,0,0,0,0,0,0,0,0,0,3,0,0,0,0,0,0,0,0,0,0,0,0,0,0,0.4411764705882353,0,0,0,116,135.96301
675,O=[N+]([O-])C(CNn1cnnn1)([N+](=O)[O-])[N+](=O)[O-],1,14,0,0,0,0,1,1,11,1,14,1,6,0,1,0,0,3,0,0,248.115,0.7184279641339932,-0.284851361,10.485201247165532,0.6718750000000002,-3.591319444,185.05,0,0,1,0,0,1,0,0,0,0,0,0,1,0,0,0,0,1,0,0,0,0,3,0,3,1,0,0,3,0,0,0,0,0,0,0,0,-1.217222222,0,0,0.9212273242630384,0,0,0,0,0,0,-3.591319444,0,0,0,0,1.965138888888889,0,0,0,0,9.409458616780045,0,-4.820365646,0.6718750000000002,0,0,31.4556037414966,0,0,0,0,0,0,0.3131555943897323,0.992599184633666,1870.1512171722063,0.6684421995236123,0.4514035830159401,-0.128972452,3,4,6,8,0,0,1,0,0,0.4761904761904761,0,0,0,0,0,0,0,0,0,0,0,0,0,0,0,0,0,0,0,0,0,0,0,0,0,0,0,0,0,0,0,0,0,0,1,0,0,0,0,0.238095238095238,1,0,0,116,101.31655
676,Nc1c([N+](=O)[O-])nn(NCC([N+](=O)[O-])([N+](=O)[O-])[N+](=O)[O-])c1[N+](=O)[O-],3,19,0,0,0,0,1,1,14,2,19,1,8,0,1,1,0,5,0,0,351.1480000000001,0.7203901304867584,-0.384536426,10.805147864701436,0.0984953703703701,-4.010555319,271.56999999999994,0,0,1,0,0,0,0,0,0,0,3,0,1,0,1,0,0,1,0,0,0,0,1,0,5,1,0,0,5,0,0,0,0,0,0,0,0,-1.723100907,0,0,0,0,0,0,0,-3.583183107,0,-4.010555319,0,5.116446523053666,0,0,1.5500925925925928,0,0,0,0,2.9835837112622827,0,-8.079294218,-0.09849537,0,0,53.54725304705215,0,0,0,0,0,0,0.3436479434186544,0.8412756025633141,3767.148490720351,0.8081050394818896,0.3588230603620125,-0.113912083,5,5,10,9,0,0,1,0,2,0.6206896551724138,0,0,0,0,0,0,0,0,0,0,0,0,0,0,0,0,0,0,0,0,0,0,0,0,0,0,1,0,0,0,0,0,0,0,0,0,0,0,0,0,1,0,0,116,127.201225
677,Nc1c(-n2cncn2)c(N)c([N+](=O)[O-])c(N)c1[N+](=O)[O-],6,12,0,0,0,1,1,2,10,3,12,2,3,0,0,3,0,2,2,0,280.204,0.3238028535456677,-0.391240237,10.987374811035526,0.2128703703703702,-0.919111867,195.05,0,0,0,0,0,2,0,0,0,0,6,0,0,0,3,0,0,0,0,0,0,0,2,0,2,1,0,0,2,0,0,0,0,0,0,0,0,0,0,0,2.2624990551776265,0,0,0,0,-3.37132842,0,0,0,16.687090419501132,0,0,0,0,0,0,0,7.320278250188965,0,-1.838223734,0.9901851851851852,0,0,21.97474962207105,0,0,0,0,0,0,0.4338666852187359,0.6482224472097552,2665.314925967652,0.4456327387314037,0.3997087836005197,-0.913620077,8,8,4,8,0,0,0,0,2,0.2857142857142857,0,0,1,0,0,0,0,0,0,0,0,0,0,0,0,0,0,0,0,0,0,0,0,0,0,0,0,0,0,1,0,0,0,0,0,0,0,0,0,0.1785714285714285,0,0,0,307,310.0579
678,COn1nn[nH]/c1=N\[N+](=O)[O-],1,9,0,0,0,0,1,1,6,1,9,1,2,0,1,0,0,1,0,0,160.093,0.3511977942037089,-0.395647762,9.829263038548753,0.18287037037037,-0.884212963,111.23000000000002,1,0,0,0,0,0,0,0,0,0,0,0,0,0,0,0,0,0,1,0,0,1,2,0,1,1,0,0,1,1,0,0,0,0,0,1.279251700680272,0,0,0,0,0,0,0,0,0,0,0,0,0,0,0,0,0,2.156527777777778,0,0,2.869861111111111,6.489212962962963,0,-0.884212963,0.7805555555555554,0,0,9.829263038548753,4.499814814814815,0,0,0,0,0,0.3525552100488282,0.6698051522109758,838.2014019695173,0.2185940114226568,0.5246950210190325,-0.299825726,2,4,3,6,1,0,0,0,0,0.2666666666666666,0,0,0,0,0,0,0,0,0,0,0,0,0,0,0,0,0,0,0,0,0,0,0,0,0,0,0,0,0,0,0,0,0,0,1,0,0,0,0,0.3333333333333333,1,0,0,116,169.17403
679,CN(CC(=O)NN)[N+](=O)[O-],3,7,0,0,0,0,0,0,4,2,7,0,3,0,1,1,0,1,0,0,148.122,0.258891702123823,-0.292522778,10.344444444444443,0.34375,-0.699166667,101.5,1,0,1,0,0,0,0,0,0,1,0,0,0,0,1,0,0,1,0,0,0,0,0,1,1,0,0,0,2,0,0,0,0,0,0,1.1758333333333333,0,-0.34375,0,0,0,0,0,0,-0.597962963,0,0,0,0,4.671671390778534,0,0,1.7656944444444445,0,0,0,0,0,0.627175925925926,-0.699166667,0,0,0,20.20580782312925,0,0,0,0,0,0,0.3398752612899919,0.8726059340372792,702.9637376420937,0.695486373259998,0.3780667287776291,-0.756133458,3,8,3,4,1,0,0,0,0,0.2222222222222222,0,0,0,0,0,0,0,0,0,0,0,0,0,0,0,0,0,0,0,0,0,0,0,0,0,0,0,0,0,0,0,0,0,0,0,0,0,0,0,0,0,0,0,116,161.00041
680,O=C(CO[N+](=O)[O-])CO[N+](=O)[O-],0,9,0,0,0,0,0,0,7,0,9,0,6,0,0,0,0,0,0,0,180.072,0.2944380674249852,-0.30591198,10.393055555555556,0.8463888888888889,-1.176527778,121.81,0,0,2,0,0,0,0,0,0,1,0,0,0,0,0,0,0,0,0,0,0,0,0,0,2,0,0,0,3,2,0,0,0,0,0,0,0,-1.692777778,0,0,0,0,0,0,-0.885740741,0,0,0,0,0,0,0,0,0,0,0,0,0,0,-2.353055556,0,0,0,29.3896626984127,7.2119708994708995,0,0,0,0,0,0.1635630902140155,0.959632528532343,1599.185383680595,0.5593979336528793,0.1554933582122706,-0.088853348,3,4,7,2,0,2,0,0,0,0.5,0,0,0,0,0,0,0,0,0,0,0,0,0,0,0,0,0,0,0,0,0,0,0,0,0,0,0,0,0,0,0,0,0,0,0,0,0,0,0,0,0,1,0,115,133.70122
681,O=[N+]([O-])N1C2C(N([N+](=O)[O-])C1(C(F)(F)F)C(F)(F)F)N([N+](=O)[O-])C(C(F)(F)F)(C(F)(F)F)N2[N+](=O)[O-],0,16,0,2,2,0,0,0,8,0,28,2,4,0,0,0,0,4,0,0,566.1279999999999,0.4512630127242803,-0.234501442,13.723243339002266,2.737106481481481,-7.472825255,185.52,0,0,0,0,0,0,2,0,0,0,0,0,6,0,0,0,0,0,0,0,0,0,0,4,4,0,0,0,4,0,0,12,0,0,0,0,0,0,0,0,0,-9.727222222,0,0,0,0,0,-43.62501039,0,0,0,0,0,0,0,0,0,0,-10.94842593,-12.2793613,0,0,0,45.03388321995465,0,0,164.6789200680272,0,0,0,0.5296826136413494,0.8138806352100181,5444.986373220646,0.998918620055772,0.1978351185597603,-0.254359438,8,2,8,8,4,0,0,0,0,0.4210526315789473,0,0,0,0,0,0,0,0,0,0,0,0,0,0,0,0,0,0,0,0,0,0,0,0,0,0,2,0,0,0,0,0,0,0,0,0,0,0,0,0,2,0,0,115,59.821213
682,O=[N+]([O-])/N=[N+](\[O-])c1nonc1/N=[N+](\[O-])c1nonc1[N+](=O)[O-],0,18,0,0,0,0,2,2,13,0,18,2,5,0,0,0,0,2,0,0,316.10600000000005,0.5152266882573343,-0.690130395,11.584016912320482,0.4745370370370372,-1.354347303,240.98,0,0,0,0,0,0,0,0,0,0,4,0,0,0,0,0,0,0,0,0,0,2,4,0,2,0,0,0,2,0,2,0,0,0,0,0,0,0,0,0,0,0,0,0,0,-3.835294627,0,0,0,0,0,0,0,0,0,0,5.350569098009574,11.706289972753716,0,-2.441465429,0,0,0,20.58219586393378,0,8.062184033699186,0,0,0,0,0.3495745074266032,0.7065849157577622,3562.376402564973,0.4211818542614133,0.4428894105141945,0,4,0,8,10,1,0,0,0,1,0.3636363636363636,0,0,0,0,0,0,0,0,0,0,0,0,0,0,0,0,0,0,0,0,0,0,0,0,1,1,0,0,0,0,0,0,0,0,0,0,0,0,0,0.2272727272727272,0,0,0,115,163.4772
683,O=C(NCC([N+](=O)[O-])([N+](=O)[O-])[N+](=O)[O-])NC(=O)N[N+](=O)[O-],3,17,0,0,0,0,0,0,10,3,17,0,6,0,3,0,0,4,0,0,311.123,0.7168783390582741,-0.31647447,10.975972222222222,0.9488088151927436,-3.961389164,242.79,0,0,1,0,0,0,0,0,0,2,0,0,1,0,0,0,0,3,0,0,0,0,0,0,4,0,0,0,6,0,0,0,0,0,0,0,0,-1.710736489,0,0,0,0,0,0,-3.33732946,0,0,-3.961389164,0,0,0,0,3.453142715419501,0,0,0,0,0,0,-6.919555579,0,0,0,62.84941995779793,0,0,0,0,0,0,0.2250484291927812,0.9733933714730982,3694.6147004341137,0.9911526065349492,0.3149879629599869,-0.025713303,4,5,10,7,1,0,1,0,0,0.5384615384615384,0,0,0,0,0,0,0,0,0,0,0,0,0,0,0,0,0,0,0,0,0,0,0,0,0,0,0,0,0,0,0,0,0,0,0,0,0,0,0,0,0,0,0,114,146.82909
684,O=[N+]([O-])Nc1nnc2n[n+]([O-])c(N[N+](=O)[O-])nn12,2,15,0,0,0,0,2,2,10,2,15,2,4,0,2,0,0,2,0,0,258.11400000000003,0.495108411378604,-0.721244476,11.140841364323506,0.2056018518518518,-1.046421643,193.25,0,0,0,0,0,0,0,0,0,0,2,1,0,0,0,0,0,2,0,0,0,0,4,0,2,2,0,0,2,0,0,0,0,0,0,0,0,0,0,0,0,0,0,0,0,-1.270188964,-0.37199263,0,0,0,0,0,3.08843253968254,0,0,0,0,13.191763983371125,0,-1.993855663,0.450185185185185,0,0,20.38240709246661,0,0,0,0,0,0,0.1803999727534101,0.8486985984767046,2901.37657751704,0.2633372712715089,0.5423959955678499,-0.123976228,3,2,5,10,2,0,0,0,0,0.4,0,0,0,0,0,0,0,0,0,0,0,0,0,0,0,0,0,1,0,0,0,0,0,0,0,0,0,0,0,1,0,0,0,0,0,0,0,0,0,0.55,2,0,0,114,105.31431
685,NC(=O)c1c([N+](=O)[O-])no[n+]1[O-],2,9,0,0,0,0,1,1,6,1,9,1,2,0,0,1,0,1,0,0,174.07199999999995,0.4455068164013168,-0.362040335,10.468148148148147,0.4162037037037036,-1.265787037,139.2,0,0,0,0,0,0,0,0,0,1,2,0,0,0,1,0,0,0,0,0,0,0,1,0,1,1,0,0,2,0,1,0,0,0,0,0,0,0,0,0,0,0,0,0,-1.265787037,-1.905092593,0,0,0,4.633425925925926,0,0,0,0,0,0,0,2.712037037037037,0,-1.043657407,-0.416203704,0,0,20.467685185185186,0,3.786851851851852,0,0,0,0,0.422475114698785,0.616279113967946,891.7102104836865,0.2402322343915159,0.3217059607518727,-0.183831978,3,2,5,4,0,0,0,0,1,0.2857142857142857,0,0,0,0,0,0,0,0,0,0,0,0,0,0,0,0,0,0,0,0,0,0,0,0,0,1,0,0,0,0,0,0,0,0,0,0,0,0,0,0,1,0,0,114,248.33255
686,O=[N+]([O-])n1ccc(C([N+](=O)[O-])([N+](=O)[O-])[N+](=O)[O-])n1,0,14,0,0,0,0,1,1,10,0,14,1,5,0,0,0,0,4,0,0,262.09399999999994,0.7708664929494996,-0.338837904,10.587040816326532,0.1105324074074074,-3.970972222,190.38,0,0,0,0,0,2,0,0,0,0,1,0,1,0,0,0,0,0,0,0,0,0,1,0,4,1,0,0,4,0,0,0,0,0,0,0,0,0,0,0,0.9700231481481484,0,0,0,0,-1.278518519,0,-3.970972222,0,0,0,0,0,0,0,0,0,2.8386111111111108,0,-6.548656463,-0.110532407,0,0,42.0083560090703,0,0,0,0,0,0,0.3529583263439593,0.9504768989955972,1872.75889615897,0.5549224487423576,0.3204957000160248,-0.0610468,4,2,8,6,1,0,1,0,0,0.7,0,0,0,0,0,0,0,0,0,0,0,0,0,0,0,0,0,0,0,0,0,0,0,0,0,1,0,0,0,0,0,0,0,0,0,0,0,0,0,0,1,0,0,113,104.31728
687,CN(CC(=O)N[N+](=O)[O-])[N+](=O)[O-],1,9,0,0,0,0,0,0,5,1,9,0,4,0,1,0,0,2,0,0,178.10399999999998,0.3049190796895699,-0.266746394,10.469444444444443,0.4293981481481481,-1.073294596,118.62,1,0,1,0,0,0,0,0,0,1,0,0,0,0,0,0,0,1,0,0,0,0,0,1,2,0,0,0,3,0,0,0,0,0,0,1.0273072562358276,0,-0.65875,0,0,0,0,0,0,-1.042407407,0,0,0,0,0,0,0,1.2656944444444445,0,0,0,0,0,0.4293981481481481,-1.920987339,0,0,0,30.017928004535147,0,0,0,0,0,0,0.2683565650708602,0.8557204415310015,1140.2787978088754,0.6607728674168292,0.3144230337330997,-0.35934061,3,6,5,4,2,0,0,0,0,0.4444444444444444,0,0,0,0,0,0,0,0,0,0,0,0,0,0,0,0,0,0,0,0,0,0,0,0,0,0,0,0,0,0,0,0,0,0,0,0,0,0,0,0,0,0,0,113,144.60684
688,Nn1cnc([N+](=O)[O-])n1,2,7,0,0,0,0,1,1,6,1,7,1,1,0,0,1,0,1,0,0,129.07899999999998,0.4922186112343423,-0.389690745,9.825925925925926,0.4884259259259258,-0.718888889,99.87,0,0,0,0,0,1,0,0,0,0,1,0,0,0,1,0,0,0,0,0,0,0,2,0,1,1,0,0,1,0,0,0,0,0,0,0,0,0,0,0,1.0537037037037036,0,0,0,0,-0.488425926,0,0,0,4.955,0,0,0,0,0,0,0,6.4375,0,-0.718888889,0.7759259259259259,0,0,9.825925925925926,0,0,0,0,0,0,0.1968736951358277,0.8031263048829671,569.961704378934,8.213008349221744e-06,0.5423035505388173,-0.43384284,2,3,2,5,0,0,0,0,1,0.3333333333333333,0,0,0,0,0,0,0,0,0,0,0,0,0,0,0,0,0,0,0,0,0,0,0,0,0,0,0,0,0,0,1,0,0,0,0,0,0,0,0,0,1,0,0,306,294.17688
689,[N-]=[N+]=Nc1no[n+]([O-])c1-c1c([N+](=O)[O-])no[n+]1[O-],0,14,0,0,0,0,2,2,9,0,14,2,3,0,0,0,0,1,0,0,256.094,0.444510262159338,-0.358886781,11.20022297808012,0.3492592592592598,-1.069343348,197.84,0,0,0,0,0,0,0,0,0,0,4,0,0,0,0,0,0,0,0,0,0,1,2,0,1,2,0,0,1,0,2,0,0,0,0,0,0,0,0,0,0,0,0,0,0,-3.384268707,0,0,0,0,0,0,0,0,0,0,2.9355772864701435,5.847267101284959,0,-1.069343348,-0.75654006,0,0,10.575835852859662,0,8.045599253590325,0,0,0,0,0.5175894358750005,0.581078688576045,2008.1872176980416,0.5262362331888459,0.4373394144337626,-0.124954118,4,0,6,8,0,0,0,0,1,0.2222222222222222,0,0,0,0,0,0,0,0,0,0,0,0,0,0,0,0,0,0,0,0,0,0,0,0,1,1,0,0,0,0,0,0,0,0,0,0,0,0,0,0.2777777777777778,0,0,1,113,165.39133
690,O=c1[nH]c(C([N+](=O)[O-])([N+](=O)[O-])[N+](=O)[O-])no1,1,13,0,0,0,0,1,1,9,1,13,1,4,0,1,0,0,3,0,0,235.068,0.7642204621059192,-0.295010577,10.452222222222222,1.384328703703703,-3.98,188.31,0,0,0,0,0,0,0,0,0,0,1,0,1,0,0,0,0,0,1,0,0,0,1,0,3,0,0,0,4,0,1,0,0,0,0,0,0,0,0,0,0,0,0,0,0,-1.418981481,0,-3.98,0,0,0,0,0,1.402638888888889,0,0,0,2.583981481481481,0,-5.414305556,0,0,0,41.75,0,3.7465509259259258,0,0,0,0,0.5140937714177706,0.9794424838444684,1175.7042322684108,0.7168907257736619,0.2977861725117838,0.1020981162897544,3,1,8,5,0,0,1,0,0,0.5882352941176471,0,0,0,0,0,0,0,0,0,0,0,0,0,0,0,0,0,0,0,0,0,0,0,0,1,0,0,0,0,0,0,0,0,0,0,0,0,0,0,0.2941176470588235,1,0,0,112,138.40779
691,O=[N+]([O-])c1cnn(NCC([N+](=O)[O-])([N+](=O)[O-])[N+](=O)[O-])c1,1,15,0,0,0,0,1,1,11,1,15,1,7,0,1,0,0,4,0,0,291.136,0.7184262644118261,-0.287588327,10.583387975560594,0.5079544595616021,-3.721498252,202.41,0,0,1,0,0,2,0,0,0,0,1,0,1,0,0,0,0,1,0,0,0,0,1,0,4,1,0,0,4,0,0,0,0,0,0,0,0,-1.362267574,0,0,1.4898384353741494,0,0,0,0,-0.50795446,0,-3.721498252,0,0,0,0,1.8809722222222225,0,0,0,0,3.3146022297808013,0,-5.888220899,0.5311342592592596,0,0,42.09003035241874,0,0,0,0,0,0,0.2074535140799833,0.9583988739260698,3430.514575175312,0.5645555441561164,0.3366124422950099,-0.2473071,5,5,8,7,0,0,1,0,1,0.56,0,0,0,0,0,0,0,0,0,0,0,0,0,0,0,0,0,0,0,0,0,0,0,0,0,1,0,0,0,0,0,0,0,0,0,0,0,0,0,0,1,0,0,112,122.40432
692,Cn1nc(N[N+](=O)[O-])c([N+](=O)[O-])n1,1,10,0,0,0,0,1,1,7,1,10,1,3,1,1,0,0,2,0,0,188.103,0.4398771253148586,-0.357642504,10.243703703703703,0.4884259259259258,-0.947407407,129.01999999999998,1,0,0,0,0,0,0,0,0,0,2,0,0,0,0,0,0,1,0,0,0,0,2,0,2,1,0,0,2,0,0,0,0,0,0,1.3175850340136053,0,0,0,0,0,0,0,0,0,-1.169722222,0,0,0,0,0,0,1.5616203703703704,0,0,0,0,6.68587962962963,0,-1.809675926,0.8650462962962964,0,0,20.19130007558579,0,0,0,0,0,0,0.3893493297609484,0.6201360904889891,1281.778439069854,0.2152961006723561,0.4465638506562893,-0.340239124,3,4,4,6,1,0,0,0,1,0.4705882352941176,0,0,0,0,0,0,0,0,0,0,0,0,0,0,0,0,0,0,0,0,0,0,0,0,0,0,0,0,0,0,1,0,0,0,0,0,0,0,0,0,1,0,0,112,175.5111
693,O=[N+]([O-])c1cn(C(F)([N+](=O)[O-])[N+](=O)[O-])nc1-n1cnnn1,0,15,0,0,0,0,2,2,12,0,16,2,5,0,0,0,0,3,0,0,303.126,0.7343435111351981,-0.258139215,13.88655612244898,0.1970370370370371,-4.405734127,190.84,0,0,0,0,0,2,0,0,0,0,2,0,1,0,0,0,0,0,0,0,0,0,4,0,3,2,0,0,3,0,0,1,0,0,0,0,0,0,0,0,1.028291761148904,0,0,0,0,-1.690972222,0,-4.405734127,0,0,0,0,0,0,0,0,0,12.632824703955656,0,-4.873994709,0.1915589569160998,0,0,31.907401423532377,0,0,13.88655612244898,0,0,0,0.3135528667526271,0.8641308166400387,2983.0502650652784,0.5552292811523729,0.415668731814493,-0.263916655,5,2,6,9,0,0,0,1,1,0.4782608695652174,0,0,0,0,0,0,0,0,0,0,0,0,0,0,0,0,0,0,0,0,0,0,0,0,0,1,0,0,0,0,0,0,0,0,1,0,0,0,0,0.217391304347826,0,0,0,111,85.96789
694,O=[N+]([O-])/N=c1/[nH]nnn1CCn1nc(I)c([N+](=O)[O-])c1I,1,13,0,0,0,0,2,2,9,1,15,2,5,2,1,0,0,2,0,0,520.9730000000001,0.3334407727530131,-0.25814231,10.884355586494369,0.0726339810615603,-0.877836398,162.96,0,0,2,0,0,0,0,0,0,0,3,0,0,0,0,0,0,0,1,0,0,1,3,0,2,2,0,0,2,0,0,0,0,0,2,0,0,0.3825778155706727,0,0,0,0,0,0,0,0.5534912236499545,0,0,0,0,0,0,0,2.2750627519526327,0,0,3.068476316452507,11.060752708490805,0,-1.387965594,2.580699168556311,0,0,21.20984915890854,0,0,0,0,0,3.5868730864874268,0.2805025067243015,0.7298821686855709,7368.986399893084,0.4112025257942253,0.2418551441245514,-0.322473525,6,5,4,9,1,0,0,0,1,0.3076923076923077,0,0,0,0,0,0,0,0,0,0,0,0,0,0,0,0,0,0,0,0,0,0,0,0,0,1,0,0,0,0,0,0,0,0,1,0,0,0,0,0.1923076923076923,0,0,0,111,263.14304
695,[N-]=[N+]=Nc1c([N+](=O)[O-])nc2c3nc([N+](=O)[O-])c(N=[N+]=[N-])n3nnn12,0,18,0,0,0,0,3,3,12,0,18,3,4,0,0,0,0,2,0,0,332.16,0.3942856874096901,-0.357746969,10.981386155931611,0.3596390778533631,-0.943562768,244.18,0,0,0,0,0,0,0,0,0,0,4,2,0,0,0,0,0,0,0,0,0,2,4,0,2,2,0,0,2,0,0,0,0,0,0,0,0,0,0,0,0,0,0,0,0,-2.898749895,-0.719278156,0,0,0,0,0,0,0,0,0,6.214970080624843,14.174258314436884,0,-1.887125535,1.3686130007558577,0,0,21.962772311863223,0,0,0,0,0,0,0.2809244832660986,0.7190755170925714,4543.204199658303,3.7533165181519695e-05,0.5900770712909441,-0.385356455,6,0,4,14,0,0,0,0,2,0.3333333333333333,0,0,0,0,0,0,0,0,0,0,0,0,0,0,0,0,0,1,0,0,0,0,0,0,0,2,0,0,0,0,0,0,0,0,0,0,0,0,0,0.25,3,1,2,111,245.46017
696,O=[N+]([O-])c1cn(NCC([N+](=O)[O-])([N+](=O)[O-])[N+](=O)[O-])nc1[N+](=O)[O-],1,18,0,0,0,0,1,1,13,1,18,1,8,0,1,0,0,5,0,0,336.1330000000001,0.7184835235608802,-0.357561149,10.650324703955656,0.1681712962962964,-3.907232615,245.55,0,0,1,0,0,1,0,0,0,0,2,0,1,0,0,0,0,1,0,0,0,0,1,0,5,1,0,0,5,0,0,0,0,0,0,0,0,-1.587312925,0,0,0.3777088057445199,0,0,0,0,-2.395538549,0,-3.907232615,0,0,0,0,1.6718055555555558,0,0,0,0,3.009046674225246,0,-7.853062169,0.1681712962962964,0,0,53.04987363000755,0,0,0,0,0,0,0.2015959177145172,0.9162070547549171,4757.534372907209,0.5364997928586047,0.3332014410962328,-0.095200412,5,4,10,8,0,0,1,0,2,0.6666666666666666,0,0,0,0,0,0,0,0,0,0,0,0,0,0,0,0,0,0,0,0,0,0,0,0,0,0,1,0,0,0,0,0,0,0,0,0,0,0,0,0,1,0,0,110,130.70992
697,O=[N+]([O-])/N=c1\[nH]nnn1N[N+](=O)[O-],2,12,0,0,0,0,1,1,7,2,12,1,3,0,2,0,0,2,0,0,190.079,0.430469882282762,-0.339349181,9.885096371882089,0.4055555555555556,-1.048294596,157.17000000000002,0,0,0,0,0,0,0,0,0,0,0,0,0,0,0,0,0,1,1,0,0,1,2,0,2,1,0,0,2,0,0,0,0,0,0,0,0,0,0,0,0,0,0,0,0,0,0,0,0,0,0,0,1.494537037037037,1.9690277777777776,0,0,2.710138888888889,6.120601851851852,0,-2.019042895,0.4055555555555556,0,0,19.742137188208616,0,0,0,0,0,0,0.4349369152774416,0.6395057225480025,1134.1991677757626,0.3205698494176234,0.5892286891239957,0.0841755270177136,1,2,4,8,2,0,0,0,0,0.5333333333333333,0,0,0,0,0,0,0,0,0,0,0,0,0,0,0,0,0,0,0,0,0,0,0,0,0,0,0,0,0,0,0,0,0,0,1,0,0,0,0,0.3333333333333333,1,0,0,110,105.941765
698,O=[N+]([O-])c1nnn(C([N+](=O)[O-])[N+](=O)[O-])n1,0,13,0,0,0,0,1,1,10,0,13,1,4,0,0,0,0,3,0,0,219.073,0.5824275715041686,-0.389644334,10.18592970521542,0.0574074074074073,-2.522037037,173.02000000000004,0,0,0,0,0,0,1,0,0,0,1,0,0,0,0,0,0,0,0,0,0,0,3,0,3,1,0,0,3,0,0,0,0,0,0,0,0,0,0,0,0,-2.522037037,0,0,0,-1.05212963,0,0,0,0,0,0,0,0,0,0,0,8.470740740740741,0,-3.711048753,-0.057407407,0,0,30.4359410430839,0,0,0,0,0,0,0.3158791660962167,0.9540161046030908,1446.8186395028283,0.7467312913999578,0.4473394713177798,0.1095525235880277,2,1,6,7,0,0,0,1,1,0.6875,0,0,0,0,0,0,0,0,0,0,0,0,0,0,0,0,0,0,0,0,0,0,0,0,0,0,0,0,0,0,0,0,0,0,0,1,0,0,0,0,1,0,0,109.3,152.63898
699,Nc1c([N+](=O)[O-])nnc2nc(-c3nnn[nH]3)nn12,3,13,0,0,0,0,3,3,11,2,13,3,2,0,1,1,0,1,0,0,249.154,0.4326773215642123,-0.376352669,10.623932980599648,0.004166666666667,-0.764752063,179.59,0,0,0,0,0,0,0,0,0,0,4,1,0,0,1,0,0,0,1,0,0,0,7,0,1,1,0,0,1,0,0,0,0,0,0,0,0,0,0,0,0,0,0,0,0,-0.601925548,0.004166666666667,0,0,5.541066704459562,0,0,0,2.4377992724867723,0,0,0,24.980038265306124,0,-0.764752063,0.989074074074074,0,0,10.623932980599648,0,0,0,0,0,0,0.1119446687632797,0.8946216858955146,2908.054430366852,0.0833441078988877,0.6180916220490137,-0.610064458,5,3,2,11,0,0,0,0,1,0.1904761904761904,0,0,0,0,0,0,0,0,0,0,0,0,0,0,1,0,0,0,0,0,0,0,0,0,0,0,0,0,0,1,0,0,0,0,1,0,0,0,0,0.4761904761904761,2,0,0,305,280.40567
700,O=[N+]([O-])Nc1c([N+](=O)[O-])cc(-n2cncc2[N+](=O)[O-])cc1[N+](=O)[O-],1,15,0,0,0,1,1,2,10,1,15,2,6,0,1,0,0,4,2,0,339.1800000000001,0.3472897734420239,-0.357846489,11.080282501889643,0.3273167044595613,-1.199729938,202.41,0,0,0,0,0,4,0,0,0,0,5,0,0,0,0,0,0,1,0,0,0,0,1,0,4,1,0,0,4,0,0,0,0,0,0,0,0,0,0,0,3.1839253432854626,0,0,0,0,-3.889450376,0,0,0,0,0,0,1.394653013983371,0,0,0,0,3.497352056563366,0,-4.237389377,0.7598611111111111,0,0,43.562190780633244,0,0,0,0,0,0,0.3298483729846332,0.8125733099306102,3970.7902997813726,0.7210644312930207,0.2889321304322189,-0.589657409,9,5,8,7,1,0,0,0,3,0.5517241379310345,0,0,1,0,0,0,0,0,0,0,0,0,0,0,0,0,0,0,0,0,0,0,0,0,0,1,0,0,0,0,0,0,0,0,0,0,0,0,0,0,0,0,0,109,198.2846
701,O=[N+]([O-])C(c1n[nH]c(C(F)(F)F)n1)([N+](=O)[O-])[N+](=O)[O-],1,12,0,0,0,0,1,1,8,1,15,1,4,0,1,0,0,3,0,0,286.082,0.7645126263814694,-0.254563758,12.149383975812547,1.1161342592592591,-5.151998299,170.98999999999998,0,0,0,0,0,0,0,0,0,0,2,0,2,0,0,0,0,0,1,0,0,0,2,0,3,0,0,0,3,0,0,3,0,0,0,0,0,0,0,0,0,0,0,0,0,-3.766435185,0,-9.457553855,0,0,0,0,0,1.1161342592592591,0,0,0,4.938912037037037,0,-6.010929705,0,0,0,31.532526927437644,0,0,36.44815192743764,0,0,0,0.3218451125072569,0.981961486536446,2222.4975042665146,0.7016440200491679,0.293622108346558,-0.139820052,4,1,6,6,0,0,1,0,0,0.5,0,0,0,0,0,0,0,0,0,0,0,0,0,0,0,0,0,0,0,0,0,0,0,0,0,0,0,0,0,1,0,0,0,0,0,0,0,0,0,0.25,1,0,0,109,86.124916
702,O=[N+]([O-])/N=[N+](\[O-])c1nonc1[N+](=O)[O-],0,12,0,0,0,0,1,1,8,0,12,1,3,0,0,0,0,2,0,0,204.058,0.5121536093672694,-0.588099678,10.68287037037037,0.6719907407407408,-1.34185941,163.63,0,0,0,0,0,0,0,0,0,0,2,0,0,0,0,0,0,0,0,0,0,1,2,0,2,0,0,0,2,0,1,0,0,0,0,0,0,0,0,0,0,0,0,0,0,-2.044166667,0,0,0,0,0,0,0,0,0,0,2.195925925925926,5.512475434618292,0,-2.432931784,0,0,0,19.873716931216933,0,3.8437169312169313,0,0,0,0,0.2505909389666104,0.7704223922651402,1497.2265040718569,0.1760282868911045,0.411647668800047,0.156818159542875,2,0,6,6,1,0,0,0,1,0.5714285714285714,0,0,0,0,0,0,0,0,0,0,0,0,0,0,0,0,0,0,0,0,0,0,0,0,0,1,0,0,0,0,0,0,0,0,0,0,0,0,0,0,1,0,0,109,74.84803
703,O=[N+]([O-])/N=[N+](\[O-])c1nonc1/N=N/c1nonc1[N+](=O)[O-],0,17,0,0,0,0,2,2,13,0,17,2,5,0,0,0,0,2,0,0,300.107,0.4624418402046855,-0.5882291,11.162979339884105,0.5413562137818086,-1.296630466,227.26999999999992,0,0,0,0,0,0,0,0,0,0,4,0,0,0,0,0,0,0,0,0,0,3,4,0,2,0,0,0,2,0,2,0,0,0,0,0,0,0,0,0,0,0,0,0,0,-2.897424257,0,0,0,0,0,0,0,0,0,0,8.827378432854623,12.111289972753717,0,-2.246248592,0,0,0,20.526570863933777,0,8.196906255921409,0,0,0,0,0.1717001286274173,0.8282998721447882,4603.552934912849,4.1665242985167626e-05,0.4665002815662413,-0.053314318,4,0,7,10,1,0,0,0,1,0.3809523809523809,0,0,0,0,0,0,0,0,0,0,0,0,0,0,0,0,0,0,0,0,0,0,0,0,1,1,0,0,0,0,0,0,0,0,0,0,0,0,0,0.238095238095238,0,0,0,109,197.23494
704,O=[N+]([O-])Nc1nnc(N[N+](=O)[O-])nn1,2,12,0,0,0,0,1,1,8,2,12,1,4,0,2,0,0,2,0,0,202.09000000000003,0.3221154030084041,-0.234422191,9.866439988032251,0.4686130007558573,-0.917364575,161.89999999999998,0,0,0,0,0,0,0,0,0,0,2,0,0,0,0,0,0,2,0,0,0,0,4,0,2,0,0,0,2,0,0,0,0,0,0,0,0,0,0,0,0,0,0,0,0,-0.937226002,0,0,0,0,0,0,3.125269274376417,0,0,0,0,12.51425925925926,0,-1.834729151,0,0,0,19.732879976064503,0,0,0,0,0,0,0.0836655308486087,0.9163344691628668,2044.4187369481328,4.933728600305457e-06,0.5542085209560096,-0.079172646,2,2,4,8,2,0,0,0,0,0.5,0,0,0,0,0,0,0,0,0,0,0,0,0,0,0,0,0,1,0,0,0,0,0,0,0,0,0,0,0,0,0,0,0,0,0,0,0,0,0,0.375,1,0,0,108.3,109.786095
705,O=C(c1nnc(C([N+](=O)[O-])([N+](=O)[O-])[N+](=O)[O-])o1)c1nnc(C([N+](=O)[O-])([N+](=O)[O-])[N+](=O)[O-])o1,0,25,0,0,0,0,2,2,19,0,25,2,10,0,0,0,0,6,0,0,464.1320000000002,0.7806654744380691,-0.399087682,12.134374527588813,1.5286720521541948,-4.440934861,353.7499999999999,0,0,0,0,0,0,0,0,0,1,4,0,2,0,0,0,0,0,0,0,0,0,4,0,6,0,0,0,7,0,2,0,0,0,0,0,0,0,0,0,0,0,0,0,-1.865381708,-6.926214175,0,-8.881869721,0,0,0,0,0,0,0,0,0,10.871371173469388,0,-12.25490851,0,0,0,77.7520041634652,0,8.520702475434618,0,0,0,0,0.3184538287388193,0.8386352587595924,6700.351321660931,0.6977688115451371,0.3016383270276557,0.0344729516603035,7,0,15,10,0,0,2,0,0,0.625,0,0,0,0,0,0,0,0,0,0,0,0,0,0,0,0,0,0,0,0,0,0,0,0,2,0,0,0,0,0,0,0,0,0,0,0,0,0,0,0.3125,0,0,0,108,125.98655
706,Nc1nc([N+](=O)[O-])nn1NCC([N+](=O)[O-])([N+](=O)[O-])[N+](=O)[O-],3,17,0,0,0,0,1,1,13,2,17,1,7,0,1,1,0,4,0,0,307.13900000000007,0.7184669283532623,-0.389689879,10.62144069664903,0.2811342592592596,-3.812331585,241.32,0,0,1,0,0,0,0,0,0,0,2,0,1,0,1,0,0,1,0,0,0,0,2,0,4,1,0,0,4,0,0,0,0,0,0,0,0,-1.48143424,0,0,0,0,0,0,0,-1.680969388,0,-3.812331585,0,5.1496712018140585,0,0,1.7617592592592592,0,0,0,0,6.196798941798942,0,-6.26300548,0.2811342592592596,0,0,42.21585518235072,0,0,0,0,0,0,0.2470928980950699,0.916330810630081,3552.87529299223,0.5115859134000891,0.4102377099619391,-0.130234194,4,5,8,9,0,0,1,0,1,0.5384615384615384,0,0,0,0,0,0,0,0,0,0,0,0,0,0,0,0,0,0,0,0,0,0,0,0,0,0,0,0,0,0,1,0,0,0,0,0,0,0,0,0,1,0,0,108,117.97057
707,CN(CC(=O)NNCC([N+](=O)[O-])([N+](=O)[O-])[N+](=O)[O-])[N+](=O)[O-],2,16,0,0,0,0,0,0,10,2,16,0,9,0,2,0,0,4,0,0,311.16700000000003,0.7137846158916813,-0.289046046,11.12403911564626,0.346000566893424,-3.789399487,216.93,1,0,2,0,0,0,0,0,0,1,0,0,1,0,0,0,0,2,0,0,0,0,0,1,4,0,0,0,5,0,0,0,0,0,0,0.9394228316326532,0,-2.253659297,0,0,0,0,0,0,-1.085051965,0,0,-3.789399487,0,0,0,0,3.28051634542706,0,0,0,0,0,0.346000566893424,-6.157892928,0,0,0,52.88038485764676,0,0,0,0,0,0,0.1737051050469822,0.9942670785252582,4208.383755520512,0.9096786664419988,0.3149434226637145,-0.282806339,5,9,9,7,1,0,1,0,0,0.4666666666666667,0,0,0,0,0,0,0,0,0,0,0,0,0,0,0,0,0,0,0,0,0,0,0,0,0,0,0,0,0,0,0,0,0,0,0,0,0,0,0,0,0,0,0,108,134.9928
708,O=[N+]([O-])Nn1nnnc1-c1nnnn1N[N+](=O)[O-],2,16,0,0,0,0,2,2,12,2,16,2,5,0,2,0,0,2,0,0,258.11800000000005,0.3653215268583513,-0.339349863,10.246918068153189,0.2999537037037032,-0.935588309,197.54,0,0,0,0,0,0,0,0,0,0,2,0,0,0,0,0,0,2,0,0,0,0,6,0,2,2,0,0,2,0,0,0,0,0,0,0,0,0,0,0,0,0,0,0,0,-0.599907407,0,0,0,0,0,0,3.2368433484504915,0,0,0,0,19.516768707483,0,-1.871176619,1.0631330309901736,0,0,20.49383613630637,0,0,0,0,0,0,0.311511162130686,0.7962477846647567,2231.345597148816,0.5691436272683796,0.6508651082063243,-0.061987153,2,2,4,12,2,0,0,0,0,0.4,0,0,0,0,0,0,0,0,0,0,0,0,0,0,0,0,0,0,0,0,0,0,0,0,0,0,0,0,0,0,0,0,0,0,2,0,0,0,0,0.5,0,0,0,107,131.96373
709,O=[N+]([O-])Nc1nc([N+](=O)[O-])nn1CCn1nc([N+](=O)[O-])nc1N[N+](=O)[O-],2,20,0,0,0,0,2,2,14,2,20,2,9,2,2,0,0,4,0,0,374.1900000000001,0.4927721358885641,-0.389690592,10.662318716870484,0.371109221466364,-1.037431588,258.04,0,0,2,0,0,0,0,0,0,0,4,0,0,0,0,0,0,2,0,0,0,0,4,0,4,2,0,0,4,0,0,0,0,0,0,0,0,-0.742218443,0,0,0,0,0,0,0,-3.078404982,0,0,0,0,0,0,3.16982457797934,0,0,0,0,13.37845694759385,0,-4.071578206,1.4253703703703706,0,0,42.29260820081527,0,0,0,0,0,0,0.2748949899899415,0.7390918786492257,6902.340384096551,0.3988047496220376,0.4489697747133809,-0.299313183,6,6,8,12,2,0,0,0,2,0.5,0,0,0,0,0,0,0,0,0,0,0,0,0,0,0,0,0,0,0,0,0,0,0,0,0,0,0,0,0,0,2,0,0,0,0,0,0,0,0,0,0,0,0,107,187.74977
710,O=[N+]([O-])N1C2OC3OC2N([N+](=O)[O-])C2OC3OC21,0,12,0,5,5,0,0,0,8,0,12,5,2,0,0,0,0,2,0,0,262.134,0.2434956416588415,-0.313595419,10.9974111866969,0.6550925925925928,-1.189305556,129.68,0,0,0,0,0,0,6,0,0,0,0,0,0,0,0,0,0,0,0,0,0,0,0,2,2,0,0,0,2,4,0,0,0,0,0,0,0,0,0,0,0,-6.752777778,0,0,0,0,0,0,0,0,0,0,0,0,0,0,0,0,1.3101851851851858,-1.453533636,0,0,0,21.9948223733938,20.90648148148148,0,0,0,0,0,0.5728169118072769,0.8561723106487049,1398.0701665418894,1.1432531017970884,0.2136311962584023,-0.427262393,6,6,8,4,2,0,0,0,0,0.3333333333333333,0,0,0,0,0,0,0,0,0,0,0,1,0,0,0,0,0,0,0,0,0,0,0,0,0,0,0,0,0,0,0,0,0,0,0,0,0,0,0,0,5,1,0,304,188.63635
711,Nc1c([N+](=O)[O-])c([N+](=O)[O-])nn1NCC([N+](=O)[O-])([N+](=O)[O-])[N+](=O)[O-],3,19,0,0,0,0,1,1,14,2,19,1,8,0,1,1,0,5,0,0,351.14800000000014,0.7184847919580666,-0.374542188,10.704002425044091,0.0292824074074076,-3.970288171,271.56999999999994,0,0,1,0,0,0,0,0,0,0,3,0,1,0,1,0,0,1,0,0,0,0,1,0,5,1,0,0,5,0,0,0,0,0,0,0,0,-1.666479592,0,0,0,0,0,0,0,-3.725960884,0,-3.970288171,0,5.182819349962207,0,0,1.6150925925925927,0,0,0,0,2.9835837112622827,0,-8.094863001,0.0292824074074076,0,0,53.44840679327287,0,0,0,0,0,0,0.2605708218130759,0.9083125893683388,4122.382831838273,0.7714674629714794,0.3588230603620126,-0.113912083,5,5,10,9,0,0,1,0,2,0.6206896551724138,0,0,0,0,0,0,0,0,0,0,0,0,0,0,0,0,0,0,0,0,0,0,0,0,0,0,1,0,0,0,0,0,0,0,0,0,0,0,0,0,1,0,0,106,129.06134
712,O=[N+]([O-])C(c1cc[nH]n1)([N+](=O)[O-])[N+](=O)[O-],1,11,0,0,0,0,1,1,7,1,11,1,4,0,1,0,0,3,0,0,217.097,0.7468638987520841,-0.284607154,10.471111111111112,0.8,-3.652777778,158.10000000000002,0,0,0,0,0,2,0,0,0,0,1,0,1,0,0,0,0,0,1,0,0,0,1,0,3,0,0,0,3,0,0,0,0,0,0,0,0,0,0,0,1.8144675925925928,0,0,0,0,-0.886574074,0,-3.652777778,0,0,0,0,0,2.0362731481481484,0,0,0,3.1025,0,-4.823888889,0,0,0,31.41333333333333,0,0,0,0,0,0,0.6537590718000135,0.9830722379665215,912.0182343509496,0.6220748544154122,0.3224365145534024,-0.257949212,4,3,6,5,0,0,1,0,0,0.5555555555555556,0,0,0,0,0,0,0,0,0,0,0,0,0,0,0,0,0,0,0,0,0,0,0,0,1,0,0,0,0,0,0,0,0,0,0,0,0,0,0,0.2777777777777778,1,0,0,104.1,116.88253
713,O=[N+]([O-])N(CC(F)([N+](=O)[O-])[N+](=O)[O-])c1nc[nH]n1,1,13,0,0,0,0,1,1,8,1,14,1,6,0,1,0,0,3,0,0,265.117,0.637816450119841,-0.263773815,13.429416099773242,0.2479166666666663,-4.242361111,174.23000000000002,0,0,1,0,0,1,0,0,0,0,1,0,1,0,0,0,0,0,1,0,0,0,2,1,3,0,0,0,3,0,0,1,0,0,0,0,0,-1.779907407,0,0,0.8790325018896445,0,0,0,0,-0.744699074,0,-4.242361111,0,0,0,0,0,2.0399225245653816,0,0,0,6.423327664399093,-0.247916667,-5.058718348,0,0,0,31.109285241874524,0,0,13.429416099773242,0,0,0,0.3969070990810383,0.7904006746394353,1882.589421875914,0.6534289981787083,0.3696481176235399,-0.241402852,4,4,6,7,1,0,0,1,0,0.5,0,0,0,0,0,0,0,0,0,0,0,0,0,0,0,0,0,0,0,0,0,0,0,0,0,0,0,0,0,1,0,0,0,0,0,0,0,0,0,0.2272727272727272,1,0,0,102,103.392784
714,O=[N+]([O-])C(c1nnc(C([N+](=O)[O-])([N+](=O)[O-])[N+](=O)[O-])o1)([N+](=O)[O-])[N+](=O)[O-],0,21,0,0,0,0,1,1,15,0,21,1,8,0,0,0,0,6,0,0,368.0870000000001,0.7806663875982915,-0.388062494,10.758203420256992,2.156296296296296,-4.596442744,297.76,0,0,0,0,0,0,0,0,0,0,2,0,2,0,0,0,0,0,0,0,0,0,2,0,6,0,0,0,6,0,1,0,0,0,0,0,0,0,0,0,0,0,0,0,0,-4.36587963,0,-9.192885488,0,0,0,0,0,0,0,0,0,4.821157407407407,0,-12.93777778,0,0,0,64.54922052154195,0,3.910277777777777,0,0,0,0,0.314288811608387,0.9926568131102724,3593.8158873584744,0.9780288913697652,0.3042758912974377,0.2173399223553127,4,0,13,8,0,0,2,0,0,0.8,0,0,0,0,0,0,0,0,0,0,0,0,0,0,0,0,0,0,0,0,0,0,0,0,1,0,0,0,0,0,0,0,0,0,0,0,0,0,0,0.2,1,1,0,102,102.99995
715,O=[N+]([O-])C(C1=NCN([N+](=O)[O-])CN1[N+](=O)[O-])[N+](=O)[O-],0,15,0,1,1,0,0,0,9,0,15,1,5,0,0,0,0,4,0,0,279.12500000000006,0.5124869051856481,-0.258128583,10.63875,0.108564814814815,-2.653422147,191.4,0,0,2,0,0,0,1,0,0,1,0,0,0,0,0,0,0,0,0,0,0,1,0,2,4,0,0,0,4,0,0,0,0,0,0,0,0,-1.748148148,0,0,0,-2.653422147,0,0,-1.071203704,0,0,0,0,0,0,0,0,0,0,0,3.1794907407407407,0,0.1585496976568405,-5.007037037,0,0,0,42.07088529856387,0,0,0,0,0,0,0.3961608068963969,0.7823692231872728,2344.239013853189,0.7367987801421907,0.3510971786833856,-0.143304971,4,5,8,7,2,0,0,1,0,0.625,0,0,0,0,0,0,0,0,0,0,0,0,0,0,0,1,0,0,0,0,0,0,0,0,0,0,0,0,0,0,0,0,0,0,0,0,0,0,0,0,1,0,0,102,125.22195
716,O=[N+]([O-])C(c1nnn[nH]1)([N+](=O)[O-])[N+](=O)[O-],1,13,0,0,0,0,1,1,9,1,13,1,4,0,1,0,0,3,0,0,219.073,0.764087118755849,-0.252189439,10.409444444444444,1.1782407407407407,-3.802083333,183.88,0,0,0,0,0,0,0,0,0,0,1,0,1,0,0,0,0,0,1,0,0,0,3,0,3,0,0,0,3,0,0,0,0,0,0,0,0,0,0,0,0,0,0,0,0,-1.178240741,0,-3.802083333,0,0,0,0,0,1.624861111111111,0,0,0,8.413101851851852,0,-5.097638889,0,0,0,31.22833333333333,0,0,0,0,0,0,0.654976035520015,0.9889632932729256,895.7058101877514,0.7195937005579545,0.4473394713177799,0.1095525235880277,2,1,6,7,0,0,1,0,0,0.625,0,0,0,0,0,0,0,0,0,0,0,0,0,0,0,0,0,0,0,0,0,0,0,0,0,0,0,0,0,0,0,0,0,0,1,0,0,0,0,0.3125,1,0,0,101,115.54869
717,O=[N+]([O-])Nc1nonc1/N=N\c1nonc1N[N+](=O)[O-],2,16,0,0,0,0,2,2,12,2,16,2,6,0,2,0,0,2,0,0,286.1240000000001,0.2811678527739569,-0.239812809,10.217625749003815,0.3780064247921386,-0.920703018,212.89999999999995,0,0,0,0,0,0,0,0,0,0,4,0,0,0,0,0,0,2,0,0,0,2,4,0,2,0,0,0,2,0,2,0,0,0,0,0,0,0,0,0,0,0,0,0,0,-1.591217456,0,0,0,0,0,0,3.296113158226253,0,0,0,6.790506424792139,12.72773966994205,0,-1.841406036,0,0,0,20.43525149800763,0,8.414427910052911,0,0,0,0,0.2001433343924874,0.8971742231950449,3565.438803799138,0.6637318051628164,0.4892983461715899,-0.167759433,4,2,6,10,2,0,0,0,0,0.3636363636363636,0,0,0,0,0,0,0,0,0,0,0,0,0,0,0,0,0,0,0,0,0,0,0,0,2,0,0,0,0,0,0,0,0,0,0,0,0,0,0,0.4545454545454545,0,0,0,100,151.64905
718,O=[N+]([O-])N(CC(F)([N+](=O)[O-])[N+](=O)[O-])n1cnnc1,0,13,0,0,0,0,1,1,9,0,14,1,6,0,0,0,0,3,0,0,265.117,0.6393396491278144,-0.339220704,13.441026077097506,0.2027777777777775,-4.224861111,163.37,0,0,1,0,0,2,0,0,0,0,0,0,1,0,0,0,0,0,0,0,0,0,2,1,3,1,0,0,3,0,0,1,0,0,0,0,0,-1.751944444,0,0,1.4506179138321995,0,0,0,0,0,0,-4.224861111,0,0,0,0,0,0,0,0,0,6.299773242630385,-0.202777778,-5.007535431,0.4596527777777779,0,0,31.143024376417237,0,0,13.441026077097506,0,0,0,0.4055116208331214,0.8264569510000013,1835.9053705592496,0.6895712872754105,0.3696481176235398,-0.241402852,4,4,6,7,1,0,0,1,0,0.5,0,0,0,0,0,0,0,0,0,0,0,0,0,0,0,0,0,0,0,0,0,0,0,0,0,0,0,0,0,1,0,0,0,0,0,0,0,0,0,0.2272727272727272,1,0,0,100,91.15689
719,O=[N+]([O-])Nc1nonc1N[N+](=O)[O-],2,11,0,0,0,0,1,1,7,2,11,1,4,0,2,0,0,2,0,0,190.075,0.2828424880615206,-0.239748197,9.892040816326531,0.4706481481481479,-0.953711262,149.26000000000002,0,0,0,0,0,0,0,0,0,0,2,0,0,0,0,0,0,2,0,0,0,0,2,0,2,0,0,0,2,0,1,0,0,0,0,0,0,0,0,0,0,0,0,0,0,-0.941296296,0,0,0,0,0,0,3.0932407407407405,0,0,0,0,6.007129629629629,0,-1.907422525,0,0,0,19.784081632653063,0,4.013518518518518,0,0,0,0,0.205344375571949,0.7946556255251992,1510.8069770564314,5.61513311588429e-05,0.4419308167828488,0,2,2,5,6,2,0,0,0,0,0.5333333333333333,0,0,0,0,0,0,0,0,0,0,0,0,0,0,0,0,0,0,0,0,0,0,0,0,1,0,0,0,0,0,0,0,0,0,0,0,0,0,0,0.3333333333333333,1,1,0,99,88.892845
720,O=[N+]([O-])C(c1nnc(-c2nnc(C([N+](=O)[O-])([N+](=O)[O-])[N+](=O)[O-])o2)o1)([N+](=O)[O-])[N+](=O)[O-],0,24,0,0,0,0,2,2,18,0,24,2,9,0,0,0,0,6,0,0,436.1220000000002,0.7806661838707831,-0.39810179,10.929205798493768,1.2753528911564616,-4.374634354,336.67999999999995,0,0,0,0,0,0,0,0,0,0,4,0,2,0,0,0,0,0,0,0,0,0,4,0,6,0,0,0,6,0,2,0,0,0,0,0,0,0,0,0,0,0,0,0,0,-6.242665029,0,-8.749268707,0,0,0,0,0,0,0,0,0,11.256470143613,0,-11.99539242,0,0,0,65.57523479096261,0,8.747053099017384,0,0,0,0,0.1578581042547933,0.9884764732805872,7989.558258667926,0.9122133271577744,0.3210110932262072,0.0733739641659902,6,0,14,10,0,0,2,0,0,0.6666666666666666,0,0,0,0,0,0,0,0,0,0,0,0,0,0,0,0,0,0,0,0,0,0,0,0,2,0,0,0,0,0,0,0,0,0,0,0,0,0,0,0.3333333333333333,0,0,0,98.5,126.21845
721,Nc1c(F)c(N)c([N+](=O)[O-])c(N)c1[N+](=O)[O-],6,9,0,0,0,1,0,1,7,3,10,1,2,0,0,3,0,2,2,0,231.143,0.3246000018627926,-0.390607158,13.237962962962962,0.8690740740740737,-1.423518519,164.34,0,0,0,0,0,0,0,0,0,0,6,0,0,0,3,0,0,0,0,0,0,0,0,0,2,0,0,0,2,0,0,1,0,0,0,0,0,0,0,0,0,0,0,0,0,-6.257407407,0,0,0,15.255657596371885,0,0,0,0,0,0,0,0,0,-2.221851852,0,0,0,20.992819349962208,0,0,13.237962962962962,0,0,0,0.4215710628957396,0.6549035750381987,1690.2766506342305,0.2305839251878529,0.3028428288981279,-0.761433398,6,6,4,5,0,0,0,0,2,0.3636363636363636,0,0,1,0,0,0,0,0,0,0,0,0,0,0,0,0,0,0,0,0,0,0,0,0,0,0,0,0,0,0,0,0,0,0,0,0,0,0,0,0,1,1,0,304,359.61655
722,O=[N+]([O-])Nc1c([N+](=O)[O-])cc(-n2cnc([N+](=O)[O-])c2)cc1[N+](=O)[O-],1,15,0,0,0,1,1,2,10,1,15,2,6,0,1,0,0,4,2,0,339.18000000000006,0.3813937609260758,-0.35775673,11.062291509196273,0.2056500377928944,-1.183467673,202.41,0,0,0,0,0,4,0,0,0,0,5,0,0,0,0,0,0,1,0,0,0,0,1,0,4,1,0,0,4,0,0,0,0,0,0,0,0,0,0,0,3.3605032753842274,0,0,0,0,-3.621696035,0,0,0,0,0,0,1.412530076845553,0,0,0,0,3.412259463970773,0,-4.138490892,0.9385648148148148,0,0,43.23483131450213,0,0,0,0,0,0,0.2162006271988469,0.8388311923757698,5207.269999168982,0.4843224196358929,0.2889321304322189,-0.589657409,9,5,8,7,1,0,0,0,3,0.5517241379310345,0,0,1,0,0,0,0,0,0,0,0,0,0,0,0,0,0,0,0,0,0,0,0,0,0,1,0,0,0,0,0,0,0,0,0,0,0,0,0,0,0,0,0,98,213.49953
723,O=[N+]([O-])OCCn1nnc(/N=N/c2nnn(CCO[N+](=O)[O-])n2)n1,0,18,0,0,0,0,2,2,16,0,18,2,10,0,0,0,0,0,0,0,344.2080000000001,0.307410812394646,-0.31187374,9.97637484369107,0.0055765252079356,-0.9412253,216.66,0,0,4,0,0,0,0,0,0,0,2,0,0,0,0,0,0,0,0,0,0,2,6,0,2,2,0,0,2,2,0,0,0,0,0,0,0,-0.507097294,0,0,0,0,0,0,0,-0.270114862,0,0,0,0,0,0,0,0,0,0,7.178231449987402,21.679043624355813,0,-1.882450601,2.049752368181023,0,0,19.95274968738214,8.180469272899794,0,0,0,0,0,0.1281867262231247,0.9497740546663808,8856.54964033991,0.939200973087432,0.4880769767117558,-0.464835216,6,8,6,12,0,2,0,0,0,0.25,0,0,0,0,0,0,0,0,0,0,0,0,0,0,0,0,0,0,0,0,0,0,0,0,0,0,0,0,0,0,0,0,0,0,2,0,0,0,0,0.3125,0,0,0,97,112.760826
724,O=[N+]([O-])N1CCN([N+](=O)[O-])n2nnnc21,0,12,0,1,1,0,1,1,8,0,12,2,2,0,0,0,0,2,0,0,216.117,0.4240924332117767,-0.339177733,10.52579081632653,0.1583796296296298,-0.738942744,136.36,0,0,2,0,0,0,0,0,0,0,1,0,0,0,0,0,0,0,0,0,0,0,3,2,2,1,0,0,2,0,0,0,0,0,0,0,0,-0.332962963,0,0,0,0,0,0,0,-0.288935185,0,0,0,0,0,0,0,0,0,0,0,9.757685185185183,1.2314814814814812,-1.461681784,0.6729166666666664,0,0,21.04408163265306,0,0,0,0,0,0,0.2771012189623311,0.7390386658926861,1552.158821212406,0.2715857838430119,0.5182378063733994,-0.296135889,3,4,4,8,2,0,0,0,0,0.4210526315789473,0,0,0,0,0,0,0,0,0,0,0,0,0,0,0,1,0,0,0,0,0,0,0,0,0,0,0,0,0,0,0,0,0,0,1,0,0,0,0,0.2631578947368421,2,0,0,96.6,115.149055
725,O=[N+]([O-])/N=c1\[nH]nnn1CCn1nc([N+](=O)[O-])nc1N[N+](=O)[O-],2,18,0,0,0,0,2,2,12,2,18,2,7,2,2,0,0,3,0,0,330.18100000000004,0.4927721295652186,-0.389690592,10.607663069487565,0.1288869992441421,-0.980433289,231.02,0,0,2,0,0,0,0,0,0,0,2,0,0,0,0,0,0,1,1,0,0,1,4,0,3,2,0,0,3,0,0,0,0,0,0,0,0,-0.314950869,0,0,0,0,0,0,0,-1.33956924,0,0,0,0,0,0,1.6479061161501638,2.1597734001007813,0,0,2.9631869646006552,13.5761611866969,0,-2.883854946,1.7964351851851852,0,0,31.346344780259823,0,0,0,0,0,0,0.2750505300235221,0.7412585044580134,5356.471463111885,0.3972241623629214,0.5088118335094993,-0.339207889,5,6,6,12,2,0,0,0,1,0.4137931034482758,0,0,0,0,0,0,0,0,0,0,0,0,0,0,0,0,0,0,0,0,0,0,0,0,0,0,0,0,0,0,1,0,0,0,1,0,0,0,0,0.1724137931034483,0,0,0,96,193.38162
726,O=[N+]([O-])Nc1nonc1C1=NOC(c2nonc2N[N+](=O)[O-])=NO1,2,18,0,1,1,0,2,2,14,2,18,3,6,0,2,0,0,2,0,0,342.14400000000006,0.3174339886080071,-0.326676655,10.392627945746252,0.3088724069874857,-0.918069242,231.35999999999996,0,0,0,0,0,0,0,0,0,2,4,0,0,0,0,0,0,2,0,0,0,2,4,0,2,0,0,0,2,2,2,0,0,0,0,0,0,0,0,0,0,0,0,0,-0.880389792,-1.451429897,0,0,0,0,0,0,3.375624261667732,0,0,0,6.857989417989418,13.105136942849786,0,-1.836138484,0,0,0,20.785255891492504,9.64351946334089,8.615176303941636,0,0,0,0,0.2023066937893254,0.8023717449068173,6092.109694034032,0.1720223794077102,0.4091844369622147,-0.233819678,6,2,8,10,2,0,0,0,0,0.3076923076923077,0,0,0,0,0,0,0,0,0,1,0,0,0,0,0,0,0,0,0,0,0,0,0,0,2,0,0,0,0,0,0,0,0,0,0,0,0,0,0,0.6153846153846154,0,0,0,95,160.12349
727,O=[N+]([O-])/N=[N+](\[O-])c1nonc1/N=[N+](\[O-])c1nonc1/[N+]([O-])=N/[N+](=O)[O-],0,21,0,0,0,0,2,2,14,0,21,2,6,0,0,0,0,2,0,0,360.1190000000001,0.5722365068951191,-0.69008513,11.797168839758124,0.5186186696900981,-1.397007251,279.41,0,0,0,0,0,0,0,0,0,0,4,0,0,0,0,0,0,0,0,0,0,3,4,0,2,0,0,0,2,0,2,0,0,0,0,0,0,0,0,0,0,0,0,0,0,-4.001524628,0,0,0,0,0,0,0,0,0,0,7.623760281,11.786692914769214,0,-2.777468301,0,0,0,20.22918762534307,0,8.12752503388867,0,0,0,0,0.2683675098873073,0.7857709082124938,5399.380495187264,0.5342618071630166,0.4665124583818125,0.044429757941125,4,0,9,12,2,0,0,0,0,0.32,0,0,0,0,0,0,0,0,0,0,0,0,0,0,0,0,0,0,0,0,0,0,0,0,2,0,0,0,0,0,0,0,0,0,0,0,0,0,0,0.4,0,0,0,95,145.71277
728,O=[N+]([O-])Cc1nnc(-c2nonc2N[N+](=O)[O-])o1,1,13,0,0,0,0,2,2,10,1,13,2,5,0,1,0,0,2,0,0,257.122,0.2878846697079876,-0.412694462,10.22994394053918,0.2140759637188207,-0.891533683,176.15000000000003,0,0,1,0,0,0,0,0,0,0,4,0,0,0,0,0,0,1,0,0,0,0,4,0,2,0,0,0,2,0,2,0,0,0,0,0,0,-0.670359111,0,0,0,0,0,0,0,-1.117959184,0,0,0,0,0,0,1.695072515117158,0,0,0,0,13.315809870244394,0,-1.563634495,0,0,0,20.43647266313933,0,9.134791745401865,0,0,0,0,0.1730100825588506,0.8780545986397685,3094.3467828808384,0.4420856473142178,0.3811420259643283,-0.342249982,5,3,6,7,1,0,0,0,1,0.3809523809523809,0,0,0,0,0,0,0,0,0,0,0,0,0,0,0,0,0,0,0,0,0,0,0,0,2,0,0,0,0,0,0,0,0,0,0,0,0,0,0,0.4761904761904761,0,0,0,94.3,148.48787
729,O=[N+]([O-])OC1(O[N+](=O)[O-])COC1,0,9,0,1,1,0,0,0,7,0,9,1,4,0,0,0,0,0,0,0,180.07199999999995,0.3089946321340682,-0.371776585,9.814375,0.3244444444444443,-1.854166667,113.97,0,0,2,0,0,0,0,0,0,0,0,0,1,0,0,0,0,0,0,0,0,0,0,0,2,0,0,0,2,3,0,0,0,0,0,0,0,-0.648888889,0,0,0,0,0,0,0,0,0,-1.854166667,0,0,0,0,0,0,0,0,0,0,0,-2.321388889,0,0,0,19.62875,12.316944444444443,0,0,0,0,0,0.3556155664793742,0.7781324123205778,954.981814638576,0.7747518262846906,0.1554933582122706,-0.088853348,3,4,7,2,0,2,0,0,0,0.5,0,0,0,0,0,0,0,0,0,0,0,0,0,0,0,0,0,0,0,0,0,0,0,0,0,0,0,0,0,0,0,0,0,0,0,0,0,0,0,0,1,0,0,93,94.59167
730,O=[N+]([O-])/N=[N+](\[O-])c1nonc1/[N+]([O-])=N/[N+](=O)[O-],0,15,0,0,0,0,1,1,9,0,15,1,4,0,0,0,0,2,0,0,248.071,0.5691484546889735,-0.653591703,10.896022297808011,0.7160723733938017,-1.383683547,202.06,0,0,0,0,0,0,0,0,0,0,2,0,0,0,0,0,0,0,0,0,0,2,2,0,2,0,0,0,2,0,1,0,0,0,0,0,0,0,0,0,0,0,0,0,0,-2.106851852,0,0,0,0,0,0,0,0,0,0,4.404890400604687,5.604765684051398,0,-2.767367095,0,0,0,19.717734945830184,0,3.902526455026455,0,0,0,0,0.2275935209387183,0.790292828274239,2542.7829752120324,0.1954309830228887,0.4514836478266303,0.1934929919256987,2,0,7,8,2,0,0,0,0,0.4705882352941176,0,0,0,0,0,0,0,0,0,0,0,0,0,0,0,0,0,0,0,0,0,0,0,0,1,0,0,0,0,0,0,0,0,0,0,0,0,0,0,0.2941176470588235,1,0,0,93,123.65586
731,[N-]=[N+]=NCCCn1nnc(N[N+](=O)[O-])n1,1,11,0,0,0,0,1,1,7,1,11,1,6,1,1,0,0,1,0,0,213.16100000000003,0.3230294560103401,-0.234422187,9.999419261544531,0.1770514193331649,-0.776461023,147.53000000000003,0,0,3,0,0,0,0,0,0,0,1,0,0,0,0,0,0,1,0,0,0,1,3,0,1,1,0,0,1,0,0,0,0,0,0,0,0,1.2358894715293522,0,0,0,0,0,0,0,-0.177051419,0,0,0,0,0,0,1.7614228237591332,0,0,0,3.3094523966994207,10.576527777777777,0,-0.776461023,1.1792932728647014,0,0,9.999419261544531,0,0,0,0,0,0,0.0853988397476833,0.969392320058268,2793.1590639653573,0.6844624822984814,0.5911024999882716,-0.713076032,4,7,2,9,1,0,0,0,0,0.1818181818181818,0,0,0,0,0,0,0,0,0,0,0,0,0,0,0,0,0,0,0,0,0,0,0,0,0,0,0,0,0,0,0,0,0,0,1,0,0,0,0,0.2272727272727272,1,0,1,93,154.03275
732,Nc1c([N+](=O)[O-])c(NCCNc2nn3nnnc3c(N)c2[N+](=O)[O-])nn2nnnc12,6,20,0,0,0,0,4,4,18,4,20,4,7,0,2,2,0,2,0,0,418.2980000000002,0.3393684277507066,-0.389811346,11.35007721852457,0.0211267006802722,-0.730640878,274.32,0,0,2,0,0,0,0,0,0,0,6,2,0,0,2,0,0,2,0,0,0,0,8,0,2,2,0,0,2,0,0,0,0,0,0,0,0,0.0422534013605444,0,0,0,0,0,0,0,-1.967719291,-0.14737197,0,0,11.50376970858524,0,0,5.39085616654069,0,0,0,0,28.717688844870896,0,-1.461281756,1.854829355015141,0,0,22.70015443704914,0,0,0,0,0,0,0.2468617574008502,0.9675842386937162,7773.144960024444,0.9895378072337327,0.5355033970996754,-0.803255096,10,10,4,16,0,0,0,0,2,0.2,0,0,0,0,0,0,0,0,0,0,2,0,0,0,0,0,0,0,0,0,0,0,0,0,0,0,0,0,0,0,0,0,0,0,2,0,0,0,0,0.25,4,0,0,303.1,292.44473
733,O=[N+]([O-])N(CC([N+](=O)[O-])([N+](=O)[O-])[N+](=O)[O-])c1nc(-c2nonc2N(CC([N+](=O)[O-])([N+](=O)[O-])[N+](=O)[O-])[N+](=O)[O-])n[nH]1,1,32,0,0,0,0,2,2,21,1,32,2,15,0,1,0,0,8,0,0,583.2160000000002,0.723504734821128,-0.252564059,11.494447232711572,0.6383022862879466,-4.465473017,432.0899999999999,0,0,2,0,0,0,0,0,0,0,4,0,2,0,0,0,0,0,1,0,0,0,4,2,8,0,0,0,8,0,1,0,0,0,0,0,0,-4.506802474,0,0,0,0,0,0,0,-4.982961939,0,-8.896049413,0,0,0,0,0,1.6459980867346935,0,0,0,12.44948047035236,-1.306186016,-15.77350617,0,0,0,89.69118916732035,0,4.154315785274931,0,0,0,0,0.1612197309462321,0.9193462380014992,14263.231639873113,0.7850822503654933,0.3600724259965431,-0.041151134,8,5,17,15,2,0,2,0,0,0.6222222222222222,0,0,0,0,0,0,0,0,0,0,0,0,0,0,0,0,0,0,0,0,0,0,0,0,1,0,0,0,0,1,0,0,0,0,0,0,0,0,0,0.2222222222222222,0,0,0,91.82,168.63025
734,O=[N+]([O-])Nc1no[n+]([O-])c1-c1c(N[N+](=O)[O-])no[n+]1[O-],2,16,0,0,0,0,2,2,10,2,16,2,5,0,2,0,0,2,0,0,290.10800000000006,0.3770441972948271,-0.358824378,11.315744520030234,0.3909797808012092,-1.092648022,216.28,0,0,0,0,0,0,0,0,0,0,4,0,0,0,0,0,0,2,0,0,0,0,2,0,2,2,0,0,2,0,2,0,0,0,0,0,0,0,0,0,0,0,0,0,0,-3.210188964,0,0,0,0,0,0,2.934898904006047,0,0,0,0,5.953223733938019,0,-2.185296044,-0.781959562,0,0,20.602077349458305,0,8.120344860166288,0,0,0,0,0.4401236067757561,0.800935063848829,2328.8278341014047,0.758659455780874,0.3860631213203359,-0.055151874,4,2,8,8,2,0,0,0,0,0.3636363636363636,0,0,0,0,0,0,0,0,0,0,0,0,0,0,0,0,0,0,0,0,0,0,0,0,2,0,0,0,0,0,0,0,0,0,0,0,0,0,0,0.4545454545454545,0,0,0,91.3,102.33658
735,[N-]=[N+]=NC(=O)CN(CC([N+](=O)[O-])([N+](=O)[O-])[N+](=O)[O-])[N+](=O)[O-],0,17,0,0,0,0,0,0,9,0,17,0,8,0,0,0,0,4,0,0,308.12300000000005,0.7228660395066362,-0.290315679,10.877233560090705,0.4668518518518518,-4.149099702,241.63,0,0,2,0,0,0,0,0,0,1,0,0,1,0,0,0,0,0,0,0,0,1,0,1,4,0,0,0,5,0,0,0,0,0,0,0,0,-3.380933957,0,0,0,0,0,0,-1.515607521,0,0,-4.149099702,0,0,0,0,0,0,0,0,2.397335600907029,0,-0.466851852,-7.332683296,0,0,0,53.17875330687831,0,0,0,0,0,0,0.4721293172377347,0.8265101127016226,2265.332120592099,1.0406935934187684,0.3634912031883372,-0.051927315,4,4,9,8,1,0,1,0,0,0.56,0,0,0,0,0,0,0,0,0,0,0,0,0,0,0,0,0,0,0,0,0,0,0,0,0,0,0,0,0,0,0,0,0,0,0,0,0,0,0,0,0,0,1,89,135.133
736,O=[N+]([O-])C(c1nnc(C([N+](=O)[O-])[N+](=O)[O-])o1)[N+](=O)[O-],0,15,0,0,0,0,1,1,11,0,15,1,6,0,0,0,0,4,0,0,278.093,0.5261831178298264,-0.401393352,10.356618480725624,1.1956481481481476,-2.652399849,211.48,0,0,0,0,0,0,2,0,0,0,2,0,0,0,0,0,0,0,0,0,0,0,2,0,4,0,0,0,4,0,1,0,0,0,0,0,0,0,0,0,0,-5.304799698,0,0,0,-2.391296296,0,0,0,0,0,0,0,0,0,0,0,5.671666666666667,0,-5.592777778,0,0,0,41.426473922902495,0,4.2642592592592585,0,0,0,0,0.2785446660839948,0.923575754657984,2544.1999660954466,0.8310365273650218,0.3020572254605474,0,4,2,9,6,0,0,0,2,0,0.6666666666666666,0,0,0,0,0,0,0,0,0,0,0,0,0,0,0,0,0,0,0,0,0,0,0,0,1,0,0,0,0,0,0,0,0,0,0,0,0,0,0,0.238095238095238,1,0,0,86,139.73997
737,[N-]=[N+]=NC(=O)CCC([N+](=O)[O-])([N+](=O)[O-])[N+](=O)[O-],0,13,0,0,0,0,0,0,7,0,13,0,6,0,0,0,0,3,0,0,248.111,0.699734451122082,-0.292600066,10.669305555555557,0.9791666666666674,-3.707702664,195.25000000000003,0,0,2,0,0,0,0,0,0,1,0,0,1,0,0,0,0,0,0,0,0,1,0,0,3,0,0,0,4,0,0,0,0,0,0,0,0,-2.286851852,0,0,0,0,0,0,-1.261643519,0,0,-3.707702664,0,0,0,0,0,0,0,0,2.4795096371882086,0,0,-5.135807823,0,0,0,41.81610166288738,0,0,0,0,0,0,0.4312915291245017,0.8764644264693017,1701.3365544622725,0.8160179426208652,0.3385581453462361,-0.193461797,4,4,7,6,0,0,1,0,0,0.4761904761904761,0,0,0,0,0,0,0,0,0,0,0,0,0,0,0,0,0,0,0,0,0,0,0,0,0,0,0,0,0,0,0,0,0,0,0,0,0,0,0,0,0,0,1,85,137.01228
738,O=[N+]([O-])Nc1nonc1-c1noc(-c2nc(-c3nonc3N[N+](=O)[O-])no2)n1,2,20,0,0,0,0,4,4,16,2,20,4,7,0,2,0,0,2,0,0,394.1800000000001,0.3163341439175676,-0.328094289,10.508123468741775,0.217954388417952,-0.892054639,266.0199999999999,0,0,0,0,0,0,0,0,0,0,8,0,0,0,0,0,0,2,0,0,0,0,8,0,2,0,0,0,2,0,4,0,0,0,0,0,0,0,0,0,0,0,0,0,0,-2.248985535,0,0,0,0,0,0,3.4789406065412694,0,0,0,0,28.258188318726184,0,-1.784109278,0,0,0,21.01624693748355,0,18.59680534596466,0,0,0,0,0.1050938050598914,0.9165362060945916,9834.13721841811,0.3710723428316954,0.4262012278654421,-0.365315338,8,2,8,12,2,0,0,0,0,0.2666666666666666,0,0,0,0,0,0,0,0,0,0,0,0,0,0,0,0,0,0,0,0,0,0,0,0,4,0,0,0,0,0,0,0,0,0,0,0,0,0,0,0.6666666666666666,0,0,0,84,125.96519
739,O=[N+]([O-])/N=[N+](\[O-])c1nonc1/N=N/c1nonc1/[N+]([O-])=N/[N+](=O)[O-],0,20,0,0,0,0,2,2,14,0,20,2,6,0,0,0,0,2,0,0,344.12000000000006,0.5195873067433248,-0.653721397,11.24430165393369,0.5746181258315999,-1.322744213,265.69999999999993,0,0,0,0,0,0,0,0,0,0,4,0,0,0,0,0,0,0,0,0,0,4,4,0,2,0,0,0,2,0,2,0,0,0,0,0,0,0,0,0,0,0,0,0,0,-3.063654258,0,0,0,0,0,0,0,0,0,0,11.196193198736488,12.191692914769211,0,-2.645488425,0,0,0,20.193154462077764,0,8.262247256110893,0,0,0,0,0.1340310330900285,0.8671082643666208,6731.894693986621,0.0700186111742983,0.4882017900732301,0,4,0,8,12,2,0,0,0,0,0.3333333333333333,0,0,0,0,0,0,0,0,0,0,0,0,0,0,0,0,0,0,0,0,0,0,0,0,2,0,0,0,0,0,0,0,0,0,0,0,0,0,0,0.4166666666666667,0,0,0,83,122.51519
740,[N-]=[N+]=Nc1[nH]c(-c2nc([N+](=O)[O-])c(N=[N+]=[N-])[nH]2)nc1[N+](=O)[O-],2,16,0,0,0,0,2,2,8,2,16,2,5,0,2,0,0,2,0,0,306.1620000000001,0.3917836322981397,-0.357747974,10.75843831012662,0.3087131519274375,-0.920923879,241.16,0,0,0,0,0,0,0,0,0,0,6,0,0,0,0,0,0,0,2,0,0,2,2,0,2,0,0,0,2,0,0,0,0,0,0,0,0,0,0,0,0,0,0,0,0,-3.220991014,0,0,0,0,0,0,0,4.555184712773999,0,0,6.076081191735954,7.003700869236583,0,-1.841847758,0,0,0,21.51687662025324,0,0,0,0,0,0,0.1955856432088343,0.8148029382954077,4724.718362223718,0.1551819598601841,0.5487291041997373,-0.470339232,6,2,4,12,0,0,0,0,2,0.3333333333333333,0,0,0,0,0,0,0,0,0,0,0,0,0,0,0,0,0,0,0,0,0,0,0,0,0,2,0,0,0,0,0,0,0,0,0,0,0,0,0,0,0,0,2,82,260.88788
741,O=[N+]([O-])Nc1nonc1-c1nonc1N[N+](=O)[O-],2,14,0,0,0,0,2,2,10,2,14,2,5,0,2,0,0,2,0,0,258.11,0.2629793543921167,-0.241464918,10.252852733686067,0.2663888888888885,-0.919496095,188.18,0,0,0,0,0,0,0,0,0,0,4,0,0,0,0,0,0,2,0,0,0,0,4,0,2,0,0,0,2,0,2,0,0,0,0,0,0,0,0,0,0,0,0,0,0,-1.334448224,0,0,0,0,0,0,3.3398989040060467,0,0,0,0,12.97623015873016,0,-1.838992189,0,0,0,20.50570546737213,0,8.512567082388511,0,0,0,0,0.3077545151977276,0.7811992593747674,2338.8561634043986,0.5107444064000033,0.4339235209794274,-0.185967223,4,2,6,8,2,0,0,0,0,0.4,0,0,0,0,0,0,0,0,0,0,0,0,0,0,0,0,0,0,0,0,0,0,0,0,2,0,0,0,0,0,0,0,0,0,0,0,0,0,0,0.5,0,0,0,80,91.6462
742,O=[N+]([O-])C(c1n[nH]c(/N=N/c2nc(C([N+](=O)[O-])[N+](=O)[O-])n[nH]2)n1)[N+](=O)[O-],2,20,0,0,0,0,2,2,14,2,20,2,8,0,2,0,0,4,0,0,372.1740000000001,0.510868517228508,-0.258129625,10.589245821282397,0.4937476904341971,-2.423126789,280.42,0,0,0,0,0,0,2,0,0,0,4,0,0,0,0,0,0,0,2,0,0,2,4,0,4,0,0,0,4,0,0,0,0,0,0,0,0,0,0,0,0,-4.846253578,0,0,0,-2.581984049,0,0,0,0,0,0,0,4.046606985386747,0,0,6.675515873015874,13.26131876814597,0,-4.935837237,0,0,0,42.35698328512959,0,0,0,0,0,0,0.0979285665973177,0.9759451267534806,8680.060381941621,0.5638470669116116,0.4514017636911767,-0.257943865,6,4,8,12,0,0,0,2,0,0.4666666666666667,0,0,0,0,0,0,0,0,0,0,0,0,0,0,0,0,0,0,0,0,0,0,0,0,0,0,0,0,0,2,0,0,0,0,0,0,0,0,0,0.3333333333333333,0,0,0,80,174.93452
743,O=[N+]([O-])c1cc2c(n[n+]3[n-]c4c([N+](=O)[O-])c(Cl)c([N+](=O)[O-])cc4n23)c([N+](=O)[O-])c1Cl,0,16,0,0,0,2,2,4,10,0,18,4,4,0,0,0,0,4,4,0,457.1020000000002,0.3109129026513426,-0.258259032,11.427867251762454,0.2859089191232042,-0.991443164,208.06,0,0,0,0,0,2,0,0,0,0,6,4,0,0,0,0,0,0,0,0,0,0,2,0,4,2,0,0,4,0,0,0,2,0,0,0,0,0,0,0,1.6767072940287224,0,0,0,0,-5.057919571,-1.423195389,0,0,0,0,0,0,0,0,0,0,7.647588813303099,0,-3.928996389,1.5622688334593096,0,0,45.41962471377696,0,0,0,11.57318586961023,0,0,0.2263844477244513,0.7869523982014998,8882.092676757902,0.2096274533070046,0.245021898832208,-0.595053183,12,2,8,8,0,0,0,0,4,0.5,0,0,2,0,0,0,0,0,0,0,0,0,0,0,0,0,0,0,0,0,0,0,0,0,0,0,0,0,0,2,0,0,0,0,0,0,0,0,0,0.3125,4,1,0,302.5,241.41508
744,O=[N+]([O-])C(c1n[nH]c(C(F)(F)F)n1)[N+](=O)[O-],1,9,0,0,0,0,1,1,6,1,12,1,3,0,1,0,0,2,0,0,241.085,0.5108132210704407,-0.258129632,11.993370181405895,1.1506250000000005,-4.899804422,127.85,0,0,0,0,0,0,1,0,0,0,2,0,1,0,0,0,0,0,1,0,0,0,2,0,2,0,0,0,2,0,0,3,0,0,0,0,0,0,0,0,0,-2.618194444,0,0,0,-2.779143519,0,-4.899804422,0,0,0,0,0,1.340925925925926,0,0,0,5.435393518518518,0,-2.798953137,0,0,0,20.37816609977325,0,0,35.98011054421769,0,0,0,0.2370366102508691,0.9220872066019627,1977.4843553435896,0.7687489047461908,0.2903540245141754,-0.331833171,4,2,4,5,0,0,0,1,0,0.3888888888888889,0,0,0,0,0,0,0,0,0,0,0,0,0,0,0,0,0,0,0,0,0,0,0,0,0,0,0,0,0,1,0,0,0,0,0,0,0,0,0,0.2777777777777778,1,0,0,78,143.60475
745,O=c1[nH]c(C([N+](=O)[O-])[N+](=O)[O-])no1,1,10,0,0,0,0,1,1,7,1,10,1,3,0,1,0,0,2,0,0,190.071,0.5106105159145414,-0.295377758,10.31,0.7361111111111109,-2.299583333,145.17000000000002,0,0,0,0,0,0,1,0,0,0,1,0,0,0,0,0,0,0,1,0,0,0,1,0,2,0,0,0,3,0,1,0,0,0,0,0,0,0,0,0,0,-2.299583333,0,0,0,-0.736111111,0,0,0,0,0,0,0,1.7221296296296296,0,0,0,2.832222222222222,0,-2.401203704,0,0,0,30.531666666666663,0,3.875787037037037,0,0,0,0,0.3671936836244686,0.8646741537435874,1026.6451237274734,0.7118816264046639,0.294626744742754,-0.08417907,3,2,6,4,0,0,0,1,0,0.4666666666666667,0,0,0,0,0,0,0,0,0,0,0,0,0,0,0,0,0,0,0,0,0,0,0,0,1,0,0,0,0,0,0,0,0,0,0,0,0,0,0,0.3333333333333333,1,0,0,76,198.53383
746,O=[N+]([O-])Nc1c(-c2no[n+]([O-])c2N[N+](=O)[O-])no[n+]1[O-],2,16,0,0,0,0,2,2,10,2,16,2,5,0,2,0,0,2,0,0,290.10800000000006,0.3689296720910661,-0.390521023,11.112088529856386,0.3909760015117158,-1.114712931,216.28,0,0,0,0,0,0,0,0,0,0,4,0,0,0,0,0,0,2,0,0,0,0,2,0,2,2,0,0,2,0,2,0,0,0,0,0,0,0,0,0,0,0,0,0,0,-2.982040816,0,0,0,0,0,0,2.8715032123960693,0,0,0,0,6.183006424792139,0,-2.229425863,-0.781952003,0,0,20.616955467372136,0,8.147487717309147,0,0,0,0,0.329993687000054,0.7638797628959082,2867.0169702346084,0.5090820806628557,0.3860631213203359,-0.055151874,4,2,8,8,2,0,0,0,0,0.3636363636363636,0,0,0,0,0,0,0,0,0,0,0,0,0,0,0,0,0,0,0,0,0,0,0,0,2,0,0,0,0,0,0,0,0,0,0,0,0,0,0,0.4545454545454545,0,0,0,74.5,105.75135
747,O=[N+]([O-])Nc1nonc1/N=[N+](/[O-])c1nonc1N[N+](=O)[O-],2,17,0,0,0,0,2,2,12,2,17,2,6,0,2,0,0,2,0,0,302.12300000000005,0.448155154329122,-0.690255359,11.631300075585791,0.284729780801209,-1.019591907,226.61,0,0,0,0,0,0,0,0,0,0,4,0,0,0,0,0,0,2,0,0,0,1,4,0,2,0,0,0,2,0,2,0,0,0,0,0,0,0,0,0,0,0,0,0,0,-2.529087826,0,0,0,0,0,0,3.093613158226253,0,0,0,3.2008087679516253,12.32273966994205,0,-2.014557964,0,0,0,20.48343743905072,0,8.279705687830688,0,0,0,0,0.3813229313388765,0.8371411918490597,2768.414642307857,0.8181837667229689,0.4633874282990702,-0.105917126,4,2,7,10,2,0,0,0,0,0.3478260869565217,0,0,0,0,0,0,0,0,0,0,0,0,0,0,0,0,0,0,0,0,0,0,0,0,2,0,0,0,0,0,0,0,0,0,0,0,0,0,0,0.4347826086956521,0,0,0,70,118.91414
748,O=[N+]([O-])Nc1c([N+](=O)[O-])c(N[N+](=O)[O-])c([N+](=O)[O-])c(N[N+](=O)[O-])c1[N+](=O)[O-],3,21,0,0,0,1,0,1,12,3,21,1,9,0,3,0,0,6,3,0,393.1410000000001,0.3413109071832892,-0.258160348,11.169591364323509,0.9891647770219196,-1.837316704,294.93,0,0,0,0,0,0,0,0,0,0,6,0,0,0,0,0,0,3,0,0,0,0,0,0,6,0,0,0,6,0,0,0,0,0,0,0,0,0,0,0,0,0,0,0,0,-10.56945011,0,0,0,0,0,0,2.967494331065759,0,0,0,0,0,0,-9.581388889,0,0,0,65.3416723356009,0,0,0,0,0,0,0.5091223698821422,0.5980279452116516,4426.791030010275,0.5979885760424264,0.3204957000160247,-0.0610468,6,3,12,9,3,0,0,0,3,0.8,0,0,0,1,0,0,0,0,0,0,0,0,0,0,0,0,0,0,0,0,0,0,0,0,0,0,0,0,0,0,0,0,0,0,0,0,0,0,0,0,1,0,0,65,160.05347
749,[N-]=[N+]=NC(=O)CCN(CC([N+](=O)[O-])([N+](=O)[O-])[N+](=O)[O-])[N+](=O)[O-],0,17,0,0,0,0,0,0,9,0,17,0,9,0,0,0,0,4,0,0,322.1500000000001,0.7228472244559235,-0.29253791,10.866027494331066,0.250799319727891,-4.074787691,241.63,0,0,3,0,0,0,0,0,0,1,0,0,1,0,0,0,0,0,0,0,0,1,0,1,4,0,0,0,5,0,0,0,0,0,0,0,0,-3.632009873,0,0,0,0,0,0,-1.191426682,0,0,-4.074787691,0,0,0,0,0,0,0,0,2.548444349962207,0,-0.25079932,-7.050717593,0,0,0,53.45796909389712,0,0,0,0,0,0,0.4345218962778866,0.9373984801317244,2483.6816229432197,1.0005443837022665,0.347664131615707,-0.198665218,5,6,9,8,1,0,1,0,0,0.5,0,0,0,0,0,0,0,0,0,0,0,0,0,0,0,0,0,0,0,0,0,0,0,0,0,0,0,0,0,0,0,0,0,0,0,0,0,0,0,0,0,0,1,65,135.98041
750,O=[N+]([O-])Nc1nonc1-c1noc(CO[N+](=O)[O-])n1,1,14,0,0,0,0,2,2,11,1,14,2,6,0,1,0,0,1,0,0,273.121,0.2945095965738947,-0.336754663,10.25865783622142,0.1872193877551016,-1.04042524,185.38,0,0,1,0,0,0,0,0,0,0,4,0,0,0,0,0,0,1,0,0,0,0,4,0,2,0,0,0,2,1,2,0,0,0,0,0,0,-0.566192445,0,0,0,0,0,0,0,-0.949399355,0,0,0,0,0,0,1.7050300768455529,0,0,0,0,13.602514251070795,0,-1.929437263,0,0,0,20.213321567084648,3.996010251322751,8.881498015873017,0,0,0,0,0.1264602144147221,0.9189099983213604,4163.468008720198,0.4464347992620119,0.3588153236111468,-0.263619421,5,3,7,7,1,1,0,0,0,0.3636363636363636,0,0,0,0,0,0,0,0,0,0,0,0,0,0,0,0,0,0,0,0,0,0,0,0,2,0,0,0,0,0,0,0,0,0,0,0,0,0,0,0.4545454545454545,0,0,0,60,150.78812
751,CN(CC(=O)N=[N+]=[N-])[N+](=O)[O-],0,8,0,0,0,0,0,0,3,0,8,0,3,0,0,0,0,1,0,0,159.10500000000002,0.2435307037847255,-0.290316137,10.391388888888889,0.5168055555555555,-0.882685185,112.21,1,0,1,0,0,0,0,0,0,1,0,0,0,0,0,0,0,0,0,0,0,1,0,1,1,0,0,0,2,0,0,0,0,0,0,1.1019784580498866,0,-0.516805556,0,0,0,0,0,0,-0.882685185,0,0,0,0,0,0,0,0,0,0,0,2.6425,0,0.5248148148148148,-0.773021542,0,0,0,20.274896541950117,0,0,0,0,0,0,0.3136066294448766,0.8999525342493764,842.7407432359882,0.615372867104887,0.4399610320228778,-0.553093869,3,5,3,5,1,0,0,0,0,0.25,0,0,0,0,0,0,0,0,0,0,0,0,0,0,0,0,0,0,0,0,0,0,0,0,0,0,0,0,0,0,0,0,0,0,0,0,0,0,0,0,0,0,1,56,143.06053
752,[N-]=[N+]=NC(=O)C(=O)OCC([N+](=O)[O-])([N+](=O)[O-])[N+](=O)[O-],0,15,0,0,0,0,0,0,9,0,15,0,5,0,0,0,0,3,0,0,278.093,0.7336469284690686,-0.434763389,10.743009259259258,1.8690334467120184,-4.049308036,221.55,0,0,1,0,0,0,0,0,0,2,0,0,1,0,0,0,0,0,0,0,0,1,0,0,3,0,0,0,5,1,0,0,0,0,0,0,0,-1.952855253,0,0,0,0,0,0,-3.875769558,0,0,-4.049308036,0,0,0,0,0,0,0,0,2.217289304610733,0,0,-5.713342309,0,0,0,52.4375141723356,3.727453703703704,0,0,0,0,0,0.2116512825913266,0.9710580757599464,2898.2108294355894,0.6165650796228002,0.3020572254605474,0,4,2,9,6,0,0,1,0,0,0.4761904761904761,0,0,0,0,0,0,0,0,0,0,0,0,0,0,0,0,0,0,0,0,0,0,0,0,0,0,0,0,0,0,0,0,0,0,0,0,0,0,0,0,0,0,1,50,126.728424
753,O=[N+]([O-])OC[C@@]1(O[N+](=O)[O-])CO[C@@](CO[N+](=O)[O-])(O[N+](=O)[O-])CO1,0,18,0,1,1,0,0,0,14,0,18,1,10,0,0,0,0,0,0,0,360.1440000000001,0.2970750427256108,-0.341490049,10.44043713781809,1.044906462585034,-2.449756944,227.94,0,0,4,0,0,0,0,0,0,0,0,0,2,0,0,0,0,0,0,0,0,0,0,0,4,0,0,0,4,6,0,0,0,0,0,0,0,-4.356444791,0,0,0,0,0,0,0,0,0,-4.899513889,0,0,0,0,0,0,0,0,0,0,0,-5.358756597,0,0,0,41.22657941960837,25.66155643738977,0,0,0,0,0,0.4179654542257363,0.8545390479269749,4280.565760232387,1.0739521040882432,0.1554933582122706,-0.088853348,6,8,14,4,0,4,0,0,0,0.5,0,0,0,0,0,0,0,0,0,0,0,0,0,0,0,0,0,0,0,0,0,0,0,0,0,0,0,0,0,0,0,0,0,0,0,0,0,0,0,0,1,0,0,45,121.79407
754,O=[N+]([O-])c1n[nH]c([N+](=O)[O-])c1-c1cn[nH]c1,2,10,0,0,0,0,2,2,6,2,10,2,3,0,2,0,0,2,0,0,224.136,0.4276584913511746,-0.357789139,10.63397864701436,0.1909722222222216,-0.799768519,143.64,0,0,0,0,0,2,0,0,0,0,4,0,0,0,0,0,0,0,2,0,0,0,2,0,2,0,0,0,2,0,0,0,0,0,0,0,0,0,0,0,2.551296296296296,0,0,0,0,-1.099907407,0,0,0,0,0,0,0,4.424458616780045,0,0,0,6.852636054421769,0,-1.575231481,0,0,0,21.25670729402872,0,0,0,0,0,0,0.491085140183625,0.5516278678874036,1633.9899204889143,0.4387551550818197,0.3747724595781132,-0.713852304,6,4,4,6,0,0,0,0,2,0.4,0,0,0,0,0,0,0,0,0,0,0,0,0,0,0,0,0,0,0,0,0,0,0,0,1,0,1,0,0,0,0,0,0,0,0,0,0,0,0,0.25,0,0,0,302,307.99496
755,O=[N+]([O-])n1nc2c3nn([N+](=O)[O-])nc3c3nn([N+](=O)[O-])nc3c2n1,0,18,0,0,0,1,3,4,15,0,18,4,3,0,0,0,0,3,0,0,336.1440000000001,0.2630934728242587,-0.37226049,10.814177689594356,0.0832407407407405,-0.978655833,221.54999999999995,0,0,0,0,0,0,0,0,0,0,0,6,0,0,0,0,0,0,0,0,0,0,6,0,3,3,0,0,3,0,0,0,0,0,0,0,0,0,0,0,0,0,0,0,0,0,-1.429455782,0,0,0,0,0,0,0,0,0,0,21.23063492063492,0,-2.935967498,0.2497222222222221,0,0,32.442533068783064,0,0,0,0,0,0,0.4614089611186103,0.5385910389180573,4864.850259291123,1.2818529728285938e-05,0.4997858060831071,-0.285591889,6,0,6,12,3,0,0,0,0,0.5,1,0,0,0,0,0,0,0,0,0,0,0,0,0,0,0,0,0,0,0,0,0,0,0,0,0,0,0,0,0,3,0,0,0,0,0,0,0,0,0.25,4,1,0,38,116.068085
756,[N-]=[N+]=Nc1n[n+]([O-])nc2c([N+](=O)[O-])n[nH]c12,1,12,0,0,0,0,2,2,7,1,12,2,2,0,1,0,0,1,0,0,223.112,0.4220974638194484,-0.56928563,10.89874149659864,0.0725925925925923,-0.827676682,173.29999999999998,0,0,0,0,0,0,0,0,0,0,2,2,0,0,0,0,0,0,1,0,0,1,3,0,1,1,0,0,1,0,0,0,0,0,0,0,0,0,0,0,0,0,0,0,0,-1.000472411,-0.394444444,0,0,0,0,0,0,2.216388888888889,0,0,3.0830772864701435,9.747248677248676,0,-0.827676682,-0.185648148,0,0,10.504407281431092,0,0,0,0,0,0,0.3606872813765268,0.6410292041864722,1815.2041059858527,0.0653404403354815,0.5647387859012514,-0.394420739,4,1,3,9,0,0,0,0,1,0.2352941176470588,0,0,0,0,0,0,0,0,0,0,0,0,0,1,0,0,0,0,0,0,0,0,0,0,0,1,0,0,0,0,0,0,0,0,0,0,0,0,0,0.3529411764705882,2,0,1,0.32,223.67186
757,Nc1n[n+]([O-])nc2c([N+](=O)[O-])cnn12,2,10,0,0,0,0,2,2,8,1,10,2,1,0,0,1,0,1,0,0,197.114,0.3396242925386425,-0.56914382,10.727777777777778,0.0978703703703707,-0.713518519,139.17999999999998,0,0,0,0,0,1,0,0,0,0,2,1,0,0,1,0,0,0,0,0,0,0,3,0,1,2,0,0,1,0,0,0,0,0,0,0,0,0,0,0,0.9448148148148148,0,0,0,0,-0.665,-0.238425926,0,0,5.276439909297052,0,0,0,0,0,0,0,9.9798828420257,0,-0.713518519,0.8113888888888885,0,0,10.438320105820106,0,0,0,0,0,0,0.3204700724346799,0.6795299275915507,1318.2078727518954,7.869659069978547e-06,0.4971742240530859,-0.527613462,4,3,3,7,0,0,0,0,1,0.2352941176470588,0,0,0,0,0,0,0,0,0,0,0,0,0,0,0,0,0,1,0,0,0,0,0,0,0,1,0,0,0,0,0,0,0,0,0,0,0,0,0,0.3529411764705882,2,0,0,302,262.65802
758,Nc1c([N+](=O)[O-])c(N)c([N+](=O)[O-])c(N2c3nonc3-c3no[n+]([O-])c3-c3nonc32)c1[N+](=O)[O-],4,22,0,1,1,1,3,4,18,2,22,5,4,0,0,2,0,3,3,0,476.2380000000003,0.3299492220966015,-0.387348547,12.179667405172454,0.1371924781033726,-1.315066846,315.5099999999999,0,0,0,0,0,0,0,0,0,0,12,0,0,0,2,0,0,0,0,0,0,0,5,1,3,1,0,0,3,0,3,0,0,0,0,0,0,0,0,0,0,0,0,0,0,-10.00667454,0,0,0,11.334942365835223,0,0,0,0,0,0,0,17.662775915896404,0.5754554043839755,-3.654355714,-0.137192478,0,0,35.3913199906021,0,13.762741659361426,0,0,0,0,0.3409893317950951,0.9250928004388416,6219.836136446407,1.056608285519487,0.3527647940735513,-0.537546353,12,4,10,12,0,0,0,0,3,0.3157894736842105,0,0,0,1,0,0,0,0,0,0,0,0,0,0,0,0,0,0,0,0,0,0,0,0,3,0,0,0,0,0,0,0,0,0,0,0,0,0,0,0.3947368421052631,4,0,0,302,258.4377
759,O=[N+]([O-])c1cc([N+](=O)[O-])c2cc1Oc1cc(c([N+](=O)[O-])cc1[N+](=O)[O-])Oc1cc(c([N+](=O)[O-])cc1[N+](=O)[O-])Oc1cc(c([N+](=O)[O-])cc1[N+](=O)[O-])O2,0,28,0,1,1,4,0,4,20,0,28,5,8,0,0,0,0,8,8,0,728.3640000000003,0.3182424525631674,-0.442565641,11.932140514397563,0.1890812652221378,-1.298004055,382.04,0,0,0,0,0,8,0,0,0,0,16,0,0,0,0,0,0,0,0,0,0,0,0,0,8,0,0,0,8,4,0,0,0,0,0,0,0,0,0,0,2.136009977810121,0,0,0,0,-19.45634249,0,0,0,0,0,0,0,0,0,0,0,0,0,-10.21338198,0,0,0,95.45712411518048,21.286132931389066,0,0,0,0,0,0.51196885600071,0.5893521982244574,17495.089427009294,0.8795305176885808,0.1537692692115479,-0.702945231,24,8,20,8,0,0,0,0,8,0.5333333333333333,0,0,4,0,0,0,0,0,0,0,0,0,0,0,0,0,0,0,0,0,0,0,0,0,0,0,0,0,0,0,0,0,0,0,0,0,0,0,0,0,1,0,0,375.5,310.03494
760,Nc1c([N+](=O)[O-])cc(-n2cc([N+](=O)[O-])cn2)cc1[N+](=O)[O-],2,12,0,0,0,1,1,2,9,1,12,2,4,0,0,1,0,3,2,0,294.18300000000005,0.3069708958027262,-0.387498429,10.858619457042076,0.0873148148148141,-0.885172588,173.26,0,0,0,0,0,4,0,0,0,0,5,0,0,0,1,0,0,0,0,0,0,0,1,0,3,1,0,0,3,0,0,0,0,0,0,0,0,0,0,0,3.7689654195011335,0,0,0,0,-2.418571219,0,0,0,5.364364921894683,0,0,0,0,0,0,0,3.627227891156463,0,-2.488969671,0.9142592592592592,0,0,32.283028365667256,0,0,0,0,0,0,0.2529600701354005,0.7665928147184836,4131.902856000682,0.2512532150875993,0.2855365537777507,-0.815818725,9,6,6,6,0,0,0,0,3,0.4444444444444444,0,0,1,0,0,0,0,0,0,0,0,0,0,0,0,0,0,0,0,0,0,0,0,0,0,1,0,0,0,0,0,0,0,0,0,0,0,0,0,0,0,0,0,301,255.74635
761,NC1C([N+](=O)[O-])N=Nc2nc(C(F)(F)F)nn21,2,9,0,1,1,0,1,1,8,1,12,2,1,0,0,1,0,1,0,0,251.128,0.4529871781847499,-0.301860972,12.271780360292263,0.5111805555555555,-4.774113993,124.59,0,0,0,0,0,0,2,0,0,0,2,0,1,0,1,0,0,0,0,0,0,2,2,0,1,1,0,0,1,0,0,3,0,0,0,0,0,0,0,0,0,-3.146866969,0,0,0,-1.977941704,0,-4.774113993,0,5.345842781557067,0,0,0,0,0,0,6.329896069538926,6.06312358276644,0,-0.868999433,0.5310416666666666,0,0,10.46633845899471,0,0,36.81534108087679,0,0,0,0.1561231848936787,0.9195345198147178,2451.6991632416257,0.4381476342291123,0.3902392405466535,-0.637125291,5,4,2,7,0,0,0,0,1,0.1904761904761904,0,0,0,0,0,0,0,0,0,0,0,0,0,0,1,0,0,0,0,0,0,0,0,0,0,0,0,0,0,1,0,0,0,0,0,0,0,0,0,0.238095238095238,2,0,0,300.3,139.62167
762,O=c1nc2nnc3nc([N+](=O)[O-])nn3n2[nH]1,1,12,0,0,0,0,3,3,10,1,12,3,1,0,1,0,0,1,0,0,223.112,0.4945836100069029,-0.38968986,10.922582671957672,0.0580574452003017,-0.782193405,149.27,0,0,0,0,0,0,0,0,0,0,1,2,0,0,0,0,0,0,1,0,0,0,5,0,1,2,0,0,2,0,0,0,0,0,0,0,0,0,0,0,0,0,0,0,0,-0.642269463,-0.175788927,0,0,0,0,0,0,2.2390580120937265,0,0,0,17.47375094482237,0,-0.782193405,1.9300925925925925,0,0,21.356654856387,0,0,0,0,0,0,0.1865400100929737,0.8134599899290657,1914.7236864990664,8.721106304995334e-06,0.5647387859012514,-0.394420739,4,1,3,9,0,0,0,0,1,0.2352941176470588,0,0,0,0,0,0,0,0,0,0,0,0,0,0,0,0,0,1,0,0,0,0,0,0,0,0,0,0,0,1,1,0,0,0,0,0,0,0,0,0.6470588235294118,3,0,0,300,265.98856
763,O=[N+]([O-])c1cc([N+](=O)[O-])n(-c2nc[nH]n2)n1,1,11,0,0,0,0,2,2,8,1,11,2,3,0,1,0,0,2,0,0,225.124,0.4204708289008785,-0.357789274,10.60924792139078,0.1390740740740736,-0.837148526,145.67000000000002,0,0,0,0,0,2,0,0,0,0,3,0,0,0,0,0,0,0,1,0,0,0,3,0,2,1,0,0,2,0,0,0,0,0,0,0,0,0,0,0,1.905686885865457,0,0,0,0,-1.358703704,0,0,0,0,0,0,0,2.3184519085411943,0,0,0,10.552821239606953,0,-1.646315193,0.6752314814814813,0,0,21.02641369047619,0,0,0,0,0,0,0.3310221898538685,0.6883352904591132,1889.775985281052,0.2029854987234825,0.4353156482649561,-0.533039569,5,3,4,7,0,0,0,0,2,0.4210526315789473,0,0,0,0,0,0,0,0,0,0,0,0,0,0,0,0,0,0,0,0,0,0,0,0,0,0,1,0,0,1,0,0,0,0,0,0,0,0,0,0.2631578947368421,0,0,0,300,249.55139
764,O=c1[nH]c2c([N+](=O)[O-])c([N+](=O)[O-])c([N+](=O)[O-])c([N+](=O)[O-])c2[nH]1,2,15,0,0,0,1,1,2,9,2,15,2,4,0,2,0,0,4,4,0,314.12600000000003,0.4318098194250246,-0.299540342,11.2048223733938,0.875925925925926,-1.690324074,221.21,0,0,0,0,0,0,0,0,0,0,4,2,0,0,0,0,0,0,2,0,0,0,0,0,4,0,0,0,5,0,0,0,0,0,0,0,0,0,0,0,0,0,0,0,0,-6.222037037,-1.751851852,0,0,0,0,0,0,3.561634542705971,0,0,0,0,0,-5.67659675,0,0,0,55.058412698412695,0,0,0,0,0,0,0.5158611066854754,0.5460075914569296,2914.324482256144,0.290388675498782,0.2674086194711676,-0.305609851,7,2,9,6,0,0,0,0,4,0.6666666666666666,0,0,0,0,1,0,0,0,0,0,0,0,0,0,0,0,0,0,0,0,0,0,0,0,1,0,0,0,0,0,0,0,0,0,0,0,0,0,0,0.2083333333333333,2,1,0,299,229.0679
765,O=[N+]([O-])c1n[nH]c([N+](=O)[O-])c1-c1c([N+](=O)[O-])n[nH]c1[N+](=O)[O-],2,16,0,0,0,0,2,2,10,2,16,2,5,0,2,0,0,4,0,0,314.13000000000005,0.4282156681730551,-0.357789077,10.85657879818594,1.0118981481481482,-1.181265117,229.92,0,0,0,0,0,0,0,0,0,0,6,0,0,0,0,0,0,0,2,0,0,0,2,0,4,0,0,0,4,0,0,0,0,0,0,0,0,0,0,0,0,0,0,0,0,-6.609722222,0,0,0,0,0,0,0,3.3962320483749053,0,0,0,6.082309145880575,0,-4.676449358,0,0,0,43.40381519274376,0,0,0,0,0,0,0.7329633142249182,0.8354413825993947,2001.5218440414667,1.07776789765849,0.3565402858689077,-0.254671633,6,2,8,8,0,0,0,0,4,0.6666666666666666,0,0,0,0,0,0,0,0,0,0,0,0,0,0,0,0,0,0,0,0,0,0,0,0,0,0,2,0,0,0,0,0,0,0,0,0,0,0,0,0,0,0,0,298,269.96432
766,Nc1nc(Nc2nnn[nH]2)c([N+](=O)[O-])cc1[N+](=O)[O-],4,13,0,0,0,0,2,2,10,3,13,2,4,0,2,1,0,2,0,0,267.165,0.3183631212298384,-0.37789091,10.836638321995466,0.0242101284958426,-0.865955767,191.68,0,0,0,0,0,1,0,0,0,0,5,0,0,0,1,0,0,1,1,0,0,0,4,0,2,0,0,0,2,0,0,0,0,0,0,0,0,0,0,0,0.7028410808767951,0,0,0,0,-2.091368103,0,0,0,5.343062169312169,0,0,2.3937802343159484,2.287987292139078,0,0,0,13.473596466364322,0,-1.707651723,0,0,0,21.465542957923912,0,0,0,0,0,0,0.3060524224374547,0.7330272657547234,2862.126002049132,0.4125508231381241,0.4716186626242211,-0.628824883,6,5,4,9,0,0,0,0,2,0.3333333333333333,0,0,0,0,0,0,0,1,0,0,0,0,0,0,0,0,0,0,0,0,0,0,0,0,0,0,0,0,0,0,0,0,0,0,1,0,0,0,0,0.2083333333333333,0,0,0,297,270.33786
767,Cn1nc(/N=N/c2nn(C)nc2[N+](=O)[O-])c([N+](=O)[O-])n1,0,14,0,0,0,0,2,2,12,0,14,2,4,2,0,0,0,2,0,0,282.18,0.4381848253317768,-0.357643286,10.673442302847064,0.3912490551776264,-0.799168714,172.42000000000002,2,0,0,0,0,0,0,0,0,0,4,0,0,0,0,0,0,0,0,0,0,2,4,0,2,2,0,0,2,0,0,0,0,0,0,2.715858528596624,0,0,0,0,0,0,0,0,0,-2.027325208,0,0,0,0,0,0,0,0,0,0,6.887037037037037,14.139372323003276,0,-1.598337428,1.8562922020660115,0,0,21.34688460569413,0,0,0,0,0,0,0.2566113612084373,0.7588780127030808,3371.930267366239,0.2916051275956671,0.4961372173789781,-0.623715359,6,6,4,10,0,0,0,0,2,0.3076923076923077,0,0,0,0,0,0,0,0,0,0,0,0,0,0,0,0,0,0,0,0,0,0,0,0,0,0,0,0,0,0,2,0,0,0,0,0,0,0,0,0,0,0,0,297,251.40205
768,O=[N+]([O-])c1nn(O)c2c([N+](=O)[O-])nn(O)c12,2,12,0,0,0,0,2,2,10,2,12,2,2,0,0,0,0,2,0,0,230.096,0.4256116578558881,-0.394884365,10.456114890400606,0.0780555555555553,-1.020655707,162.38000000000002,0,0,0,0,0,0,0,0,0,0,2,2,0,0,0,0,0,0,0,0,0,0,2,0,2,2,0,2,2,0,0,0,0,0,0,0,0,0,0,0,0,0,0,0,0,-1.887777778,-1.307037037,0,0,0,0,0,0,0,0,0,0,6.002037037037037,0,-2.041311413,-0.156111111,0,18.232407407407408,20.91222978080121,0,0,0,0,0,0,0.2952310393513473,0.7492406172696141,1670.9434552466485,0.3112804968570503,0.3650650163410054,-0.208608581,4,2,6,6,0,0,0,0,2,0.4444444444444444,0,0,0,0,0,0,0,0,0,0,0,0,0,0,0,0,0,0,0,0,0,0,0,0,0,2,0,0,0,0,0,0,0,0,0,0,0,0,0,0,2,0,0,296,265.667
769,O=[N+]([O-])c1cc([N+](=O)[O-])[nH]n1,1,8,0,0,0,0,1,1,5,1,8,1,2,0,1,0,0,2,0,0,158.073,0.4195863595144354,-0.357805988,9.948564814814816,0.4891666666666661,-0.815972222,114.96,0,0,0,0,0,1,0,0,0,0,2,0,0,0,0,0,0,0,1,0,0,0,1,0,2,0,0,0,2,0,0,0,0,0,0,0,0,0,0,0,0.7499999999999998,0,0,0,0,-1.047777778,0,0,0,0,0,0,0,1.8957870370370369,0,0,0,3.071203703703704,0,-1.607638889,0,0,0,19.88587962962963,0,0,0,0,0,0,0.1627244877736424,0.8372755122271648,991.4623681718798,1.4540162392381883e-06,0.3542666995628601,-0.303657171,3,2,4,4,0,0,0,0,2,0.6153846153846154,0,0,0,0,0,0,0,0,0,0,0,0,0,0,0,0,0,0,0,0,0,0,0,0,0,0,1,0,0,0,0,0,0,0,0,0,0,0,0,0,1,0,0,295,302.23593
770,N#Cc1nnc2c([N+](=O)[O-])c(N)nn2c1N,4,10,0,0,0,0,2,2,9,2,10,2,1,0,0,2,1,1,0,0,220.152,0.3585257255417534,-0.381094698,10.66124472474175,0.1460185185185183,-0.738259637,162.05,0,0,0,0,0,0,0,0,1,0,4,1,0,0,2,0,0,0,0,1,0,0,3,0,1,1,0,0,1,0,0,0,0,0,0,0,0,0,0,0,0,0,0,1.6752168367346938,0,-1.137057823,-0.19537037,0,0,10.843996598639457,0,0,0,0,8.624447908793147,0,0,10.522175925925929,0,-0.738259637,0.915694444444444,0,0,10.66124472474175,0,0,0,0,0,0,0.2239397250440495,0.7764762874650422,1866.3586363715597,0.0190937543068216,0.5087394164032122,-0.872124714,6,4,2,8,0,0,0,0,1,0.2,0,0,0,0,0,0,0,0,0,0,0,0,0,1,0,0,0,0,0,0,0,0,0,0,0,1,0,0,0,0,0,0,0,0,0,0,0,0,0,0.3,2,0,0,370,294.56418
771,Cc1c([N+](=O)[O-])cc([N+](=O)[O-])cc1[N+](=O)[O-],0,9,0,0,0,1,0,1,6,0,9,1,3,0,0,0,0,3,3,1,227.132,0.2855637870442924,-0.258302312,10.53175925925926,0.2077777777777771,-0.917222222,129.42000000000002,1,0,0,0,0,2,0,0,0,0,4,0,0,0,0,0,0,0,0,0,0,0,0,0,3,0,0,0,3,0,0,0,0,0,0,1.1666591080876794,0,0,0,0,1.3935185185185184,0,0,0,0,-2.160740741,0,0,0,0,0,0,0,0,0,0,0,0,0,-2.704259259,0,0,0,31.48574452003023,0,0,0,0,0,0,0.5164280172419574,0.5335372263314523,1889.3872838407544,0.2624290096074417,0.1849144990578165,-0.739657996,7,5,6,3,0,0,0,0,3,0.5714285714285714,0,0,0,1,0,0,0,0,0,0,0,0,0,0,0,0,0,0,0,0,0,0,0,0,0,0,0,0,0,0,0,0,0,0,0,0,0,0,0,0,1,1,0,295,236.28087
772,Nc1c([N+](=O)[O-])cc([N+](=O)[O-])c(N)c1F,4,8,0,0,0,1,0,1,6,2,9,1,2,0,0,2,0,2,2,0,216.128,0.3016919171217068,-0.390678155,13.113518518518518,0.521574074074074,-1.351018519,138.32000000000002,0,0,0,0,0,1,0,0,0,0,5,0,0,0,2,0,0,0,0,0,0,0,0,0,2,0,0,0,2,0,0,1,0,0,0,0,0,0,0,0,0.521574074074074,0,0,0,0,-4.746388889,0,0,0,10.068250188964477,0,0,0,0,0,0,0,0,0,-2.045925926,0,0,0,20.711152683295538,0,0,13.113518518518518,0,0,0,0.3881798561419125,0.6515922187246078,1615.2680623678566,0.2125542146721716,0.2591057151317738,-0.777317145,6,5,4,4,0,0,0,0,2,0.4,0,0,1,0,0,0,0,0,0,0,0,0,0,0,0,0,0,0,0,0,0,0,0,0,0,0,0,0,0,0,0,0,0,0,0,0,0,0,0,0,1,1,0,294,313.007
773,O=[N+]([O-])c1cc([N+](=O)[O-])c2[nH]nnc2c1,1,9,0,0,0,1,1,2,6,1,9,2,2,0,1,0,0,2,2,2,209.121,0.3029234208238506,-0.258304831,10.595092592592591,0.07462962962963,-0.726990741,127.85,0,0,0,0,0,2,0,0,0,0,2,2,0,0,0,0,0,0,1,0,0,0,2,0,2,0,0,0,2,0,0,0,0,0,0,0,0,0,0,0,1.9801851851851848,0,0,0,0,-0.798796296,0.1680555555555563,0,0,0,0,0,0,2.31026171579743,0,0,0,6.83312358276644,0,-1.448101852,0,0,0,21.0609693877551,0,0,0,0,0,0,0.3677605002110758,0.6383442521620913,1588.7631616496708,0.0635887503977127,0.334734436044204,-0.726851918,6,3,4,5,0,0,0,0,2,0.4444444444444444,0,0,1,0,0,0,0,0,0,0,0,0,0,0,0,0,0,0,0,0,0,0,0,0,0,0,0,0,0,1,0,0,0,0,0,0,0,0,0,0.2777777777777778,2,0,0,291,278.41434
774,Nc1n[n+]([O-])nc2c([N+](=O)[O-])n[nH]c12,3,10,0,0,0,0,2,2,7,2,10,2,1,0,1,1,0,1,0,0,197.114,0.422174817291475,-0.569233538,10.727222222222222,0.0729629629629631,-0.772546296,150.55999999999997,0,0,0,0,0,0,0,0,0,0,2,2,0,0,1,0,0,0,1,0,0,0,3,0,1,1,0,0,1,0,0,0,0,0,0,0,0,0,0,0,0,0,0,0,0,-0.746018519,-0.137685185,0,0,5.304726946334089,0,0,0,2.271111111111111,0,0,0,9.798586545729403,0,-0.772546296,-0.097037037,0,0,10.40915343915344,0,0,0,0,0,0,0.3297874011587494,0.6702125988665768,1322.5492365889213,7.176979260098742e-06,0.4971742240530859,-0.527613462,4,3,3,7,0,0,0,0,1,0.2352941176470588,0,0,0,0,0,0,0,0,0,0,0,0,0,1,0,0,0,0,0,0,0,0,0,0,0,1,0,0,0,0,0,0,0,0,0,0,0,0,0,0.3529411764705882,2,0,0,291,282.05203
775,Nc1[nH]c2c([N+](=O)[O-])cnn2c(=O)c1[N+](=O)[O-],3,11,0,0,0,0,2,2,8,2,11,2,2,0,1,1,0,2,0,0,240.135,0.3750883235707435,-0.379301397,11.56287037037037,0.3026851851851848,-1.130231481,162.46,0,0,0,0,0,1,0,0,0,0,3,1,0,0,1,0,0,0,1,0,0,0,1,0,2,1,0,0,3,0,0,0,0,0,0,0,0,0,0,0,0.8019831821617536,0,0,0,0,-1.962688964,-0.302685185,0,0,5.255699168556312,0,0,0,2.205324074074074,0,0,0,3.394861111111111,0,-1.773148148,0.5204629629629629,0,0,32.693313492063496,0,0,0,0,0,0,0.2310640909186465,0.7879322461191595,2099.3170304778982,0.1084145860665169,0.34980323567993,-0.59966269,6,4,5,6,0,0,0,0,2,0.3809523809523809,0,0,0,0,0,0,0,0,0,0,1,0,0,0,0,0,0,0,0,0,0,0,0,0,0,1,0,0,0,0,0,0,0,0,0,0,0,0,0,0,2,0,0,291,287.99207
776,O=[N+]([O-])c1nnn2c1-c1c([N+](=O)[O-])nnn1CCC2,0,12,0,1,1,0,2,2,10,0,12,3,2,2,0,0,0,2,0,0,266.177,0.4200089504507311,-0.357684843,10.92886999244142,0.0285185185185179,-0.730933485,147.7,0,0,3,0,0,0,0,0,0,0,4,0,0,0,0,0,0,0,0,0,0,0,4,0,2,2,0,0,2,0,0,0,0,0,0,0,0,1.313892668178382,0,0,0,0,0,0,0,-1.124537037,0,0,0,0,0,0,0,0,0,0,0,14.181383219954649,0,-1.461866969,2.542314814814815,0,0,21.85773998488284,0,0,0,0,0,0,0.5410234434256839,0.6171720344570313,1849.5527317566173,0.6645809094816734,0.4207726437671175,-0.78143491,7,6,4,8,0,0,0,0,2,0.32,0,0,0,0,0,0,0,0,0,0,0,0,0,0,0,0,0,0,0,0,0,0,0,0,0,0,0,0,0,0,2,0,0,0,0,0,0,0,0,0,3,1,0,290,290.32425
777,O=[N+]([O-])c1cnc(Nc2nc3c([N+](=O)[O-])cc([N+](=O)[O-])cn3n2)c([N+](=O)[O-])c1,1,17,0,0,0,0,3,3,13,1,17,3,6,0,1,0,0,4,0,0,391.2160000000001,0.3202708433067151,-0.301644231,11.117992058980516,0.3725326488620133,-0.939064644,227.67,0,0,0,0,0,4,0,0,0,0,6,1,0,0,0,0,0,1,0,0,0,0,3,0,4,1,0,0,4,0,0,0,0,0,0,0,0,0,0,0,2.939887355309432,0,0,0,0,-3.631741284,-0.372532649,0,0,0,0,0,2.3133895502645503,0,0,0,0,11.072923910304864,0,-3.599029839,0.7458564814814814,0,0,43.84895657050658,0,0,0,0,0,0,0.1886097126014664,0.835300006757579,7845.349664295376,0.3954236594841543,0.322072716862296,-0.674819026,11,5,8,9,0,0,0,0,4,0.4848484848484848,0,0,0,0,0,0,0,2,0,0,0,0,0,0,0,0,0,0,0,0,0,0,0,0,0,0,0,0,0,1,0,0,0,0,0,0,0,0,0,0.1515151515151515,2,0,0,290,253.54178
778,Nc1nn2nnnc2c([N+](=O)[O-])c1N,4,10,0,0,0,0,2,2,9,2,10,2,1,0,0,2,0,1,0,0,196.13,0.3435192308557638,-0.389945205,10.61925925925926,0.1373148148148144,-0.709259259,151.15,0,0,0,0,0,0,0,0,0,0,3,1,0,0,2,0,0,0,0,0,0,0,4,0,1,1,0,0,1,0,0,0,0,0,0,0,0,0,0,0,0,0,0,0,0,-0.864537037,-0.137314815,0,0,10.6975,0,0,0,0,0,0,0,13.590740740740742,0,-0.709259259,0.8510185185185182,0,0,10.61925925925926,0,0,0,0,0,0,0.4979390739799443,0.5281932880306652,1175.766267731724,0.1542524101748011,0.5710498138989445,-0.652628359,4,4,2,8,0,0,0,0,1,0.2222222222222222,0,0,0,0,0,0,0,0,0,0,1,0,0,0,0,0,0,0,0,0,0,0,0,0,0,0,0,0,0,0,0,0,0,0,1,0,0,0,0,0.2777777777777778,2,0,0,290,293.3965
779,Nc1c([N+](=O)[O-])c(N)c([N+](=O)[O-])c(N2c3nonc3-c3nonc3-c3nonc32)c1[N+](=O)[O-],4,21,0,1,1,1,3,4,18,2,21,5,4,0,0,2,0,3,3,0,460.23900000000026,0.3299492029091186,-0.387348547,11.95513211766188,0.1260540018476521,-1.252141676,301.45999999999987,0,0,0,0,0,0,0,0,0,0,12,0,0,0,2,0,0,0,0,0,0,0,6,1,3,0,0,0,3,0,3,0,0,0,0,0,0,0,0,0,0,0,0,0,0,-8.461481691,0,0,0,11.37025100781053,0,0,0,0,0,0,0,21.728481096091123,0.6743442932728645,-3.530826609,0,0,0,35.35836416976749,0,14.002503564123332,0,0,0,0,0.3751294835660436,0.9935132547928296,5463.146903602923,0.917234439069428,0.3650277355895522,-0.590997286,12,4,9,12,0,0,0,0,3,0.3243243243243243,0,0,0,1,0,0,0,0,0,0,0,0,0,0,0,0,0,0,0,0,0,0,0,0,3,0,0,0,0,0,0,0,0,0,0,0,0,0,0,0.4054054054054054,4,0,0,290,253.17357
780,NC(N)=Nc1nc([N+](=O)[O-])no1,4,9,0,0,0,0,1,1,6,2,9,1,2,0,0,2,0,1,0,0,172.10399999999998,0.5116971702377405,-0.389657097,10.009630574452004,0.3115296674225238,-0.824178949,146.45999999999998,0,0,0,0,0,0,0,0,0,1,2,0,0,0,2,0,0,0,0,0,0,1,2,0,1,0,0,0,1,0,1,0,0,0,0,0,0,0,0,0,0,0,0,0,-0.311529667,-1.030833333,0,0,0,9.879873393801963,0,0,0,0,0,0,3.29,6.190925925925926,0,-0.824178949,0,0,0,10.009630574452004,0,4.286481481481482,0,0,0,0,0.1697668309181038,0.8429611783502176,1239.9753374610234,0.2354694396869326,0.4880769767117555,-0.464835216,3,4,3,6,0,0,0,0,1,0.25,0,0,0,0,0,0,0,0,0,0,0,0,0,0,0,0,0,0,0,0,0,0,0,0,0,1,0,0,0,0,0,0,0,0,0,0,0,0,0,0,1,0,0,290,286.35397
781,O=[N+]([O-])c1c[nH]nc1-c1nnc(-c2nnc(-c3n[nH]cc3[N+](=O)[O-])o2)o1,2,16,0,0,0,0,4,4,12,2,16,4,5,0,2,0,0,2,0,0,360.2060000000001,0.3192493342895014,-0.4103064,10.90451880869713,0.169974207824135,-0.676375175,221.48,0,0,0,0,0,2,0,0,0,0,8,0,0,0,0,0,0,0,2,0,0,0,6,0,2,0,0,0,2,0,2,0,0,0,0,0,0,0,0,0,2.1125274281846176,0,0,0,0,-2.078369922,0,0,0,0,0,0,0,4.640480935361818,0,0,0,21.90180475085147,0,-1.35275035,0,0,0,21.80903761739426,0,10.491565255731922,0,0,0,0,0.1243617874554648,0.8810898954339024,7037.83754333791,0.1537168903498564,0.3886664852889734,-0.71070443,10,4,6,10,0,0,0,0,2,0.2666666666666666,0,0,0,0,0,0,0,0,0,0,0,0,0,0,0,0,0,0,0,0,0,0,0,0,2,2,0,0,0,0,0,0,0,0,0,0,0,0,0,0.3333333333333333,0,0,0,368,284.74152
782,O=[N+]([O-])c1n[nH]nc1Nc1nnn[nH]1,3,11,0,0,0,0,2,2,8,3,11,2,3,0,3,0,0,1,0,0,197.11800000000005,0.4341756315874333,-0.357645032,10.392543461829176,0.0615277777777771,-0.684890401,151.2,0,0,0,0,0,0,0,0,0,0,3,0,0,0,0,0,0,1,2,0,0,0,5,0,1,0,0,0,1,0,0,0,0,0,0,0,0,0,0,0,0,0,0,0,0,-0.350046296,0,0,0,0,0,0,2.475648148148148,4.459436885865458,0,0,0,16.814764739229023,0,-0.684890401,0,0,0,10.392543461829176,0,0,0,0,0,0,0.2169835457476057,0.807745836366356,1531.3813116640044,0.3261382409684618,0.6392110309560768,-0.446433101,3,3,2,9,0,0,0,0,1,0.2352941176470588,0,0,0,0,0,0,0,0,0,0,0,0,0,0,0,0,0,0,0,0,0,0,0,0,0,0,0,0,0,0,1,0,0,0,1,0,0,0,0,0.2941176470588235,0,0,0,308,277.6297
783,O=[N+]([O-])c1n[nH]cc1-c1cn[nH]c1,2,7,0,0,0,0,2,2,4,2,7,2,2,0,2,0,0,1,0,0,179.13900000000004,0.3971493104222002,-0.357726751,10.47050642479214,0.1931481481481476,-0.542824074,100.5,0,0,0,0,0,3,0,0,0,0,3,0,0,0,0,0,0,0,2,0,0,0,2,0,1,0,0,0,1,0,0,0,0,0,0,0,0,0,0,0,4.526481481481481,0,0,0,0,0.8755555555555568,0,0,0,0,0,0,0,5.004520975056689,0,0,0,7.19525321239607,0,-0.542824074,0,0,0,10.47050642479214,0,0,0,0,0,0,0.3292069031239913,0.7072529153821844,1110.5608792985718,0.3043176211018761,0.3907580147259947,-1.116451471,6,5,2,5,0,0,0,0,1,0.2222222222222222,0,0,0,0,0,0,0,0,0,0,0,0,0,0,0,0,0,0,0,0,0,0,0,0,1,1,0,0,0,0,0,0,0,0,0,0,0,0,0,0.2777777777777778,0,0,0,303,323.09634
784,O=[N+]([O-])N(Cn1nc(I)c(I)c1I)Cn1nc(I)c(I)c1I,0,8,0,0,0,0,2,2,6,0,14,2,5,0,0,0,0,1,0,0,977.5839999999996,0.1735961441760195,-0.234543064,11.351131897203327,0.0628716553287977,-0.42164777,82.02,0,0,2,0,0,0,0,0,0,0,6,0,0,0,0,0,0,0,0,0,0,0,2,1,1,2,0,0,1,0,0,0,0,0,6,0,0,0.125743310657596,0,0,0,0,0,0,0,5.439449088771312,0,0,0,0,0,0,0,0,0,0,0,8.652971151423532,1.0859555555555556,-0.42164777,3.248424036281179,0,0,11.351131897203327,0,0,0,0,0,12.886840833123372,0.1888297044597341,0.8815874745882066,24884.65199956501,0.7535608395017993,0.0859261199037627,-0.26187008,8,4,2,6,1,0,0,0,0,0.1538461538461538,0,0,0,0,0,0,0,0,0,0,0,0,0,0,0,0,0,0,0,0,0,0,0,0,2,0,0,0,0,0,0,0,0,0,0,0,0,0,0,0.3846153846153846,0,0,0,270,377.0767
785,O=[N+]([O-])c1nnn(Cc2noc(C(F)(F)F)n2)n1,0,10,0,0,0,0,2,2,9,0,13,2,3,0,0,0,0,1,0,0,265.111,0.5142632241744478,-0.389644376,12.113988193277514,0.3799787414965985,-4.756903108,125.66,0,0,1,0,0,0,0,0,0,0,3,0,1,0,0,0,0,0,0,0,0,0,5,0,1,1,0,0,1,0,1,3,0,0,0,0,0,-0.430138889,0,0,0,0,0,0,0,-2.684002097,0,-4.756903108,0,0,0,0,0,0,0,0,0,15.603007487717308,0,-0.901915864,0.6697826908541193,0,0,10.23097401729797,0,3.9462571649029994,36.34196457983254,0,0,0,0.1797203664839384,0.9835155509316942,2996.1715640983766,0.77463258533935,0.3696564835106805,-0.482816632,5,2,3,7,0,0,0,0,1,0.2,0,0,0,0,0,0,0,0,0,0,0,0,0,0,0,0,0,0,0,0,0,0,0,0,1,0,0,0,0,0,0,0,0,0,0,1,0,0,0,0.25,0,0,0,261.6,214.36684
786,O=[N+]([O-])c1nnn(Cc2ncon2)n1,0,10,0,0,0,0,2,2,9,0,10,2,3,0,0,0,0,1,0,0,197.11400000000003,0.5142632241686274,-0.389644376,10.194152179390276,0.0806944444444441,-0.736383456,125.66,0,0,1,0,0,1,0,0,0,0,2,0,0,0,0,0,0,0,0,0,0,0,5,0,1,1,0,0,1,0,1,0,0,0,0,0,0,0.0806944444444441,0,0,1.1395581380700426,0,0,0,0,-0.244636243,0,0,0,0,0,0,0,0,0,0,0,17.246159297052152,0,-0.736383456,1.0029629629629628,0,0,10.194152179390276,0,4.456673831569665,0,0,0,0,0.1971750401578763,0.9305351351675606,1529.743652547562,0.7533648297115557,0.4971742240530859,-0.527613462,4,3,3,7,0,0,0,0,1,0.2352941176470588,0,0,0,0,0,0,0,0,0,0,0,0,0,0,0,0,0,0,0,0,0,0,0,0,1,0,0,0,0,0,0,0,0,0,0,1,0,0,0,0.2941176470588235,0,0,0,241.1,251.89719
787,O=[N+]([O-])c1nc(-c2nnn[nH]2)c(-c2nnn[nH]2)[nH]1,3,13,0,0,0,0,3,3,9,3,13,3,3,0,3,0,0,1,0,0,249.15400000000005,0.433034329483253,-0.389820681,10.69374433106576,0.1437500000000007,-0.679965986,180.74,0,0,0,0,0,0,0,0,0,0,5,0,0,0,0,0,0,0,3,0,0,0,7,0,1,0,0,0,1,0,0,0,0,0,0,0,0,0,0,0,0,0,0,0,0,0.2324537037037055,0,0,0,0,0,0,0,7.380123771730915,0,0,0,24.513233182161752,0,-0.679965986,0,0,0,10.69374433106576,0,0,0,0,0,0,0.4111180996297697,0.5888819017297607,2428.5289963066475,6.243039826226831e-05,0.6180916220490137,-0.610064458,5,3,2,11,0,0,0,0,1,0.1904761904761904,0,0,0,0,0,0,0,0,0,0,0,0,0,0,0,0,0,0,0,0,0,0,0,0,0,1,0,0,0,0,0,0,0,0,2,0,0,0,0,0.4761904761904761,0,0,0,237.6,240.59831
788,O=[N+]([O-])c1cc(C(F)(F)F)ccc1-n1ccnn1,0,6,0,0,0,1,1,2,5,0,9,2,2,0,0,0,0,1,1,0,258.159,0.4161630844865212,-0.258240826,12.44807240488788,0.0782407407407403,-4.633277353,73.85,0,0,0,0,0,5,0,0,0,0,3,0,1,0,0,0,0,0,0,0,0,0,2,0,1,1,0,0,1,0,0,3,0,0,0,0,0,0,0,0,4.7714820719954645,0,0,0,0,-1.848249717,0,-4.633277353,0,0,0,0,0,0,0,0,0,6.940684169501134,0,-0.896574074,1.0260789871504157,0,0,10.772819349962209,0,0,37.34421721466365,0,0,0,0.2291385534071006,0.842036900436821,2545.416790410205,0.4293840745454817,0.2169205799526649,-1.146580208,9,5,2,4,0,0,0,0,1,0.1739130434782608,0,1,0,0,0,0,0,0,0,0,0,0,0,0,0,0,0,0,0,0,0,0,0,0,0,0,0,0,0,1,0,0,0,0,0,0,0,0,0,0.217391304347826,0,0,0,237,226.39557
789,O=[N+]([O-])c1nonc1Nc1nnc2nncn2n1,1,13,0,0,0,0,3,3,12,1,13,3,3,0,1,0,0,1,0,0,250.13800000000003,0.4586803127778842,-0.35760009,10.565536396657428,0.0406481481481475,-0.760354151,162.95,0,0,0,0,0,1,0,0,0,0,3,1,0,0,0,0,0,1,0,0,0,0,7,0,1,1,0,0,1,0,1,0,0,0,0,0,0,0,0,0,1.29628267510708,0,0,0,0,-0.849280045,0.1882662246997568,0,0,0,0,0,2.445648148148148,0,0,0,0,24.74418572058453,0,-0.760354151,1.2308314436885863,0,0,10.565536396657428,0,4.24001385739481,0,0,0,0,0.1509247888436223,0.8611514809250281,2818.079057776578,0.2255733955713408,0.5596910505401018,-0.511717532,5,2,3,10,0,0,0,0,1,0.2,0,0,0,0,0,0,0,0,0,0,0,0,0,0,0,0,0,1,0,0,0,0,0,0,0,1,0,0,0,1,0,0,0,0,0,0,0,0,0,0.55,2,0,0,229.1,271.6083
790,O=[N+]([O-])c1noc(Nc2nnc3nncn3n2)n1,1,13,0,0,0,0,3,3,12,1,13,3,3,0,1,0,0,1,0,0,250.13800000000003,0.5116351513097439,-0.389657103,10.335329610264676,0.0007851473922908,-0.794872396,162.95,0,0,0,0,0,1,0,0,0,0,3,1,0,0,0,0,0,1,0,0,0,0,7,0,1,1,0,0,1,0,1,0,0,0,0,0,0,0,0,0,1.3109703325774753,0,0,0,0,-0.895734074,0.2056107751742675,0,0,0,0,0,2.455277777777778,0,0,0,0,24.903396534488703,0,-0.794872396,1.2501136936255983,0,0,10.335329610264676,0,4.561244803476947,0,0,0,0,0.1863614114588836,0.813638588609005,2858.5509522045013,1.7266072860323833e-05,0.5596910505401018,-0.511717532,5,2,3,10,0,0,0,0,1,0.2,0,0,0,0,0,0,0,0,0,0,0,0,0,0,0,0,0,1,0,0,0,0,0,0,0,1,0,0,0,1,0,0,0,0,0,0,0,0,0,0.55,2,0,0,226.2,267.8137
791,O=[N+]([O-])c1nc2nc(C(F)(F)F)cc(C(F)(F)F)n2n1,0,7,0,0,0,0,2,2,6,0,13,2,1,0,0,0,0,1,0,0,301.106,0.493037540105718,-0.389690461,12.64277305366591,0.1593518518518517,-5.219485544,86.22,0,0,0,0,0,1,0,0,0,0,3,1,2,0,0,0,0,0,0,0,0,0,3,0,1,1,0,0,1,0,0,6,0,0,0,0,0,0,0,0,-0.300192744,0,0,0,0,-5.030210695,-1.167731481,-10.38369213,0,0,0,0,0,0,0,0,0,8.544271069538926,0,-1.247920446,-0.159351852,0,0,10.349348190665154,0,0,75.21279856,0,0,0,0.3574955363809655,0.7036590885791426,3155.6099518227984,0.2151029517402345,0.232476270814929,-0.664217917,7,1,2,5,0,0,0,0,1,0.1904761904761904,0,0,0,0,0,0,0,0,0,1,0,0,0,0,0,0,0,0,0,0,0,0,0,0,0,0,0,0,0,0,1,0,0,0,0,0,0,0,0,0.2857142857142857,2,0,0,219,180.90765
792,O=[N+]([O-])c1nc[nH]n1,1,6,0,0,0,0,1,1,4,1,6,1,1,0,1,0,0,1,0,0,114.064,0.4902281035962562,-0.389691554,9.722592592592592,0.3981481481481477,-0.670138889,84.71,0,0,0,0,0,1,0,0,0,0,1,0,0,0,0,0,0,0,1,0,0,0,2,0,1,0,0,0,1,0,0,0,0,0,0,0,0,0,0,0,1.150925925925926,0,0,0,0,-0.398148148,0,0,0,0,0,0,0,2.208287037037037,0,0,0,6.430555555555555,0,-0.670138889,0,0,0,9.722592592592592,0,0,0,0,0,0,0.2324465016137714,0.7675534985212432,394.9058247520996,1.739644314042019e-05,0.4909524477486323,-0.420816384,2,2,2,4,0,0,0,0,1,0.4,0,0,0,0,0,0,0,0,0,0,0,0,0,0,0,0,0,0,0,0,0,0,0,0,0,0,0,0,0,0,1,0,0,0,0,0,0,0,0,0,1,0,0,218,278.88153
793,O=[N+]([O-])c1nonc1-c1nnn[nH]1,1,10,0,0,0,0,2,2,8,1,10,2,2,0,1,0,0,1,0,0,183.087,0.4455394177630265,-0.357639448,10.33863567649282,0.035138888888889,-0.741712963,136.52,0,0,0,0,0,0,0,0,0,0,3,0,0,0,0,0,0,0,1,0,0,0,5,0,1,0,0,0,1,0,1,0,0,0,0,0,0,0,0,0,0,0,0,0,0,-0.623611111,0,0,0,0,0,0,0,2.2956481481481483,0,0,0,16.21888605442177,0,-0.741712963,0,0,0,10.33863567649282,0,4.173518518518518,0,0,0,0,0.3401003737298515,0.6809945489839824,1073.3419383157177,0.1781024447657391,0.5352646556008891,-0.305865517,3,1,3,7,0,0,0,0,1,0.2857142857142857,0,0,0,0,0,0,0,0,0,0,0,0,0,0,0,0,0,0,0,0,0,0,0,0,0,1,0,0,0,0,0,0,0,0,1,0,0,0,0,0.3571428571428571,0,0,0,215,278.7871
794,O=[N+]([O-])/N=c1\[nH]nc(-c2nnn[nH]2)[nH]1,3,11,0,0,0,0,2,2,6,3,11,2,2,0,3,0,0,1,0,0,197.118,0.2945115445007401,-0.299505552,9.98745850655077,0.0959259259259255,-0.854732615,154.42999999999998,0,0,0,0,0,0,0,0,0,0,2,0,0,0,0,0,0,0,3,0,0,1,4,0,1,0,0,0,1,0,0,0,0,0,0,0,0,0,0,0,0,0,0,0,0,0.4876369992441427,0,0,0,0,0,0,0,7.216662414965986,0,0,2.956111111111112,13.81533100277148,0,-0.854732615,0,0,0,9.98745850655077,0,0,0,0,0,0,0.0836476436369192,0.9247188433100794,1904.9807064080403,0.0982973522654132,0.6392110309560769,-0.446433101,3,3,2,9,1,0,0,0,0,0.2352941176470588,0,0,0,0,0,0,0,0,0,0,0,0,0,0,0,0,0,0,0,0,0,0,0,0,0,0,0,0,0,1,0,0,0,0,1,0,0,0,0,0.5882352941176471,0,0,0,215,167.15518
795,O=[N+]([O-])/N=c1/[nH]nc(-c2nnn[nH]2)[nH]1,3,11,0,0,0,0,2,2,6,3,11,2,2,0,3,0,0,1,0,0,197.118,0.2945115445007401,-0.299505552,9.98745850655077,0.0959259259259255,-0.854732615,154.42999999999998,0,0,0,0,0,0,0,0,0,0,2,0,0,0,0,0,0,0,3,0,0,1,4,0,1,0,0,0,1,0,0,0,0,0,0,0,0,0,0,0,0,0,0,0,0,0.4876369992441427,0,0,0,0,0,0,0,7.216662414965986,0,0,2.956111111111112,13.81533100277148,0,-0.854732615,0,0,0,9.98745850655077,0,0,0,0,0,0,0.1596263934966255,0.8525728705942878,1703.2662874781695,0.1042796049141518,0.6392110309560769,-0.446433101,3,3,2,9,1,0,0,0,0,0.2352941176470588,0,0,0,0,0,0,0,0,0,0,0,0,0,0,0,0,0,0,0,0,0,0,0,0,0,0,0,0,0,1,0,0,0,0,1,0,0,0,0,0.5882352941176471,0,0,0,215,168.33311
796,O=[N+]([O-])c1nc(-c2nnn[nH]2)n[nH]1,2,10,0,0,0,0,2,2,7,2,10,2,2,0,2,0,0,1,0,0,182.10300000000004,0.4534350421878226,-0.389776849,10.193793461829175,0.0525000000000004,-0.69414966,139.17000000000002,0,0,0,0,0,0,0,0,0,0,3,0,0,0,0,0,0,0,2,0,0,0,5,0,1,0,0,0,1,0,0,0,0,0,0,0,0,0,0,0,0,0,0,0,0,-0.229212963,0,0,0,0,0,0,0,4.483595049130763,0,0,0,17.05218065003779,0,-0.69414966,0,0,0,10.193793461829175,0,0,0,0,0,0,0.1283078042025429,0.8716921958790199,1440.0499299228193,1.570454513974186e-05,0.6150365452518628,-0.439311818,3,2,2,8,0,0,0,0,1,0.2666666666666666,0,0,0,0,0,0,0,0,0,0,0,0,0,0,0,0,0,0,0,0,0,0,0,0,0,0,0,0,0,0,1,0,0,0,1,0,0,0,0,0.3333333333333333,0,0,0,211,262.25012
797,O=[N+]([O-])c1n[nH]c(-c2nn[nH]n2)n1,2,10,0,0,0,0,2,2,7,2,10,2,2,0,2,0,0,1,0,0,182.10300000000004,0.4910348348801733,-0.389691275,10.180151880196522,0.0976388888888892,-0.722140023,139.17,0,0,0,0,0,0,0,0,0,0,3,0,0,0,0,0,0,0,2,0,0,0,5,0,1,0,0,0,1,0,0,0,0,0,0,0,0,0,0,0,0,0,0,0,0,-0.304768519,0,0,0,0,0,0,0,4.499671674225246,0,0,0,17.166933106575964,0,-0.722140023,0,0,0,10.180151880196522,0,0,0,0,0,0,0.1273558199536698,0.8726441800795897,1448.3207471628932,1.0121462043769886e-05,0.6150365452518628,-0.439311818,3,2,2,8,0,0,0,0,1,0.2666666666666666,0,0,0,0,0,0,0,0,0,0,0,0,0,0,0,0,0,0,0,0,0,0,0,0,0,0,0,0,0,0,1,0,0,0,1,0,0,0,0,0.3333333333333333,0,0,0,211,261.9692
798,O=[N+]([O-])c1c(C2CC2)no[n+]1[O-],0,7,1,0,1,0,1,1,5,0,7,2,2,0,0,0,0,1,0,0,171.112,0.5819670330370321,-0.265503863,10.659537037037037,0.0456944444444442,-0.766712963,96.11,0,0,1,0,0,0,1,0,0,0,2,0,0,0,0,0,0,0,0,0,0,0,1,0,1,1,0,0,1,0,1,0,0,0,0,0,0,0.840648148148148,0,0,0,0.0456944444444442,0,0,0,-0.395833333,0,0,0,0,0,0,0,0,0,0,0,3.332777777777778,0,-0.766712963,-0.159074074,0,0,10.320648148148148,0,4.127685185185185,0,0,0,0,0.3954442497268088,0.6494931337973477,891.1788303754216,0.44936145304425,0.2454532703726213,-0.794801066,5,5,4,3,0,0,0,0,1,0.2352941176470588,0,0,0,0,0,0,0,0,0,0,0,0,0,0,0,0,0,0,0,0,0,0,0,0,0,1,0,0,0,0,0,0,0,0,0,0,0,0,0,0,0,0,0,211,284.76782
799,O=[N+]([O-])N(Cc1nnn[nH]1)Cc1nnn[nH]1,2,12,0,0,0,0,2,2,8,2,12,2,5,0,2,0,0,1,0,0,226.16000000000005,0.1735500388219402,-0.241118386,10.718475056689345,0.06875,-0.578333333,155.29999999999998,0,0,2,0,0,0,0,0,0,0,2,0,0,0,0,0,0,0,2,0,0,0,6,1,1,0,0,0,1,0,0,0,0,0,0,0,0,-0.1375,0,0,0,0,0,0,0,0.5632860922146643,0,0,0,0,0,0,0,4.843804799697657,0,0,0,20.339662698412692,0.8654629629629627,-0.578333333,0,0,0,10.718475056689345,0,0,0,0,0,0,0.4653222965698788,0.7469934575423248,1430.7169414757227,0.8573891242713199,0.6190307746727978,-0.636717368,4,6,2,10,1,0,0,0,0,0.1818181818181818,0,0,0,0,0,0,0,0,0,0,0,0,0,0,0,0,0,0,0,0,0,0,0,0,0,0,0,0,0,0,0,0,0,0,2,0,0,0,0,0.4545454545454545,0,0,0,198,147.82591
800,O=N(=O)NC1=NNC(CC2=NON=C2\N=N\C2=NON=C2CC2=NC(NN(=O)=O)=NN2)=N1,4,22,0,0,0,0,4,4,16,4,22,4,10,0,4,0,0,2,0,0,448.2800000000002,0.303085620493803,-0.260647044,10.41087569772376,0.0015295739996383,-0.813274779,296.04,0,0,2,0,0,0,0,0,0,0,8,0,0,0,0,0,0,2,2,0,0,2,8,0,2,0,0,0,2,0,2,0,0,0,0,0,0,-0.003059148,0,0,0,0,0,0,0,0.2763620075122497,0,0,0,0,0,0,3.5845265418098267,4.97145551912018,0,0,7.736371675162259,29.480621831026404,0,-1.626549558,0,0,0,20.821751395447517,0,9.270101673755033,0,0,0,0,0.3386817534443809,0.8872259569464862,7950.578697786604,1.0866429730168012,0.4996876951905059,-0.642455608,10,8,6,16,2,0,0,0,0,0.2,0,0,0,0,0,0,0,0,0,0,0,0,0,0,0,0,0,0,0,0,0,0,0,0,2,0,0,0,0,2,0,0,0,0,0,0,0,0,0,0.5,0,0,0,196.3,144.69492
801,NC1=NON=C1C1=NNC(NN(=O)=O)=N1,4,11,0,0,0,0,2,2,8,3,11,2,3,0,2,1,0,1,0,0,212.129,0.2810293392628992,-0.378858724,10.06689909297052,0.0015306122448983,-0.783038313,161.68,0,0,0,0,0,0,0,0,0,0,4,0,0,0,1,0,0,1,1,0,0,0,4,0,1,0,0,0,1,0,1,0,0,0,0,0,0,0,0,0,0,0,0,0,0,0.0275935374149673,0,0,0,5.367556689342404,0,0,1.7799792139077852,2.273703703703704,0,0,0,14.050203294280674,0,-0.783038313,0,0,0,10.06689909297052,0,4.316870354623331,0,0,0,0,0.1120961779293877,0.9011427285735164,2181.4188720566804,0.1629020202263865,0.5279806155688282,-0.527980616,4,4,3,8,1,0,0,0,0,0.2105263157894736,0,0,0,0,0,0,0,0,0,0,0,0,0,0,0,0,0,0,0,0,0,0,0,0,1,0,0,0,0,1,0,0,0,0,0,0,0,0,0,0.5263157894736842,0,0,0,195.5,163.34709
802,O=[N+]([O-])c1n[nH]nc1-c1nnn[nH]1,2,10,0,0,0,0,2,2,7,2,10,2,2,0,2,0,0,1,0,0,182.10300000000004,0.4210484922751703,-0.357684216,10.37863567649282,0.0185185185185181,-0.679212963,139.17,0,0,0,0,0,0,0,0,0,0,3,0,0,0,0,0,0,0,2,0,0,0,5,0,1,0,0,0,1,0,0,0,0,0,0,0,0,0,0,0,0,0,0,0,0,-0.338888889,0,0,0,0,0,0,0,4.4463888888888885,0,0,0,16.814441609977322,0,-0.679212963,0,0,0,10.37863567649282,0,0,0,0,0,0,0.3324550032277489,0.6833495529322505,1088.570575934118,0.150111956164789,0.6150365452518628,-0.439311818,3,2,2,8,0,0,0,0,1,0.2666666666666666,0,0,0,0,0,0,0,0,0,0,0,0,0,0,0,0,0,0,0,0,0,0,0,0,0,0,0,0,0,0,1,0,0,0,1,0,0,0,0,0.3333333333333333,0,0,0,188,293.9943
803,O=[N+]([O-])c1nnc(Nn2cnnn2)[nH]1,2,11,0,0,0,0,2,2,9,2,11,2,3,0,2,0,0,1,0,0,197.11800000000005,0.457218224014863,-0.389773917,10.21360717435122,0.0731481481481488,-0.696658163,140.34,0,0,0,0,0,1,0,0,0,0,2,0,0,0,0,0,0,1,1,0,0,0,5,0,1,1,0,0,1,0,0,0,0,0,0,0,0,0,0,0,1.258287037037037,0,0,0,0,-0.38465325,0,0,0,0,0,0,2.506111111111111,2.302083333333333,0,0,0,16.805632401108593,0,-0.696658163,1.115316515495087,0,0,10.21360717435122,0,0,0,0,0,0,0.1650774281566998,0.8619420128274305,1688.5759347550925,0.3508870461020667,0.6392110309560768,-0.446433101,3,3,2,9,0,0,0,0,1,0.2352941176470588,0,0,0,0,0,0,0,0,0,0,0,0,0,0,0,0,0,0,0,0,0,0,0,0,0,0,0,0,0,0,1,0,0,0,1,0,0,0,0,0.2941176470588235,0,0,0,186,275.30817
804,O=[N+]([O-])/N=c1\[nH]nnn1Cc1nnn[nH]1,2,12,0,0,0,0,2,2,8,2,12,2,3,0,2,0,0,1,0,0,212.133,0.3150112589250868,-0.241237136,10.12319924729151,0.100555555555555,-0.856815949,156.46,0,0,1,0,0,0,0,0,0,0,1,0,0,0,0,0,0,0,2,0,0,1,5,0,1,1,0,0,1,0,0,0,0,0,0,0,0,0.1073148148148146,0,0,0,0,0,0,0,0.383053665910809,0,0,0,0,0,0,0,4.730282029478458,0,0,3.022083333333333,17.157729906777526,0,-0.856815949,1.1438425925925926,0,0,10.12319924729151,0,0,0,0,0,0,0.3336169581992229,0.7617446308284723,1557.8857168003117,0.6309645406993104,0.6599633248952306,-0.45254628,3,4,2,10,1,0,0,0,0,0.2105263157894736,0,0,0,0,0,0,0,0,0,0,0,0,0,0,0,0,0,0,0,0,0,0,0,0,0,0,0,0,0,0,0,0,0,0,2,0,0,0,0,0.5263157894736842,0,0,0,178,168.11615
805,O=[N+]([O-])Nn1cnnc1Nn1cnnn1,2,12,0,0,0,0,2,2,10,2,12,2,4,0,2,0,0,1,0,0,212.13300000000004,0.3591653935178592,-0.339399847,10.164486803980852,0.0685185185185193,-0.75582483,141.51,0,0,0,0,0,2,0,0,0,0,1,0,0,0,0,0,0,2,0,0,0,0,5,0,1,2,0,0,1,0,0,0,0,0,0,0,0,0,0,0,2.375665154950869,0,0,0,0,0.0685185185185193,0,0,0,0,0,0,4.376073318216175,0,0,0,0,17.20002771478962,0,-0.75582483,2.0732331821617533,0,0,10.164486803980852,0,0,0,0,0,0,0.4459492675201317,0.782750275365449,1181.225268756362,0.6874613210908938,0.6599633248952306,-0.45254628,3,4,2,10,1,0,0,0,0,0.2105263157894736,0,0,0,0,0,0,0,0,0,0,0,0,0,0,0,0,0,0,0,0,0,0,0,0,0,0,0,0,0,1,0,0,0,0,1,0,0,0,0,0.5263157894736842,0,0,0,177,120.390114
807,O=N(=O)NC1=NNC(=N1)C1=NON=C1\N=N\C1=NON=C1C1=NC(NN(=O)=O)=NN1,4,22,0,0,0,0,4,4,16,4,22,4,8,0,4,0,0,2,0,0,420.2260000000001,0.3034518647997838,-0.255410404,10.41769048578453,0.05668318610484,-0.857332995,296.04,0,0,0,0,0,0,0,0,0,0,8,0,0,0,0,0,0,2,2,0,0,2,8,0,2,0,0,0,2,0,2,0,0,0,0,0,0,0,0,0,0,0,0,0,0,-1.322347412,0,0,0,0,0,0,3.483894431017968,4.757374248516578,0,0,7.527476536911061,28.81164430426876,0,-1.71466599,0,0,0,20.83538097156906,0,9.11919527119598,0,0,0,0,0.0984438295081424,0.9020139522570662,12266.868432208445,0.0618377619691368,0.5330465035480907,-0.456897003,8,4,6,16,2,0,0,0,0,0.2352941176470588,0,0,0,0,0,0,0,0,0,0,0,0,0,0,0,0,0,0,0,0,0,0,0,0,2,0,0,0,0,2,0,0,0,0,0,0,0,0,0,0.5882352941176471,0,0,0,174.3,141.57066
809,O=[N+]([O-])c1no[n+]([O-])c1-c1nnn[nH]1,1,11,0,0,0,0,2,2,8,1,11,2,2,0,1,0,0,1,0,0,199.08600000000004,0.4437122849523757,-0.358772808,10.910370370370371,0.1524537037037037,-0.879212963,150.57,0,0,0,0,0,0,0,0,0,0,3,0,0,0,0,0,0,0,1,0,0,0,4,0,1,1,0,0,1,0,1,0,0,0,0,0,0,0,0,0,0,0,0,0,0,-1.410648148,0,0,0,0,0,0,0,2.178148148148148,0,0,0,12.561895313681028,0,-0.879212963,-0.152453704,0,0,10.37863567649282,0,4.034629629629629,0,0,0,0,0.4231797187514706,0.6136126397469529,1206.8180780207035,0.2865793512953219,0.4922495805832654,-0.200918196,3,1,4,7,0,0,0,0,1,0.2666666666666666,0,0,0,0,0,0,0,0,0,0,0,0,0,0,0,0,0,0,0,0,0,0,0,0,0,1,0,0,0,0,0,0,0,0,1,0,0,0,0,0.3333333333333333,0,0,0,169,247.60638
810,O=[N+]([O-])Nc1nnc2nnc(Nc3nnn[nH]3)nn12,3,15,0,0,0,0,3,3,12,3,15,3,4,0,3,0,0,1,0,0,265.15700000000004,0.3079778938331718,-0.289052799,10.353951718058411,0.0025481859410423,-0.799570578,190.52,0,0,0,0,0,0,0,0,0,0,3,1,0,0,0,0,0,2,1,0,0,0,8,0,1,1,0,0,1,0,0,0,0,0,0,0,0,0,0,0,0,0,0,0,0,-0.038052984,-0.008708428,0,0,0,0,0,4.415177705341396,2.418867000503905,0,0,0,28.469135359339635,0,-0.799570578,1.001915154950869,0,0,10.353951718058411,0,0,0,0,0,0,0.1199939981279371,0.8892467144027186,3696.687430999283,0.2545331238683848,0.686385801619418,-0.452562067,4,3,2,13,1,0,0,0,0,0.1818181818181818,0,0,0,0,0,0,0,0,0,0,0,0,0,0,0,0,0,1,0,0,0,0,0,0,0,0,0,0,0,1,0,0,0,0,1,0,0,0,0,0.7272727272727273,2,0,0,167,169.20947
811,O=N(=O)NC1=NC(=NN1)C1=NON=C1N(=O)=O,2,13,0,0,0,0,2,2,9,2,13,2,4,0,2,0,0,2,0,0,242.111,0.4455592394970729,-0.357639446,10.494202648652053,0.2478703703703699,-0.875245103,178.8,0,0,0,0,0,0,0,0,0,0,4,0,0,0,0,0,0,1,1,0,0,0,4,0,2,0,0,0,2,0,1,0,0,0,0,0,0,0,0,0,0,0,0,0,0,-1.565834278,0,0,0,0,0,0,1.6801705404383975,2.1455857898715043,0,0,0,13.292981072058453,0,-1.719693011,0,0,0,20.585793099647265,0,4.161870354623331,0,0,0,0,0.1815187113602228,0.8435121857151494,2559.72491793746,0.246832945575196,0.4625977340971702,-0.264341562,4,2,5,8,1,0,0,0,1,0.4210526315789473,0,0,0,0,0,0,0,0,0,0,0,0,0,0,0,0,0,0,0,0,0,0,0,0,0,1,0,0,0,1,0,0,0,0,0,0,0,0,0,0.2631578947368421,0,0,0,163.2,160.19104
812,O=[N+]([O-])/N=c1/[nH]nc(CO)o1,2,8,0,0,0,0,1,1,5,2,8,1,2,0,1,0,0,1,0,0,160.089,0.3860406322816319,-0.401529753,9.73490693499622,0.0503703703703699,-0.932373394,117.55,0,0,1,0,0,0,0,0,0,0,1,0,0,0,0,0,0,0,1,0,0,1,1,0,1,0,0,1,1,0,1,0,0,0,0,0,0,-0.426850907,0,0,0,0,0,0,0,-0.05037037,0,0,0,0,0,0,0,2.103009259259259,0,0,2.7544444444444447,3.3478703703703703,0,-0.932373394,0,0,8.397280801209373,9.73490693499622,0,4.518611111111111,0,0,0,0,0.2073476002400683,0.8297036969034133,962.0566400607044,0.3165073942009389,0.3498054207347162,-0.399777624,3,4,4,4,1,0,0,0,0,0.2666666666666666,0,0,0,0,0,0,0,0,0,0,0,0,0,0,0,0,0,0,0,0,0,0,0,0,1,0,0,0,0,0,0,0,0,0,0,0,0,0,0,0.3333333333333333,1,0,0,156.4,123.95075
813,O=[N+]([O-])c1nc(-c2nnnn2O)n[nH]1,2,11,0,0,0,0,2,2,9,2,11,2,2,0,1,0,0,1,0,0,198.10200000000003,0.4534376115626476,-0.408597796,10.21962254346183,0.1627777777777772,-0.761893424,148.54,0,0,0,0,0,0,0,0,0,0,3,0,0,0,0,0,0,0,1,0,0,0,5,0,1,1,0,1,1,0,0,0,0,0,0,0,0,0,0,0,0,0,0,0,0,-0.901342593,0,0,0,0,0,0,0,2.040509259259259,0,0,0,16.40245842781557,0,-0.761893424,0.3123998488284201,0,8.968623393801966,10.21962254346183,0,0,0,0,0,0,0.1716770035382948,0.8283229965421276,1580.6988890923035,1.2120086837796732e-05,0.5653653168569726,-0.323065895,3,2,3,8,0,0,0,0,1,0.25,0,0,0,0,0,0,0,0,0,0,0,0,0,0,0,0,0,0,0,0,0,0,0,0,0,0,0,0,0,0,1,0,0,0,1,0,0,0,0,0.3125,0,0,0,152,252.74841
814,O=[N+]([O-])Nc1nnc2nncn2n1,1,10,0,0,0,0,2,2,8,1,10,2,2,0,1,0,0,1,0,0,182.10300000000004,0.3207712085813262,-0.234422196,9.98921768707483,0.1749055177626608,-0.78452003,124.03,0,0,0,0,0,1,0,0,0,0,1,1,0,0,0,0,0,1,0,0,0,0,5,0,1,1,0,0,1,0,0,0,0,0,0,0,0,0,0,0,1.2590665154950869,0,0,0,0,-0.224722222,0.1749055177626608,0,0,0,0,0,1.747777777777778,0,0,0,0,17.516881141345426,0,-0.78452003,1.1655092592592593,0,0,9.98921768707483,0,0,0,0,0,0,0.1207621225740794,0.8792378776055185,1347.698012528832,1.887999179115881e-05,0.6150365452518628,-0.439311818,3,2,2,8,1,0,0,0,0,0.2666666666666666,0,0,0,0,0,0,0,0,0,0,0,0,0,0,0,0,0,1,0,0,0,0,0,0,0,0,0,0,0,1,0,0,0,0,0,0,0,0,0,0.7333333333333333,2,0,0,148,127.47681
815,O=[N+]([O-])n1cnc2c3no[n+]([O-])c3c3c(no[n+]3[O-])c21,0,13,0,0,0,1,3,4,10,0,13,4,1,0,0,0,0,1,0,0,279.12800000000004,0.2851149007541008,-0.358878694,11.55589947089947,0.0032870370370365,-0.768092876,166.89999999999998,0,0,0,0,0,1,0,0,0,0,0,6,0,0,0,0,0,0,0,0,0,0,3,0,1,3,0,0,1,0,2,0,0,0,0,0,0,0,0,0,0.899992441421013,0,0,0,0,0,-1.008057445,0,0,0,0,0,0,0,0,0,0,10.660657596371882,0,-0.768092876,0.4695719954648516,0,0,10.942221041194257,0,8.780972694633409,0,0,0,0,0.3199272190233416,0.6800728043463897,2517.377999002408,0.0001713278622131,0.3510934051761199,-0.487231664,7,1,6,7,1,0,0,0,0,0.1904761904761904,1,0,0,0,0,0,0,0,0,0,0,0,0,0,0,0,0,0,0,0,0,0,0,0,2,1,0,0,0,0,0,0,0,0,0,0,0,0,0,0.7619047619047619,4,0,0,148,134.91467
816,O=[N+]([O-])/N=c1\[nH]nnn1CCO,2,9,0,0,0,0,1,1,6,2,9,1,3,0,1,0,0,1,0,0,174.11999999999998,0.3146560823645789,-0.394446779,9.91064767573696,0.102731481481481,-0.871956727,122.23,0,0,2,0,0,0,0,0,0,0,0,0,0,0,0,0,0,0,1,0,0,1,2,0,1,1,0,1,1,0,0,0,0,0,0,0,0,-0.068841648,0,0,0,0,0,0,0,0,0,0,0,0,0,0,0,2.2043055555555555,0,0,2.9315277777777777,6.6843518518518525,0,-0.871956727,1.0861111111111112,0,8.482604875283446,9.91064767573696,0,0,0,0,0,0,0.4042757974641396,0.7373994740971718,946.2037464618684,0.6927947197968137,0.4824259131633354,-0.551343901,3,6,3,6,1,0,0,0,0,0.2222222222222222,0,0,0,0,0,0,0,0,0,0,0,0,0,0,0,0,0,0,0,0,0,0,0,0,0,0,0,0,0,0,0,0,0,0,1,0,0,0,0,0.2777777777777778,1,0,0,138,146.4503
817,O=[N+]([O-])C(ON=C(c1ncon1)c1ncon1)(c1ncon1)c1ncon1,0,17,0,0,0,0,4,4,16,0,17,4,7,0,0,0,0,1,0,0,376.2050000000001,0.5099416410616321,-0.342358813,11.872239543965737,0.1436370937263789,-2.709601757,220.4099999999999,0,0,0,0,0,4,0,0,0,1,4,0,1,0,0,0,0,0,0,0,0,1,8,0,1,0,0,0,1,1,4,0,0,0,0,0,0,0,0,0,3.674777966742253,0,0,0,-0.253967782,-1.401674225,0,-2.709601757,0,0,0,0,0,0,0,0,3.676018518518519,28.760401864449488,0,-0.934248394,0,0,0,11.872239543965737,5.165277777777778,18.361870275888133,0,0,0,0,0.4115079482195089,0.7976829513383104,4411.561634024945,0.9081488929715856,0.3721375313991041,-0.637950054,10,4,7,10,0,0,0,0,1,0.1290322580645161,0,0,0,0,0,0,0,0,0,0,0,0,0,0,0,0,0,0,0,0,0,0,0,0,4,0,0,0,0,0,0,0,0,0,0,0,0,0,0,0.6451612903225806,0,0,0,137,175.09924
818,O=[N+]([O-])Nc1nnc2nncnn12,1,10,0,0,0,0,2,2,8,1,10,2,2,0,1,0,0,1,0,0,182.10300000000004,0.3079064098450517,-0.234422883,10.05987717309146,0.0896759259259263,-0.765315571,124.03,0,0,0,0,0,1,0,0,0,0,1,1,0,0,0,0,0,1,0,0,0,0,5,0,1,1,0,0,1,0,0,0,0,0,0,0,0,0,0,0,1.1264739229024945,0,0,0,0,-0.115833333,0.0896759259259263,0,0,0,0,0,1.8090277777777777,0,0,0,0,17.504272486772486,0,-0.765315571,1.0652777777777775,0,0,10.05987717309146,0,0,0,0,0,0,0.3011207330605389,0.7469277251325752,1032.581657919771,0.2566137078240545,0.6150365452518628,-0.439311818,3,2,2,8,1,0,0,0,0,0.2666666666666666,0,0,0,0,0,0,0,0,0,0,0,0,0,0,0,0,0,1,0,0,0,0,0,0,0,0,0,0,0,1,0,0,0,0,0,0,0,0,0,0.7333333333333333,2,0,0,132,107.43769
819,O=[N+]([O-])/N=c1\[nH]nnn1CCCl,1,8,0,0,0,0,1,1,5,1,9,1,3,1,1,0,0,1,0,0,192.566,0.3146142001072779,-0.232595422,9.94016156462585,0.0271759259259254,-0.833407974,102,0,0,2,0,0,0,0,0,0,0,0,0,0,0,0,0,0,0,1,0,0,1,2,0,1,1,0,0,1,0,0,0,1,0,0,0,0,0.6132571176618795,0,0,0,0,0,0,0,0,0,0,0,0,0,0,0,2.2567746913580247,0,0,2.983996913580247,6.812376543209877,0,-0.833407974,1.2041666666666668,0,0,9.94016156462585,0,0,0,5.387466616276139,0,0,0.3267138997740659,0.7011505170380139,1519.9180573621234,0.4880789104490025,0.4362140772514357,-0.540074572,3,5,2,6,1,0,0,0,0,0.2352941176470588,0,0,0,0,0,0,0,0,0,0,0,0,0,0,0,0,0,0,0,0,0,0,0,0,0,0,0,0,0,0,0,0,0,0,1,0,0,0,0,0.2941176470588235,1,0,0,130,190.5585
820,[O-][N+](=O)Nc1nonc1-c1n[nH]c(=N[N+]([O-])=O)[nH]1,3,14,0,0,0,0,2,2,8,3,14,2,4,0,3,0,0,2,0,0,257.126,0.2944685552158818,-0.30067818,10.239646085285967,0.0683333333333331,-0.953350813,194.06,0,0,0,0,0,0,0,0,0,0,3,0,0,0,0,0,0,1,2,0,0,1,3,0,2,0,0,0,2,0,1,0,0,0,0,0,0,0,0,0,0,0,0,0,0,-0.509860166,0,0,0,0,0,0,1.7183491591080875,4.545396352985639,0,0,2.896118827160494,10.155113536155202,0,-1.830340136,0,0,0,20.33950814121945,0,4.285971828546233,0,0,0,0,0.1653176708622722,0.8457461246150315,3258.24253191484,0.2758797240308431,0.4900321243281504,-0.280018357,4,3,5,9,2,0,0,0,0,0.3809523809523809,0,0,0,0,0,0,0,0,0,0,0,0,0,0,0,0,0,0,0,0,0,0,0,0,1,0,0,0,0,1,0,0,0,0,0,0,0,0,0,0.4761904761904761,0,0,0,128.7,157.72473
821,O=[N+]([O-])Nc1nc(-c2nnnn2O)n[nH]1,3,12,0,0,0,0,2,2,9,3,12,2,3,0,2,0,0,1,0,0,213.11700000000005,0.2810766314322603,-0.408644278,10.043172241118672,0.0769907407407404,-0.813278534,160.56999999999996,0,0,0,0,0,0,0,0,0,0,3,0,0,0,0,0,0,1,1,0,0,0,5,0,1,1,0,1,1,0,0,0,0,0,0,0,0,0,0,0,0,0,0,0,0,-0.409724112,0,0,0,0,0,0,1.7401077097505668,2.218703703703704,0,0,0,16.80402620307382,0,-0.813278534,0.3463425925925927,0,9.02747795414462,10.043172241118672,0,0,0,0,0,0,0.10905965530875,0.9013804998927644,2174.246165671826,0.1511661134693395,0.5912245386337082,-0.337842594,3,3,3,9,1,0,0,0,0,0.2222222222222222,0,0,0,0,0,0,0,0,0,0,0,0,0,0,0,0,0,0,0,0,0,0,0,0,0,0,0,0,0,1,0,0,0,0,1,0,0,0,0,0.5555555555555556,0,0,0,116,158.06075
822,O=[N+]([O-])/N=c1\[nH]nc(-c2nnnn2O)[nH]1,3,12,0,0,0,0,2,2,8,3,12,2,2,0,2,0,0,1,0,0,213.117,0.2945134176299191,-0.408645284,10.007616685563114,0.0167592592592598,-0.907028534,163.79999999999998,0,0,0,0,0,0,0,0,0,0,2,0,0,0,0,0,0,0,2,0,0,1,4,0,1,1,0,1,1,0,0,0,0,0,0,0,0,0,0,0,0,0,0,0,0,-0.08412226,0,0,0,0,0,0,0,4.608101851851852,0,0,2.908775510204081,13.254358780549255,0,-0.907028534,0.3637037037037036,0,9.037273872511967,10.007616685563114,0,0,0,0,0,0,0.1126512040558553,0.8969116183885159,2121.646734025759,0.1026818978118894,0.5912245386337082,-0.337842594,3,3,3,9,1,0,0,0,0,0.2222222222222222,0,0,0,0,0,0,0,0,0,0,0,0,0,0,0,0,0,0,0,0,0,0,0,0,0,0,0,0,0,1,0,0,0,0,1,0,0,0,0,0.5555555555555556,0,0,0,116,171.3448
823,O=[N+]([O-])Nc1nnc2nnc(C(F)(F)F)n2n1,1,10,0,0,0,0,2,2,8,1,13,2,2,0,1,0,0,1,0,0,250.1,0.4531198051435682,-0.234422196,12.379578924162256,0.2071759259259258,-4.804229734,124.03,0,0,0,0,0,0,0,0,0,0,2,1,1,0,0,0,0,1,0,0,0,0,5,0,1,1,0,0,1,0,0,3,0,0,0,0,0,0,0,0,0,0,0,0,0,-2.165187075,-0.522015779,-4.804229734,0,0,0,0,1.4590986394557823,0,0,0,0,15.3799716553288,0,-1.041204649,0.2071759259259258,0,0,10.048827121126228,0,0,37.138736772486766,0,0,0,0.2092839545526817,0.8309307392816447,2402.16819031343,0.1253351686961505,0.4478208716513395,-0.415833667,4,1,2,8,1,0,0,0,0,0.2222222222222222,0,0,0,0,0,0,0,0,0,0,0,0,0,0,0,0,0,1,0,0,0,0,0,0,0,0,0,0,0,1,0,0,0,0,0,0,0,0,0,0.6111111111111112,2,0,0,113.2,117.65023
824,NNC(=O)c1n[nH]c(N)n1,6,7,0,0,0,0,1,1,5,4,7,1,1,0,2,2,0,0,0,0,142.122,0.3043769402140255,-0.368154553,10.590092592592592,0.0694444444444442,-0.575972222,122.70999999999998,0,0,0,0,0,0,0,0,0,1,2,0,0,0,2,0,0,1,1,0,0,0,2,0,0,0,0,0,1,0,0,0,0,0,0,0,0,0,0,0,0,0,0,0,-0.575972222,0.0125925925925931,0,0,0,9.900185185185183,0,0,1.8550925925925923,2.2841203703703705,0,0,0,6.933888888888889,0,0,0,0,0,10.590092592592592,0,0,0,0,0,0,0.1779269717521318,0.8255526764558837,818.1705669428778,0.1050422728437521,0.5910414995567186,-0.900634666,3,6,1,6,0,0,0,0,0,0,0,0,0,0,0,0,0,0,0,0,0,0,0,0,0,0,0,0,0,0,0,0,0,0,0,0,0,0,0,1,0,0,0,0,0,0,0,0,0,0.3125,1,0,0,401,265.2656
825,O=c1nc2nnc3nc(=O)[nH]n3n2[nH]1,2,10,0,0,0,0,3,3,8,2,10,3,0,0,2,0,0,0,0,0,194.11400000000003,0.3643649420703284,-0.244142083,10.85834656084656,0.0519907407407411,-0.582084278,126.09999999999997,0,0,0,0,0,0,0,0,0,0,0,2,0,0,0,0,0,0,2,0,0,0,4,0,0,2,0,0,2,0,0,0,0,0,0,0,0,0,0,0,0,0,0,0,0,0,0.1039814814814823,0,0,0,0,0,0,4.630185185185185,0,0,0,14.104049508692366,0,0,2.2759259259259257,0,0,21.71669312169312,0,0,0,0,0,0,0.2213569740232652,0.7786430259827952,1251.9293854646205,4.871382685843202e-06,0.5769805372100929,-0.576980537,4,2,2,8,0,0,0,0,0,0,0,0,0,0,0,0,0,0,0,0,0,0,0,0,0,0,0,1,0,0,0,0,0,0,0,0,0,0,0,2,0,0,0,0,0,0,0,0,0,1,3,1,0,374,357.3136
826,Nc1nc(N)c2nn[nH]c2n1,5,7,0,0,0,0,2,2,6,3,7,2,0,0,1,2,0,0,0,0,151.133,0.2236512085679559,-0.381605413,5.447870370370371,0.1120833333333339,0.1120833333333339,119.39,0,0,0,0,0,0,0,0,0,0,2,2,0,0,2,0,0,0,1,0,0,0,4,0,0,0,0,0,0,0,0,0,0,0,0,0,0,0,0,0,0,0,0,0,0,0.3493518518518528,0.8974074074074079,0,0,10.753981481481482,0,0,0,2.5289814814814813,0,0,0,14.636944444444444,0,0,0,0,0,0,0,0,0,0,0,0,0.3719012020924152,0.6280987979101482,727.8439689828876,3.156258157457903e-06,0.6484354839776882,-1.111603687,4,5,0,7,0,0,0,0,0,0,0,0,0,0,0,0,0,0,0,1,0,0,0,0,0,0,0,0,0,0,0,0,0,0,0,0,0,0,0,1,0,0,0,0,0,0,0,0,0,0.6875,2,0,0,365,382.836
827,n1nc2c([nH]1)c1nn[nH]c1c1nn[nH]c21,3,9,0,0,0,1,3,4,6,3,9,4,0,0,3,0,0,0,0,0,201.153,0.1421878077056625,-0.255083132,3.950324074074074,0.6633333333333333,0.6633333333333333,124.70999999999998,0,0,0,0,0,0,0,0,0,0,0,6,0,0,0,0,0,0,3,0,0,0,6,0,0,0,0,0,0,0,0,0,0,0,0,0,0,0,0,0,0,0,0,0,0,0,4.149166666666668,0,0,0,0,0,0,8.314305555555556,0,0,0,23.036527777777778,0,0,0,0,0,0,0,0,0,0,0,0,0.4999995912507712,0.5000004089633686,1231.6925820468234,2.362723629609492e-05,0.6263888681749712,-1.073809488,6,3,0,9,0,0,0,0,0,0,1,0,0,0,0,0,0,0,0,0,0,0,0,0,0,0,0,0,0,0,0,0,0,0,0,0,0,0,0,3,0,0,0,0,0,0,0,0,0,1.1666666666666667,4,0,0,356,380.744
828,Nc1nc(/N=N\c2noc(N)n2)no1,4,10,0,0,0,0,2,2,10,2,10,2,2,0,0,2,0,0,0,0,196.13,0.3200841437632242,-0.351209195,5.139959582598472,0.0362301587301583,-0.105022335,154.59999999999997,0,0,0,0,0,0,0,0,0,0,4,0,0,0,2,0,0,0,0,0,0,2,4,0,0,0,0,0,0,0,2,0,0,0,0,0,0,0,0,0,0,0,0,0,0,-0.282504987,0,0,0,10.279919165196944,0,0,0,0,0,0,6.998240740740741,13.806823507180647,0,0,0,0,0,0,0,8.86418824011086,0,0,0,0,0.3053390413284554,0.7812289499669297,1349.3320212667943,0.5248101783001478,0.5710498138989444,-0.652628359,4,4,2,8,0,0,0,0,0,0,0,0,0,0,0,0,0,0,0,0,0,0,0,0,0,0,0,0,0,0,0,0,0,0,2,0,0,0,0,0,0,0,0,0,0,0,0,0,0,0.5555555555555556,0,1,0,355,218.4048
829,Nc1nc(-c2noc(N)n2)n[nH]1,5,8,0,0,0,0,2,2,7,3,8,2,1,0,1,2,0,0,0,0,167.132,0.3187853956580368,-0.368155253,5.276156462585034,0.0339153439153434,-0.033915344,132.53,0,0,0,0,0,0,0,0,0,0,4,0,0,0,2,0,0,0,1,0,0,0,4,0,0,0,0,0,0,0,1,0,0,0,0,0,0,0,0,0,0,0,0,0,0,0.6205026455026468,0,0,0,10.461609977324262,0,0,0,2.430545162509448,0,0,0,14.643888888888888,0,0,0,0,0,0,0,4.510119992441421,0,0,0,0,0.13003402347132,0.8699659765808189,1210.3315747983963,1.3475428444376918e-05,0.5863628748534091,-0.909460785,4,5,1,7,0,0,0,0,0,0,0,0,0,0,0,0,0,0,0,0,0,0,0,0,0,0,0,0,0,0,0,0,0,0,1,0,0,0,0,1,0,0,0,0,0,0,0,0,0,0.5882352941176471,0,0,0,351.3,365.2632
830,Cc1nc(-c2nonc2/N=N\c2nonc2-c2n[nH]c(C)n2)n[nH]1,2,14,0,0,0,0,4,4,12,2,14,4,4,2,2,0,0,0,0,0,328.25600000000003,0.2487272857526602,-0.262890659,4.660635702781265,0.0778866160661797,0.0778866160661797,185.7,2,0,0,0,0,0,0,0,0,0,8,0,0,0,0,0,0,0,2,0,0,2,8,0,0,0,0,0,0,0,2,0,0,0,0,3.494856769572193,0,0,0,0,0,0,0,0,0,2.4048280283642165,0,0,0,0,0,0,0,5.373067005034551,0,0,7.845507369614513,30.89380275518533,0,0,0,0,0,0,0,9.32127140556253,0,0,0,0,0.2317229092405028,0.8484951943534029,5176.987085153321,0.7146142808899603,0.5117956716708911,-1.072333788,10,8,2,12,0,0,0,0,0,0,0,0,0,0,0,0,0,0,0,0,0,0,0,0,0,0,0,0,0,0,0,0,0,0,2,0,0,0,0,2,0,0,0,0,0,0,0,0,0,0.625,0,1,0,350,214.6392
831,Nc1nc(-c2nnn[nH]2)n[nH]1,4,8,0,0,0,0,2,2,6,3,8,2,1,0,2,1,0,0,0,0,152.121,0.2215518236146108,-0.36815526,5.273038548752835,0.2327777777777779,0.2327777777777779,122.05,0,0,0,0,0,0,0,0,0,0,3,0,0,0,1,0,0,0,2,0,0,0,5,0,0,0,0,0,0,0,0,0,0,0,0,0,0,0,0,0,0,0,0,0,0,0.9739351851851856,0,0,0,5.273038548752835,0,0,0,4.95199074074074,0,0,0,17.80103552532124,0,0,0,0,0,0,0,0,0,0,0,0,0.1357707550617568,0.8642292449491394,919.3923072520478,5.658373129652228e-06,0.7362560067314832,-0.841435436,3,4,0,8,0,0,0,0,0,0,0,0,0,0,0,0,0,0,0,0,0,0,0,0,0,0,0,0,0,0,0,0,0,0,0,0,0,0,0,1,0,0,0,0,1,0,0,0,0,0.6666666666666666,0,0,0,347,369.4472
832,Nc1nc(-c2nnc(N)n2N)n[nH]1,7,9,0,0,0,0,2,2,8,4,9,2,1,0,1,3,0,0,0,0,181.163,0.2406844621420951,-0.368155258,5.475833333333333,0.0818253968253972,0.0818253968253972,150.33999999999995,0,0,0,0,0,0,0,0,0,0,4,0,0,0,3,0,0,0,1,0,0,0,4,0,0,1,0,0,0,0,0,0,0,0,0,0,0,0,0,0,0,0,0,0,0,0.7681415343915354,0,0,0,16.142091836734693,0,0,0,2.4427673847316704,0,0,0,14.74162887377173,0,0,1.072037037037037,0,0,0,0,0,0,0,0,0,0.1738590085882477,0.8280967127474284,1317.9560982199805,0.0895774880270468,0.6955062567963654,-1.015659931,4,7,0,9,0,0,0,0,0,0,0,0,0,0,0,0,0,0,0,0,0,0,0,0,0,0,0,0,0,0,0,0,0,0,0,0,0,0,0,2,0,0,0,0,0,0,0,0,0,0.5,0,0,0,341,240.9984
833,Nc1nc(N)[n+]([O-])c(N)[n+]1[O-],6,8,0,0,0,0,1,1,6,3,8,1,0,0,0,3,0,0,0,0,158.121,0.4384139115423484,-0.723543898,10.669351851851852,0.0105555555555554,-0.643518519,144.82999999999998,0,0,0,0,0,0,0,0,0,0,3,0,0,0,3,0,0,0,0,0,0,0,1,0,0,2,0,0,0,0,0,0,0,0,0,0,0,0,0,0,0,0,0,0,0,-1.547037037,0,0,0,15.019444444444444,0,0,0,0,0,0,0,3.21,0,0,-0.021111111,0,0,0,0,0,0,0,0,0,0.4176447102694525,0.5823552897327481,773.1742434904653,2.3143416929010902e-06,0.5312387348928983,-0.708318313,3,6,2,6,0,0,0,0,0,0,0,0,0,0,0,0,0,0,0,0,0,0,0,1,0,0,0,0,0,0,0,0,0,0,0,0,0,0,0,0,0,0,0,0,0,0,0,0,0,0.3529411764705882,1,1,0,319,250.6216
834,O=c1[nH]c(-c2nonc2/N=N\c2nonc2-c2noc(=O)[nH]2)no1,2,16,0,0,0,0,4,4,14,2,16,4,4,0,2,0,0,0,0,0,334.16800000000006,0.438744908058895,-0.295513206,10.951875608846,0.0301415396405468,-0.797349274,220.34,0,0,0,0,0,0,0,0,0,0,6,0,0,0,0,0,0,0,2,0,0,2,6,0,0,0,0,0,2,0,4,0,0,0,0,0,0,0,0,0,0,0,0,0,0,-0.45532227,0,0,0,0,0,0,0,4.491788619896484,0,0,7.456581632653061,20.83917410725131,0,0,0,0,0,21.903751217692,0,17.692058574046932,0,0,0,0,0.1619077849790493,0.8955711080092185,5672.089497455627,0.5563879174773232,0.4189509468291397,-0.52668119,8,2,6,10,0,0,0,0,0,0,0,0,0,0,0,0,0,0,0,0,0,0,0,0,0,0,0,0,0,0,0,0,0,0,4,0,0,0,0,0,0,0,0,0,0,0,0,0,0,0.7692307692307693,0,1,0,315.75,207.108
835,Nc1nonc1/N=N\c1nonc1N,4,10,0,0,0,0,2,2,10,2,10,2,2,0,0,2,0,0,0,0,196.13,0.2610559635506345,-0.377565292,5.3062332294028725,0.017384731670446,0.017384731670446,154.6,0,0,0,0,0,0,0,0,0,0,4,0,0,0,2,0,0,0,0,0,0,2,4,0,0,0,0,0,0,0,2,0,0,0,0,0,0,0,0,0,0,0,0,0,0,0.1040287226001521,0,0,0,10.612466458805743,0,0,0,0,0,0,7.118425925925926,13.279840797430085,0,0,0,0,0,0,0,8.551904761904762,0,0,0,0,0.2124389322138193,0.8737160908722834,1420.0558583441384,0.5141686207157843,0.5710498138989444,-0.652628359,4,4,2,8,0,0,0,0,0,0,0,0,0,0,0,0,0,0,0,0,0,0,0,0,0,0,0,0,0,0,0,0,0,0,2,0,0,0,0,0,0,0,0,0,0,0,0,0,0,0.5555555555555556,0,1,0,315,217.9864
836,Nc1nnc(Cc2nonc2/N=N\c2nonc2Cc2nnc(N)n2N)n1N,8,18,0,0,0,0,4,4,18,4,18,4,6,0,0,4,0,0,0,0,388.31600000000014,0.2410248916463697,-0.366462922,5.6984996072575855,0.0429023127961691,0.0429023127961691,268.05999999999995,0,0,2,0,0,0,0,0,0,0,8,0,0,0,4,0,0,0,0,0,0,2,8,0,0,2,0,0,0,0,2,0,0,0,0,0,0,0.2183157430659239,0,0,0,0,0,0,0,1.484691933996659,0,0,0,22.460673551649588,0,0,0,0,0,0,7.87611929957168,29.72315597427819,0,0,2.202238283545449,0,0,0,0,9.368138547225849,0,0,0,0,0.1679655620705169,0.9277939463613456,6979.019832854126,0.8232811762123295,0.5768497821361986,-0.988885341,10,12,2,16,0,0,0,0,0,0,0,0,0,0,0,0,0,0,0,0,0,0,0,0,0,0,0,0,0,0,0,0,0,0,2,0,0,0,0,2,0,0,0,0,0,0,0,0,0,0.5,0,0,0,313,213.384
837,Nc1nnc(Cc2nnc(N)n2N)n1N,8,10,0,0,0,0,2,2,10,4,10,2,2,0,0,4,0,0,0,0,210.205,0.2402904503669752,-0.366462916,5.544462396069539,0.1120913643235073,0.1120913643235073,165.50000000000003,0,0,1,0,0,0,0,0,0,0,4,0,0,0,4,0,0,0,0,0,0,0,4,0,0,2,0,0,0,0,0,0,0,0,0,0,0,0.2513888888888889,0,0,0,0,0,0,0,1.0697382842025709,0,0,0,21.895170068027213,0,0,0,0,0,0,0,14.662928004535146,0,0,2.2874414210128498,0,0,0,0,0,0,0,0,0,0.2554085975412055,0.9379846007659428,1548.765952090112,0.936941234445489,0.6660165076948689,-1.141742585,5,10,0,10,0,0,0,0,0,0,0,0,0,0,0,0,0,0,0,0,0,0,0,0,0,0,0,0,0,0,0,0,0,0,0,0,0,0,0,2,0,0,0,0,0,0,0,0,0,0.4,0,0,0,310,236.396
838,Nc1nnc(-c2nnc(N)o2)o1,4,8,0,0,0,0,2,2,8,2,8,2,1,0,0,2,0,0,0,0,168.116,0.3126946164277792,-0.399005115,5.161360544217687,0.0525000000000002,-0.067804233,129.88,0,0,0,0,0,0,0,0,0,0,4,0,0,0,2,0,0,0,0,0,0,0,4,0,0,0,0,0,0,0,2,0,0,0,0,0,0,0,0,0,0,0,0,0,0,-0.030608466,0,0,0,10.322721088435374,0,0,0,0,0,0,0,13.801313303099016,0,0,0,0,0,0,0,9.57324074074074,0,0,0,0,0.1133856709032592,0.8866143291204429,1194.6149813844402,9.38120057685225e-06,0.4996550001189654,-0.761379048,4,4,2,6,0,0,0,0,0,0,0,0,0,0,0,0,0,0,0,0,0,0,0,0,0,0,0,0,0,0,0,0,0,0,2,0,0,0,0,0,0,0,0,0,0,0,0,0,0,0.625,0,0,0,310,403.3376
839,Nc1nc(-c2nonc2/N=N\c2nonc2-c2n[nH]c(N)n2)n[nH]1,6,16,0,0,0,0,4,4,14,4,16,4,4,0,2,2,0,0,0,0,330.232,0.2487283120412148,-0.368155902,5.4524074716487165,0.0023602975140668,-0.002360298,237.73999999999992,0,0,0,0,0,0,0,0,0,0,8,0,0,0,2,0,0,0,2,0,0,2,8,0,0,0,0,0,0,0,2,0,0,0,0,0,0,0,0,0,0,0,0,0,0,0.7376077109108001,0,0,0,10.904814943297431,0,0,0,4.904953921536852,0,0,7.701374716553288,29.87800113977333,0,0,0,0,0,0,0,9.206580901261638,0,0,0,0,0.1949591847033562,0.8705999399397998,5462.005674946568,0.6041636508800994,0.5935221298965577,-0.823663364,8,6,2,14,0,0,0,0,0,0,0,0,0,0,0,0,0,0,0,0,0,0,0,0,0,0,0,0,0,0,0,0,0,0,2,0,0,0,0,2,0,0,0,0,0,0,0,0,0,0.6666666666666666,0,1,0,309,216.7312
840,Nc1nc2c3nn4c(N)nnc4n3nc(N)n2n1,6,12,0,0,0,0,4,4,12,3,12,4,0,0,0,3,0,0,0,0,246.198,0.2764928073729498,-0.366472148,5.749138321995465,0.0725344860166292,0.0725344860166292,168.63,0,0,0,0,0,0,0,0,0,0,3,3,0,0,3,0,0,0,0,0,0,0,6,0,0,3,0,0,0,0,0,0,0,0,0,0,0,0,0,0,0,0,0,0,0,0.3113123582766448,1.0770105820105829,0,0,16.890522171831698,0,0,0,0,0,0,0,23.72560311161502,0,0,3.995551776266062,0,0,0,0,0,0,0,0,0,0.2546125528774651,0.7744718697832125,2171.56940976636,0.3276499831584686,0.6823775985182655,-0.974825141,6,6,0,12,0,0,0,0,0,0,0,0,0,0,0,0,0,0,0,0,0,0,0,1,0,0,0,0,0,0,0,0,0,0,0,0,0,0,0,3,0,0,0,0,0,0,0,0,0,0.875,4,0,0,307,371.1208
841,NNc1nnc2nnc(N)n2n1,5,9,0,0,0,0,2,2,9,3,9,2,1,0,1,2,0,0,0,0,167.136,0.2920271825318827,-0.366342197,5.3902777777777775,0.1355555555555558,0.1355555555555558,132.93,0,0,0,0,0,0,0,0,0,0,2,1,0,0,2,0,0,1,0,0,0,0,5,0,0,1,0,0,0,0,0,0,0,0,0,0,0,0,0,0,0,0,0,0,0,0.2827777777777787,0.2282407407407409,0,0,10.43998299319728,0,0,2.219444444444445,0,0,0,0,18.10515589569161,0,0,1.224398148148148,0,0,0,0,0,0,0,0,0,0.2164097370500382,0.7864215412732324,1005.4564327660908,0.0988559110032927,0.7538770821367028,-0.813708597,3,5,0,9,0,0,0,0,0,0,0,0,0,0,0,0,0,0,0,0,0,0,0,0,0,0,0,1,0,0,0,0,0,0,0,0,0,0,0,1,0,0,0,0,0,0,0,0,0,0.6470588235294118,2,0,0,305,276.9808
842,Nc1nc(-c2nonc2N)n[nH]1,5,8,0,0,0,0,2,2,7,3,8,2,1,0,1,2,0,0,0,0,167.132,0.2159022585504628,-0.378858724,5.379768518518518,0.1333333333333335,0.1333333333333335,132.53,0,0,0,0,0,0,0,0,0,0,4,0,0,0,2,0,0,0,1,0,0,0,4,0,0,0,0,0,0,0,1,0,0,0,0,0,0,0,0,0,0,0,0,0,0,0.8709259259259268,0,0,0,10.665751133786848,0,0,0,2.435787037037037,0,0,0,14.344962207105064,0,0,0,0,0,0,0,4.349240362811791,0,0,0,0,0.199247458999359,0.8007525412290968,1067.527962730397,3.052632860025289e-05,0.5863628748534091,-0.909460785,4,5,1,7,0,0,0,0,0,0,0,0,0,0,0,0,0,0,0,0,0,0,0,0,0,0,0,0,0,0,0,0,0,0,1,0,0,0,0,1,0,0,0,0,0,0,0,0,0,0.5882352941176471,0,0,0,302.33,369.0288
843,Nc1nnc(/N=N/c2nnc(N)n2N)n1N,8,12,0,0,0,0,2,2,12,4,12,2,2,0,0,4,0,0,0,0,224.192,0.289601895607422,-0.366415151,5.424141156462586,0.0008597883597882,-0.000859788,190.22000000000003,0,0,0,0,0,0,0,0,0,0,4,0,0,0,4,0,0,0,0,0,0,2,4,0,0,2,0,0,0,0,0,0,0,0,0,0,0,0,0,0,0,0,0,0,0,0.0032418955236426,0,0,0,21.505130490467792,0,0,0,0,0,0,7.242962962962963,14.018341521793904,0,0,1.8969897959183672,0,0,0,0,0,0,0,0,0,0.1221730560067543,0.8885905858846349,2469.0016390547325,0.2535974344876028,0.749357693405652,-0.856408792,4,8,0,12,0,0,0,0,0,0,0,0,0,0,0,0,0,0,0,0,0,0,0,0,0,0,0,0,0,0,0,0,0,0,0,0,0,0,0,2,0,0,0,0,0,0,0,0,0,0.4166666666666667,0,0,0,302,212.9656
844,Nc1ncnn1-c1nn[nH]n1,3,8,0,0,0,0,2,2,7,2,8,2,1,0,1,1,0,0,0,0,152.121,0.2928235987540902,-0.36760376,5.399444444444445,0.2281481481481486,0.2281481481481486,111.19,0,0,0,0,0,1,0,0,0,0,2,0,0,0,1,0,0,0,1,0,0,0,5,0,0,1,0,0,0,0,0,0,0,0,0,0,0,0,0,0,1.3112037037037036,0,0,0,0,0.5059259259259268,0,0,0,5.399444444444445,0,0,0,2.289953703703704,0,0,0,18.059444444444445,0,0,1.2673611111111112,0,0,0,0,0,0,0,0,0,0.2317293587975015,0.770195429312778,777.6781173454214,0.0541159141829122,0.7362560067314832,-0.841435436,3,4,0,8,0,0,0,0,0,0,0,0,0,0,0,0,0,0,0,0,0,0,0,0,0,0,0,0,0,0,0,0,0,0,0,0,0,0,0,1,0,0,0,0,1,0,0,0,0,0.6666666666666666,0,0,0,293,404.5928
845,Nc1nc(N)nc(-n2cc(C(F)(F)F)nn2)n1,4,8,0,0,0,0,2,2,8,2,11,2,1,0,0,2,0,0,0,0,246.156,0.4363000474206097,-0.367589735,12.25712175610985,0.2254086356764919,-4.594871386,121.42,0,0,0,0,0,1,0,0,0,0,4,0,1,0,2,0,0,0,0,0,0,0,5,0,0,1,0,0,0,0,0,3,0,0,0,0,0,0,0,0,0.6192592592592592,0,0,0,0,-1.86002551,0,-4.594871386,0,10.526806736583522,0,0,0,0,0,0,0,16.74855359504913,0,0,0.7055787037037036,0,0,0,0,0,36.771365268329546,0,0,0,0.1602628608288907,0.8741726948407625,2810.337157641281,0.1305069784321803,0.4549960187848356,-0.942491753,6,5,0,8,0,0,0,0,0,0,0,0,0,0,0,0,0,0,0,0,0,0,0,1,0,0,0,0,0,0,0,0,0,0,0,0,0,0,0,1,0,0,0,0,0,0,0,0,0,0.5,0,0,0,290.6,422.584
846,Nc1nnc(-c2n[nH]nc2-c2nnc(N)n2N)n1N,9,13,0,0,0,0,3,3,12,5,13,3,2,0,1,4,0,0,0,0,263.22900000000004,0.2406383251776684,-0.36645385,5.670252267573696,0.0256288842697576,0.0256288842697576,207.07,0,0,0,0,0,0,0,0,0,0,6,0,0,0,4,0,0,0,1,0,0,0,6,0,0,2,0,0,0,0,0,0,0,0,0,0,0,0,0,0,0,0,0,0,0,0.9838900436717914,0,0,0,22.33568982531284,0,0,0,2.4133125472411185,0,0,0,22.65215482489292,0,0,2.11495275888133,0,0,0,0,0,0,0,0,0,0.2814544114155967,0.7629916471895811,2624.2264593475597,0.4240638667641163,0.6914131801587213,-1.002929009,6,9,0,13,0,0,0,0,0,0,0,0,0,0,0,0,0,0,0,0,0,0,0,0,0,0,0,0,0,0,0,0,0,0,0,0,0,0,0,3,0,0,0,0,0,0,0,0,0,0.5357142857142857,0,1,0,290,235.5592
847,n1n[nH]c(Nc2nc(Nc3nnn[nH]3)nc(Nc3nnn[nH]3)n2)n1,6,18,0,0,0,0,4,4,15,6,18,4,6,0,6,0,0,0,0,0,330.24000000000007,0.2466113026707054,-0.291411872,4.135018896447468,0.1328694255479969,0.1328694255479969,238.14,0,0,0,0,0,0,0,0,0,0,6,0,0,0,0,0,0,3,3,0,0,0,12,0,0,0,0,0,0,0,0,0,0,0,0,0,0,0,0,0,0,0,0,0,0,1.1090635235575734,0,0,0,0,0,0,8.29891439909297,7.54228127362056,0,0,0,44.0497408037289,0,0,0,0,0,0,0,0,0,0,0,0,0.5016001810042058,0.5045353143868635,5475.596189483847,0.1867163147981896,0.7630813953488373,-0.726744186,6,6,0,18,0,0,0,0,0,0,0,0,0,0,0,0,0,0,0,0,0,0,0,1,0,0,0,0,0,0,0,0,0,0,0,0,0,0,0,0,0,0,0,0,3,0,0,0,0,0.7,0,0,0,289.85,366.1
848,CC1=Nn2c(N)nnc2C1N,4,6,0,1,1,0,1,1,6,2,6,2,0,0,0,2,0,0,0,0,152.16100000000003,0.2426489953731209,-0.366391303,5.693518518518519,0.2501851851851855,-0.250185185,95.11,1,0,0,0,0,0,1,0,0,1,2,0,0,0,2,0,0,0,0,0,0,1,2,0,0,1,0,0,0,0,0,0,0,0,0,1.8321296296296297,0,0,0,0,0,-0.250185185,0,0,0.8070370370370372,0.8956481481481486,0,0,0,11.136574074074074,0,0,0,0,0,0,4.050925925925926,7.402870370370371,0,0,1.4583333333333333,0,0,0,0,0,0,0,0,0,0.3569990224391958,0.7373233314919552,677.0032506271457,0.5514610650810949,0.5520468451179997,-1.47212492,5,8,0,6,0,0,0,0,0,0,0,0,0,0,0,0,0,0,0,0,0,0,0,0,0,0,0,0,0,0,0,0,0,0,1,0,0,0,0,1,0,0,0,0,0,0,0,0,0,0.5263157894736842,2,0,0,289,322.168
849,NC1=NN=C(N)C1=NO,5,6,0,1,1,0,0,0,6,3,6,1,0,0,0,2,0,0,0,0,127.107,0.1898215259657381,-0.410155951,8.173148148148147,0.0370370370370372,0.0370370370370372,109.35,0,0,0,0,0,0,0,0,0,3,0,0,0,0,2,0,0,0,0,0,0,3,0,0,0,0,0,1,0,0,0,0,0,0,0,0,0,0,0,0,0,0,0,0,0.111111111111112,0,0,0,0,10.289074074074074,0,0,0,0,0,0,9.426666666666666,0,0,0,0,0,8.173148148148147,0,0,0,0,0,0,0,0.4119608684294464,0.5880391315768811,522.4496420155098,6.7980355895784754e-06,0.5507171123541584,-0.944086478,3,5,1,5,0,0,0,0,0,0,0,0,0,0,0,0,0,0,0,0,0,0,0,0,0,0,0,0,0,0,0,0,0,0,1,0,0,0,0,0,0,0,0,0,0,0,0,0,0,0.3571428571428571,1,0,0,285,274.8888
850,O=c1n(Cc2nn[nH]n2)c(=O)n(Cc2nn[nH]n2)c(=O)n1Cc1nn[nH]n1,3,18,0,0,0,0,4,4,15,3,18,4,6,0,3,0,0,0,0,0,375.27300000000014,0.3366835164570589,-0.247291725,12.708220584530109,0.0741400016796844,-0.899109269,229.38,0,0,3,0,0,0,0,0,0,0,3,0,0,0,0,0,0,0,3,0,0,0,9,0,0,3,0,0,3,0,0,0,0,0,0,0,0,-0.937694161,0,0,0,0,0,0,0,0.2224200050390539,0,0,0,0,0,0,0,6.700784921597963,0,0,0,32.276384311836146,0,0,2.3107709750566894,0,0,38.12466175359032,0,0,0,0,0,0,0.4525398586580232,0.6729307887624302,4842.03234570866,0.9661834466867618,0.5595926165751334,-0.831394745,9,9,3,15,0,0,0,0,0,0,0,0,0,0,0,0,0,0,0,0,0,0,0,1,0,0,0,0,0,0,0,0,0,0,0,0,0,0,0,0,0,0,0,0,3,0,0,0,0,0.5833333333333334,0,0,0,283.6,299.5744
851,Nc1nnc(-c2nn3c(N)nnc3n2N)[nH]1,7,11,0,0,0,0,3,3,10,4,11,3,1,0,1,3,0,0,0,0,221.188,0.2740531857105569,-0.368038582,5.740277777777778,0.132349300831444,0.132349300831444,167.64,0,0,0,0,0,0,0,0,0,0,4,1,0,0,3,0,0,0,1,0,0,0,5,0,0,2,0,0,0,0,0,0,0,0,0,0,0,0,0,0,0,0,0,0,0,0.930902305366592,0.2939550264550266,0,0,16.668005165028976,0,0,0,2.693257747543462,0,0,0,18.777612748803225,0,0,2.4696003401360542,0,0,0,0,0,0,0,0,0,0.1963929830317302,0.8245180399529546,1960.589599136061,0.2832629744103715,0.6962403023672168,-0.97654484,5,7,0,11,0,0,0,0,0,0,0,0,0,0,0,0,0,0,0,0,0,0,0,0,0,0,0,0,0,0,0,0,0,0,0,0,0,0,0,3,0,0,0,0,0,0,0,0,0,0.6521739130434783,2,0,0,281,240.58
852,Cc1nn(-c2nnn[nH]2)c2c(C)nn(-c3nnn[nH]3)c12,2,12,0,0,0,0,4,4,10,2,12,4,2,2,2,0,0,0,0,0,272.23600000000005,0.2678374498393407,-0.223288972,4.423194444444444,0.4180045351473924,0.4180045351473924,144.55999999999997,2,0,0,0,0,0,0,0,0,0,4,2,0,0,0,0,0,0,2,0,0,0,8,0,0,2,0,0,0,0,0,0,0,0,0,3.730253212396069,0,0,0,0,0,0,0,0,0,2.351564625850341,1.5786111111111114,0,0,0,0,0,0,5.346475025195264,0,0,0,30.78417312295289,0,0,3.208922902494331,0,0,0,0,0,0,0,0,0,0.1676353170711505,0.8696815930719756,2977.488221962801,0.501813866133981,0.6171116237382274,-1.175450712,8,8,0,12,0,0,0,0,0,0,0,0,0,0,0,0,0,0,0,0,0,0,0,0,0,0,0,0,0,0,0,0,0,0,2,0,0,0,0,0,0,0,0,0,2,0,0,0,0,0.7142857142857143,2,0,0,281,358.5688
853,[O-][n+]1nc2nc3nonc3[nH]c-2n1,1,9,0,2,2,0,1,1,7,1,9,3,0,0,1,0,0,0,0,0,179.09900000000002,0.2752995042871325,-0.569190444,10.659804657974302,0.1708229402872263,0.1708229402872263,120.32,0,0,0,0,0,0,0,0,0,0,2,2,0,0,0,0,0,0,1,0,0,0,5,0,0,1,0,0,0,0,1,0,0,0,0,0,0,0,0,0,0,0,0,0,0,0.4272222222222228,0.5842592592592599,0,0,0,0,0,0,2.6857407407407408,0,0,0,17.737290249433105,0,0,0.1708229402872263,0,0,0,0,4.401526596749811,0,0,0,0,0.1386815262724078,0.8613184745080291,1141.5178945608009,4.270912527886408e-05,0.5471834013590249,-0.580684426,4,1,2,7,0,0,0,0,0,0,0,0,0,0,0,0,0,0,0,1,0,0,0,0,0,0,0,0,0,0,0,0,0,0,1,0,0,0,0,1,0,0,0,0,0,0,0,0,0,1.1428571428571428,3,0,0,281,278.6544
854,Cc1cc(C)n(-c2nnc(Nc3nncn3N)nn2)n1,3,11,0,0,0,0,3,3,11,2,11,3,3,2,1,1,0,0,0,0,273.26400000000007,0.288915024470847,-0.335051768,5.550650208277373,0.1620195578231296,0.1620195578231296,138.14,2,0,0,0,0,2,0,0,0,0,5,0,0,0,1,0,0,1,0,0,0,0,7,0,0,2,0,0,0,0,0,0,0,0,0,3.778544541260541,0,0,0,0,3.2498570348836404,0,0,0,0,2.4961630114881395,0,0,0,5.550650208277373,0,0,2.73814917170572,0,0,0,0,27.267163820660397,0,0,2.7528055450575293,0,0,0,0,0,0,0,0,0,0.1093311465651981,0.8922344460774578,4298.986460903329,0.1352767843399712,0.5635575853387205,-1.37595878,9,11,0,11,0,0,0,0,0,0,0,0,0,0,0,0,0,0,0,0,0,0,0,0,0,0,0,1,0,0,0,0,0,0,1,0,0,0,0,1,0,0,0,0,0,0,0,0,0,0.5161290322580645,0,0,0,276.5,239.3248
855,OC(Cn1cc(C(F)(F)F)nn1)Cn1cc(C(F)(F)F)nn1,1,7,0,0,0,0,2,2,7,1,13,2,4,0,0,0,0,0,0,0,330.19199999999995,0.4362810604450408,-0.389255686,12.292739166947772,0.3985206443688587,-4.66992469,81.64999999999999,0,0,2,0,0,2,1,0,0,0,2,0,2,0,0,0,0,0,0,0,0,0,4,0,0,2,0,1,0,0,0,6,0,0,0,0,0,-0.797041289,0,0,1.1502021919879055,-1.328178382,0,0,0,-2.47256758,0,-9.33984938,0,0,0,0,0,0,0,0,0,12.09473786341391,0,0,1.462476615646259,0,9.640451625094483,0,0,0,73.75643500168663,0,0,0,0.1186009441036357,0.9493578216507872,6419.3338974811495,0.7213419543429885,0.2543974414885885,-1.017589766,9,8,1,6,0,0,0,0,0,0,0,0,0,0,0,0,0,0,0,0,0,0,0,0,0,0,0,0,0,0,0,0,0,0,0,0,0,0,0,2,0,0,0,0,0,0,0,0,0,0.3333333333333333,0,0,0,275,317.5656
856,N=c1nc(NC(N)=O)nc(N)n1O,7,9,0,0,0,0,1,1,7,5,9,1,1,0,2,2,0,0,0,0,185.147,0.318505973119446,-0.422159957,10.336002928949355,0.2358333333333329,-0.880102041,155.93,0,0,0,0,0,0,0,0,0,1,2,0,0,0,2,0,1,1,0,0,0,0,2,0,0,1,0,1,1,0,0,0,0,0,0,0,0,0,0,0,0,0,0,0,-0.880102041,-0.607361111,0,0,0,9.908211451247166,0,7.035239984882842,2.0058333333333334,0,0,0,0,6.7716666666666665,0,0,0.2561243386243386,0,8.900078892668178,10.336002928949355,0,0,0,0,0,0,0.2144789169398298,0.7855210830605486,1384.714093087456,1.5548639683705958e-06,0.5293091435453988,-0.820969284,4,7,2,7,0,0,0,0,0,0,0,0,0,0,0,0,0,0,0,0,0,0,0,1,0,0,0,0,0,0,0,0,0,0,0,0,0,0,0,0,0,0,0,0,0,0,0,0,0,0.3,1,0,0,275,219.66
857,C=C1N[N+]([O-])=Nc2n[nH]cc21,2,6,0,1,1,0,1,1,4,2,6,2,0,0,2,0,0,0,0,0,151.12900000000002,0.2529789851263386,-0.571020449,10.658333333333331,0.3249074074074072,0.3249074074074072,79.13999999999999,0,1,0,0,0,1,0,0,0,1,2,0,0,0,0,0,0,1,1,0,0,1,1,0,0,0,0,0,0,0,0,0,0,0,0,0,3.6053703703703706,0,0,0,1.6261574074074074,0,0,0,0.4988425925925928,1.084120370370371,0,0,0,0,0,0,2.3781481481481483,2.5810185185185186,0,0,3.519675925925926,3.723425925925926,0,0,0,0,0,0,0,0,0,0,0,0,0.3501559795426548,0.6498440205504437,736.309905162481,1.4784204810912477e-05,0.4631804617247516,-1.217502928,5,5,1,5,0,0,0,0,0,0,0,0,0,0,0,0,0,0,0,0,0,0,0,1,0,0,0,0,0,0,0,0,0,0,1,0,0,0,0,0,0,0,0,0,0,0,0,0,0,0.6875,2,0,0,275,299.5744
858,Nc1nnnn1CCn1nnnc1N,4,10,0,0,0,0,2,2,10,2,10,2,3,2,0,2,0,0,0,0,196.178,0.2398526643647023,-0.36663934,5.452749433106576,0.2468943688586549,0.2468943688586549,139.24,0,0,2,0,0,0,0,0,0,0,2,0,0,0,2,0,0,0,0,0,0,0,6,0,0,2,0,0,0,0,0,0,0,0,0,0,0,0.9326851851851854,0,0,0,0,0,0,0,0.4937887377173098,0,0,0,10.90549886621315,0,0,0,0,0,0,0,21.138027210884356,0,0,2.8633333333333333,0,0,0,0,0,0,0,0,0,0.1645845779043004,0.8643655532413743,1696.046334544312,0.4101291056003402,0.7136376148191945,-0.978703015,4,8,0,10,0,0,0,0,0,0,0,0,0,0,0,0,0,0,0,0,0,0,0,0,0,0,0,0,0,0,0,0,0,0,0,0,0,0,0,0,0,0,0,0,2,0,0,0,0,0.4545454545454545,0,0,0,274,326.7704
859,FC(F)(F)c1nc(-c2nnn[nH]2)c(-c2nnn[nH]2)[nH]1,3,10,0,0,0,0,3,3,7,3,13,3,2,0,3,0,0,0,0,0,272.154,0.4490704389632998,-0.33107649,12.647043650793652,0.0190740740740738,-4.644940476,137.6,0,0,0,0,0,0,0,0,0,0,5,0,1,0,0,0,0,0,3,0,0,0,7,0,0,0,0,0,0,0,0,3,0,0,0,0,0,0,0,0,0,0,0,0,0,-1.481851852,0,-4.644940476,0,0,0,0,0,6.7302513227513225,0,0,0,23.538743386243382,0,0,0,0,0,0,0,0,37.94113095238096,0,0,0,0.3756759358993942,0.6686569498691141,2742.708779957832,0.2810521772536635,0.5144146328916718,-0.793668291,6,3,0,10,0,0,0,0,0,0,0,0,0,0,0,0,0,0,0,0,0,0,0,0,0,0,0,0,0,0,0,0,0,0,1,0,0,0,0,0,0,0,0,0,2,0,0,0,0,0.6818181818181818,0,0,0,271,381.1624
860,Cc1nc(-c2nonc2/N=N\c2nonc2-c2noc(C)n2)no1,0,14,0,0,0,0,4,4,14,0,14,4,4,2,0,0,0,0,0,0,330.2240000000001,0.2487910198533246,-0.339243904,4.865815220301533,0.0222616160661799,0.0222616160661799,180.4,2,0,0,0,0,0,0,0,0,0,8,0,0,0,0,0,0,0,0,0,0,2,8,0,0,0,0,0,0,0,4,0,0,0,0,3.260800227823344,0,0,0,0,0,0,0,0,0,1.3877755592284142,0,0,0,0,0,0,0,0,0,0,7.749135487528345,29.958275768143192,0,0,0,0,0,0,0,18.97734629061004,0,0,0,0,0.1949344577175245,0.8715872454646112,5431.009797743749,0.6440014668865144,0.4239546489655507,-0.920587238,10,6,4,10,0,0,0,0,0,0,0,0,0,0,0,0,0,0,0,0,0,0,0,0,0,0,0,0,0,0,0,0,0,0,4,0,0,0,0,0,0,0,0,0,0,0,0,0,0,0.6666666666666666,0,1,0,271,214.6392
861,Nc1nc(-c2no[n+]([O-])c2-c2noc(N)n2)no1,4,12,0,0,0,0,3,3,11,2,12,3,2,0,0,2,0,0,0,0,252.15,0.3188080246476564,-0.358898737,11.43744567271353,0.0497685185185181,-0.217800112,182.85,0,0,0,0,0,0,0,0,0,0,6,0,0,0,2,0,0,0,0,0,0,0,5,0,0,1,0,0,0,0,3,0,0,0,0,0,0,0,0,0,0,0,0,0,0,-0.803107783,0,0,0,10.517526402536324,0,0,0,0,0,0,0,17.772896825396824,0,0,0.0616836734693875,0,0,0,0,13.513555209120684,0,0,0,0,0.3730025286889795,0.6395856562408658,2349.191293877452,0.2048288514555354,0.444180051556613,-0.634542931,6,4,4,8,0,0,0,0,0,0,0,0,0,0,0,0,0,0,0,0,0,0,0,0,0,0,0,0,0,0,0,0,0,0,3,0,0,0,0,0,0,0,0,0,0,0,0,0,0,0.6818181818181818,0,0,0,269,272.3784
862,Nc1nc(-c2nonc2/N=N\c2nonc2-c2noc(N)n2)no1,4,16,0,0,0,0,4,4,16,2,16,4,4,0,0,2,0,0,0,0,332.2000000000001,0.3187395261752566,-0.351249757,5.335379200774292,0.0205025398716778,-0.158730026,232.43999999999997,0,0,0,0,0,0,0,0,0,0,8,0,0,0,2,0,0,0,0,0,0,2,8,0,0,0,0,0,0,0,4,0,0,0,0,0,0,0,0,0,0,0,0,0,0,-0.279444758,0,0,0,10.670758401548582,0,0,0,0,0,0,7.60500283446712,28.942474152731187,0,0,0,0,0,0,0,18.39454270281145,0,0,0,0,0.1932746652373811,0.871666317594929,5488.262883006033,0.5922557466841909,0.5057194461167971,-0.674292595,8,4,4,12,0,0,0,0,0,0,0,0,0,0,0,0,0,0,0,0,0,0,0,0,0,0,0,0,0,0,0,0,0,0,4,0,0,0,0,0,0,0,0,0,0,0,0,0,0,0.7142857142857143,0,1,0,267,216.7312
863,Nc1nc2[nH]nc(N)n2n1,5,7,0,0,0,0,2,2,6,3,7,2,0,0,1,2,0,0,0,0,139.122,0.2510541108018542,-0.366434374,5.352083333333333,0.18087962962963,0.18087962962963,110.91,0,0,0,0,0,0,0,0,0,0,2,1,0,0,2,0,0,0,1,0,0,0,3,0,0,1,0,0,0,0,0,0,0,0,0,0,0,0,0,0,0,0,0,0,0,0.4301388888888895,0.4537037037037039,0,0,10.609583333333331,0,0,0,2.543009259259259,0,0,0,11.13486111111111,0,0,1.3287037037037035,0,0,0,0,0,0,0,0,0,0.2906783574324693,0.7421617255502434,572.0906459230347,0.2547758409177623,0.7044177053233849,-0.977559265,3,5,0,7,0,0,0,0,0,0,0,0,0,0,0,0,0,0,0,0,0,0,0,0,0,0,0,0,0,0,0,0,0,0,0,0,0,0,0,2,0,0,0,0,0,0,0,0,0,0.6666666666666666,2,0,0,261,353.1296
864,n1n[nH]c(-c2nc(-c3nnn[nH]3)c(-c3nnn[nH]3)nc2-c2nnn[nH]2)n1,4,18,0,0,0,0,5,5,14,4,18,5,4,0,4,0,0,0,0,0,352.2460000000001,0.1999777067717819,-0.237438254,4.528425925925926,0.2359901738473167,0.2359901738473167,243.61999999999995,0,0,0,0,0,0,0,0,0,0,8,0,0,0,0,0,0,0,4,0,0,0,14,0,0,0,0,0,0,0,0,0,0,0,0,0,0,0,0,0,0,0,0,0,0,1.985347694633412,0,0,0,0,0,0,0,10.461334404132025,0,0,0,52.88665123456789,0,0,0,0,0,0,0,0,0,0,0,0,0.3407474632330912,0.6901166097223954,4840.360238200025,0.4511095160743689,0.715409117491753,-0.81761042,8,4,0,18,0,0,0,0,0,0,0,0,0,0,0,0,0,0,0,1,0,0,0,0,0,0,0,0,0,0,0,0,0,0,0,0,0,0,0,0,0,0,0,0,4,0,0,0,0,0.8666666666666667,0,1,0,260,410.032
865,c1nc(-c2nonc2/N=N\c2nonc2-c2ncon2)no1,0,14,0,0,0,0,4,4,14,0,14,4,4,0,0,0,0,0,0,0,302.17,0.2487908624852374,-0.342358787,4.604624665841747,0.0170944349962209,0.0170944349962209,180.4,0,0,0,0,0,2,0,0,0,0,6,0,0,0,0,0,0,0,0,0,0,2,8,0,0,0,0,0,0,0,4,0,0,0,0,0,0,0,0,0,2.251655657620665,0,0,0,0,0.6211043923742356,0,0,0,0,0,0,0,0,0,0,7.644945200302343,29.138532631423143,0,0,0,0,0,0,0,18.343762118279614,0,0,0,0,0.1923748647659294,0.879790626848596,4191.361056051563,0.5860663149541544,0.4633153522851375,-0.688354238,8,2,4,10,0,0,0,0,0,0,0,0,0,0,0,0,0,0,0,0,0,0,0,0,0,0,0,0,0,0,0,0,0,0,4,0,0,0,0,0,0,0,0,0,0,0,0,0,0,0.8333333333333334,0,0,0,259,212.9656
866,N(=N\c1nonc1-c1nnn[nH]1)\c1nonc1-c1nnn[nH]1,2,16,0,0,0,0,4,4,14,2,16,4,4,0,2,0,0,0,0,0,302.178,0.2487088182700827,-0.241471993,4.574540343915344,0.0307360166288741,0.0307360166288741,211.47999999999996,0,0,0,0,0,0,0,0,0,0,6,0,0,0,0,0,0,0,2,0,0,2,10,0,0,0,0,0,0,0,2,0,0,0,0,0,0,0,0,0,0,0,0,0,0,0.8415125556395431,0,0,0,0,0,0,0,4.9849589596577335,0,0,7.664537037037038,35.359910759835,0,0,0,0,0,0,0,9.149080687830688,0,0,0,0,0.190381088532451,0.8811619588247158,4195.4973220068905,0.5484308815373452,0.6486243207645825,-0.582438166,6,2,2,14,0,0,0,0,0,0,0,0,0,0,0,0,0,0,0,0,0,0,0,0,0,0,0,0,0,0,0,0,0,0,2,0,0,0,0,0,0,0,0,0,2,0,0,0,0,0.8333333333333334,0,1,0,258,200.832
867,Cn1nc2c(=O)[nH][nH]c(=O)c2n1,2,7,0,0,0,0,2,2,5,2,7,2,0,1,2,0,0,0,0,0,167.128,0.2922352708945521,-0.265446389,11.002731481481485,0.0567129629629632,-0.446574074,96.43,1,0,0,0,0,0,0,0,0,0,0,2,0,0,0,0,0,0,2,0,0,0,2,0,0,1,0,0,2,0,0,0,0,0,0,1.5405555555555557,0,0,0,0,0,0,0,0,0,0,0.1134259259259264,0,0,0,0,0,0,4.293981481481481,0,0,0,7.430648148148148,0,0,1.1757407407407403,0,0,22.00546296296297,0,0,0,0,0,0,0.3824839123566451,0.6213653902271822,876.3720837628564,0.1330317224847017,0.4188406490833372,-1.005217558,5,5,2,5,0,0,0,0,0,0,0,0,0,0,0,0,0,0,0,1,0,0,0,0,0,0,0,0,0,0,0,0,0,0,0,0,0,0,0,1,0,0,0,0,0,0,0,0,0,0.6470588235294118,2,1,0,256,343.9248
868,n1n[nH]c(-c2nnn[nH]2)n1,2,8,0,0,0,0,2,2,6,2,8,2,1,0,2,0,0,0,0,0,138.09400000000002,0.2182725312692304,-0.236100908,3.568287037037037,0.4212962962962965,0.4212962962962965,108.92,0,0,0,0,0,0,0,0,0,0,2,0,0,0,0,0,0,0,2,0,0,0,6,0,0,0,0,0,0,0,0,0,0,0,0,0,0,0,0,0,0,0,0,0,0,0.842592592592593,0,0,0,0,0,0,0,4.98712962962963,0,0,0,20.503611111111116,0,0,0,0,0,0,0,0,0,0,0,0,0.1522940280596492,0.8477059720596846,667.0670748327724,1.5449678308162664e-05,0.8110417541674511,-0.579315539,2,2,0,8,0,0,0,0,0,0,0,0,0,0,0,0,0,0,0,0,0,0,0,0,0,0,0,0,0,0,0,0,0,0,0,0,0,0,0,0,0,0,0,0,2,0,0,0,0,0.8333333333333334,0,1,0,255,441.412
869,Nc1nonc1/N=[N+](/[O-])c1nonc1N,4,11,0,0,0,0,2,2,10,2,11,2,2,0,0,2,0,0,0,0,212.129,0.442019261284079,-0.690258021,11.288703703703703,0.0433796296296293,-0.307962963,168.31000000000003,0,0,0,0,0,0,0,0,0,0,4,0,0,0,2,0,0,0,0,0,0,1,4,0,0,0,0,0,0,0,2,0,0,0,0,0,0,0,0,0,0,0,0,0,0,-0.833841648,0,0,0,10.511633125472413,0,0,0,0,0,0,3.3647685185185185,12.874840797430082,0,0,0,0,0,0,0,8.417182539682539,0,0,0,0,0.3468123155702816,0.8382888107520551,1334.4306721713983,0.7841425468988056,0.5279806155688282,-0.527980616,4,4,3,8,0,0,0,0,0,0,0,0,0,0,0,0,0,0,0,0,0,0,0,0,0,0,0,0,0,0,0,0,0,0,2,0,0,0,0,0,0,0,0,0,0,0,0,0,0,0.5263157894736842,0,0,0,252,161.084
870,Nc1nnc(/N=N/c2nnc(N)nn2)nn1,4,12,0,0,0,0,2,2,12,2,12,2,2,0,0,2,0,0,0,0,220.16000000000005,0.3062898776740306,-0.365192233,5.172508267846471,0.0638722239227282,-0.088310185,179.87999999999994,0,0,0,0,0,0,0,0,0,0,4,0,0,0,2,0,0,0,0,0,0,2,8,0,0,0,0,0,0,0,0,0,0,0,0,0,0,0,0,0,0,0,0,0,0,-0.304364818,0,0,0,10.345016535692942,0,0,0,0,0,0,7.047331821617536,27.578683127572017,0,0,0,0,0,0,0,0,0,0,0,0,0.0547486088992604,0.9452513911015132,3054.7167295580366,2.800831450235769e-06,0.763081395348837,-0.726744186,4,4,0,12,0,0,0,0,0,0,0,0,0,0,0,0,0,0,0,0,0,0,0,0,0,0,0,2,0,0,0,0,0,0,0,0,0,0,0,0,0,0,0,0,0,0,0,0,0,0.6,0,0,0,252,156.9
871,N#CN=C(N)N,4,4,0,0,0,0,0,0,2,2,4,0,0,0,0,2,1,0,0,0,84.08200000000002,0.2086533385842972,-0.369229845,7.639166666666666,0.196759259259259,-0.196759259,88.19,0,0,0,0,0,0,0,0,1,1,0,0,0,0,2,0,0,0,0,1,0,1,0,0,0,0,0,0,0,0,0,0,0,0,0,0,0,0,0,0,0,0,0,1.4050925925925926,-0.196759259,0,0,0,0,9.41638888888889,0,0,0,0,7.639166666666666,0,2.9027777777777777,0,0,0,0,0,0,0,0,0,0,0,0,0,0.204052875352509,0.7959471246474932,274.18390247274755,7.265208668515165e-08,0.6660165076948693,-1.141742585,2,4,0,4,0,0,0,0,0,0,0,0,0,0,0,0,0,0,0,0,0,0,0,0,0,0,0,0,0,0,0,0,0,0,0,0,0,0,0,0,0,0,0,0,0,0,0,0,0,0,0,0,0,252,369.4472
872,Cc1cc(C)n(-c2n[n+]([O-])c(N)[n+]([O-])n2)n1,2,9,0,0,0,0,2,2,7,1,9,2,1,2,0,1,0,0,0,0,223.19600000000003,0.5812812861152328,-0.653630068,11.130679799697656,0.0057407407407406,-0.633998961,123.5,2,0,0,0,0,1,0,0,0,0,4,0,0,0,1,0,0,0,0,0,0,0,3,0,0,3,0,0,0,0,0,0,0,0,0,3.5290713970773493,0,0,0,0,1.767859977324263,0,0,0,0,0.6853476946334096,0,0,0,5.118343568909045,0,0,0,0,0,0,0,11.003943688586546,0,0,1.3007407407407403,0,0,0,0,0,0,0,0,0,0.2233577445707515,0.7799388995720089,2038.4281479582116,0.1653318427458979,0.4390759691033887,-1.182816896,7,9,2,7,0,0,0,0,0,0,0,0,0,0,0,0,0,0,0,0,0,0,0,0,0,0,0,1,0,0,0,0,0,0,1,0,0,0,0,0,0,0,0,0,0,0,0,0,0,0.44,0,0,0,252,254.8056
873,Nc1noc(-c2nonc2N)n1,4,8,0,0,0,0,2,2,8,2,8,2,1,0,0,2,0,0,0,0,168.116,0.2851774517523207,-0.378803801,5.345879629629629,0.0068518518518523,0.0068518518518523,129.88,0,0,0,0,0,0,0,0,0,0,4,0,0,0,2,0,0,0,0,0,0,0,4,0,0,0,0,0,0,0,2,0,0,0,0,0,0,0,0,0,0,0,0,0,0,0.3717592592592602,0,0,0,10.545056689342402,0,0,0,0,0,0,0,13.773619614512471,0,0,0,0,0,0,0,8.976231103552532,0,0,0,0,0.1904595957288885,0.8095404044446286,1068.0078506611835,2.904451155782625e-05,0.4996550001189653,-0.761379048,4,4,2,6,0,0,0,0,0,0,0,0,0,0,0,0,0,0,0,0,0,0,0,0,0,0,0,0,0,0,0,0,0,0,2,0,0,0,0,0,0,0,0,0,0,0,0,0,0,0.625,0,0,0,249,384.928
874,Nn1c2n[n+]([O-])nc-2nc2nonc21,2,10,0,2,2,0,1,1,9,1,10,3,0,0,0,1,0,0,0,0,194.114,0.2773035774566065,-0.569189504,10.763137991307634,0.0886111111111116,0.0886111111111116,135.48000000000002,0,0,0,0,0,0,0,0,0,0,2,2,0,0,1,0,0,0,0,0,0,0,5,0,0,2,0,0,0,0,1,0,0,0,0,0,0,0,0,0,0,0,0,0,0,0.2026851851851863,0.3597222222222227,0,0,5.571851851851852,0,0,0,0,0,0,0,17.69715136054422,0,0,1.159341458805745,0,0,0,0,4.412776596749811,0,0,0,0,0.218838219951139,0.7811617801046156,1266.4185033764288,1.1991930366719074e-05,0.5769805372100929,-0.576980537,4,2,2,8,0,0,0,0,0,0,0,0,0,0,0,0,0,0,0,1,0,0,0,0,0,0,0,0,0,0,0,0,0,0,1,0,0,0,0,1,0,0,0,0,0,0,0,0,0,1,3,0,0,247.1,274.8888
875,NNc1cc(NN)nc(NN)n1,9,8,0,0,0,0,1,1,8,6,8,1,3,0,3,3,0,0,0,0,170.18000000000004,0.2406481258056358,-0.308247309,5.119537037037037,0.2207407407407409,0.2207407407407409,139.93,0,0,0,0,0,1,0,0,0,0,3,0,0,0,3,0,0,3,0,0,0,0,2,0,0,0,0,0,0,0,0,0,0,0,0,0,0,0,0,0,1.5286111111111111,0,0,0,0,1.037222222222223,0,0,0,15.323888888888888,0,0,6.931388888888888,0,0,0,0,7.678888888888888,0,0,0,0,0,0,0,0,0,0,0,0,0.4065972376544162,0.5978324972132587,1209.5235806183905,0.2282874774247952,0.6581266893877067,-1.22223528,4,10,0,8,0,0,0,0,0,0,0,0,0,0,0,0,0,0,0,1,0,0,0,0,0,0,0,0,0,0,0,0,0,0,0,0,0,0,0,0,0,0,0,0,0,0,0,0,0,0.2727272727272727,1,0,0,247,270.2864
876,Nc1nnc2nnc3nnc(N)n3n12,4,10,0,0,0,0,3,3,10,2,10,3,0,0,0,2,0,0,0,0,192.146,0.2908119802806467,-0.366381752,5.5600000000000005,0.1448148148148151,0.1448148148148151,138.2,0,0,0,0,0,0,0,0,0,0,2,2,0,0,2,0,0,0,0,0,0,0,6,0,0,2,0,0,0,0,0,0,0,0,0,0,0,0,0,0,0,0,0,0,0,0.2896296296296308,0.4750000000000007,0,0,11.12,0,0,0,0,0,0,0,22.03666666666667,0,0,2.7453703703703702,0,0,0,0,0,0,0,0,0,0.4030892512365299,0.59691074884594,1058.037108939554,2.0280058307094086e-05,0.7286126174887844,-0.832700134,4,4,0,10,0,0,0,0,0,0,0,0,0,0,0,0,0,0,0,0,0,0,0,0,0,0,0,1,0,0,0,0,0,0,0,0,0,0,0,2,0,0,0,0,0,0,0,0,0,0.8888888888888888,3,1,0,247,387.4384
877,On1nnnc1-c1n[nH]nc1-c1nnnn1O,3,13,0,0,0,0,3,3,12,3,13,3,2,0,1,0,0,0,0,0,237.143,0.2443466567826638,-0.408691078,9.291514550264552,0.0724537037037034,-0.072453704,169.23,0,0,0,0,0,0,0,0,0,0,4,0,0,0,0,0,0,0,1,0,0,0,8,0,0,2,0,2,0,0,0,0,0,0,0,0,0,0,0,0,0,0,0,0,0,0.0265740740740756,0,0,0,0,0,0,0,2.289351851851852,0,0,0,27.44853552532124,0,0,0.8191761148904004,0,18.583029100529103,0,0,0,0,0,0,0,0.31438019679253,0.7240416149534902,1910.5615757323983,0.3364870318491736,0.6493971991583137,-0.506023792,4,3,2,11,0,0,0,0,0,0,0,0,0,0,0,0,0,0,0,0,0,0,0,0,0,0,0,0,0,0,0,0,0,0,0,0,0,0,0,1,0,0,0,0,2,0,0,0,0,0.75,0,0,0,246,274.052
878,Nc1nnc(-c2nonc2N)o1,4,8,0,0,0,0,2,2,8,2,8,2,1,0,0,2,0,0,0,0,168.116,0.3126103061354316,-0.401530893,5.345879629629629,0.062592592592592,-0.062592593,129.88,0,0,0,0,0,0,0,0,0,0,4,0,0,0,2,0,0,0,0,0,0,0,4,0,0,0,0,0,0,0,2,0,0,0,0,0,0,0,0,0,0,0,0,0,0,0.3023148148148156,0,0,0,10.520751133786847,0,0,0,0,0,0,0,13.70648998488284,0,0,0,0,0,0,0,9.137110733182162,0,0,0,0,0.1977313902690079,0.8022686099206269,1052.0721149723229,2.0138206034716092e-05,0.4996550001189653,-0.761379048,4,4,2,6,0,0,0,0,0,0,0,0,0,0,0,0,0,0,0,0,0,0,0,0,0,0,0,0,0,0,0,0,0,0,2,0,0,0,0,0,0,0,0,0,0,0,0,0,0,0.625,0,0,0,246,381.5808
879,Nc1nonc1-n1c(N)n[nH]c1=O,5,9,0,0,0,0,2,2,8,3,9,2,1,0,1,2,0,0,0,0,183.131,0.3503516781443376,-0.377664441,11.090555555555556,0.024305555555556,-0.555648148,141.64,0,0,0,0,0,0,0,0,0,0,3,0,0,0,2,0,0,0,1,0,0,0,3,0,0,1,0,0,1,0,1,0,0,0,0,0,0,0,0,0,0,0,0,0,0,-0.070509259,0,0,0,10.702314814814816,0,0,0,2.1198148148148146,0,0,0,10.13277777777778,0,0,0.9502314814814814,0,0,11.090555555555556,0,4.29712962962963,0,0,0,0,0.3627886951327912,0.7345958255290442,986.1045142271988,0.5327236153919794,0.5351360501498925,-0.742637784,4,5,2,7,0,0,0,0,0,0,0,0,0,0,0,0,0,0,0,0,0,0,0,0,0,0,0,0,0,0,0,0,0,0,1,0,0,0,0,1,0,0,0,0,0,0,0,0,0,0.5555555555555556,0,0,0,244,355.64
880,c1nnc2nncn2n1,0,6,0,0,0,0,2,2,6,0,6,2,0,0,0,0,0,0,0,0,122.091,0.2900421724079202,-0.181386154,3.75925925925926,0.4143518518518521,0.4143518518518521,68.86,0,0,0,0,0,2,0,0,0,0,0,1,0,0,0,0,0,0,0,0,0,0,5,0,0,1,0,0,0,0,0,0,0,0,0,0,0,0,0,0,2.792037037037037,0,0,0,0,0,0.4143518518518521,0,0,0,0,0,0,0,0,0,0,18.022777777777776,0,0,1.4375,0,0,0,0,0,0,0,0,0,0.2874302261968164,0.7125697738059373,393.5814281162672,1.9527169891408337e-06,0.6880114013317935,-0.917348535,3,2,0,6,0,0,0,0,0,0,0,0,0,0,0,0,0,0,0,0,0,0,0,0,0,0,0,1,0,0,0,0,0,0,0,0,0,0,0,1,0,0,0,0,0,0,0,0,0,1,2,0,0,243,468.608
881,Nn1c(-c2nonc2/N=N\c2nonc2-c2n[nH]c(=O)n2N)n[nH]c1=O,6,18,0,0,0,0,4,4,16,4,18,4,4,0,2,2,0,0,0,0,362.2300000000001,0.3618333730048161,-0.333108493,11.333183136788143,0.0665677227681189,-0.686735561,255.95999999999995,0,0,0,0,0,0,0,0,0,0,6,0,0,0,2,0,0,0,2,0,0,2,6,0,0,2,0,0,2,0,2,0,0,0,0,0,0,0,0,0,0,0,0,0,0,-0.65421709,0,0,0,11.01178800489254,0,0,0,4.233202110799027,0,0,7.524359410430839,21.465755897374763,0,0,1.3580911239100268,0,0,22.666366273576287,0,9.10145872505721,0,0,0,0,0.2346600324464561,0.8434022992119948,5705.213315196623,0.8051189753962307,0.5410926759241366,-0.66256246,8,6,4,14,0,0,0,0,0,0,0,0,0,0,0,0,0,0,0,0,0,0,0,0,0,0,0,0,0,0,0,0,0,0,2,0,0,0,0,2,0,0,0,0,0,0,0,0,0,0.625,0,1,0,241,227.1912
882,Nc1n[nH]nc1-c1nnn[nH]1,4,8,0,0,0,0,2,2,6,3,8,2,1,0,2,1,0,0,0,0,152.121,0.2033679882589305,-0.380245485,5.411342592592592,0.2671759259259265,0.2671759259259265,122.05,0,0,0,0,0,0,0,0,0,0,3,0,0,0,1,0,0,0,2,0,0,0,5,0,0,0,0,0,0,0,0,0,0,0,0,0,0,0,0,0,0,0,0,0,0,1.0924074074074086,0,0,0,5.411342592592592,0,0,0,4.85138888888889,0,0,0,17.644861111111112,0,0,0,0,0,0,0,0,0,0,0,0,0.2375743979350592,0.783189961395182,793.0919962827589,0.2339447846741821,0.7362560067314833,-0.841435436,3,4,0,8,0,0,0,0,0,0,0,0,0,0,0,0,0,0,0,0,0,0,0,0,0,0,0,0,0,0,0,0,0,0,0,0,0,0,0,1,0,0,0,0,1,0,0,0,0,0.6666666666666666,0,0,0,241,381.1624
883,n1n[nH]c(-c2nonc2Oc2nonc2-c2nn[nH]n2)n1,2,15,0,0,0,0,4,4,13,2,15,4,4,0,2,0,0,0,0,0,290.163,0.2938497516407599,-0.410333304,5.396296296296296,0.0472269463340884,-0.054792139,195.98999999999995,0,0,0,0,0,0,0,0,0,0,6,0,0,0,0,0,0,0,2,0,0,0,10,0,0,0,0,0,0,1,2,0,0,0,0,0,0,0,0,0,0,0,0,0,0,0.4858124947509896,0,0,0,0,0,0,0,4.771566151534586,0,0,0,35.691438042426945,0,0,0,0,0,0,5.396296296296296,9.154887014991182,0,0,0,0,0.3593995387401859,0.8576278234303673,2734.809996816984,0.75988179658357,0.5789849153751513,-0.551414205,6,2,3,12,0,0,0,0,0,0,0,0,0,0,0,0,0,0,0,0,0,0,0,0,0,0,0,0,0,0,0,0,0,0,2,0,0,0,0,0,0,0,0,0,2,0,0,0,0,0.8695652173913043,0,0,0,240,348.1088
884,N/N=C(/C1=NNC(/C(=N/N)c2ncn[nH]2)=NN1)c1ncn[nH]1,8,14,0,1,1,0,2,2,12,6,14,3,4,0,4,2,0,0,0,0,302.266,0.1977481320839058,-0.322442258,5.328726736460322,0.2332790060468632,0.2332790060468632,208.68,0,0,0,0,0,2,0,0,0,4,2,0,0,0,2,0,0,2,2,0,0,4,4,0,0,0,0,0,0,0,0,0,0,0,0,0,0,0,0,0,2.629201019505853,0,0,0,0.9363774985302772,0.6613888888888895,0,0,0,10.657453472920643,0,0,5.327314814814815,5.234026465524481,0,0,15.271040564373898,15.28319727544114,0,0,0,0,0,0,0,0,0,0,0,0,0.1509710308219748,0.8759946765447135,4763.922556628368,0.4542905565568388,0.6484354839776888,-1.111603687,8,10,0,14,0,0,0,0,0,0,0,0,0,0,0,0,0,0,0,0,0,0,0,0,0,0,0,1,0,0,0,0,0,0,0,0,0,0,0,2,0,0,0,0,0,0,0,0,0,0.5,0,0,0,240,286.604
885,N(=N/c1nnc2nnc(Nc3nnn[nH]3)nn12)\c1nnc2nnc(Nc3nnn[nH]3)nn12,4,24,0,0,0,0,6,6,22,4,24,6,6,0,4,0,0,0,0,0,436.2880000000001,0.2921428309849567,-0.289052805,4.152749463472768,0.0291731574402021,-0.029173157,295.42,0,0,0,0,0,0,0,0,0,0,6,2,0,0,0,0,0,2,2,0,0,2,16,0,0,2,0,0,0,0,0,0,0,0,0,0,0,0,0,0,0,0,0,0,0,0.4505971999848293,0.1434092707139111,0,0,0,0,0,5.4217363707305015,4.9871929693766806,0,0,7.936504314688839,60.026864978732426,0,0,2.3670282291061517,0,0,0,0,0,0,0,0,0,0.1932250928061497,0.8133359084311086,10220.77569796995,0.2530511505189894,0.7701334898048994,-0.66011442,8,4,0,24,0,0,0,0,0,0,0,0,0,0,0,0,0,0,0,0,0,0,0,0,0,0,0,2,0,0,0,0,0,0,0,0,0,0,0,2,0,0,0,0,2,0,0,0,0,0.8888888888888888,2,0,0,240,212.1288
886,FC(F)(F)c1nc(-c2conc2/N=N\c2nonc2-c2noc(C(F)(F)F)n2)no1,0,13,0,0,0,0,4,4,13,0,19,4,4,0,0,0,0,0,0,0,437.17600000000016,0.47118311136892,-0.361675384,12.565599193656242,0.2408121663623099,-4.903202581,167.51,0,0,0,0,0,1,0,0,0,0,8,0,2,0,0,0,0,0,0,0,0,2,7,0,0,0,0,0,0,0,4,6,0,0,0,0,0,0,0,0,0.8572559970192544,0,0,0,0,-6.126087667,0,-9.786891847,0,0,0,0,0,0,0,0,7.066564862055933,22.392395448532334,0,0,0,0,0,0,0,17.0768925339937,75.35320400547486,0,0,0,0.1879650636725557,0.8716700058822834,10463.040505494922,0.6793752149099631,0.28821344264095,-0.677072849,11,1,4,9,0,0,0,0,0,0,0,0,0,0,0,0,0,0,0,0,0,0,0,0,0,0,0,0,0,1,0,0,0,0,3,0,0,0,0,0,0,0,0,0,0,0,0,0,0,0.6451612903225806,0,0,0,240,202.5056
887,NC(=O)Nc1nonc1NC(N)=O,6,9,0,0,0,0,1,1,5,4,9,1,2,0,2,2,0,0,0,0,186.131,0.3174847874539117,-0.351330476,10.362385204081631,0.1052777777777773,-0.858129252,149.16,0,0,0,0,0,0,0,0,0,2,2,0,0,0,2,0,0,2,0,0,0,0,2,0,0,0,0,0,2,0,1,0,0,0,0,0,0,0,0,0,0,0,0,0,-1.716258503,-0.210555556,0,0,0,9.559821428571428,0,0,4.119907407407407,0,0,0,0,6.48212962962963,0,0,0,0,0,20.724770408163263,0,4.206851851851852,0,0,0,0,0.2146920185797285,0.7853079814440175,1534.2618335056682,1.0213222071958713e-05,0.4512950556328606,-0.687687704,4,6,3,6,0,0,0,0,0,0,0,0,0,0,0,0,0,0,0,0,0,0,0,0,0,0,0,0,0,0,0,0,0,0,1,0,0,0,0,0,0,0,0,0,0,0,0,0,0,0.2631578947368421,1,1,0,239,399.1536
888,Nc1nnc2c3nnc(N)n3c3nonc3n12,4,11,0,0,0,0,4,4,11,2,11,4,0,0,0,2,0,0,0,0,232.167,0.2311703865204413,-0.367525279,5.690527210884353,0.1571957671957675,0.1571957671957675,151.34,0,0,0,0,0,0,0,0,0,0,2,4,0,0,2,0,0,0,0,0,0,0,6,0,0,2,0,0,0,0,1,0,0,0,0,0,0,0,0,0,0,0,0,0,0,0.3143915343915353,1.4655555555555573,0,0,11.381054421768706,0,0,0,0,0,0,0,22.737887377173088,0,0,2.9350925925925924,0,0,0,0,4.666018518518518,0,0,0,0,0.3788274898035971,0.6211725103957653,1655.5650637529693,2.3215581047088103e-05,0.6030142095991247,-0.895906826,6,4,1,10,0,0,0,0,0,0,0,0,0,0,0,0,0,0,0,1,0,0,0,0,0,0,0,0,0,0,0,0,0,0,1,0,0,0,0,2,0,0,0,0,0,0,0,0,0,1,4,1,0,238,404.5928
889,Nc1[n+]([O-])nc(-n2cccn2)n[n+]1[O-],2,9,0,0,0,0,2,2,7,1,9,2,1,0,0,1,0,0,0,0,195.142,0.5812812835598431,-0.653630069,10.934452003023432,0.0168518518518516,-0.638049887,123.5,0,0,0,0,0,3,0,0,0,0,2,0,0,0,1,0,0,0,0,0,0,0,3,0,0,3,0,0,0,0,0,0,0,0,0,0,0,0,0,0,4.555088813303099,0,0,0,0,-0.782309146,0,0,0,5.0503911564625845,0,0,0,0,0,0,0,10.506073318216176,0,0,1.135185185185185,0,0,0,0,0,0,0,0,0,0.2079148548988957,0.7920851451040802,1492.3069267497756,3.2613657854249934e-06,0.5021983991144908,-0.860911541,5,5,2,7,0,0,0,0,0,0,0,0,0,0,0,0,0,0,0,0,0,0,0,0,0,0,0,1,0,0,0,0,0,0,1,0,0,0,0,0,0,0,0,0,0,0,0,0,0,0.5789473684210527,0,0,0,237,259.408
890,N#Cc1nonc1/N=N\c1nonc1C#N,0,10,0,0,0,0,2,2,10,0,10,2,2,0,0,0,2,0,0,0,216.12,0.2555285964635189,-0.240845318,8.552277966742253,0.1163057445200299,-0.126192838,150.14,0,0,0,0,0,0,0,0,2,0,4,0,0,0,0,0,0,0,0,2,0,2,4,0,0,0,0,0,0,0,2,0,0,0,0,0,0,0,0,0,0,0,0,3.377347726127488,0,-0.484997166,0,0,0,0,0,0,0,0,17.104555933484505,0,7.019259259259259,13.12594954648526,0,0,0,0,0,0,0,8.524551366843033,0,0,0,0,0.2231798939603743,0.8732323757410823,1914.996129016702,0.5317967413517678,0.518230612622617,-0.740329447,6,0,2,8,0,0,0,0,0,0,0,0,0,0,0,0,0,0,0,0,0,0,0,0,0,0,0,0,0,0,0,0,0,0,2,0,0,0,0,0,0,0,0,0,0,0,0,0,0,0.625,0,1,0,234,203.3424
891,Nc1nnc(-c2nonc2/N=N\c2nonc2-c2nnc(N)o2)o1,4,16,0,0,0,0,4,4,16,2,16,4,4,0,0,2,0,0,0,0,332.2000000000001,0.3126103287735247,-0.40152773,5.334865558433727,0.0305451887545145,-0.159390035,232.43999999999997,0,0,0,0,0,0,0,0,0,0,8,0,0,0,2,0,0,0,0,0,0,2,8,0,0,0,0,0,0,0,4,0,0,0,0,0,0,0,0,0,0,0,0,0,0,-0.50117294,0,0,0,10.669731116867451,0,0,0,0,0,0,7.585410997732426,28.46462760178919,0,0,0,0,0,0,0,19.11473655680005,0,0,0,0,0.1565972125426095,0.8994016095383534,5717.913532937974,0.5321658107281217,0.5057194461167971,-0.674292595,8,4,4,12,0,0,0,0,0,0,0,0,0,0,0,0,0,0,0,0,0,0,0,0,0,0,0,0,0,0,0,0,0,0,4,0,0,0,0,0,0,0,0,0,0,0,0,0,0,0.7142857142857143,0,0,0,233,215.8944
892,NNC(=O)c1nnnn1O,4,8,0,0,0,0,1,1,7,3,8,1,1,0,1,1,0,0,0,0,144.09400000000002,0.3078540897338992,-0.408593374,10.535925925925929,0.224398148148148,-0.756944444,118.95,0,0,0,0,0,0,0,0,0,1,1,0,0,0,1,0,0,1,0,0,0,0,3,0,0,1,0,1,1,0,0,0,0,0,0,0,0,0,0,0,0,0,0,0,-0.756944444,-0.358796296,0,0,0,4.712592592592593,0,0,1.745925925925926,0,0,0,0,9.114027777777778,0,0,0.224398148148148,0,8.616203703703704,10.535925925925929,0,0,0,0,0,0,0.2590132475944104,0.7449740776479692,714.0298684828731,0.1201115693283674,0.5829527947034573,-0.44415451,2,4,2,6,0,0,0,0,0,0,0,0,0,0,0,0,0,0,0,0,0,0,0,0,0,0,0,0,0,0,0,0,0,0,0,0,0,0,0,0,0,0,0,0,1,0,0,0,0,0.3571428571428571,1,0,0,232.2,296.2272
893,Oc1nnc2nncn2n1,1,7,0,0,0,0,2,2,7,1,7,2,0,0,0,0,0,0,0,0,138.09,0.3507305631421506,-0.476889663,8.6875,0.2618518518518522,-0.396018519,89.09,0,0,0,0,0,1,0,0,0,0,1,1,0,0,0,0,0,0,0,0,0,0,5,0,0,1,0,1,0,0,0,0,0,0,0,0,0,0,0,0,1.3231481481481482,0,0,0,0,-0.396018519,0.2618518518518522,0,0,0,0,0,0,0,0,0,0,17.232314814814814,0,0,1.224537037037037,0,8.6875,0,0,0,0,0,0,0,0.2199989603399971,0.7800010397056991,576.8294973077687,9.2361616113286e-06,0.6082989354768628,-0.695198783,3,2,1,6,0,0,0,0,0,0,0,0,0,0,0,0,0,0,0,0,0,0,0,0,0,0,0,1,0,0,0,0,0,0,0,0,0,0,0,1,0,0,0,0,0,0,0,0,0,0.9166666666666666,2,0,0,232,343.9248
894,Nc1nnnn1NC(=O)C(=O)Nn1nnnc1N,6,14,0,0,0,0,2,2,12,4,14,2,2,0,2,2,0,0,0,0,254.174,0.3308752399528208,-0.365157505,11.38231386999244,0.1962163013353484,-1.093611111,197.44,0,0,0,0,0,0,0,0,0,2,2,0,0,0,2,0,0,2,0,0,0,0,6,0,0,2,0,0,2,0,0,0,0,0,0,0,0,0,0,0,0,0,0,0,-2.187222222,-0.392432603,0,0,0,10.544042999916016,0,0,4.007403628117913,0,0,0,0,19.503939489376,0,0,1.426307634164777,0,0,22.76462773998488,0,0,0,0,0,0,0.1036562491132728,0.940051190105784,3392.705425506481,0.5533765666874785,0.6609645361051876,-0.566541031,4,6,2,12,0,0,0,0,0,0,0,0,0,0,0,0,0,0,0,0,0,0,0,0,0,0,0,0,0,0,0,0,0,0,0,0,0,0,0,0,0,0,0,0,2,0,0,0,0,0.4166666666666667,0,0,0,232,238.9064
895,[O-]/[N+](=N/c1nonc1Nc1nncnn1)c1nonc1Nc1nncnn1,2,19,0,0,0,0,4,4,18,2,19,4,6,0,2,0,0,0,0,0,372.2290000000001,0.4426990285508117,-0.69025778,12.271121189216426,0.0196446149526394,-0.365094902,243.44999999999996,0,0,0,0,0,2,0,0,0,0,6,0,0,0,0,0,0,2,0,0,0,1,12,0,0,0,0,0,0,0,2,0,0,0,0,0,0,0,0,0,2.2504453306988275,0,0,0,0,-0.893124437,0,0,0,0,0,0,5.111703574170205,0,0,0,3.6368595679012343,42.527609923879766,0,0,0,0,0,0,0,9.044100837100476,0,0,0,0,0.1800151220314645,0.9575708083999422,7137.761733427902,0.9516197206882008,0.6017800869894607,-0.644764379,8,4,3,16,0,0,0,0,0,0,0,0,0,0,0,0,0,0,0,0,0,0,0,0,0,0,0,2,0,0,0,0,0,0,2,0,0,0,0,0,0,0,0,0,0,0,0,0,0,0.7096774193548387,0,0,0,232,146.8584
896,c1nnc(N(c2nncnn2)c2nncnn2)nn1,0,13,0,0,0,0,3,3,13,0,13,3,3,0,0,0,0,0,0,0,257.18100000000004,0.2782163480025553,-0.205167014,3.7630385487528346,0.0343518518518519,0.0343518518518519,157.91999999999996,0,0,0,0,0,3,0,0,0,0,3,0,0,0,0,0,0,0,0,0,0,0,12,1,0,0,0,0,0,0,0,0,0,0,0,0,0,0,0,0,3.5189909297052155,0,0,0,0,0.1030555555555567,0,0,0,0,0,0,0,0,0,0,0,44.16962018140589,1.2083333333333333,0,0,0,0,0,0,0,0,0,0,0,0.5194490714855158,0.5194492125312287,2360.240186501739,0.2850524943065405,0.7076728063115081,-0.839875418,6,3,0,13,0,0,0,0,0,0,0,0,0,0,0,0,0,0,0,0,0,0,0,0,0,0,0,3,0,0,0,0,0,0,0,0,0,0,0,0,0,0,0,0,0,0,0,0,0,0.8181818181818182,0,1,0,231,418.8184
897,NC(=O)NNc1nnc(-n2cccn2)nn1,4,10,0,0,0,0,2,2,8,3,10,2,3,0,2,1,0,0,0,0,221.18400000000003,0.330378325797109,-0.350230342,10.364443884838906,0.022876039304611,-0.764117798,136.53000000000003,0,0,0,0,0,3,0,0,0,1,2,0,0,0,1,0,0,2,0,0,0,0,5,0,0,1,0,0,1,0,0,0,0,0,0,0,0,0,0,0,4.932327224826774,0,0,0,-0.764117798,0.2401214096749817,0,0,0,4.824329424683862,0,0,4.392619205089443,0,0,0,0,18.616136595070127,0,0,1.394140054169816,0,0,10.364443884838906,0,0,0,0,0,0,0.0655110012847742,0.9344889988265068,2998.723644359257,2.623109271725602e-05,0.5696614583333331,-1.048900463,6,7,1,9,0,0,0,0,0,0,0,0,0,0,0,0,0,0,0,0,0,0,0,0,0,0,0,1,0,0,0,0,0,0,1,0,0,0,0,0,0,0,0,0,0,0,0,0,0,0.4782608695652174,0,0,0,230.5,282.8384
898,C=CCn1nnc(CCc2nnnn2CC=C)n1,0,8,0,0,0,0,2,2,8,0,8,2,7,2,0,0,0,0,0,0,246.278,0.1747756513509647,-0.225810855,4.200265022675737,0.5567482415372028,0.5567482415372028,87.2,0,2,4,0,2,0,0,0,0,0,2,0,0,0,0,0,0,0,0,0,0,0,6,0,0,2,0,0,0,0,0,0,0,0,0,0,7.271008876168057,2.4676591342459853,0,3.4668293335852858,0,0,0,0,0,1.4583090304022843,0,0,0,0,0,0,0,0,0,0,0,23.478838655832703,0,0,3.190688303099017,0,0,0,0,0,0,0,0,0,0.1685128895649267,0.8829891373584439,3304.079662063864,0.7169050722686098,0.4547706250659821,-1.754115268,10,14,0,8,0,0,0,0,0,0,0,0,0,0,0,0,0,0,0,0,0,0,0,0,0,0,0,0,0,0,0,0,0,0,0,0,0,0,0,0,0,0,0,0,2,0,0,0,0,0.3125,0,0,0,230,296.2272
899,Nc1n[nH]c(=O)n1Nc1nnn[nH]1,5,10,0,0,0,0,2,2,8,4,10,2,2,0,3,1,0,0,0,0,183.135,0.3635885189459263,-0.366431038,10.986181972789115,0.012592592592592,-0.505648148,143.19,0,0,0,0,0,0,0,0,0,0,2,0,0,0,1,0,0,1,2,0,0,0,4,0,0,1,0,0,1,0,0,0,0,0,0,0,0,0,0,0,0,0,0,0,0,0.1774074074074081,0,0,0,5.33359410430839,0,0,2.494212962962963,4.526351095993953,0,0,0,13.52739134542706,0,0,0.960509259259259,0,0,10.986181972789115,0,0,0,0,0,0,0.2404558176784987,0.8327607660029098,1141.8110096451817,0.4651210549954388,0.6880170366123349,-0.655254321,3,5,1,9,0,0,0,0,0,0,0,0,0,0,0,0,0,0,0,0,0,0,0,0,0,0,0,0,0,0,0,0,0,0,0,0,0,0,0,1,0,0,0,0,1,0,0,0,0,0.5555555555555556,0,0,0,228,231.3752
900,Nc1c2nc[nH]c2nn[n+]1[O-],3,7,0,0,0,0,2,2,5,2,7,2,0,0,1,1,0,0,0,0,152.117,0.2709074898564801,-0.721532316,10.695092592592593,0.0451388888888888,-0.045138889,107.42,0,0,0,0,0,1,0,0,0,0,1,2,0,0,1,0,0,0,1,0,0,0,3,0,0,1,0,0,0,0,0,0,0,0,0,0,0,0,0,0,1.3985185185185185,0,0,0,0,-0.045138889,0.7542592592592596,0,0,5.3281481481481485,0,0,0,2.670648148148148,0,0,0,10.473101851851853,0,0,0.2253703703703704,0,0,0,0,0,0,0,0,0,0.3131187714980204,0.6868812285032259,692.9400815505106,1.2540438149207431e-06,0.5522065252404398,-0.946639758,4,4,1,6,0,0,0,0,0,0,0,0,0,0,0,0,0,0,0,0,0,0,0,1,0,0,0,0,0,0,0,0,0,0,1,0,0,0,0,0,0,0,0,0,0,0,0,0,0,0.7333333333333333,2,0,0,227,302.9216
901,Nc1[nH+]nc2nnc(=O)[n-]n12,3,8,0,0,0,0,2,2,6,1,8,2,0,0,1,1,0,0,0,0,153.105,0.3811584413332663,-0.309137655,10.530833333333334,0.1453703703703708,-0.698518519,114.41,0,0,0,0,0,0,0,0,0,0,1,1,0,0,1,0,0,0,1,0,0,0,4,0,0,1,0,0,1,0,0,0,0,0,0,0,0,0,0,0,0,0,0,0,0,0.1453703703703708,0.1686111111111112,0,0,5.320833333333333,0,0,0,2.390648148148148,0,0,0,13.56351851851852,0,0,1.0787037037037035,0,0,10.530833333333334,0,0,0,0,0,0,0.2937891766043881,0.7062108233963014,714.9689475132569,1.242707461044121e-06,0.6400836027562783,-0.679272395,3,3,1,7,0,0,0,0,0,0,0,0,0,0,0,0,0,0,0,0,0,0,0,0,0,0,0,1,0,0,0,0,0,0,0,0,0,0,0,1,0,0,0,0,0,0,0,0,0,0.7857142857142857,2,0,0,227,373.2128
902,C=CCn1nnc(CCc2nnn(CC=C)n2)n1,0,8,0,0,0,0,2,2,8,0,8,2,7,2,0,0,0,0,0,0,246.278,0.1747770964252111,-0.160324681,4.182441342277652,0.556316716692799,0.556316716692799,87.2,0,2,4,0,2,0,0,0,0,0,2,0,0,0,0,0,0,0,0,0,0,0,6,0,0,2,0,0,0,0,0,0,0,0,0,0,7.222625286382709,2.384310965509559,0,3.4323167016103246,0,0,0,0,0,1.3276309103888473,0,0,0,0,0,0,0,0,0,0,0,23.98564499874024,0,0,2.9808044707016568,0,0,0,0,0,0,0,0,0,0.204187826004622,0.881548801888452,2833.7993905847447,0.7134366895575527,0.4547706250659821,-1.754115268,10,14,0,8,0,0,0,0,0,0,0,0,0,0,0,0,0,0,0,0,0,0,0,0,0,0,0,0,0,0,0,0,0,0,0,0,0,0,0,0,0,0,0,0,2,0,0,0,0,0.3125,0,0,0,225,288.696
903,Nc1nnnn1NC(=O)Nn1nnnc1N,6,13,0,0,0,0,2,2,11,4,13,2,2,0,2,2,0,0,0,0,226.164,0.3553792782199313,-0.365156762,11.31611111111111,0.0834840325018893,-0.724074074,180.37,0,0,0,0,0,0,0,0,0,1,2,0,0,0,2,0,0,2,0,0,0,0,6,0,0,2,0,0,1,0,0,0,0,0,0,0,0,0,0,0,0,0,0,0,-0.724074074,-0.166968065,0,0,0,10.60934870244394,0,0,4.378518518518519,0,0,0,0,19.87301429831192,0,0,1.7140495086923655,0,0,11.31611111111111,0,0,0,0,0,0,0.1155802804100492,0.8844197276604456,2635.883272949342,0.0002254882218941,0.7428237915848673,-0.565960984,3,6,1,12,0,0,0,0,0,0,0,0,0,0,0,0,0,0,0,0,0,0,0,0,0,0,0,0,0,0,0,0,0,0,0,0,0,0,0,0,0,0,0,0,2,0,0,0,0,0.4545454545454545,0,1,0,223,264.4288
904,N#Cc1c(-c2noc(/N=N/c3nc(-c4no[n+]([O-])c4C#N)no3)n2)no[n+]1[O-],0,18,0,0,0,0,4,4,16,0,18,4,4,0,0,0,2,0,0,0,384.1880000000001,0.3663807074834061,-0.358389833,11.184768075286982,0.1271319891648863,-0.483932297,256.0799999999999,0,0,0,0,0,0,0,0,2,0,8,0,0,0,0,0,0,0,0,2,0,2,6,0,0,2,0,0,0,0,4,0,0,0,0,0,0,0,0,0,0,0,0,3.127228675987764,0,-2.809115066,0,0,0,0,0,0,0,0,17.727981249900893,0,7.052398589065255,21.087356383775244,0,0,-0.254263978,0,0,0,0,18.032211328275125,0,0,0,0,0.1267225750742353,0.8732774259863797,9839.975363061483,8.944182459405241e-05,0.4372859121055315,-0.583047883,10,0,6,12,0,0,0,0,0,0,0,0,0,0,0,0,0,0,0,0,0,0,0,0,0,0,0,0,0,0,0,0,0,0,4,0,0,0,0,0,0,0,0,0,0,0,0,0,0,0.7142857142857143,0,0,0,223,197.9032
905,Nc1c2cn[nH]c2nn[n+]1[O-],3,7,0,0,0,0,2,2,5,2,7,2,0,0,1,1,0,0,0,0,152.117,0.264788839808688,-0.721569835,10.707314814814817,0.0034722222222223,0.0034722222222223,107.42,0,0,0,0,0,1,0,0,0,0,1,2,0,0,1,0,0,0,1,0,0,0,3,0,0,1,0,0,0,0,0,0,0,0,0,0,0,0,0,0,1.424351851851852,0,0,0,0,0.0034722222222223,0.8931481481481485,0,0,5.350648148148148,0,0,0,2.531759259259259,0,0,0,10.341435185185189,0,0,0.2478703703703704,0,0,0,0,0,0,0,0,0,0.3068841205323854,0.6931158794679012,702.6120870994969,9.133338289929776e-07,0.5522065252404398,-0.946639758,4,4,1,6,0,0,0,0,0,0,0,0,0,0,0,0,0,0,0,0,0,0,0,1,0,0,0,0,0,0,0,0,0,0,1,0,0,0,0,0,0,0,0,0,0,0,0,0,0,0.7333333333333333,2,0,0,221,302.0848
906,Nc1[n+]([O-])nc(-n2cncn2)n[n+]1[O-],2,10,0,0,0,0,2,2,8,1,10,2,1,0,0,1,0,0,0,0,196.13,0.5812812976932558,-0.653630063,10.914043839758126,0.0446296296296298,-0.65845805,136.39,0,0,0,0,0,2,0,0,0,0,2,0,0,0,1,0,0,0,0,0,0,0,4,0,0,3,0,0,0,0,0,0,0,0,0,0,0,0,0,0,2.4538955026455027,0,0,0,0,-0.865217309,0,0,0,5.0347661564625845,0,0,0,0,0,0,0,13.913282785336357,0,0,0.968518518518518,0,0,0,0,0,0,0,0,0,0.2055882546594251,0.7944117453530082,1498.5312690088945,6.067876613843275e-06,0.5710498138989444,-0.652628359,4,4,2,8,0,0,0,0,0,0,0,0,0,0,0,0,0,0,0,0,0,0,0,0,0,0,0,1,0,0,0,0,0,0,0,0,0,0,0,1,0,0,0,0,0,0,0,0,0,0.6111111111111112,0,0,0,221,258.1528
907,[O-][n+]1ncnn2cnnc21,0,7,0,0,0,0,2,2,6,0,7,2,0,0,0,0,0,0,0,0,138.09,0.4669733661283693,-0.721376806,10.682037037037038,0.0717592592592595,0.0717592592592595,82.91,0,0,0,0,0,2,0,0,0,0,0,1,0,0,0,0,0,0,0,0,0,0,4,0,0,2,0,0,0,0,0,0,0,0,0,0,0,0,0,0,2.453148148148148,0,0,0,0,0,0.0717592592592595,0,0,0,0,0,0,0,0,0,0,13.87638888888889,0,0,1.583333333333333,0,0,0,0,0,0,0,0,0,0.4080216703100895,0.5919783297112006,510.3421348903673,6.663372508664642e-06,0.6082989354768628,-0.695198783,3,2,1,6,0,0,0,0,0,0,0,0,0,0,0,0,0,0,0,0,0,0,0,0,0,0,0,1,0,0,0,0,0,0,0,0,0,0,0,1,0,0,0,0,0,0,0,0,0,0.9166666666666666,2,0,0,220,295.3904
908,Nc1noc(-c2c(N)no[n+]2[O-])n1,4,9,0,0,0,0,2,2,8,2,9,2,1,0,0,2,0,0,0,0,184.115,0.3178089047242018,-0.365133596,10.888631897203323,0.057824074074074,-0.148888889,143.93,0,0,0,0,0,0,0,0,0,0,4,0,0,0,2,0,0,0,0,0,0,0,3,0,0,1,0,0,0,0,2,0,0,0,0,0,0,0,0,0,0,0,0,0,0,-0.523425926,0,0,0,10.45410997732426,0,0,0,0,0,0,0,10.029684429327286,0,0,0.057824074074074,0,0,0,0,8.759842214663642,0,0,0,0,0.2583146740266673,0.7416853260486974,1191.944027217107,1.5566669033003368e-05,0.4562365912608966,-0.608315455,4,4,3,6,0,0,0,0,0,0,0,0,0,0,0,0,0,0,0,0,0,0,0,0,0,0,0,0,0,0,0,0,0,0,2,0,0,0,0,0,0,0,0,0,0,0,0,0,0,0.5882352941176471,0,0,0,219,269.868
909,c1nnc(Nc2nonc2/N=N\c2nonc2Nc2nncnn2)nn1,2,18,0,0,0,0,4,4,18,2,18,4,6,0,2,0,0,0,0,0,356.2300000000001,0.267371222438799,-0.299974609,4.58941152966135,0.0225023095658007,-0.02250231,229.73999999999995,0,0,0,0,0,2,0,0,0,0,6,0,0,0,0,0,0,2,0,0,0,2,12,0,0,0,0,0,0,0,2,0,0,0,0,0,0,0,0,0,2.3342030467482098,0,0,0,0,0.2339598415833326,0,0,0,0,0,0,5.314203574170205,0,0,0,7.662608024691359,43.2762024534842,0,0,0,0,0,0,0,9.1788230593227,0,0,0,0,0.0706237151422321,0.9598407200387168,8531.621051928694,0.4504814378711437,0.6288072312831597,-0.718636836,8,4,2,16,0,0,0,0,0,0,0,0,0,0,0,0,0,0,0,0,0,0,0,0,0,0,0,2,0,0,0,0,0,0,2,0,0,0,0,0,0,0,0,0,0,0,0,0,0,0.7333333333333333,0,0,0,219,218.4048
910,Nc1nonc1-c1nn2c(N)nnc2n1N,6,11,0,0,0,0,3,3,11,3,11,3,1,0,0,3,0,0,0,0,222.172,0.2740098360355892,-0.378858725,5.722685185185185,0.0754478458049889,0.0754478458049889,164.99,0,0,0,0,0,0,0,0,0,0,4,1,0,0,3,0,0,0,0,0,0,0,5,0,0,2,0,0,0,0,1,0,0,0,0,0,0,0,0,0,0,0,0,0,0,0.6293603552532139,0.259166666666667,0,0,16.757107662509448,0,0,0,0,0,0,0,18.34906108276644,0,0,2.391574074074074,0,0,0,0,4.447063492063492,0,0,0,0,0.245004041368141,0.7826786277143024,1762.2682957772013,0.3414867277349631,0.6301424121851537,-0.864195308,5,6,1,10,0,0,0,0,0,0,0,0,0,0,0,0,0,0,0,0,0,0,0,0,0,0,0,0,0,0,0,0,0,0,1,0,0,0,0,2,0,0,0,0,0,0,0,0,0,0.6818181818181818,2,0,0,217,239.3248
911,Nc1nnnn1Cc1nnn[nH]1,3,9,0,0,0,0,2,2,8,2,9,2,2,0,1,1,0,0,0,0,167.13600000000002,0.2402255438112574,-0.366628902,5.401510770975056,0.2281481481481486,0.2281481481481486,124.08,0,0,1,0,0,0,0,0,0,0,2,0,0,0,1,0,0,0,1,0,0,0,6,0,0,1,0,0,0,0,0,0,0,0,0,0,0,0.3391203703703702,0,0,0,0,0,0,0,0.7781481481481489,0,0,0,5.401510770975056,0,0,0,2.558472222222222,0,0,0,20.87890589569161,0,0,1.3771759259259255,0,0,0,0,0,0,0,0,0,0.2835298386382355,0.8758713813907151,879.3436035020962,0.6836638651933,0.7538770821367028,-0.813708597,3,5,0,9,0,0,0,0,0,0,0,0,0,0,0,0,0,0,0,0,0,0,0,0,0,0,0,0,0,0,0,0,0,0,0,0,0,0,0,0,0,0,0,0,2,0,0,0,0,0.5882352941176471,0,0,0,217,305.432
912,Nc1nnc(-c2cc(-c3nnc(N)[nH]3)[nH]n2)[nH]1,7,10,0,0,0,0,3,3,7,5,10,3,2,0,3,2,0,0,0,0,232.211,0.2191478784307778,-0.368039232,5.428683075081885,0.2300552983539099,0.2300552983539099,163.86,0,0,0,0,0,1,0,0,0,0,6,0,0,0,2,0,0,0,3,0,0,0,5,0,0,0,0,0,0,0,0,0,0,0,0,0,0,0,0,0,1.7221296296296296,0,0,0,0,2.637117399428909,0,0,0,10.853681342907532,0,0,0,8.315368480725624,0,0,0,18.971703147308308,0,0,0,0,0,0,0,0,0,0,0,0,0.0875316015309605,0.9124683984807924,3142.7351152138167,9.23354034272794e-06,0.6028999487535042,-1.240251323,7,8,0,10,0,0,0,0,0,0,0,0,0,0,0,0,0,0,0,0,0,0,0,0,0,0,0,0,0,0,0,0,0,0,1,0,0,0,0,2,0,0,0,0,0,0,0,0,0,0.6,0,0,0,216,333.0464
913,Nn1cnnc1Nn1cnnn1,3,9,0,0,0,0,2,2,9,2,9,2,2,0,1,1,0,0,0,0,167.136,0.2631681016945389,-0.335013324,5.404381141345427,0.3493518518518526,0.3493518518518526,112.36,0,0,0,0,0,2,0,0,0,0,1,0,0,0,1,0,0,1,0,0,0,0,5,0,0,2,0,0,0,0,0,0,0,0,0,0,0,0,0,0,2.723581821617536,0,0,0,0,0.3493518518518526,0,0,0,5.404381141345427,0,0,2.677083333333333,0,0,0,0,17.544953703703705,0,0,2.4673148148148147,0,0,0,0,0,0,0,0,0,0.1774274474546495,0.8454020749851208,1091.999662133024,0.2870521087496481,0.7538770821367028,-0.813708597,3,5,0,9,0,0,0,0,0,0,0,0,0,0,0,0,0,0,0,0,0,0,0,0,0,0,0,0,0,0,0,0,0,0,0,0,0,0,0,1,0,0,0,0,1,0,0,0,0,0.5882352941176471,0,0,0,215,242.2536
914,Nc1nnnn1NC(=O)NNC(=O)Nn1nnnc1N,8,16,0,0,0,0,2,2,12,6,16,2,2,0,4,2,0,0,0,0,284.20400000000006,0.3535692623867867,-0.365156762,11.327982174351224,0.147162077424072,-0.857558107,221.5,0,0,0,0,0,0,0,0,0,2,2,0,0,0,2,0,0,4,0,0,0,0,6,0,0,2,0,0,2,0,0,0,0,0,0,0,0,0,0,0,0,0,0,0,-1.715116213,-0.294324155,0,0,0,10.594144982602774,0,0,8.16011117409927,0,0,0,0,19.69396686016004,0,0,1.5719196691022088,0,0,22.655964348702444,0,0,0,0,0,0,0.0623027194367586,0.9633952868031544,5689.748554128478,0.5036210282076627,0.6896454659329216,-0.562975891,4,8,2,14,0,0,0,0,0,0,0,0,0,0,0,0,0,0,0,0,0,0,0,0,0,0,0,0,0,0,0,0,0,0,0,0,0,0,0,0,0,0,0,0,2,0,0,0,0,0.3571428571428571,0,0,0,215,226.3544
915,NNC(=O)C(=O)Nn1nnnc1N,6,10,0,0,0,0,1,1,8,4,10,1,1,0,2,2,0,0,0,0,186.135,0.3303884411746102,-0.365157505,10.818564814814817,0.1544708994708992,-1.0325,153.84,0,0,0,0,0,0,0,0,0,2,1,0,0,0,2,0,0,2,0,0,0,0,3,0,0,1,0,0,2,0,0,0,0,0,0,0,0,0,0,0,0,0,0,0,-2.058888889,-0.154470899,0,0,0,9.867044595616024,0,0,3.588377739984882,0,0,0,0,9.62724395313681,0,0,0.7337037037037035,0,0,21.396989795918365,0,0,0,0,0,0,0.1419888267564006,0.8590850263233942,1588.1893470487407,0.1073681216289281,0.6017138098691808,-0.60171381,3,6,2,8,0,0,0,0,0,0,0,0,0,0,0,0,0,0,0,0,0,0,0,0,0,0,0,0,0,0,0,0,0,0,0,0,0,0,0,0,0,0,0,0,1,0,0,0,0,0.2631578947368421,1,0,0,214,251.04
916,[O-][n+]1onc(-c2ncon2)c1-c1ncon1,0,10,0,0,0,0,3,3,9,0,10,3,2,0,0,0,0,0,0,0,222.12,0.3000186132410093,-0.358898744,11.313284202569918,0.0241203703703705,-0.046157407,130.81,0,0,0,0,0,2,0,0,0,0,4,0,0,0,0,0,0,0,0,0,0,0,5,0,0,1,0,0,0,0,3,0,0,0,0,0,0,0,0,0,2.1681552343159485,0,0,0,0,0.1476851851851868,0,0,0,0,0,0,0,0,0,0,0,17.940260770975055,0,0,0.1354629629629624,0,0,0,0,13.461818310657597,0,0,0,0,0.3860806621114159,0.6253924743352696,1667.7917058517817,0.1659045297797597,0.3781739600216099,-0.648298217,6,2,4,6,0,0,0,0,0,0,0,0,0,0,0,0,0,0,0,0,0,0,0,0,0,0,0,0,0,0,0,0,0,0,3,0,0,0,0,0,0,0,0,0,0,0,0,0,0,0.8333333333333334,0,0,0,214,214.2208
917,Nc1noc(-c2nonc2/N=N/c2nonc2-c2nc(N)no2)n1,4,16,0,0,0,0,4,4,16,2,16,4,4,0,0,2,0,0,0,0,332.2000000000001,0.2853504155629829,-0.365134575,5.359171113989282,0.0305451887545145,-0.089945591,232.43999999999997,0,0,0,0,0,0,0,0,0,0,8,0,0,0,2,0,0,0,0,0,0,2,8,0,0,0,0,0,0,0,4,0,0,0,0,0,0,0,0,0,0,0,0,0,0,-0.362284051,0,0,0,10.718342227978564,0,0,0,0,0,0,7.585410997732426,28.59888686104845,0,0,0,0,0,0,0,18.792977297540787,0,0,0,0,0.1625494180032022,0.8374505820790653,5918.079159816836,2.801691939708029e-05,0.5057194461167971,-0.674292595,8,4,4,12,0,0,0,0,0,0,0,0,0,0,0,0,0,0,0,0,0,0,0,0,0,0,0,0,0,0,0,0,0,0,4,0,0,0,0,0,0,0,0,0,0,0,0,0,0,0.7142857142857143,0,0,0,213,212.9656
918,N(=c1\[nH]nnn1-c1nn[nH]n1)\n1nnnc1Nc1nn[nH]n1,4,18,0,0,0,0,4,4,15,4,18,4,4,0,4,0,0,0,0,0,304.20200000000006,0.2943310453635848,-0.287229112,4.090157785336356,0.132640358612581,0.132640358612581,223.41,0,0,0,0,0,0,0,0,0,0,3,0,0,0,0,0,0,1,3,0,0,1,11,0,0,2,0,0,0,0,0,0,0,0,0,0,0,0,0,0,0,0,0,0,0,0.4342071628033939,0,0,0,0,0,0,2.702578577727387,7.137041164453232,0,0,4.090157785336356,39.91777669478923,0,0,2.24151455026455,0,0,0,0,0,0,0,0,0,0.2539523441793203,0.8942127819763656,3734.024725476599,0.84544276465196,0.8283969204673212,-0.525966299,4,4,0,18,0,0,0,0,0,0,0,0,0,0,0,0,0,0,0,0,0,0,0,0,0,0,0,0,0,0,0,0,0,0,0,0,0,0,0,0,0,0,0,0,4,0,0,0,0,0.7692307692307693,0,0,0,211,382.4176
919,[N-]=[N+]=NCc1nc(-c2no[n+]([O-])c2-c2noc(CN=[N+]=[N-])n2)no1,0,16,0,0,0,0,3,3,11,0,16,3,6,0,0,0,0,0,0,0,332.2,0.3000278317207245,-0.358898743,11.747058475785478,0.0058864492256447,-0.234192859,228.33,0,0,2,0,0,0,0,0,0,0,6,0,0,0,0,0,0,0,0,0,0,2,5,0,0,1,0,0,0,0,3,0,0,0,0,0,0,-0.366989127,0,0,0,0,0,0,0,-0.642333195,0,0,0,0,0,0,0,0,0,0,6.513332063158903,18.462340996545542,0,0,0.0287619677500625,0,0,0,0,14.158004006775652,0,0,0,0,0.3307886141963851,0.7306942198706559,5163.581664054196,0.657594172559207,0.5057194461167972,-0.674292595,8,4,4,12,0,0,0,0,0,0,0,0,0,0,0,0,0,0,0,0,0,0,0,0,0,0,0,0,0,0,0,0,0,0,3,0,0,0,0,0,0,0,0,0,0,0,0,0,0,0.5357142857142857,0,0,2,210,272.7968
920,NNC(=O)Nn1nnnc1N,6,9,0,0,0,0,1,1,7,4,9,1,1,0,2,2,0,0,0,0,158.125,0.3489452491064349,-0.365156764,10.512222222222222,0.0337037037037033,-0.662962963,136.76999999999998,0,0,0,0,0,0,0,0,0,1,1,0,0,0,2,0,0,2,0,0,0,0,3,0,0,1,0,0,1,0,0,0,0,0,0,0,0,0,0,0,0,0,0,0,-0.662962963,-0.033703704,0,0,0,9.941001511715797,0,0,3.928842592592592,0,0,0,0,9.77075774754346,0,0,0.877175925925926,0,0,10.512222222222222,0,0,0,0,0,0,0.186273984378657,0.8830352588550546,919.9201686599832,0.4035582192487669,0.7083003952569166,-0.607114625,2,6,1,8,0,0,0,0,0,0,0,0,0,0,0,0,0,0,0,0,0,0,0,0,0,0,0,0,0,0,0,0,0,0,0,0,0,0,0,0,0,0,0,0,1,0,0,0,0,0.2941176470588235,1,0,0,209,248.948
921,Nc1nnnn1Nc1nnc(Nn2nnnc2N)nn1,6,16,0,0,0,0,3,3,16,4,16,3,4,0,2,2,0,0,0,0,278.204,0.2820611255257534,-0.365157542,5.441535832193299,0.0252453299833355,0.0252453299833355,214.86,0,0,0,0,0,0,0,0,0,0,4,0,0,0,2,0,0,2,0,0,0,0,10,0,0,2,0,0,0,0,0,0,0,0,0,0,0,0,0,0,0,0,0,0,0,0.1046337060740039,0,0,0,10.883071664386598,0,0,5.11678162005543,0,0,0,0,35.46867837439537,0,0,2.093501301755269,0,0,0,0,0,0,0,0,0,0.0758725988593331,0.9241274029051622,4689.170110947102,0.0001151789427727,0.8051645555060318,-0.632629294,4,6,0,16,0,0,0,0,0,0,0,0,0,0,0,0,0,0,0,0,0,0,0,0,0,0,0,1,0,0,0,0,0,0,0,0,0,0,0,0,0,0,0,0,2,0,0,0,0,0.6153846153846154,0,0,0,209,243.5088
922,[N-]=[N+]=NCc1nc(-c2noc(CN=[N+]=[N-])n2)no1,0,12,0,0,0,0,2,2,8,0,12,2,5,0,0,0,0,0,0,0,248.166,0.2433238957896119,-0.338729101,8.126244944398666,0.0625651771268653,-0.062565177,175.36,0,0,2,0,0,0,0,0,0,0,4,0,0,0,0,0,0,0,0,0,0,2,4,0,0,0,0,0,0,0,2,0,0,0,0,0,0,-0.125130354,0,0,0,0,0,0,0,0.4412458007894526,0,0,0,0,0,0,0,0,0,0,6.519282407407408,14.91134731670446,0,0,0,0,0,0,0,9.563862591332828,0,0,0,0,0.0889226093855515,0.9462295587228132,3915.079138208598,0.6132375065941592,0.5641385201840702,-0.773675685,6,4,2,10,0,0,0,0,0,0,0,0,0,0,0,0,0,0,0,0,0,0,0,0,0,0,0,0,0,0,0,0,0,0,2,0,0,0,0,0,0,0,0,0,0,0,0,0,0,0.4545454545454545,0,0,2,209,169.8704
923,Cln1nc2c3nn(Cl)nc3c3nn(Cl)nc3c2n1,0,9,0,0,0,1,3,4,9,0,12,4,0,0,0,0,0,0,0,0,304.48800000000006,0.1465956995319241,-0.133948375,5.715963718820861,0.4273765432098766,0.4273765432098766,92.13,0,0,0,0,0,0,0,0,0,0,0,6,0,0,0,0,0,0,0,0,0,0,6,0,0,3,0,0,0,0,0,0,3,0,0,0,0,0,0,0,0,0,0,0,0,0,2.564259259259261,0,0,0,0,0,0,0,0,0,0,23.94246409674981,0,0,2.678718820861678,0,0,0,0,0,0,17.147891156462585,0,0,0.4999999915966395,0.5000000084303555,3784.786777112417,1.1905520947530589e-05,0.4138094112083234,-0.630566722,6,0,0,9,0,0,0,0,0,0,1,0,0,0,0,0,0,0,0,0,0,0,0,0,0,0,0,0,0,0,0,0,0,0,0,0,0,0,0,3,0,0,0,0,0,0,0,0,0,1.1666666666666667,4,1,0,207,282.0016
924,Cc1c(/C=N/n2nnnc2N)no[n+]1[O-],2,10,0,0,0,0,2,2,9,1,10,2,2,0,0,1,0,0,0,0,210.157,0.2634104352032652,-0.365087681,10.822102544721591,0.0299981103552535,0.0299981103552535,134.95,1,0,0,0,1,0,0,0,0,0,3,0,0,0,1,0,0,0,0,0,0,1,4,0,0,2,0,0,0,0,1,0,0,0,0,1.5355149281934997,0,0,0,1.2638425925925925,0,0,0,0,0,0.5904572940287234,0,0,0,5.350284155328798,0,0,0,0,0,0,3.766018518518519,13.591161344167295,0,0,1.2575018896447463,0,0,0,0,4.323116732804233,0,0,0,0,0.1226194590902984,0.878881373331097,2284.152756215732,0.1071986572858758,0.532934901050167,-0.83746913,5,6,2,8,0,0,0,0,0,0,0,0,0,0,0,0,0,0,0,0,0,0,0,0,0,0,0,0,0,0,0,0,0,0,1,0,0,0,0,0,0,0,0,0,1,0,0,0,0,0.4761904761904761,0,0,0,205,246.0192
925,N(=N/c1nnnn1-c1nn[nH]n1)\c1nnnn1-c1nn[nH]n1,2,18,0,0,0,0,4,4,16,2,18,4,4,0,2,0,0,0,0,0,302.18600000000004,0.2952067063071948,-0.175214505,3.815852229780801,0.010127787226001,-0.010127787,220.84,0,0,0,0,0,0,0,0,0,0,4,0,0,0,0,0,0,0,2,0,0,2,12,0,0,2,0,0,0,0,0,0,0,0,0,0,0,0,0,0,0,0,0,0,0,0.16809581548669,0,0,0,0,0,0,0,4.558734207411155,0,0,7.631704459561602,43.09486309879527,0,0,2.2132690854119423,0,0,0,0,0,0,0,0,0,0.1973810996908492,0.8026189004975135,4366.615576290152,3.601833629533526e-05,0.8339234775932705,-0.476527701,4,2,0,18,0,0,0,0,0,0,0,0,0,0,0,0,0,0,0,0,0,0,0,0,0,0,0,0,0,0,0,0,0,0,0,0,0,0,0,0,0,0,0,0,4,0,0,0,0,0.8333333333333334,0,0,0,202,250.6216
926,[O-][n+]1onc2c3nc[nH]c3c3no[n+]([O-])c3c21,1,10,0,0,0,1,3,4,7,1,10,4,0,0,1,0,0,0,0,0,234.131,0.2832553592910923,-0.358878704,11.43996976568405,0.0481481481481478,-0.059398148,134.62,0,0,0,0,0,1,0,0,0,0,0,6,0,0,0,0,0,0,1,0,0,0,3,0,0,2,0,0,0,0,2,0,0,0,0,0,0,0,0,0,1.3999924414210128,0,0,0,0,0,1.1182407407407422,0,0,0,0,0,0,2.798487339380197,0,0,0,11.12906179138322,0,0,0.2509259259259253,0,0,0,0,8.927037037037039,0,0,0,0,0.4268746359324112,0.5731253641474093,1645.160330896541,1.367399803269992e-05,0.3587735071391656,-0.75171592,7,2,4,6,0,0,0,0,0,0,1,0,0,0,0,0,0,0,0,0,0,0,0,0,0,0,0,0,0,0,0,0,0,0,3,0,0,0,0,0,0,0,0,0,0,0,0,0,0,1.105263157894737,4,0,0,199,256.8976
927,N/N=C(\N)c1nonc1NN,7,8,0,0,0,0,1,1,7,4,8,1,2,0,1,3,0,0,0,0,157.137,0.2157143576761986,-0.380265824,5.282037037037037,0.0007407407407402,-0.000740741,141.37,0,0,0,0,0,0,0,0,0,1,2,0,0,0,3,0,0,1,0,0,0,1,2,0,0,0,0,0,0,0,1,0,0,0,0,0,0,0,0,0,0,0,0,0,-0.000740741,0.3812037037037041,0,0,0,15.177499999999998,0,0,2.207037037037037,0,0,0,3.175925925925926,6.758472222222222,0,0,0,0,0,0,0,4.300601851851852,0,0,0,0,0.2996876428880486,0.7314005669995938,911.0594693920012,0.338159322437206,0.6236596091308856,-0.865486805,3,7,1,7,0,0,0,0,0,0,0,0,0,0,0,0,0,0,0,0,0,0,0,0,0,0,0,0,0,0,0,0,0,0,1,0,0,0,0,0,0,0,0,0,0,0,0,0,0,0.2777777777777778,1,0,0,198.8,271.5416
928,N/N=C(\N)c1nonc1N,6,7,0,0,0,0,1,1,6,3,7,1,1,0,0,3,0,0,0,0,142.122,0.1991932172541289,-0.380266694,5.233287037037037,0.0011574074074069,-0.001157407,129.34,0,0,0,0,0,0,0,0,0,1,2,0,0,0,3,0,0,0,0,0,0,1,2,0,0,0,0,0,0,0,1,0,0,0,0,0,0,0,0,0,0,0,0,0,-0.001157407,0.2446296296296299,0,0,0,15.285416666666666,0,0,0,0,0,0,3.143703703703704,6.600555555555555,0,0,0,0,0,0,0,4.226851851851852,0,0,0,0,0.2778801750658116,0.7554776907742273,711.7479854370705,0.3479454913218445,0.5910414995567187,-0.900634666,3,6,1,6,0,0,0,0,0,0,0,0,0,0,0,0,0,0,0,0,0,0,0,0,0,0,0,0,0,0,0,0,0,0,1,0,0,0,0,0,0,0,0,0,0,0,0,0,0,0.3125,1,0,0,198.4,297.064
929,n1nc(Nc2nnnn2-c2nn[nH]n2)n(-c2nn[nH]n2)n1,3,17,0,0,0,0,4,4,15,3,17,4,4,0,3,0,0,0,0,0,289.18700000000007,0.2942929701645007,-0.289487819,3.7654050925925926,0.1398940749139166,0.1398940749139166,208.15,0,0,0,0,0,0,0,0,0,0,4,0,0,0,0,0,0,1,2,0,0,0,12,0,0,2,0,0,0,0,0,0,0,0,0,0,0,0,0,0,0,0,0,0,0,0.6056120349374337,0,0,0,0,0,0,2.7880555555555557,4.609319101479996,0,0,0,43.77728022034749,0,0,2.386399754346183,0,0,0,0,0,0,0,0,0,0.3220986708812307,0.6779013313705945,3385.6620582131377,8.426326387639779e-05,0.8229968843689377,-0.525611456,4,3,0,17,0,0,0,0,0,0,0,0,0,0,0,0,0,0,0,0,0,0,0,0,0,0,0,0,0,0,0,0,0,0,0,0,0,0,0,0,0,0,0,0,4,0,0,0,0,0.8333333333333334,0,0,0,198,379.4888
930,[N-]=[N+]=Nc1no[n+]([O-])c1-c1n[nH]c(/N=N/c2nc(-c3c(N=[N+]=[N-])no[n+]3[O-])n[nH]2)n1,2,22,0,0,0,0,4,4,14,2,22,4,6,0,2,0,0,0,0,0,414.2260000000001,0.3155291533432373,-0.358910812,11.583465349782488,0.0602503152072331,-0.383947981,311.32,0,0,0,0,0,0,0,0,0,0,8,0,0,0,0,0,0,0,2,0,0,4,6,0,0,2,0,0,0,0,2,0,0,0,0,0,0,0,0,0,0,0,0,0,0,-2.329203929,0,0,0,0,0,0,0,4.711650923097531,0,0,13.706194585961937,21.63620915882581,0,0,-0.12050063,0,0,0,0,8.64140405339361,0,0,0,0,0.1021960850911424,0.9513789440942902,11172.6294867961,0.5193108522704972,0.6083635503324271,-0.502141343,8,2,4,18,0,0,0,0,0,0,0,0,0,0,0,0,0,0,0,0,0,0,0,0,0,0,0,0,0,0,0,0,0,0,2,0,0,0,0,2,0,0,0,0,0,0,0,0,0,0.625,0,0,2,197,153.9712
931,N#Cc1c(-c2noc(N)n2)no[n+]1[O-],2,9,0,0,0,0,2,2,8,1,9,2,1,0,0,1,1,0,0,0,194.11,0.3188083743937162,-0.358389833,10.798767479213907,0.0536866969009826,-0.355740741,141.7,0,0,0,0,0,0,0,0,1,0,4,0,0,0,1,0,0,0,0,1,0,0,3,0,0,1,0,0,0,0,2,0,0,0,0,0,0,0,0,0,0,0,0,1.5833229402872258,0,-0.726399282,0,0,0,5.147766912320483,0,0,0,0,8.56802059712774,0,0,10.230601851851851,0,0,-0.053686697,0,0,0,0,8.618272864701435,0,0,0,0,0.2123079568011451,0.7876920432110981,1490.4753507686428,8.487683080873822e-06,0.4327443202307969,-0.659419917,5,2,3,6,0,0,0,0,0,0,0,0,0,0,0,0,0,0,0,0,0,0,0,0,0,0,0,0,0,0,0,0,0,0,2,0,0,0,0,0,0,0,0,0,0,0,0,0,0,0.625,0,0,0,195,265.2656
932,CNn1nnnc1N,3,6,0,0,0,0,1,1,6,2,6,1,1,0,1,1,0,0,0,0,114.112,0.2598129215347067,-0.365171752,5.215416666666666,0.2569444444444446,0.2569444444444446,81.65,1,0,0,0,0,0,0,0,0,0,1,0,0,0,1,0,0,1,0,0,0,0,3,0,0,1,0,0,0,0,0,0,0,0,0,1.6733333333333331,0,0,0,0,0,0,0,0,0,0.2569444444444446,0,0,0,5.215416666666666,0,0,2.630787037037037,0,0,0,0,10.126296296296296,0,0,1.2638888888888888,0,0,0,0,0,0,0,0,0,0.3546032601031705,0.6747228779843927,383.8086014322653,0.32534773373442,0.7361189007291083,-0.981491868,2,6,0,6,0,0,0,0,0,0,0,0,0,0,0,0,0,0,0,0,0,0,0,0,0,0,0,0,0,0,0,0,0,0,0,0,0,0,0,0,0,0,0,0,1,0,0,0,0,0.3571428571428571,1,0,0,195,276.9808
933,Nc1nnc2nnc(C(F)(F)F)n2n1,2,7,0,0,0,0,2,2,7,1,10,2,0,0,0,1,0,0,0,0,205.103,0.4531197821576692,-0.365244343,12.230525321239607,0.3550694444444444,-4.650902778,94.88,0,0,0,0,0,0,0,0,0,0,2,1,1,0,1,0,0,0,0,0,0,0,5,0,0,1,0,0,0,0,0,3,0,0,0,0,0,0,0,0,0,0,0,0,0,-1.669537037,-0.355069444,-4.650902778,0,5.066768707482993,0,0,0,0,0,0,0,15.77596088435374,0,0,0.3912037037037037,0,0,0,0,0,36.69157596371882,0,0,0,0.3233793959136753,0.7544826096122342,1240.6987472942892,0.1416218497719394,0.4778087107453328,-0.702086269,4,2,0,7,0,0,0,0,0,0,0,0,0,0,0,0,0,0,0,0,0,0,0,0,0,0,0,1,0,0,0,0,0,0,0,0,0,0,0,1,0,0,0,0,0,0,0,0,0,0.6875,2,0,0,194.1,415.0528
934,Nc1c2[nH]nnc2nn[n+]1[O-],3,8,0,0,0,0,2,2,6,2,8,2,0,0,1,1,0,0,0,0,153.10500000000002,0.3069609565575643,-0.721532561,10.673425925925926,0.083333333333333,-0.083333333,120.31,0,0,0,0,0,0,0,0,0,0,1,2,0,0,1,0,0,0,1,0,0,0,4,0,0,1,0,0,0,0,0,0,0,0,0,0,0,0,0,0,0,0,0,0,0,-0.083333333,0.5320370370370373,0,0,5.299398148148148,0,0,0,2.419212962962963,0,0,0,13.46263888888889,0,0,0.1966203703703704,0,0,0,0,0,0,0,0,0,0.3142388902322979,0.6857611097749367,691.1262096964084,5.423894607816832e-06,0.6400836027562783,-0.679272395,3,3,1,7,0,0,0,0,0,0,0,0,0,0,0,0,0,0,0,0,0,0,0,1,0,0,0,0,0,0,0,0,0,0,0,0,0,0,0,1,0,0,0,0,0,0,0,0,0,0.7857142857142857,2,0,0,194,303.34
935,c1cn(/N=N/n2cnnn2)nn1,0,9,0,0,0,0,2,2,9,0,9,2,2,0,0,0,0,0,0,0,165.12,0.1655764688511671,-0.137051068,3.5972222222222223,1.0988888888888888,1.0988888888888888,99.03,0,0,0,0,0,3,0,0,0,0,0,0,0,0,0,0,0,0,0,0,0,2,5,0,0,2,0,0,0,0,0,0,0,0,0,0,0,0,0,0,4.326284013605442,0,0,0,0,0,0,0,0,0,0,0,0,0,0,0,7.171944444444445,17.220660430839,0,0,2.281111111111111,0,0,0,0,0,0,0,0,0,0.0738699449792036,0.9261300550824172,1372.7731948191647,1.681149904698489e-05,0.763081395348837,-0.726744186,3,3,0,9,0,0,0,0,0,0,0,0,0,0,0,0,0,0,0,0,0,0,0,0,0,0,0,0,0,0,0,0,0,0,0,0,0,0,0,1,0,0,0,0,1,0,0,0,0,0.6666666666666666,0,0,0,194,235.5592
936,[N-]=[N+]=Nc1nc(N=[N+]=[N-])nc(NNc2nnc(NNc3nc(N=[N+]=[N-])nc(N=[N+]=[N-])n3)nn2)n1,4,26,0,0,0,0,3,3,18,4,26,3,10,0,4,0,0,0,0,0,464.3020000000001,0.2802224302881297,-0.265311953,8.479175473922105,0.1545559942168883,-0.363372676,372.06,0,0,0,0,0,0,0,0,0,0,8,0,0,0,0,0,0,4,0,0,0,4,10,0,0,0,0,0,0,0,0,0,0,0,0,0,0,0,0,0,0,0,0,0,0,-2.163030974,0,0,0,0,0,0,9.79190863249048,0,0,0,12.754810467033243,36.94928293698815,0,0,0,0,0,0,0,0,0,0,0,0,0.1385889808460748,0.8632134142843241,18232.91963623955,0.1276440777245423,0.7839725006568999,-0.620285935,8,4,0,26,0,0,0,0,0,0,0,0,0,0,0,0,0,0,0,0,0,0,0,2,0,0,0,1,0,0,0,0,0,0,0,0,0,0,0,0,0,0,0,0,0,0,0,0,0,0.4736842105263157,0,0,4,193.9,135.98
937,Nc1nnnn1Nc1ccccc1,3,6,0,0,0,1,1,2,6,2,6,2,2,0,1,1,0,0,0,0,176.18300000000002,0.2602398146416945,-0.365159084,5.452743764172336,0.2257898715041573,0.2257898715041573,81.65,0,0,0,0,0,5,0,0,0,0,2,0,0,0,1,0,0,1,0,0,0,0,3,0,0,1,0,0,0,0,0,0,0,0,0,0,0,0,0,0,9.515999622071051,0,0,0,0,1.1021787603930464,0,0,0,5.452743764172336,0,0,2.9077314814814814,0,0,0,0,10.553753779289494,0,0,1.3009259259259258,0,0,0,0,0,0,0,0,0,0.1776982885575266,0.8757079831695038,1306.442287889859,0.4602489485597931,0.4767769875640667,-1.634663957,7,8,0,6,0,0,0,0,0,0,1,0,0,0,0,0,0,0,0,0,0,0,0,0,0,0,0,0,0,0,0,0,0,0,0,0,0,0,0,0,0,0,0,0,1,0,0,0,0,0.5238095238095238,0,0,0,193,240.9984
938,c1nnc2nnc(/N=N\c3nnc4nncnn34)n2n1,0,14,0,0,0,0,4,4,14,0,14,4,2,0,0,0,0,0,0,0,270.18000000000006,0.2920716123214631,-0.155755162,3.886920508944319,0.1191345427059717,0.1191345427059717,162.44,0,0,0,0,0,2,0,0,0,0,2,2,0,0,0,0,0,0,0,0,0,2,10,0,0,2,0,0,0,0,0,0,0,0,0,0,0,0,0,0,2.470229808738106,0,0,0,0,0.2382690854119435,0.4102649701856058,0,0,0,0,0,0,0,0,0,7.719074074074074,37.28724174161044,0,0,2.5415869866465104,0,0,0,0,0,0,0,0,0,0.1089227912464967,0.9383239936081524,3331.306073364376,0.4803605984694842,0.725442297727441,-0.769857132,6,2,0,14,0,0,0,0,0,0,0,0,0,0,0,0,0,0,0,0,0,0,0,0,0,0,0,2,0,0,0,0,0,0,0,0,0,0,0,2,0,0,0,0,0,0,0,0,0,1,2,1,0,193,207.108
939,[N-]=[N+]=NCc1nc(-c2nonc2-c2noc(CN=[N+]=[N-])n2)no1,0,15,0,0,0,0,3,3,11,0,15,3,6,0,0,0,0,0,0,0,316.201,0.2323850452653623,-0.338789363,8.24923810976099,0.0470235995632821,-0.108496335,214.28,0,0,2,0,0,0,0,0,0,0,6,0,0,0,0,0,0,0,0,0,0,2,6,0,0,0,0,0,0,0,3,0,0,0,0,0,0,-0.21699267,0,0,0,0,0,0,0,0.4847510835524924,0,0,0,0,0,0,0,0,0,0,6.589181615942979,22.588138426628685,0,0,0,0,0,0,0,14.397765911537558,0,0,0,0,0.2464367205105074,0.8217564672068851,4638.551738629315,0.6894295303408083,0.5313076176229677,-0.759010882,8,4,3,12,0,0,0,0,0,0,0,0,0,0,0,0,0,0,0,0,0,0,0,0,0,0,0,0,0,0,0,0,0,0,3,0,0,0,0,0,0,0,0,0,0,0,0,0,0,0.5555555555555556,0,0,2,193,181.5856
940,On1nnnc1-c1nnn[nH]1,2,9,0,0,0,0,2,2,8,2,9,2,1,0,1,0,0,0,0,0,154.09300000000002,0.2603331293659731,-0.408644541,8.887314814814815,0.0648148148148151,0.0648148148148151,118.29,0,0,0,0,0,0,0,0,0,0,2,0,0,0,0,0,0,0,1,0,0,0,6,0,0,1,0,1,0,0,0,0,0,0,0,0,0,0,0,0,0,0,0,0,0,0.2708333333333339,0,0,0,0,0,0,0,2.3848148148148147,0,0,0,19.81597222222222,0,0,0.4743981481481478,0,8.887314814814815,0,0,0,0,0,0,0,0.235433845252881,0.7645661861464804,780.1205739042266,0.0002986935544938,0.7268337951756406,-0.415333597,2,2,1,8,0,0,0,0,0,0,0,0,0,0,0,0,0,0,0,0,0,0,0,0,0,0,0,0,0,0,0,0,0,0,0,0,0,0,0,0,0,0,0,0,2,0,0,0,0,0.7692307692307693,0,0,0,192,285.7672
941,Nc1nnc(Nc2nnn[nH]2)n[n+]1[O-],4,11,0,0,0,0,2,2,9,3,11,2,2,0,2,1,0,0,0,0,196.134,0.4323601066865808,-0.721385896,10.84448790627362,0.0622685185185183,-0.341439909,158.12,0,0,0,0,0,0,0,0,0,0,3,0,0,0,1,0,0,1,1,0,0,0,6,0,0,1,0,0,0,0,0,0,0,0,0,0,0,0,0,0,0,0,0,0,0,-0.212438587,0,0,0,5.100539572310406,0,0,2.4991666666666665,2.3860381235827663,0,0,0,20.25806894053918,0,0,0.1241373771730913,0,0,0,0,0,0,0,0,0,0.1240249670849653,0.8902887967280672,1729.4541498257615,0.2395945411362864,0.7137977097290626,-0.571038168,3,4,1,10,0,0,0,0,0,0,0,0,0,0,0,0,0,0,0,0,0,0,0,0,0,0,0,1,0,0,0,0,0,0,0,0,0,0,0,0,0,0,0,0,1,0,0,0,0,0.6111111111111112,0,0,0,192,280.328
942,[N-]=[N+]=NCc1onc(-c2noc(CN=[N+]=[N-])c2CN=[N+]=[N-])c1CN=[N+]=[N-],0,16,0,0,0,0,2,2,8,0,16,2,9,0,0,0,0,0,0,0,356.27000000000004,0.1460779461194792,-0.360289538,8.555007590246587,0.1477036092214663,-0.157839412,247.1,0,0,4,0,0,0,0,0,0,0,6,0,0,0,0,0,0,0,0,0,0,4,2,0,0,0,0,0,0,0,2,0,0,0,0,0,0,-0.611086042,0,0,0,0,0,0,0,1.3614235323759156,0,0,0,0,0,0,0,0,0,0,13.676389088004347,7.704500188964475,0,0,0,0,0,0,0,10.267978395061728,0,0,0,0,0.3701329688897665,0.741528699267846,5135.256841044875,0.8708245944124497,0.5501445532882366,-0.988014708,10,8,2,14,0,0,0,0,0,0,0,0,0,0,0,0,0,0,0,0,0,0,0,0,0,0,0,0,0,2,0,0,0,0,0,0,0,0,0,0,0,0,0,0,0,0,0,0,0,0.2941176470588235,0,0,4,192,178.2384
943,Nc1nnc2n[n+]([O-])c(N)nn12,4,9,0,0,0,0,2,2,8,2,9,2,0,0,0,2,0,0,0,0,168.12,0.4308224229051294,-0.721385699,10.738354119425548,0.0108333333333336,-0.311111111,134.95,0,0,0,0,0,0,0,0,0,0,2,1,0,0,2,0,0,0,0,0,0,0,4,0,0,2,0,0,0,0,0,0,0,0,0,0,0,0,0,0,0,0,0,0,0,-0.278888889,0.0108333333333336,0,0,10.47405328798186,0,0,0,0,0,0,0,13.840185185185184,0,0,1.2154629629629627,0,0,0,0,0,0,0,0,0,0.2672911425449957,0.7327088575257455,913.2360263579312,1.3559068579325602e-05,0.6661908160837495,-0.666190816,3,4,1,8,0,0,0,0,0,0,0,0,0,0,0,0,0,0,0,0,0,0,0,0,0,0,0,1,0,0,0,0,0,0,0,0,0,0,0,1,0,0,0,0,0,0,0,0,0,0.6875,2,0,0,191,314.2184
944,N#Cc1n[n+]([O-])c(N)[n+]([O-])n1,2,8,0,0,0,0,1,1,6,1,8,1,0,0,0,1,1,0,0,0,154.089,0.5812166618494443,-0.653656573,10.488148148148149,0.1681018518518517,-0.718518519,129.47,0,0,0,0,0,0,0,0,1,0,2,0,0,0,1,0,0,0,0,1,0,0,2,0,0,2,0,0,0,0,0,0,0,0,0,0,0,0,0,0,0,0,0,1.416388888888889,0,-1.242407407,0,0,0,4.871961451247166,0,0,0,0,8.157112622826908,0,0,5.990185185185185,0,0,-0.336203704,0,0,0,0,0,0,0,0,0,0.313650769091165,0.6863492309089089,828.1598998427821,3.9248323721275643e-07,0.5451394973035063,-0.519180474,3,2,2,6,0,0,0,0,0,0,0,0,0,0,0,0,0,0,0,0,0,0,0,0,0,0,0,1,0,0,0,0,0,0,0,0,0,0,0,0,0,0,0,0,0,0,0,0,0,0.4615384615384615,1,1,0,191,254.8056
945,COC(=O)Nn1nnnc1-c1nnnn1NC(=O)OC,2,14,0,0,0,0,2,2,12,2,14,2,3,0,2,0,0,0,0,0,284.1960000000001,0.4270686745649791,-0.451625334,11.112077830762445,0.0446267951625087,-0.806942975,163.86,2,0,0,0,0,0,0,0,0,2,2,0,0,0,0,0,0,2,0,0,0,0,6,0,0,2,0,0,2,2,0,0,0,0,0,2.337760081228696,0,0,0,0,0,0,0,0,-1.613885949,-0.08925359,0,0,0,0,0,0,4.379113914084152,0,0,0,0,20.905815066767445,0,0,1.7360827664399092,0,0,22.22415566152489,8.786878716388095,0,0,0,0,0,0.1495267043667189,0.8796720846498199,4012.722348437401,0.5147989069080189,0.4926177708342131,-0.675590086,6,8,4,10,0,0,0,0,0,0,0,0,0,0,0,0,0,0,0,0,0,0,0,0,0,0,0,0,0,0,0,0,0,0,0,0,0,0,0,0,0,0,0,0,2,0,0,0,0,0.3571428571428571,0,0,0,191,237.6512
946,Ic1n[nH]nc1I,1,3,0,0,0,0,1,1,2,1,5,1,0,0,1,0,0,0,0,0,320.85900000000004,0.1563105373615006,-0.19584773,3.75925925925926,0.928888888888889,0.928888888888889,41.57,0,0,0,0,0,0,0,0,0,0,2,0,0,0,0,0,0,0,1,0,0,0,2,0,0,0,0,0,0,0,0,0,0,0,2,0,0,0,0,0,0,0,0,0,0,1.8577777777777784,0,0,0,0,0,0,0,2.482685185185185,0,0,0,7.518518518518519,0,0,0,0,0,0,0,0,0,0,0,4.214351851851852,0.2883612412491397,0.7116387587523216,1464.9562532258644,3.106715849027739e-06,0.1308986190195693,-0.224397633,2,1,0,3,0,0,0,0,0,0,0,0,0,0,0,0,0,0,0,0,0,0,0,0,0,0,0,0,0,0,0,0,0,0,0,0,0,0,0,1,0,0,0,0,0,0,0,0,0,0.625,1,1,0,190,266.5208
947,C=Cn1nnc(CCc2nnn(C=C)n2)n1,0,8,0,0,0,0,2,2,8,0,8,2,5,2,0,0,0,0,0,0,218.224,0.1751927870972175,-0.138875839,4.04422760770975,0.6078136810279668,0.6078136810279668,87.2,0,2,2,0,2,0,0,0,0,0,2,0,0,0,0,0,0,0,0,0,0,0,6,0,0,2,0,0,0,0,0,0,0,0,0,0,7.051642304304642,1.2156273620559337,0,2.9498851585323447,0,0,0,0,0,1.2404686318972038,0,0,0,0,0,0,0,0,0,0,0,23.257944381456284,0,0,2.617765495086924,0,0,0,0,0,0,0,0,0,0.2196585596666006,0.8796028941164411,2091.8133782645127,0.6505504995834285,0.5132341080724392,-1.539702324,8,10,0,8,0,0,0,0,0,0,0,0,0,0,0,0,0,0,0,0,0,0,0,0,0,0,0,0,0,0,0,0,0,0,0,0,0,0,0,0,0,0,0,0,2,0,0,0,0,0.3846153846153846,0,0,0,190,295.3904
948,O=c1[nH]c(-c2c(/N=N/c3no[n+]([O-])c3-c3noc(=O)[nH]3)no[n+]2[O-])no1,2,18,0,0,0,0,4,4,14,2,18,4,4,0,2,0,0,0,0,0,366.16600000000005,0.4388098267056928,-0.35884825,11.58809114820298,0.1163205031400376,-0.939574557,248.43999999999997,0,0,0,0,0,0,0,0,0,0,6,0,0,0,0,0,0,0,2,0,0,2,4,0,0,2,0,0,2,0,4,0,0,0,0,0,0,0,0,0,0,0,0,0,0,-2.417815446,0,0,0,0,0,0,0,4.191479977921175,0,0,7.119359410430839,13.19326615767723,0,0,-0.232641006,0,0,21.97583569886739,0,17.20681535906887,0,0,0,0,0.3591978867819678,0.684256911970517,4760.570502297409,0.3904316221348048,0.3823402500505234,-0.393264257,8,2,8,10,0,0,0,0,0,0,0,0,0,0,0,0,0,0,0,0,0,0,0,0,0,0,0,0,0,0,0,0,0,0,4,0,0,0,0,0,0,0,0,0,0,0,0,0,0,0.7142857142857143,0,0,0,189,203.7608
949,[O-][n+]1onc(-c2no[n+]([O-])c2-c2no[n+]([O-])c2-c2nnn[nH]2)c1-c1nnn[nH]1,2,20,0,0,0,0,5,5,15,2,20,5,4,0,2,0,0,0,0,0,390.196,0.3107704504818654,-0.358899444,12.19069357835727,0.0248167831947601,-0.451505102,267.83,0,0,0,0,0,0,0,0,0,0,8,0,0,0,0,0,0,0,2,0,0,0,9,0,0,3,0,0,0,0,3,0,0,0,0,0,0,0,0,0,0,0,0,0,0,-2.420334362,0,0,0,0,0,0,0,4.662425497198676,0,0,0,31.06645187314289,0,0,-0.164812138,0,0,0,0,13.625525636180395,0,0,0,0,0.2533785568260955,0.8686705868265335,5447.311972896996,0.7644406264225648,0.5023116587561123,-0.451055367,8,2,6,14,0,0,0,0,0,0,0,0,0,0,0,0,0,0,0,0,0,0,0,0,0,0,0,0,0,0,0,0,0,0,3,0,0,0,0,0,0,0,0,0,2,0,0,0,0,0.8333333333333334,0,0,0,188.9,259.8264
950,[N-]=[N+]=Nc1nc(N=Nc2nnc(N=Nc3nc(N=[N+]=[N-])nc(N=[N+]=[N-])n3)nn2)nc(N=[N+]=[N-])n1,0,26,0,0,0,0,3,3,18,0,26,3,8,0,0,0,0,0,0,0,460.2700000000001,0.3062926331943117,-0.204984734,8.455649291999631,0.3690004386613326,-0.423754907,373.38,0,0,0,0,0,0,0,0,0,0,8,0,0,0,0,0,0,0,0,0,0,8,10,0,0,0,0,0,0,0,0,0,0,0,0,0,0,0,0,0,0,0,0,0,0,-3.222530578,0,0,0,0,0,0,0,0,0,0,26.84954100984876,35.922160449486874,0,0,0,0,0,0,0,0,0,0,0,0,0.2504625036122948,0.8899976683490525,11598.317005460396,0.8148341096173219,0.7908401590370867,-0.556195277,8,0,0,26,0,0,0,0,0,0,0,0,0,0,0,0,0,0,0,0,0,0,0,2,0,0,0,1,0,0,0,0,0,0,0,0,0,0,0,0,0,0,0,0,0,0,0,0,0,0.5294117647058824,0,0,4,188.6,220.4968
951,NC(=O)c1c(/N=N/c2no[n+]([O-])c2C(N)=O)no[n+]1[O-],4,14,0,0,0,0,2,2,10,2,14,2,4,0,0,2,0,0,0,0,284.148,0.3644156418720563,-0.362123763,10.994718023011671,0.2894272014361299,-1.176512582,216.84,0,0,0,0,0,0,0,0,0,2,4,0,0,0,2,0,0,0,0,0,0,2,2,0,0,2,0,0,2,0,2,0,0,0,0,0,0,0,0,0,0,0,0,0,-2.353025164,-2.618075397,0,0,0,9.774487066431512,0,0,0,0,0,0,6.581759259259259,6.176172524565382,0,0,-0.578854403,0,0,21.863324934912235,0,8.164775132275132,0,0,0,0,0.2085917606203866,0.8210362677923255,3296.942627299368,0.4140605278309386,0.3941607894477526,-0.450469474,6,4,6,8,0,0,0,0,0,0,0,0,0,0,0,0,0,0,0,0,0,0,0,0,0,0,0,0,0,0,0,0,0,0,2,0,0,0,0,0,0,0,0,0,0,0,0,0,0,0.4166666666666667,0,0,0,188,192.464
952,[N-]=[N+]=NCN1c2nonc2N(CN=[N+]=[N-])c2nonc21,0,14,0,1,1,0,2,2,10,0,14,3,4,0,0,0,0,0,0,0,276.18,0.2238578252447945,-0.292999735,8.409367745950538,0.1028923374905521,-0.102892337,181.84,0,0,2,0,0,0,0,0,0,0,4,0,0,0,0,0,0,0,0,0,0,2,4,2,0,0,0,0,0,0,2,0,0,0,0,0,0,-0.205784675,0,0,0,0,0,0,0,0.9768140589569176,0,0,0,0,0,0,0,0,0,0,6.85344671201814,14.794083522297807,2.8134429327286465,0,0,0,0,0,0,9.29882558578987,0,0,0,0,0.3721359007029636,0.7950836286324388,2693.166787600577,0.7425897546205972,0.608298935476863,-0.695198783,6,4,2,12,0,0,0,0,0,0,0,0,0,0,0,0,0,0,0,1,0,0,0,0,0,0,0,0,0,0,0,0,0,0,2,0,0,0,0,0,0,0,0,0,0,0,0,0,0,0.6666666666666666,3,0,2,188,161.9208
953,[N-]=[N+]=NCCn1nnnc1/N=N/c1nnnn1CCN=[N+]=[N-],0,16,0,0,0,0,2,2,12,0,16,2,8,0,0,0,0,0,0,0,304.2420000000001,0.2876417605505992,-0.208576099,8.212384259813705,0.1090143403040233,0.1090143403040233,209.44000000000003,0,0,4,0,0,0,0,0,0,0,2,0,0,0,0,0,0,0,0,0,0,4,6,0,0,2,0,0,0,0,0,0,0,0,0,0,0,0.863491929639532,0,0,0,0,0,0,0,0.2180286806080469,0,0,0,0,0,0,0,0,0,0,14.39206694600093,21.56459453455395,0,0,2.623593449700051,0,0,0,0,0,0,0,0,0,0.3112866604901116,0.729387615176606,4214.09573210892,0.6056971244350564,0.7362560067314837,-0.841435436,6,8,0,16,0,0,0,0,0,0,0,0,0,0,0,0,0,0,0,0,0,0,0,0,0,0,0,0,0,0,0,0,0,0,0,0,0,0,0,0,0,0,0,0,2,0,0,0,0,0.3333333333333333,0,0,2,188,177.4016
954,C=Cn1nnc(CCc2nnnn2C=C)n1,0,8,0,0,0,0,2,2,8,0,8,2,5,2,0,0,0,0,0,0,218.224,0.1751915687209003,-0.205233984,4.056380385487528,0.6131481481481482,0.6131481481481482,87.2,0,2,2,0,2,0,0,0,0,0,2,0,0,0,0,0,0,0,0,0,0,0,6,0,0,2,0,0,0,0,0,0,0,0,0,0,7.125570042831948,1.2399896069538927,0,3.021480221718317,0,0,0,0,0,1.336541950113379,0,0,0,0,0,0,0,0,0,0,0,22.78660178886369,0,0,2.823149722852104,0,0,0,0,0,0,0,0,0,0.3514814222723463,0.8864123867345648,1630.1849031052557,0.790383232009938,0.5132341080724392,-1.539702324,8,10,0,8,0,0,0,0,0,0,0,0,0,0,0,0,0,0,0,0,0,0,0,0,0,0,0,0,0,0,0,0,0,0,0,0,0,0,0,0,0,0,0,0,2,0,0,0,0,0.3846153846153846,0,0,0,186,300.4112
955,[N-]=[N+]=Nc1nnnn1N=C1CCC(=Nn2nnnc2N=[N+]=[N-])CC1,0,16,1,0,1,0,2,2,12,0,16,3,4,0,0,0,0,0,0,0,328.2640000000001,0.2627137290379928,-0.156572219,8.42288685707954,0.030406695810736,-0.030406696,209.44000000000003,0,0,4,0,0,0,0,0,0,2,2,0,0,0,0,0,0,0,0,0,0,4,6,0,0,2,0,0,0,0,0,0,0,0,0,0,0,2.473722600151171,0,0,0,0,0,0,1.6715264130343497,-0.060813392,0,0,0,0,0,0,0,0,0,0,15.148623370376615,21.171731142896647,0,0,2.163230879536796,0,0,0,0,0,0,0,0,0,0.1487942295781812,0.9421612015425076,5899.215401899299,0.7051342707932007,0.6823775985182658,-0.974825141,8,8,0,16,0,0,0,0,0,0,0,0,0,0,0,0,0,0,0,0,0,0,0,0,0,0,0,0,0,0,0,0,0,0,0,0,0,0,0,0,0,0,0,0,2,0,0,0,0,0.3125,0,0,2,185,138.072
956,Nc1no[n+]([O-])c1-c1no[n+]([O-])c1-c1c(N)no[n+]1[O-],4,14,0,0,0,0,3,3,11,2,14,3,2,0,0,2,0,0,0,0,284.148,0.3169010777461024,-0.35887649,11.567804232804232,0.1155442176870749,-0.529398148,210.95,0,0,0,0,0,0,0,0,0,0,6,0,0,0,2,0,0,0,0,0,0,0,3,0,0,3,0,0,0,0,3,0,0,0,0,0,0,0,0,0,0,0,0,0,0,-2.660695389,0,0,0,10.80441940665155,0,0,0,0,0,0,0,9.646452664399092,0,0,-0.437292139,0,0,0,0,12.7657138133031,0,0,0,0,0.4489025482051998,0.7432746747560695,2122.79036130804,0.718989365705682,0.3941607894477527,-0.450469474,6,4,6,8,0,0,0,0,0,0,0,0,0,0,0,0,0,0,0,0,0,0,0,0,0,0,0,0,0,0,0,0,0,0,3,0,0,0,0,0,0,0,0,0,0,0,0,0,0,0.625,0,0,0,183.6,267.3576
957,c1nnnn1Nc1nncn1-n1cnnn1,1,12,0,0,0,0,3,3,12,1,12,3,3,0,1,0,0,0,0,0,220.16000000000005,0.2655628454920828,-0.240763559,3.8161111111111112,0.3607407407407415,0.3607407407407415,129.94,0,0,0,0,0,3,0,0,0,0,1,0,0,0,0,0,0,1,0,0,0,0,8,0,0,3,0,0,0,0,0,0,0,0,0,0,0,0,0,0,4.204154383975813,0,0,0,0,0.3607407407407415,0,0,0,0,0,0,2.774305555555556,0,0,0,0,28.744885676492817,0,0,4.082580309901738,0,0,0,0,0,0,0,0,0,0.223622819901312,0.7955065276425001,1989.5854023077347,0.2999582991473047,0.7630813953488369,-0.726744186,4,4,0,12,0,0,0,0,0,0,0,0,0,0,0,0,0,0,0,0,0,0,0,0,0,0,0,0,0,0,0,0,0,0,0,0,0,0,0,1,0,0,0,0,2,0,0,0,0,0.75,0,0,0,183,267.776
958,[N-]=[N+]=Nc1nnc2nnc(/N=N\c3nnc4nnc(N=[N+]=[N-])nn34)n2n1,0,20,0,0,0,0,4,4,16,0,20,4,4,0,0,0,0,0,0,0,352.2060000000001,0.2920826707806441,-0.155284755,8.403425811871742,0.0031699094289276,-0.2637727,259.96,0,0,0,0,0,0,0,0,0,0,4,2,0,0,0,0,0,0,0,0,0,4,10,0,0,2,0,0,0,0,0,0,0,0,0,0,0,0,0,0,0,0,0,0,0,-0.752870839,-0.006339819,0,0,0,0,0,0,0,0,0,14.019219532471698,36.75383438257023,0,0,2.0880484446609984,0,0,0,0,0,0,0,0,0,0.298431228151828,0.808691750777978,4986.770821357842,0.6836842336017341,0.7949892960369782,-0.545135517,6,0,0,20,0,0,0,0,0,0,0,0,0,0,0,0,0,0,0,0,0,0,0,0,0,0,0,2,0,0,0,0,0,0,0,0,0,0,0,2,0,0,0,0,0,0,0,0,0,0.8461538461538461,2,0,2,183,140.5824
959,[N-]=[N+]=NCn1nnc(-c2nnn(CN=[N+]=[N-])n2)n1,0,14,0,0,0,0,2,2,10,0,14,2,5,0,0,0,0,0,0,0,248.174,0.2453858158563417,-0.157749433,8.128467166620888,0.0869415943604254,-0.086941594,184.72000000000003,0,0,2,0,0,0,0,0,0,0,2,0,0,0,0,0,0,0,0,0,0,2,6,0,0,2,0,0,0,0,0,0,0,0,0,0,0,-0.173883189,0,0,0,0,0,0,0,0.2413463718820865,0,0,0,0,0,0,0,0,0,0,6.5129166666666665,22.2447940287226,0,0,2.1452075459813558,0,0,0,0,0,0,0,0,0,0.0825081985629883,0.99099797952951,3637.801354906696,0.6240470753994763,0.7897684688968222,-0.644708954,4,4,0,14,0,0,0,0,0,0,0,0,0,0,0,0,0,0,0,0,0,0,0,0,0,0,0,0,0,0,0,0,0,0,0,0,0,0,0,0,0,0,0,0,2,0,0,0,0,0.4545454545454545,0,0,2,177,156.0632
960,NNc1cc(NN)[n+]([O-])c(NN)[n+]1[O-],9,10,0,0,0,0,1,1,8,6,10,1,3,0,3,3,0,0,0,0,202.17800000000005,0.4714463423872239,-0.706381777,11.262243008314435,0.0851851851851848,-0.464444444,168.03,0,0,0,0,0,1,0,0,0,0,3,0,0,0,3,0,0,3,0,0,0,0,0,0,0,2,0,0,0,0,0,0,0,0,0,0,0,0,0,0,1.1258333333333337,0,0,0,0,-0.634814815,0,0,0,15.026995464852607,0,0,6.080833333333333,0,0,0,0,0,0,0,0.3766666666666667,0,0,0,0,0,0,0,0,0,0.4543500336266478,0.5565199633100087,1457.6593795412998,0.3005040716770811,0.5539672961449809,-0.870520037,4,10,2,8,0,0,0,0,0,0,0,0,0,0,0,0,0,0,0,1,0,0,0,0,0,0,0,0,0,0,0,0,0,0,0,0,0,0,0,0,0,0,0,0,0,0,0,0,0,0.25,1,0,0,172,232.6304
961,Nc1nn2c(C(F)(F)F)nnc2n[n+]1[O-],2,8,0,0,0,0,2,2,7,1,11,2,0,0,0,1,0,0,0,0,221.102,0.4544836920448447,-0.721385711,12.266558484504912,0.1486432350718067,-4.740471939,108.93,0,0,0,0,0,0,0,0,0,0,2,1,1,0,1,0,0,0,0,0,0,0,4,0,0,2,0,0,0,0,0,3,0,0,0,0,0,0,0,0,0,0,0,0,0,-2.120277778,-0.577291667,-4.740471939,0,4.990379818594104,0,0,0,0,0,0,0,12.045324074074074,0,0,0.1050604686318967,0,0,0,0,0,36.79967545351474,0,0,0,0.260640833273939,0.8023031694187343,1534.7542990492998,0.1332436138558755,0.4432343443297662,-0.578918327,4,2,1,7,0,0,0,0,0,0,0,0,0,0,0,0,0,0,0,0,0,0,0,0,0,0,0,1,0,0,0,0,0,0,0,0,0,0,0,1,0,0,0,0,0,0,0,0,0,0.6470588235294118,2,0,0,171.1,293.2984
962,Nc1no[n+]([O-])c1-c1c(N)no[n+]1[O-],4,10,0,0,0,0,2,2,8,2,10,2,1,0,0,2,0,0,0,0,200.114,0.3168693653763615,-0.358827453,10.973148148148148,0.0628703703703701,-0.334490741,157.98,0,0,0,0,0,0,0,0,0,0,4,0,0,0,2,0,0,0,0,0,0,0,2,0,0,2,0,0,0,0,2,0,0,0,0,0,0,0,0,0,0,0,0,0,0,-1.225462963,0,0,0,10.534907407407406,0,0,0,0,0,0,0,6.260740740740741,0,0,-0.125740741,0,0,0,0,8.275925925925925,0,0,0,0,0.4258627417659454,0.6932394048753125,1122.4380641319697,0.6047706847335135,0.4197607363802632,-0.479726556,4,4,4,6,0,0,0,0,0,0,0,0,0,0,0,0,0,0,0,0,0,0,0,0,0,0,0,0,0,0,0,0,0,0,2,0,0,0,0,0,0,0,0,0,0,0,0,0,0,0.5555555555555556,0,0,0,170,275.3072
963,c1nnnn1Nc1nncn1/N=N/n1cnnc1Nn1cnnn1,2,18,0,0,0,0,4,4,18,2,18,4,6,0,2,0,0,0,0,0,330.24000000000007,0.2669094717629271,-0.240721592,3.9334174225245655,0.230657333921223,0.230657333921223,197.4,0,0,0,0,0,4,0,0,0,0,2,0,0,0,0,0,0,2,0,0,0,2,10,0,0,4,0,0,0,0,0,0,0,0,0,0,0,0,0,0,5.331584363382287,0,0,0,0,0.4613146678424464,0,0,0,0,0,0,5.485932966544438,0,0,0,7.866834845049131,36.239288008727456,0,0,4.9483784817875724,0,0,0,0,0,0,0,0,0,0.323909891708187,0.6910143488767523,5067.011759746214,0.3471306557958525,0.7630813953488373,-0.726744186,6,6,0,18,0,0,0,0,0,0,0,0,0,0,0,0,0,0,0,0,0,0,0,0,0,0,0,0,0,0,0,0,0,0,0,0,0,0,0,2,0,0,0,0,2,0,0,0,0,0.6666666666666666,0,0,0,170,188.28
964,O=[N+]=Nc1cc(N=[N+]=O)nc(N=[N+]=O)n1,0,11,0,0,0,0,1,1,8,0,11,1,3,0,0,0,0,0,0,0,209.105,0.3965950576762637,-0.178010505,9.803972033257748,0.2177777777777771,-0.405277778,156.37,0,0,0,0,0,1,0,0,0,0,3,0,0,0,0,0,0,0,0,0,0,3,2,0,0,0,0,0,3,0,0,0,0,0,0,0,0,0,0,0,1.0482369614512472,0,0,0,0,-0.840833333,0,0,0,0,0,0,0,0,0,0,8.939092970521543,6.9189569160997735,0,0,0,0,0,29.392324263038542,0,0,0,0,0,0,0.4864937075750854,0.5135062924271364,2040.6735747015568,2.6577410678408665e-06,0.5356160780469141,-0.420841204,4,1,3,8,0,0,0,0,0,0,0,0,0,0,0,0,0,0,0,1,0,0,0,0,0,0,0,0,0,0,0,0,0,0,0,0,0,0,0,0,0,0,0,0,0,0,0,0,0,0.375,1,0,0,169,155.2264
965,[N-]=[N+]=Nc1nc(N=[N+]=[N-])n(N=Nn2nc(N=[N+]=[N-])nc2N=[N+]=[N-])n1,0,20,0,0,0,0,2,2,12,0,20,2,6,0,0,0,0,0,0,0,328.1840000000001,0.2417209766393387,-0.201921627,8.417316106245579,0.3865935153777859,-0.398732468,281.18,0,0,0,0,0,0,0,0,0,0,4,0,0,0,0,0,0,0,0,0,0,6,4,0,0,2,0,0,0,0,0,0,0,0,0,0,0,0,0,0,0,0,0,0,0,-1.570651967,0,0,0,0,0,0,0,0,0,0,19.45507006348096,14.248330834629536,0,0,1.219277840765936,0,0,0,0,0,0,0,0,0,0.247416829978479,0.8192562851421705,5363.457138522339,0.505771636038309,0.8531799234575723,-0.390025108,4,0,0,20,0,0,0,0,0,0,0,0,0,0,0,0,0,0,0,0,0,0,0,0,0,0,0,0,0,0,0,0,0,0,0,0,0,0,0,2,0,0,0,0,0,0,0,0,0,0.4166666666666667,0,0,4,168.8,125.9384
966,N#Cc1c(/N=N/c2no[n+]([O-])c2C#N)no[n+]1[O-],0,12,0,0,0,0,2,2,10,0,12,2,2,0,0,0,2,0,0,0,248.118,0.3697191614727574,-0.358337782,10.83234662383472,0.1705035903250187,-0.531710601,178.23999999999995,0,0,0,0,0,0,0,0,2,0,4,0,0,0,0,0,0,0,0,2,0,2,2,0,0,2,0,0,0,0,2,0,0,0,0,0,0,0,0,0,0,0,0,2.957208837238599,0,-1.902608655,0,0,0,0,0,0,0,0,17.154247291509197,0,6.682037037037037,6.2604922524565385,0,0,-0.341007181,0,0,0,0,8.191603835978835,0,0,0,0,0.1754640707754221,0.8245359293175275,2900.275531784833,1.822393664998528e-05,0.4513981250856447,-0.515883572,6,0,4,8,0,0,0,0,0,0,0,0,0,0,0,0,0,0,0,0,0,0,0,0,0,0,0,0,0,0,0,0,0,0,2,0,0,0,0,0,0,0,0,0,0,0,0,0,0,0.5555555555555556,0,0,0,168,193.7192
967,[O-][n+]1onc(/C=N/O)c1/C=N/O,2,8,0,0,0,0,1,1,7,2,8,1,2,0,0,0,0,0,0,0,172.1,0.2712973488230184,-0.410736055,10.64661186696901,0.0106481481481479,-0.15712963,118.15,0,0,0,0,2,0,0,0,0,0,2,0,0,0,0,0,0,0,0,0,0,2,1,0,0,1,0,2,0,0,1,0,0,0,0,0,0,0,0,1.6760185185185184,0,0,0,0,0,-0.193888889,0,0,0,0,0,0,0,0,0,0,5.211902872260016,3.18787037037037,0,0,0.0106481481481479,0,16.18704081632653,0,0,4.10712962962963,0,0,0,0,0.2902521943805647,0.7097478056770213,1272.9399477590323,1.1025003774185464e-05,0.325392213829169,-0.557815224,4,4,4,4,0,0,0,0,0,0,0,0,0,0,0,0,0,0,0,0,0,0,0,0,0,0,0,0,0,0,0,0,0,0,1,0,0,0,0,0,0,0,0,0,0,0,0,0,0,0.3125,1,0,0,168,263.1736
968,[N-]=[N+]=Nc1nnn[nH]1,1,7,0,0,0,0,1,1,4,1,7,1,1,0,1,0,0,0,0,0,111.068,0.2355633951144518,-0.237399848,7.780833333333334,0.076388888888889,0.076388888888889,103.22,0,0,0,0,0,0,0,0,0,0,1,0,0,0,0,0,0,0,1,0,0,1,3,0,0,0,0,0,0,0,0,0,0,0,0,0,0,0,0,0,0,0,0,0,0,0.076388888888889,0,0,0,0,0,0,0,2.2454166666666664,0,0,3.055555555555556,9.579074074074072,0,0,0,0,0,0,0,0,0,0,0,0,0.153987390107553,0.8460126098985361,431.86488768934674,4.792631312809918e-06,0.8823423488313464,-0.360139734,1,1,0,7,0,0,0,0,0,0,0,0,0,0,0,0,0,0,0,0,0,0,0,0,0,0,0,0,0,0,0,0,0,0,0,0,0,0,0,0,0,0,0,0,1,0,0,0,0,0.5555555555555556,1,0,1,165,145.6032
969,[N-]=[N+]=Nc1nnc2nnc(N)n2n1,2,10,0,0,0,0,2,2,8,1,10,2,1,0,0,1,0,0,0,0,178.11900000000003,0.2918878719205565,-0.366343085,8.090481859410431,0.0548979591836737,-0.1375,143.64,0,0,0,0,0,0,0,0,0,0,2,1,0,0,1,0,0,0,0,0,0,1,5,0,0,1,0,0,0,0,0,0,0,0,0,0,0,0,0,0,0,0,0,0,0,-0.082602041,0.1475831443688589,0,0,5.365547052154195,0,0,0,0,0,0,3.141388888888889,17.72375,0,0,1.1220370370370372,0,0,0,0,0,0,0,0,0,0.2690101698747253,0.7309898301457115,1160.169414921945,6.325014764780023e-06,0.7859913877800794,-0.62879311,3,2,0,10,0,0,0,0,0,0,0,0,0,0,0,0,0,0,0,0,0,0,0,0,0,0,0,1,0,0,0,0,0,0,0,0,0,0,0,1,0,0,0,0,0,0,0,0,0,0.7333333333333333,2,0,1,165,163.5944
970,[N-]=[N+]=Nc1nc(-c2nnn[nH]2)n[nH]1,2,10,0,0,0,0,2,2,6,2,10,2,2,0,2,0,0,0,0,0,178.11900000000003,0.2201552074404301,-0.257159003,8.081942318594104,0.0637962962962965,0.0637962962962965,144.79,0,0,0,0,0,0,0,0,0,0,3,0,0,0,0,0,0,0,2,0,0,1,5,0,0,0,0,0,0,0,0,0,0,0,0,0,0,0,0,0,0,0,0,0,0,0.6082775888133036,0,0,0,0,0,0,0,4.854738047996976,0,0,3.206111111111111,17.718958333333333,0,0,0,0,0,0,0,0,0,0,0,0,0.1715243774822998,0.828475622548109,1415.8897556075383,1.1164245715732565e-05,0.7859913877800795,-0.62879311,3,2,0,10,0,0,0,0,0,0,0,0,0,0,0,0,0,0,0,0,0,0,0,0,0,0,0,0,0,0,0,0,0,0,0,0,0,0,0,1,0,0,0,0,1,0,0,0,0,0.6666666666666666,0,0,1,164,147.2768
971,Cn1nnc(N=[N+]=[N-])n1,0,7,0,0,0,0,1,1,5,0,7,1,1,1,0,0,0,0,0,0,125.095,0.2605284390152984,-0.167139671,7.870243764172335,0.0416666666666669,0.0416666666666669,92.36,1,0,0,0,0,0,0,0,0,0,1,0,0,0,0,0,0,0,0,0,0,1,3,0,0,1,0,0,0,0,0,0,0,0,0,1.5867006802721089,0,0,0,0,0,0,0,0,0,0.0416666666666669,0,0,0,0,0,0,0,0,0,0,3.1025,10.387314814814816,0,0,1.2123148148148148,0,0,0,0,0,0,0,0,0,0.1981135139787652,0.8075810596872264,590.1066222442414,0.1820636424939326,0.7834046124945042,-0.703465366,2,3,0,7,0,0,0,0,0,0,0,0,0,0,0,0,0,0,0,0,0,0,0,0,0,0,0,0,0,0,0,0,0,0,0,0,0,0,0,0,0,0,0,0,1,0,0,0,0,0.4166666666666667,1,0,1,162,151.4608
972,[O-][n+]1onc2c1-c1no[n+]([O-])c1-c1c(no[n+]1[O-])/N=N\2,0,14,0,1,1,0,3,3,11,0,14,4,0,0,0,0,0,0,0,0,280.116,0.3635375264148937,-0.358876471,11.615990173847315,0.0522278911564626,-0.426898148,183.63,0,0,0,0,0,0,0,0,0,0,6,0,0,0,0,0,0,0,0,0,0,2,3,0,0,3,0,0,0,0,3,0,0,0,0,0,0,0,0,0,0,0,0,0,0,-2.050835223,0,0,0,0,0,0,0,0,0,0,7.106793272864701,10.01516439909297,0,0,-0.242881708,0,0,0,0,13.033699452003024,0,0,0,0,0.4527557630808564,0.7124274015493123,2107.652344452101,0.6270307700011968,0.3998343543389167,-0.342715161,6,0,6,8,0,0,0,0,0,0,0,0,0,0,0,0,0,0,0,0,0,0,0,0,0,0,0,0,0,0,0,0,0,0,3,0,0,0,0,0,0,0,0,0,0,0,0,0,0,0.75,4,0,0,161.1,265.2656
973,[N-]=[N+]=Nc1ncnn1-c1n[n+]([O-])c(N)[n+]([O-])n1,2,13,0,0,0,0,2,2,9,1,13,2,2,0,0,1,0,0,0,0,237.143,0.5812812999568742,-0.653630062,11.079781431090954,0.1419822373393802,-0.750740951,185.15,0,0,0,0,0,1,0,0,0,0,3,0,0,0,1,0,0,0,0,0,0,1,4,0,0,3,0,0,0,0,0,0,0,0,0,0,0,0,0,0,1.0357303476946331,0,0,0,0,-1.402248887,0,0,0,5.049539556563365,0,0,0,0,0,0,3.1608205782312924,13.749537509448224,0,0,0.5235355253212395,0,0,0,0,0,0,0,0,0,0.3320124652074037,0.7757129375674906,1811.97753540492,0.454227923919197,0.6493971991583137,-0.506023792,4,3,2,11,0,0,0,0,0,0,0,0,0,0,0,0,0,0,0,0,0,0,0,0,0,0,0,1,0,0,0,0,0,0,0,0,0,0,0,1,0,0,0,0,0,0,0,0,0,0.55,0,0,1,161,152.716
974,[O-][N+]1=C2C(=NC1)c1nonc1N(O)c1nonc12,1,11,0,2,2,0,2,2,10,1,11,4,0,0,0,0,0,0,0,0,249.146,0.2740150360276816,-0.621859189,11.73698790627362,0.031481481481481,-0.102484883,139.74,0,0,1,0,0,0,0,0,0,2,4,0,0,0,0,0,0,0,0,0,0,1,4,1,0,0,0,1,0,0,2,0,0,0,0,0,0,-0.102484883,0,0,0,0,0,0,0.3421296296296303,0.111203703703705,0,0,0,0,0,0,0,0,0,0,4.008518518518518,14.242681405895691,0.5826851851851851,0,0,0,9.932169312169313,0,0,9.052868480725625,0,0,0,0,0.4415663610408576,0.5628391569642233,1940.427883153174,0.2206959136999309,0.3933436619492185,-0.738522794,7,3,4,7,0,0,0,0,0,0,0,0,0,0,0,0,0,0,0,0,0,0,0,0,0,0,0,0,0,0,0,0,0,0,3,0,0,0,0,0,0,0,0,0,0,0,0,0,0,0.7142857142857143,4,0,0,160.6,205.016
975,Nc1c(-c2no[n+]([O-])c2N)no[n+]1[O-],4,10,0,0,0,0,2,2,8,2,10,2,1,0,0,2,0,0,0,0,200.114,0.3035167144743274,-0.390679671,10.709601284958428,0.0430593348450489,-0.355925926,157.98,0,0,0,0,0,0,0,0,0,0,4,0,0,0,2,0,0,0,0,0,0,0,2,0,0,2,0,0,0,0,2,0,0,0,0,0,0,0,0,0,0,0,0,0,0,-0.997314815,0,0,0,10.516902872260015,0,0,0,0,0,0,0,6.5109259259259264,0,0,-0.08611867,0,0,0,0,8.303068783068783,0,0,0,0,0.2016459729105894,0.8541212743497484,1430.9494446940816,0.5088639027202797,0.4197607363802632,-0.479726556,4,4,4,6,0,0,0,0,0,0,0,0,0,0,0,0,0,0,0,0,0,0,0,0,0,0,0,0,0,0,0,0,0,0,2,0,0,0,0,0,0,0,0,0,0,0,0,0,0,0.5555555555555556,0,0,0,160,161.9208
976,Cn1nnnc1N=[N+]=[N-],0,7,0,0,0,0,1,1,5,0,7,1,1,1,0,0,0,0,0,0,125.095,0.237896058163902,-0.227114171,7.911944444444444,0.164351851851852,0.164351851851852,92.36,1,0,0,0,0,0,0,0,0,0,1,0,0,0,0,0,0,0,0,0,0,1,3,0,0,1,0,0,0,0,0,0,0,0,0,1.5873148148148148,0,0,0,0,0,0,0,0,0,0.164351851851852,0,0,0,0,0,0,0,0,0,0,3.173611111111111,10.051296296296297,0,0,1.2775,0,0,0,0,0,0,0,0,0,0.2581306697344067,0.748501385875051,503.23681420412703,0.1516360284897307,0.7834046124945042,-0.703465366,2,3,0,7,0,0,0,0,0,0,0,0,0,0,0,0,0,0,0,0,0,0,0,0,0,0,0,0,0,0,0,0,0,0,0,0,0,0,0,0,0,0,0,0,1,0,0,0,0,0.4166666666666667,1,0,1,160,150.624
977,[O-]c1n[n+](-c2nnn[nH]2)no1,1,9,0,0,0,0,2,2,7,1,9,2,1,0,1,0,0,0,0,0,155.077,0.4861209005618663,-0.525566487,10.34187641723356,0.1211574074074077,-0.804259259,120.32000000000002,0,0,0,0,0,0,0,0,0,0,2,0,0,0,0,0,0,0,1,0,0,0,5,0,0,1,0,0,0,0,1,0,0,0,0,0,0,0,0,0,0,0,0,0,0,-0.683101852,0,0,0,0,0,0,0,2.333611111111111,0,0,0,16.3723828420257,0,0,0.849537037037037,0,0,0,0,4.119027777777777,0,0,0,0,0.1328918830382932,0.8671081169696279,888.6229072511958,5.610452788696082e-06,0.6319441309800936,-0.25793638,2,1,2,7,0,0,0,0,0,0,0,0,0,0,0,0,0,0,0,0,0,0,0,0,0,0,0,0,0,0,0,0,0,0,0,0,0,0,0,1,0,0,0,0,1,0,0,0,0,0.8333333333333334,0,0,0,160,391.6224
978,[N-]=[N+]=Nc1no[n+]([O-])c1-c1noc(/N=N/c2nc(-c3c(N=[N+]=[N-])no[n+]3[O-])no2)n1,0,22,0,0,0,0,4,4,16,0,22,4,6,0,0,0,0,0,0,0,416.1940000000001,0.3663788963105859,-0.358909993,11.54568757200471,0.1125959942195788,-0.475487548,306.02,0,0,0,0,0,0,0,0,0,0,8,0,0,0,0,0,0,0,0,0,0,4,6,0,0,2,0,0,0,0,4,0,0,0,0,0,0,0,0,0,0,0,0,0,0,-3.433183836,0,0,0,0,0,0,0,0,0,0,13.28341680818416,20.74205949896187,0,0,-0.225191988,0,0,0,0,18.05669337552997,0,0,0,0,0.0751396057939483,0.9248603974163652,13018.266355409138,0.0001790680822005,0.5382105460434315,-0.384436104,8,0,6,16,0,0,0,0,0,0,0,0,0,0,0,0,0,0,0,0,0,0,0,0,0,0,0,0,0,0,0,0,0,0,4,0,0,0,0,0,0,0,0,0,0,0,0,0,0,0.6666666666666666,0,0,2,155,157.3184
979,[N-]=[N+]=Nc1nnnn1N=C1CCCC=C1Nn1nnnc1N=[N+]=[N-],1,16,1,0,1,0,2,2,12,1,16,3,5,0,1,0,0,0,0,0,328.26400000000007,0.2627284014663313,-0.273449187,8.490704951082698,0.0550782302513901,-0.090633786,209.11,0,0,3,0,1,0,0,0,0,2,2,0,0,0,0,0,0,1,0,0,0,3,6,0,0,2,0,0,0,0,0,0,0,0,0,0,0,2.286035525321239,0,1.8764614827412447,0,0,0,0,1.176531557067272,-0.145712016,0,0,0,0,0,0,2.8889209341143864,0,0,0,10.94594949399513,21.26657524967951,0,0,2.1291162761400857,0,0,0,0,0,0,0,0,0,0.2834038547873511,0.8475741965554221,5105.949795770359,0.857549887804172,0.682377598518266,-0.974825141,8,8,0,16,0,0,0,0,0,0,0,0,0,0,0,0,0,0,0,0,0,0,0,0,0,0,0,0,0,0,0,0,0,0,0,0,0,0,0,0,0,0,0,0,2,0,0,0,0,0.3125,0,0,2,154,134.3064
980,[N-]=[N+]=Nc1cc(N=[N+]=[N-])nc(N=[N+]=[N-])n1,0,11,0,0,0,0,1,1,5,0,11,1,3,0,0,0,0,0,0,0,203.129,0.2167943541319597,-0.225142097,8.152330876795162,0.0997222222222218,-0.287222222,172.06,0,0,0,0,0,1,0,0,0,0,3,0,0,0,0,0,0,0,0,0,0,3,2,0,0,0,0,0,0,0,0,0,0,0,0,0,0,0,0,0,1.1486451247165534,0,0,0,0,-0.486666667,0,0,0,0,0,0,0,0,0,0,9.394875283446712,7.1197732426303855,0,0,0,0,0,0,0,0,0,0,0,0,0.3374797104413535,0.6625202895588124,1899.1401798625495,7.952114299816445e-07,0.7581389166490259,-0.669525277,4,1,0,11,0,0,0,0,0,0,0,0,0,0,0,0,0,0,0,1,0,0,0,0,0,0,0,0,0,0,0,0,0,0,0,0,0,0,0,0,0,0,0,0,0,0,0,0,0,0.375,1,0,3,154,138.072
981,[N-]=[N+]=NC(=O)NNC(=O)N=[N+]=[N-],2,10,0,0,0,0,0,0,2,2,10,0,0,0,2,0,0,0,0,0,170.092,0.3260220676089018,-0.265821686,10.270729875283449,1.1120464852607708,-1.112046485,155.72000000000003,0,0,0,0,0,0,0,0,0,2,0,0,0,0,0,0,0,2,0,0,0,2,0,0,0,0,0,0,2,0,0,0,0,0,0,0,0,0,0,0,0,0,0,0,-2.224092971,0,0,0,0,0,0,0,3.2887962962962964,0,0,0,5.0754166666666665,0,0,0,0,0,0,20.541459750566894,0,0,0,0,0,0,0.1815356019258616,0.8184643980744886,1435.5227093587705,9.77799782281049e-07,0.6584671824659596,-0.282200221,2,2,2,8,0,0,0,0,0,0,0,0,0,0,0,0,0,0,0,0,0,0,0,0,0,0,0,0,0,0,0,0,0,0,0,0,0,0,0,0,0,0,0,0,0,0,0,0,0,0,0,0,2,154,143.9296
982,O=[N+]([O-])OC1COC1,0,5,0,1,1,0,0,0,4,0,5,1,2,0,0,0,0,0,0,0,119.076,0.2944456034845192,-0.376649877,9.530277777777778,0.3148148148148151,-0.798425926,61.60000000000001,0,0,2,0,0,0,1,0,0,0,0,0,0,0,0,0,0,0,0,0,0,0,0,0,1,0,0,0,1,2,0,0,0,0,0,0,0,0.696388888888889,0,0,0,-0.314814815,0,0,0,0,0,0,0,0,0,0,0,0,0,0,0,0,0,-0.798425926,0,0,0,9.530277777777778,8.689629629629628,0,0,0,0,0,0.1914438988532344,0.9191568790522194,465.55524174447527,0.5868457842715658,0.1175719708421512,-0.60465585,3,5,4,1,0,1,0,0,0,0.3076923076923077,0,0,0,0,0,0,0,0,0,0,0,0,0,0,0,0,0,0,0,0,0,0,0,0,0,0,0,0,0,0,0,0,0,0,0,0,0,0,0,0,1,0,0,153,211.96132
983,[N-]=[N+]=Nc1n[nH]nc1-c1nnn[nH]1,2,10,0,0,0,0,2,2,6,2,10,2,2,0,2,0,0,0,0,0,178.11900000000003,0.2016302213366049,-0.237390473,8.174828987150416,0.0981944444444449,0.0981944444444449,144.79,0,0,0,0,0,0,0,0,0,0,3,0,0,0,0,0,0,0,2,0,0,1,5,0,0,0,0,0,0,0,0,0,0,0,0,0,0,0,0,0,0,0,0,0,0,0.6666666666666679,0,0,0,0,0,0,0,4.751349206349206,0,0,3.2827314814814814,17.555719954648527,0,0,0,0,0,0,0,0,0,0,0,0,0.2809028998472746,0.7190971001600471,1227.3284843141869,4.204360799510883e-06,0.7859913877800795,-0.62879311,3,2,0,10,0,0,0,0,0,0,0,0,0,0,0,0,0,0,0,0,0,0,0,0,0,0,0,0,0,0,0,0,0,0,0,0,0,0,0,1,0,0,0,0,1,0,0,0,0,0.6666666666666666,0,0,1,152,148.532
984,[N-]=[N+]=Nc1no[n+]([O-])c1-c1noc(N)n1,2,11,0,0,0,0,2,2,8,1,11,2,2,0,0,1,0,0,0,0,210.113,0.3188065635216765,-0.358909993,11.066262282690854,0.0195370370370371,-0.29787037,166.67000000000002,0,0,0,0,0,0,0,0,0,0,4,0,0,0,1,0,0,0,0,0,0,1,3,0,0,1,0,0,0,0,2,0,0,0,0,0,0,0,0,0,0,0,0,0,0,-0.980752551,0,0,0,5.152766597379692,0,0,0,0,0,0,3.105471466364324,10.083161375661374,0,0,-0.019537037,0,0,0,0,8.632280092592593,0,0,0,0,0.3495527822501724,0.6504472177632405,1689.6440681809963,7.686466807029516e-06,0.5330465035480907,-0.456897003,4,2,3,8,0,0,0,0,0,0,0,0,0,0,0,0,0,0,0,0,0,0,0,0,0,0,0,0,0,0,0,0,0,0,2,0,0,0,0,0,0,0,0,0,0,0,0,0,0,0.5882352941176471,0,0,1,150,157.3184
985,O=c1[nH]c(-c2noc(=O)[nH]2)no1,2,8,0,0,0,0,2,2,6,2,8,2,1,0,2,0,0,0,0,0,170.084,0.4387883916077831,-0.295455284,10.435272108843538,0.0193055555555556,-0.727917611,117.78,0,0,0,0,0,0,0,0,0,0,2,0,0,0,0,0,0,0,2,0,0,0,2,0,0,0,0,0,2,0,2,0,0,0,0,0,0,0,0,0,0,0,0,0,0,0.0386111111111115,0,0,0,0,0,0,0,4.359351851851852,0,0,0,6.527314814814815,0,0,0,0,0,20.87054421768708,0,8.326679894179893,0,0,0,0,0.1278715212145403,0.8721284787857203,1165.0291156787791,8.629401940825938e-07,0.329249076926695,-0.470355824,4,2,4,4,0,0,0,0,0,0,0,0,0,0,0,0,0,0,0,0,0,0,0,0,0,0,0,0,0,0,0,0,0,0,2,0,0,0,0,0,0,0,0,0,0,0,0,0,0,0.7142857142857143,0,1,0,148,369.4472
986,Cc1c(/N=N/c2no[n+]([O-])c2C)no[n+]1[O-],0,10,0,0,0,0,2,2,8,0,10,2,2,0,0,0,0,0,0,0,226.152,0.3538101151247523,-0.359259219,10.819769463340892,0.0091194255479971,0.0091194255479971,130.66,2,0,0,0,0,0,0,0,0,0,4,0,0,0,0,0,0,0,0,0,0,2,2,0,0,2,0,0,0,0,2,0,0,0,0,2.9192165847820606,0,0,0,0,0,0,0,0,0,0.3236054421768723,0,0,0,0,0,0,0,0,0,0,7.191203703703703,6.677150415721844,0,0,0.3844943625598387,0,0,0,0,8.531457231040566,0,0,0,0,0.1175936293836755,0.885067602286858,2603.6939733023864,0.1941363067963545,0.371431603523294,-0.778237645,6,6,4,6,0,0,0,0,0,0,0,0,0,0,0,0,0,0,0,0,0,0,0,0,0,0,0,0,0,0,0,0,0,0,2,0,0,0,0,0,0,0,0,0,0,0,0,0,0,0.4545454545454545,0,0,0,145,209.2
987,[N-]=[N+]=NC(=O)NC(=O)Nn1ncnn1,2,11,0,0,0,0,1,1,6,2,11,1,1,0,2,0,0,0,0,0,197.118,0.3428564009196071,-0.270976743,10.840685941043084,0.7209344293272864,-1.134152494,150.56,0,0,0,0,0,1,0,0,0,2,0,0,0,0,0,0,0,2,0,0,0,1,3,0,0,1,0,0,2,0,0,0,0,0,0,0,0,0,0,0,1.0789014865205342,0,0,0,-2.078226568,0,0,0,0,0,0,0,3.670099206349206,0,0,0,2.597847222222222,9.978806689342404,0,0,0.7209344293272864,0,0,21.36457624716553,0,0,0,0,0,0,0.083848713899674,0.9814547478038416,2075.544182038152,0.4879545499691707,0.639211030956077,-0.446433101,3,3,2,9,0,0,0,0,0,0,0,0,0,0,0,0,0,0,0,0,0,0,0,0,0,0,0,0,0,0,0,0,0,0,0,0,0,0,0,0,0,0,0,0,1,0,0,0,0,0.2941176470588235,1,0,1,145,147.6952
988,[N-]=[N+]=Nc1nc(-c2nnnn2O)n[nH]1,2,11,0,0,0,0,2,2,8,2,11,2,2,0,1,0,0,0,0,0,194.118,0.2607192051354555,-0.408644284,9.02634023053666,0.0276851851851853,-0.054963152,154.16,0,0,0,0,0,0,0,0,0,0,3,0,0,0,0,0,0,0,1,0,0,1,5,0,0,1,0,1,0,0,0,0,0,0,0,0,0,0,0,0,0,0,0,0,0,-0.063852041,0,0,0,0,0,0,0,2.320648148148148,0,0,3.158775510204081,17.06923611111111,0,0,0.4057955404383975,0,9.02634023053666,0,0,0,0,0,0,0,0.1866348720731712,0.813365128005957,1619.89372987424,1.827352171138771e-05,0.7212108099197394,-0.494544555,3,2,1,10,0,0,0,0,0,0,0,0,0,0,0,0,0,0,0,0,0,0,0,0,0,0,0,0,0,0,0,0,0,0,0,0,0,0,0,1,0,0,0,0,1,0,0,0,0,0.625,0,0,1,144,158.992
989,On1nnnc1-c1ncon1,1,8,0,0,0,0,2,2,8,1,8,2,1,0,0,0,0,0,0,0,154.089,0.2624275194445671,-0.408643482,8.881203703703704,0.0405092592592595,0.0405092592592595,102.75,0,0,0,0,0,1,0,0,0,0,2,0,0,0,0,0,0,0,0,0,0,0,5,0,0,1,0,1,0,0,1,0,0,0,0,0,0,0,0,0,1.1150925925925923,0,0,0,0,0.1770833333333339,0,0,0,0,0,0,0,0,0,0,0,16.78462962962963,0,0,0.4631481481481478,0,8.881203703703704,0,0,4.412175925925926,0,0,0,0,0.232136528543336,0.7678634724868109,784.8813708096488,5.9754896802294295e-05,0.5451394973035063,-0.519180474,3,2,2,6,0,0,0,0,0,0,0,0,0,0,0,0,0,0,0,0,0,0,0,0,0,0,0,0,0,0,0,0,0,0,1,0,0,0,0,0,0,0,0,0,1,0,0,0,0,0.7692307692307693,0,0,0,143,300.4112
990,CC(C)(C)COOC1(N=[N+]=[N-])CCC(N=[N+]=[N-])(OOCC(C)(C)C)CC1,0,10,1,0,1,0,0,0,6,0,10,1,8,0,0,0,0,0,0,0,370.4540000000002,0.1818522493381185,-0.235491423,8.892223452378351,0.0922807569133636,-1.150929705,134.44,6,0,6,0,0,0,0,0,0,0,0,0,4,0,0,0,0,0,0,0,0,2,0,0,0,0,0,0,0,4,0,0,0,0,0,12.02691953604541,0,1.8067161631257944,0,0,0,0,0,0,0,0,0,-2.486420924,0,0,0,0,0,0,0,0,7.5642090262030734,0,0,0,0,0,0,0,21.54548970169641,0,0,0,0,0,0.2809367884121453,0.8785757523613856,5751.533248176313,1.0318706941952642,0.2267488001209329,-1.857180649,16,30,4,6,0,0,0,0,0,0,0,0,0,0,0,0,0,0,0,0,0,0,0,0,0,0,0,0,0,0,0,0,0,0,0,0,0,0,0,0,0,0,0,0,0,0,0,0,0,0,1,0,2,143,139.3272
991,[N-]=[N+]=Nc1nnn(N)n1,2,8,0,0,0,0,1,1,6,1,8,1,1,0,0,1,0,0,0,0,126.08300000000004,0.262688826724608,-0.304392049,7.829427437641723,0.083333333333333,-0.083333333,118.38,0,0,0,0,0,0,0,0,0,0,1,0,0,0,1,0,0,0,0,0,0,1,3,0,0,1,0,0,0,0,0,0,0,0,0,0,0,0,0,0,0,0,0,0,0,-0.083333333,0,0,0,4.957517006802721,0,0,0,0,0,0,3.0225,9.81787037037037,0,0,0.7123148148148148,0,0,0,0,0,0,0,0,0,0.1072553907492499,0.8927446092559005,625.3163191740459,3.393642975094148e-06,0.8883037364275913,-0.380701601,1,2,0,8,0,0,0,0,0,0,0,0,0,0,0,0,0,0,0,0,0,0,0,0,0,0,0,0,0,0,0,0,0,0,0,0,0,0,0,0,0,0,0,0,1,0,0,0,0,0.4545454545454545,1,0,1,142,156.0632
992,Cn1nnc(/N=N/N(/N=N/c2nnn(C)n2)c2nnn(C)n2)n1,0,17,0,0,0,0,3,3,16,0,17,3,5,3,0,0,0,0,0,0,319.25700000000006,0.3104931317463654,-0.165314364,3.935570987654321,0.0210931594860168,0.0210931594860168,183.48,3,0,0,0,0,0,0,0,0,0,3,0,0,0,0,0,0,0,0,0,0,4,9,1,0,3,0,0,0,0,0,0,0,0,0,4.762252365439595,0,0,0,0,0,0,0,0,0,0.0659414630049566,0,0,0,0,0,0,0,0,0,0,15.02937956664147,33.57024101386295,0.9024999999999996,0,3.669685591051031,0,0,0,0,0,0,0,0,0,0.3214382459224819,0.6803440976404206,5697.757257724229,0.2081677982454292,0.7454809134960239,-0.826920005,6,9,0,17,0,0,0,0,0,0,0,0,0,0,0,0,0,0,0,0,0,0,0,0,0,0,0,0,0,0,0,0,0,0,0,0,0,0,0,0,0,0,0,0,3,0,0,0,0,0.46875,0,0,0,141,165.6864
993,[N-]=[N+]=NCCn1nnc(/N=N/c2nnn(CCN=[N+]=[N-])n2)n1,0,16,0,0,0,0,2,2,12,0,16,2,8,0,0,0,0,0,0,0,304.242,0.3074097440723084,-0.162056797,8.143721808103662,0.0058960653310404,0.0058960653310404,209.44000000000003,0,0,4,0,0,0,0,0,0,0,2,0,0,0,0,0,0,0,0,0,0,4,6,0,0,2,0,0,0,0,0,0,0,0,0,0,0,0.9542191061719448,0,0,0,0,0,0,0,0.0117921306620811,0,0,0,0,0,0,0,0,0,0,14.062118835034912,22.378685439001373,0,0,2.430967192595148,0,0,0,0,0,0,0,0,0,0.0782760239194327,0.953311250248465,7801.952511049234,0.669322700921436,0.7362560067314838,-0.841435436,6,8,0,16,0,0,0,0,0,0,0,0,0,0,0,0,0,0,0,0,0,0,0,0,0,0,0,0,0,0,0,0,0,0,0,0,0,0,0,0,0,0,0,0,2,0,0,0,0,0.3333333333333333,0,0,2,140,171.9624
994,Nc1n(N)nn[n+]1[O-],4,7,0,0,0,0,1,1,6,2,7,1,0,0,0,2,0,0,0,0,116.084,0.3846521606711814,-0.736259411,10.157037037037036,0.125,-0.231481481,109.69,0,0,0,0,0,0,0,0,0,0,1,0,0,0,2,0,0,0,0,0,0,0,2,0,0,2,0,0,0,0,0,0,0,0,0,0,0,0,0,0,0,0,0,0,0,-0.231481481,0,0,0,9.903148148148148,0,0,0,0,0,0,0,6.025462962962963,0,0,0.8125,0,0,0,0,0,0,0,0,0,0.3630465312799373,0.6369534687946911,377.58765540838846,1.4758441640230303e-05,0.7236139347369147,-0.413493677,1,4,1,6,0,0,0,0,0,0,0,0,0,0,0,0,0,0,0,0,0,0,0,0,0,0,0,0,0,0,0,0,0,0,0,0,0,0,0,0,0,0,0,0,1,0,0,0,0,0.4166666666666667,1,0,0,137,250.2032
995,O=CNc1nonc1-c1ncon1,1,8,0,0,0,0,2,2,7,1,8,2,3,0,1,0,0,0,0,0,181.111,0.227846898781249,-0.342358808,10.1092259542706,0.1494444444444447,0.1494444444444447,106.94,0,0,0,0,1,1,0,0,0,0,3,0,0,0,0,0,0,1,0,0,0,0,4,0,0,0,0,0,1,0,2,0,0,0,0,0,0,0,0,0.4475359032501891,1.1336342592592592,0,0,0,0,0.5720833333333342,0,0,0,0,0,0,2.274814814814815,0,0,0,0,14.09900321239607,0,0,0,0,0,10.1092259542706,0,8.863702522675737,0,0,0,0,0.4110214549475351,0.6829016747804644,981.0142830036104,0.3963788142380574,0.3865033046032543,-0.750920706,5,3,3,5,0,0,0,0,0,0,0,0,0,0,0,0,0,0,0,0,0,0,0,0,0,0,0,0,0,0,0,0,0,0,2,0,0,0,0,0,0,0,0,0,0,0,0,0,0,0.625,0,0,0,136,364.8448
996,CC1[C@]2(C)OO[C@@]1(C)OO2,0,4,0,2,2,0,0,0,4,0,4,2,0,0,0,0,0,0,0,0,146.14199999999997,0.2388522242951429,-0.194639364,4.907407407407407,0.0972222222222218,-0.713541667,36.92,3,0,0,0,0,0,1,0,0,0,0,0,2,0,0,0,0,0,0,0,0,0,0,0,0,0,0,0,0,4,0,0,0,0,0,5.533564814814815,0,0,0,0,0,0.0972222222222218,0,0,0,0,0,-1.427083333,0,0,0,0,0,0,0,0,0,0,0,0,0,0,0,0,19.62962962962963,0,0,0,0,0,0.5897292999787034,0.8171942671153277,405.11288969046313,0.6012219372728337,0,-1.423273255,6,10,4,0,0,0,0,0,0,0,0,0,0,0,0,0,0,0,0,0,0,0,0,0,0,0,0,0,0,0,0,0,0,0,0,0,0,0,0,0,0,0,0,0,0,0,0,0,0,0,2,0,0,136,399.9904
997,Nc1nonc1-c1noc(CO)n1,3,8,0,0,0,0,2,2,8,2,8,2,2,0,0,1,0,0,0,0,183.127,0.2522142628363218,-0.386521526,8.630782549130764,0.0743424036281181,-0.335134165,124.09,0,0,1,0,0,0,0,0,0,0,4,0,0,0,1,0,0,0,0,0,0,0,4,0,0,0,0,1,0,0,2,0,0,0,0,0,0,-0.335134165,0,0,0,0,0,0,0,0.4943886999244151,0,0,0,5.371761148904006,0,0,0,0,0,0,0,14.054966458805746,0,0,0,0,8.630782549130764,0,0,8.94990197467876,0,0,0,0,0.1727708274860297,0.8581443590394053,1376.787487611795,0.321202457938586,0.3822483850005733,-0.830025065,5,5,3,5,0,0,0,0,0,0,0,0,0,0,0,0,0,0,0,0,0,0,0,0,0,0,0,0,0,0,0,0,0,0,2,0,0,0,0,0,0,0,0,0,0,0,0,0,0,0.5555555555555556,0,0,0,135,330.1176
998,[N-]=[N+]=NC(=O)NC(=O)OC1COC1,1,8,0,1,1,0,0,0,4,1,8,1,1,0,1,0,0,0,0,0,186.12699999999995,0.4139351718608738,-0.441004133,10.738463718820862,0.3204950869236587,-1.090053855,113.39,0,0,2,0,0,0,1,0,0,2,0,0,0,0,0,0,0,1,0,0,0,1,0,0,0,0,0,0,2,2,0,0,0,0,0,0,0,0.6450958994708995,0,0,0,-0.320495087,0,0,-2.029220522,0,0,0,0,0,0,0,1.7038888888888888,0,0,0,2.614152730536659,0,0,0,0,0,0,21.216159533257745,9.34046091584782,0,0,0,0,0,0.0722235131343118,0.9659651038864756,1961.6704223423744,0.4934644918190871,0.3008698361871195,-0.773665293,5,6,4,4,0,0,0,0,0,0,0,0,0,0,0,0,0,0,0,0,0,0,0,0,0,0,0,0,0,0,0,0,0,0,0,0,0,0,0,0,0,0,0,0,0,0,0,0,0,0,1,0,1,135,152.716
999,CC1[C@](C)(O)OO[C@@]1(C)OO,2,5,0,1,1,0,0,0,5,2,5,1,1,0,0,0,0,0,0,0,164.15699999999998,0.2383231670534052,-0.363103507,9.39136574074074,0.4722222222222227,-1.419166667,68.15,3,0,0,0,0,0,1,0,0,0,0,0,2,0,0,0,0,0,0,0,0,0,0,0,0,0,0,2,0,3,0,0,0,0,0,4.545925925925927,0,0,0,0,0,-0.472222222,0,0,0,0,0,-2.707361111,0,0,0,0,0,0,0,0,0,0,0,0,0,0,17.8031712962963,0,13.163819444444444,0,0,0,0,0,0.4521603286222631,0.8713343513718376,626.0345456285498,0.840654091350146,0,-1.267079686,6,12,5,0,0,0,0,0,0,0,0,0,0,0,0,0,0,0,0,0,0,0,0,0,0,0,0,0,0,0,0,0,0,0,0,0,0,0,0,0,0,0,0,0,0,0,0,0,0,0,1,0,0,133,181.1672
1000,[N-]=[N+]=Nc1no[n+]([O-])c1-c1n[nH]c(N)n1,3,11,0,0,0,0,2,2,7,2,11,2,2,0,1,1,0,0,0,0,209.129,0.315529136101825,-0.368154972,11.094040060468632,0.0121178193499624,-0.25787037,169.32,0,0,0,0,0,0,0,0,0,0,4,0,0,0,1,0,0,0,1,0,0,1,3,0,0,1,0,0,0,0,1,0,0,0,0,0,0,0,0,0,0,0,0,0,0,-0.51714144,0,0,0,5.263877708490804,0,0,0,2.3136732331821617,0,0,3.1332492441421014,10.472050264550266,0,0,0.0204629629629629,0,0,0,0,4.223407029478458,0,0,0,0,0.3510124341228766,0.6489875660276336,1691.2271337164912,2.5524328942236644e-05,0.6024989360633866,-0.573808511,4,3,2,9,0,0,0,0,0,0,0,0,0,0,0,0,0,0,0,0,0,0,0,0,0,0,0,0,0,0,0,0,0,0,1,0,0,0,0,1,0,0,0,0,0,0,0,0,0,0.5555555555555556,0,0,1,133,158.5736
1001,[N-]=[N+]=NC(N)=O,2,5,0,0,0,0,0,0,1,1,5,0,0,0,0,1,0,0,0,0,86.054,0.3050839005109068,-0.36410873,9.401111111111112,1.0023148148148142,-1.002314815,91.85,0,0,0,0,0,0,0,0,0,1,0,0,0,0,1,0,0,0,0,0,0,1,0,0,0,0,0,0,1,0,0,0,0,0,0,0,0,0,0,0,0,0,0,0,-1.002314815,0,0,0,0,4.343611111111111,0,0,0,0,0,0,2.4444444444444446,0,0,0,0,0,0,9.401111111111112,0,0,0,0,0,0,0.2015850095127068,0.7984149904872975,258.6186663206647,7.83038980045614e-08,0.6507541776094081,-0.37185953,1,2,1,4,0,0,0,0,0,0,0,0,0,0,0,0,0,0,0,0,0,0,0,0,0,0,0,0,0,0,0,0,0,0,0,0,0,0,0,0,0,0,0,0,0,0,0,0,0,0,0,0,1,133,334.3016
1002,Nc1c(N)[n+]([O-])c2nonc2[n+]1[O-],4,9,0,0,0,0,2,2,7,2,9,2,0,0,0,2,0,0,0,0,184.115,0.3921740251394485,-0.739385033,11.159351851851852,0.1761574074074072,-0.432222222,144.84,0,0,0,0,0,0,0,0,0,0,2,2,0,0,2,0,0,0,0,0,0,0,2,0,0,2,0,0,0,0,1,0,0,0,0,0,0,0,0,0,0,0,0,0,0,-0.864444444,-0.607962963,0,0,10.406296296296295,0,0,0,0,0,0,0,6.377962962962963,0,0,0.3523148148148145,0,0,0,0,4.183796296296296,0,0,0,0,0.4293225162731023,0.5712811742477294,1007.0966879857916,0.0625117381945371,0.4562365912608967,-0.608315455,4,4,3,6,0,0,0,0,0,0,0,0,0,0,0,0,0,0,0,1,0,0,0,0,0,0,0,0,0,0,0,0,0,0,1,0,0,0,0,0,0,0,0,0,0,0,0,0,0,0.6470588235294118,2,1,0,131.8,253.5504
1003,CC[C@]1(OO)C[C@](CC)(OO)OO1,2,6,0,1,1,0,0,0,6,2,6,1,4,0,0,0,0,0,0,0,194.183,0.2384517016872936,-0.248714859,8.597604875283448,0.1111111111111111,-1.237361111,77.38000000000001,2,0,3,0,0,0,0,0,0,0,0,0,2,0,0,0,0,0,0,0,0,0,0,0,0,0,0,2,0,4,0,0,0,0,0,3.505345804988662,0,0.8781944444444447,0,0,0,0,0,0,0,0,0,-2.474722222,0,0,0,0,0,0,0,0,0,0,0,0,0,0,17.195209750566896,0,17.89597222222222,0,0,0,0,0,0.351169834046574,0.8339251432453278,1076.776020790663,0.73011646682205,0,-1.235947534,7,14,6,0,0,0,0,0,0,0,0,0,0,0,0,0,0,0,0,0,0,0,0,0,0,0,0,0,0,0,0,0,0,0,0,0,0,0,0,0,0,0,0,0,0,0,0,0,0,0,1,0,0,129,170.7072
1004,CC(C)(C)COOC(N=[N+]=[N-])c1ccc(C(N=[N+]=[N-])OOCC(C)(C)C)cc1,0,10,0,0,0,1,0,1,6,0,10,1,10,0,0,0,0,0,0,0,392.4600000000002,0.1963141386819062,-0.235429749,8.763825985148292,0.0995250932199227,-0.94687313,134.44,6,0,2,0,0,4,2,0,0,0,2,0,2,0,0,0,0,0,0,0,0,2,0,0,0,0,0,0,0,4,0,0,0,0,0,11.948256426067363,0,0.6675516481823371,0,0,6.67516298185941,-1.893746259,0,0,0,1.149548742336441,0,-0.199050186,0,0,0,0,0,0,0,0,7.193745946113371,0,0,0,0,0,0,0,20.85754412925908,0,0,0,0,0,0.1432391682351425,0.913271250402128,10214.019373236017,1.014188605990381,0.2140345512918516,-1.875350354,18,28,4,6,0,0,0,0,0,0,1,0,0,0,0,0,0,0,0,0,0,0,0,0,0,0,0,0,0,0,0,0,0,0,0,0,0,0,0,0,0,0,0,0,0,0,0,0,0,0.1071428571428571,1,0,2,129,134.3064
1005,CN(C)/C=N/c1no[n+]([O-])c1-c1c[n+]([O-])on1,0,10,0,0,0,0,2,2,7,0,10,2,3,0,0,0,0,0,0,0,240.179,0.3464350624013078,-0.368597378,11.30143896447468,0.0024074074074078,-0.09587963,121.54,2,0,0,0,1,1,0,0,0,0,3,0,0,0,0,0,0,0,0,0,0,1,2,1,0,2,0,0,0,0,2,0,0,0,0,3.492473544973545,0,0,0,1.4232997921390778,0.9678703703703704,0,0,0,0,-0.105364701,0,0,0,0,0,0,0,0,0,0,3.89443216175359,6.805210695389267,1.643033273494583,0,0.1963888888888887,0,0,0,0,8.628521589191234,0,0,0,0,0.3157546130948055,0.6868678857722734,2518.3287688745872,0.1448327779801062,0.3497391528818089,-0.932637741,7,8,4,6,0,0,0,0,0,0,0,0,0,0,0,0,0,0,0,0,0,0,0,0,0,0,0,0,0,0,0,0,0,0,2,0,0,0,0,0,0,0,0,0,0,0,0,0,0,0.4,0,0,0,127,264.0104
1006,C[C@@]1(OO)CC[C@@](C)(OO)OO1,2,6,0,1,1,0,0,0,6,2,6,1,2,0,0,0,0,0,0,0,180.156,0.2308311578451219,-0.248729276,8.384875283446712,0.3477777777777779,-1.1825,77.38000000000001,2,0,2,0,0,0,0,0,0,0,0,0,2,0,0,0,0,0,0,0,0,0,0,0,0,0,0,2,0,4,0,0,0,0,0,3.007845804988662,0,0.6955555555555559,0,0,0,0,0,0,0,0,0,-2.365,0,0,0,0,0,0,0,0,0,0,0,0,0,0,16.769750566893425,0,17.391848072562357,0,0,0,0,0,0.2782908819709104,0.95592454815406,895.6292534324317,0.7408963491666382,0,-1.065743023,6,12,6,0,0,0,0,0,0,0,0,0,0,0,0,0,0,0,0,0,0,0,0,0,0,0,0,0,0,0,0,0,0,0,0,0,0,0,0,0,0,0,0,0,0,0,0,0,0,0,1,0,0,124,180.7488
1007,O=c1[nH]c(/N=N/c2noc(=O)[nH]2)no1,2,10,0,0,0,0,2,2,8,2,10,2,2,0,2,0,0,0,0,0,198.098,0.4399915773668145,-0.293824866,10.42737620202402,0.1399546485260765,-0.75685529,142.5,0,0,0,0,0,0,0,0,0,0,2,0,0,0,0,0,0,0,2,0,0,2,2,0,0,0,0,0,2,0,2,0,0,0,0,0,0,0,0,0,0,0,0,0,0,-0.279909297,0,0,0,0,0,0,0,4.217850056689342,0,0,6.765185185185185,6.367532123960695,0,0,0,0,0,20.85475240404804,0,8.254966773746535,0,0,0,0,0.0729345184806492,0.927065481527284,2169.941135405626,6.586312511921987e-06,0.4240325495461842,-0.403840523,4,2,4,6,0,0,0,0,0,0,0,0,0,0,0,0,0,0,0,0,0,0,0,0,0,0,0,0,0,0,0,0,0,0,2,0,0,0,0,0,0,0,0,0,0,0,0,0,0,0.625,0,0,0,123,220.0784
1008,C[C@]12C[C@](C)(OO1)OO2,0,4,0,2,2,0,0,0,4,0,4,2,0,0,0,0,0,0,0,0,132.11499999999998,0.2363614124172213,-0.194948891,4.795138888888889,0.6250000000000001,-0.671875,36.92,2,0,1,0,0,0,0,0,0,0,0,0,2,0,0,0,0,0,0,0,0,0,0,0,0,0,0,0,0,4,0,0,0,0,0,3.5381944444444446,0,0.6250000000000001,0,0,0,0,0,0,0,0,0,-1.34375,0,0,0,0,0,0,0,0,0,0,0,0,0,0,0,0,19.18055555555556,0,0,0,0,0,0.4589250373997716,0.9319668212143972,332.0763606624212,0.5898164759066462,0,-1.211066117,5,8,4,0,0,0,0,0,0,0,0,0,0,0,0,0,0,0,0,0,0,0,0,0,0,0,0,0,0,0,0,0,0,0,0,0,0,0,0,0,0,0,0,0,0,0,0,0,0,0,2,0,0,121,417.5632
1009,O/N=N/c1nnnn1CCn1cccn1,1,9,0,0,0,0,2,2,8,1,9,2,4,2,0,0,0,0,0,0,208.18500000000003,0.2908271259945483,-0.394240005,8.24658982111363,0.1570890022675739,0.1570890022675739,106.37000000000002,0,0,2,0,0,3,0,0,0,0,1,0,0,0,0,0,0,0,0,0,0,2,4,0,0,2,0,1,0,0,0,0,0,0,0,0,0,1.1200614134542706,0,0,5.346680366591081,0,0,0,0,0.1570890022675739,0,0,0,0,0,0,0,0,0,0,5.967336388259007,14.673206727135298,0,0,3.155702947845805,0,8.24658982111363,0,0,0,0,0,0,0,0.245564551328811,0.7768624140690478,2084.6746285482755,0.4178241285043563,0.537983043927276,-1.152820808,6,8,1,8,0,0,0,0,0,0,0,0,0,0,0,0,0,0,0,0,0,0,0,0,0,0,0,0,0,0,0,0,0,0,1,0,0,0,0,0,0,0,0,0,1,0,0,0,0,0.4347826086956521,0,0,0,120,244.3456
1010,CC(C)(C)COOC(N=[N+]=[N-])c1ccccc1C(N=[N+]=[N-])OOCC(C)(C)C,0,10,0,0,0,1,0,1,6,0,10,1,10,0,0,0,0,0,0,0,392.4600000000002,0.1966756500035338,-0.235429565,8.905894559710173,0.1409035602013457,-1.091519471,134.44,6,0,2,0,0,4,2,0,0,0,2,0,2,0,0,0,0,0,0,0,0,2,0,0,0,0,0,0,0,4,0,0,0,0,0,11.862725154589125,0,0.5785439220071253,0,0,6.7998941798941805,-2.183038942,0,0,0,0.8721626984126993,0,-0.28180712,0,0,0,0,0,0,0,0,7.277727544721593,0,0,0,0,0,0,0,21.136251228529368,0,0,0,0,0,0.579799971443824,0.6929867784033187,5009.779151765859,1.127488399114135,0.2140345512918516,-1.875350354,18,28,4,6,0,0,0,0,0,0,1,0,0,0,0,0,0,0,0,0,0,0,0,0,0,0,0,0,0,0,0,0,0,0,0,0,0,0,0,0,0,0,0,0,0,0,0,0,0,0.1071428571428571,1,0,2,119,134.3064
1011,CC1[C@](C)(OO)OO[C@@]1(C)OO,2,6,0,1,1,0,0,0,6,2,6,1,2,0,0,0,0,0,0,0,180.156,0.2384430958215953,-0.248714779,8.48125,0.4861111111111116,-1.321944444,77.38000000000001,3,0,0,0,0,0,1,0,0,0,0,0,2,0,0,0,0,0,0,0,0,0,0,0,0,0,0,2,0,4,0,0,0,0,0,4.558842592592592,0,0,0,0,0,-0.486111111,0,0,0,0,0,-2.643888889,0,0,0,0,0,0,0,0,0,0,0,0,0,0,16.9625,0,17.441990740740742,0,0,0,0,0,0.3870050179926964,0.9416360219885522,781.0571194519094,0.9736435626505312,0,-1.065743023,6,12,6,0,0,0,0,0,0,0,0,0,0,0,0,0,0,0,0,0,0,0,0,0,0,0,0,0,0,0,0,0,0,0,0,0,0,0,0,0,0,0,0,0,0,0,0,0,0,0,1,0,0,118,176.5648
1012,CCC1(CC)[C@]2(C)OO[C@@]1(C)OO2,0,4,0,2,2,0,0,0,4,0,4,2,2,0,0,0,0,0,0,0,188.223,0.241847817921728,-0.194304555,5.192916666666667,0.2083333333333334,-0.758680556,36.92,4,0,2,0,0,0,0,0,0,0,0,0,3,0,0,0,0,0,0,0,0,0,0,0,0,0,0,0,0,4,0,0,0,0,0,7.905416666666666,0,1.7986111111111112,0,0,0,0,0,0,0,0,0,-1.725694444,0,0,0,0,0,0,0,0,0,0,0,0,0,0,0,0,20.77166666666667,0,0,0,0,0,0.8375632916800164,0.947258637,620.1132678545355,1.1526474657460846,0,-1.870122142,9,16,4,0,0,0,0,0,0,0,0,0,0,0,0,0,0,0,0,0,0,0,0,0,0,0,0,0,0,0,0,0,0,0,0,0,0,0,0,0,0,0,0,0,0,0,0,0,0,0,2,1,0,116,359.4056
1013,CC(C)(C)COOC1(N=[N+]=[N-])CCC(C2CCC(N=[N+]=[N-])(OOCC(C)(C)C)CC2)CC1,0,10,2,0,2,0,0,0,6,0,10,2,9,0,0,0,0,0,0,0,452.6000000000003,0.1816570518113423,-0.235491449,9.044062599910037,0.0338097303384032,-0.926653277,134.44,6,0,10,0,0,0,2,0,0,0,0,0,4,0,0,0,0,0,0,0,0,2,0,0,0,0,0,0,0,4,0,0,0,0,0,12.362142820891991,0,7.003107525454605,0,0,0,1.0051718264466278,0,0,0,0,0,-1.920926014,0,0,0,0,0,0,0,0,7.913619380690227,0,0,0,0,0,0,0,22.1905178333679,0,0,0,0,0,0.1390783013249017,0.9678836605539785,13028.50900949456,1.0827004169330223,0.1855943437914275,-2.121078215,22,40,4,6,0,0,0,0,0,0,0,0,0,0,0,0,0,0,0,0,0,0,0,0,0,0,0,0,0,0,0,0,0,0,0,0,0,0,0,0,0,0,0,0,0,0,0,0,0,0,0,0,2,115,126.3568
1014,[N-]=[N+]=Nc1nnn(/N=N/n2nnc(N=[N+]=[N-])n2)n1,0,16,0,0,0,0,2,2,12,0,16,2,4,0,0,0,0,0,0,0,248.13400000000004,0.2628543272717659,-0.104408262,8.105284190185747,0.224287938826178,-0.224287939,209.44,0,0,0,0,0,0,0,0,0,0,2,0,0,0,0,0,0,0,0,0,0,4,6,0,0,2,0,0,0,0,0,0,0,0,0,0,0,0,0,0,0,0,0,0,0,-0.448575878,0,0,0,0,0,0,0,0,0,0,12.936428046527253,20.40166416796287,0,0,1.3345386117409923,0,0,0,0,0,0,0,0,0,0.0819259551261075,0.9180740448942316,4219.338228505815,9.896662774216665e-06,0.9027380367059732,-0.257925153,2,0,0,16,0,0,0,0,0,0,0,0,0,0,0,0,0,0,0,0,0,0,0,0,0,0,0,0,0,0,0,0,0,0,0,0,0,0,0,0,0,0,0,0,2,0,0,0,0,0.5555555555555556,0,0,2,114,135.98
1015,CCC1[C@]2(C)OO[C@@]1(C)OO2,0,4,0,2,2,0,0,0,4,0,4,2,1,0,0,0,0,0,0,0,160.16899999999995,0.2391093826440118,-0.194627381,4.998657407407407,0.1481481481481479,-0.704861111,36.92,3,0,1,0,0,0,1,0,0,0,0,0,2,0,0,0,0,0,0,0,0,0,0,0,0,0,0,0,0,4,0,0,0,0,0,5.690555555555555,0,0.9097222222222224,0,0,0,0.1481481481481479,0,0,0,0,0,-1.409722222,0,0,0,0,0,0,0,0,0,0,0,0,0,0,0,0,19.994629629629628,0,0,0,0,0,0.5889634332006279,0.7370948820758613,561.7961328408311,0.6410302765637205,0,-1.598311783,7,12,4,0,0,0,0,0,0,0,0,0,0,0,0,0,0,0,0,0,0,0,0,0,0,0,0,0,0,0,0,0,0,0,0,0,0,0,0,0,0,0,0,0,0,0,0,0,0,0,2,0,0,108,372.7944
1016,CC(C)(C)COOC(N=[N+]=[N-])c1cccc(C(N=[N+]=[N-])OOCC(C)(C)C)c1,0,10,0,0,0,1,0,1,6,0,10,1,10,0,0,0,0,0,0,0,392.4600000000002,0.1963252226292826,-0.235429748,8.823771672202982,0.1174656969396779,-1.00508443,134.44,6,0,2,0,0,4,2,0,0,0,2,0,2,0,0,0,0,0,0,0,0,2,0,0,0,0,0,0,0,4,0,0,0,0,0,11.910522072940072,0,0.6294531374817764,0,0,6.739277919501133,-2.010168861,0,0,0,1.0310562326782569,0,-0.234931394,0,0,0,0,0,0,0,0,7.225354445037887,0,0,0,0,0,0,0,20.96774938625588,0,0,0,0,0,0.4706663004940428,0.7023236327206456,6261.913634864575,1.1362630606356094,0.2140345512918516,-1.875350354,18,28,4,6,0,0,0,0,0,0,1,0,0,0,0,0,0,0,0,0,0,0,0,0,0,0,0,0,0,0,0,0,0,0,0,0,0,0,0,0,0,0,0,0,0,0,0,0,0,0.1071428571428571,1,0,2,104,132.6328
1017,C[C@]1(OO)C[C@](C)(OO)OO1,2,6,0,1,1,0,0,0,6,2,6,1,2,0,0,0,0,0,0,0,166.129,0.235952505885751,-0.248725624,8.310833333333333,0.0625,-1.280277778,77.38000000000001,2,0,1,0,0,0,0,0,0,0,0,0,2,0,0,0,0,0,0,0,0,0,0,0,0,0,0,2,0,4,0,0,0,0,0,2.883472222222222,0,0.0625,0,0,0,0,0,0,0,0,0,-2.560555556,0,0,0,0,0,0,0,0,0,0,0,0,0,0,16.621666666666666,0,16.992916666666666,0,0,0,0,0,0.3029896901009057,0.9512468928529324,725.1360403163832,0.6528315262013684,0,-0.866796285,5,10,6,0,0,0,0,0,0,0,0,0,0,0,0,0,0,0,0,0,0,0,0,0,0,0,0,0,0,0,0,0,0,0,0,0,0,0,0,0,0,0,0,0,0,0,0,0,0,0,1,0,0,96,176.9832
1018,CC[C@]1(O)C[C@](CC)(OO)OO1,2,5,0,1,1,0,0,0,5,2,5,1,3,0,0,0,0,0,0,0,178.184,0.2383320642819733,-0.36310461,9.559513888888889,0.1145833333333334,-1.334583333,68.15,2,0,3,0,0,0,0,0,0,0,0,0,2,0,0,0,0,0,0,0,0,0,0,0,0,0,0,2,0,3,0,0,0,0,0,3.521284013605442,0,0.9101388888888892,0,0,0,0,0,0,0,0,0,-2.538194444,0,0,0,0,0,0,0,0,0,0,0,0,0,0,18.08767431972789,0,13.519097222222223,0,0,0,0,0,0.4068741077336845,0.8505136696565868,852.8271478712504,0.7726475605808537,0,-1.436717101,7,14,5,0,0,0,0,0,0,0,0,0,0,0,0,0,0,0,0,0,0,0,0,0,0,0,0,0,0,0,0,0,0,0,0,0,0,0,0,0,0,0,0,0,0,0,0,0,0,0,1,0,0,95,176.5648
1019,[O-][n+]1nc2nonc2[nH]1,1,7,0,0,0,0,2,2,5,1,7,2,0,0,1,0,0,0,0,0,127.063,0.315358093242151,-0.570971574,10.278333333333334,0.1851851851851853,0.1851851851851853,94.54,0,0,0,0,0,0,0,0,0,0,0,2,0,0,0,0,0,0,1,0,0,0,3,0,0,1,0,0,0,0,1,0,0,0,0,0,0,0,0,0,0,0,0,0,0,0,0.4398148148148151,0,0,0,0,0,0,2.221064814814815,0,0,0,9.91611111111111,0,0,0.2640740740740739,0,0,0,0,4.213935185185186,0,0,0,0,0.2224619930199266,0.8250975216312312,419.0991955479024,0.2238474612464748,0.5509078173819286,-0.314804467,2,1,2,5,0,0,0,0,0,0,0,0,0,0,0,0,0,0,0,0,0,0,0,0,0,0,0,0,0,0,0,0,0,0,1,0,0,0,0,1,0,0,0,0,0,0,0,0,0,1,2,0,0,89,281.5832
1020,C[C@]1(O)C[C@](C)(OO)OO1,2,5,0,1,1,0,0,0,5,2,5,1,1,0,0,0,0,0,0,0,150.13,0.2358329076908993,-0.363305238,9.122847222222225,0.0659722222222223,-1.3775,68.15,2,0,1,0,0,0,0,0,0,0,0,0,2,0,0,0,0,0,0,0,0,0,0,0,0,0,0,2,0,3,0,0,0,0,0,2.866805555555556,0,0.0659722222222223,0,0,0,0,0,0,0,0,0,-2.624027778,0,0,0,0,0,0,0,0,0,0,0,0,0,0,17.36423611111111,0,12.827013888888889,0,0,0,0,0,0.3780802760209946,0.91637700320082,539.9739830027087,0.7491234692209283,0,-1.065743023,5,10,5,0,0,0,0,0,0,0,0,0,0,0,0,0,0,0,0,0,0,0,0,0,0,0,0,0,0,0,0,0,0,0,0,0,0,0,0,0,0,0,0,0,0,0,0,0,0,0,1,0,0,82,188.28
1021,c1nnnn1/N=N/n1cnnn1,0,10,0,0,0,0,2,2,10,0,10,2,2,0,0,0,0,0,0,0,166.108,0.1655764764521686,-0.114906673,3.5347222222222223,1.0711111111111111,1.0711111111111111,111.92,0,0,0,0,0,2,0,0,0,0,0,0,0,0,0,0,0,0,0,0,0,2,6,0,0,2,0,0,0,0,0,0,0,0,0,0,0,0,0,0,2.571145124716553,0,0,0,0,0,0,0,0,0,0,0,0,0,0,0,7.069444444444445,20.21718820861678,0,0,2.1422222222222222,0,0,0,0,0,0,0,0,0,0.0726976868373866,0.9273023132149998,1368.6230789064405,1.4260990049724809e-05,0.8428251499024729,-0.481614371,2,2,0,10,0,0,0,0,0,0,0,0,0,0,0,0,0,0,0,0,0,0,0,0,0,0,0,0,0,0,0,0,0,0,0,0,0,0,0,0,0,0,0,0,2,0,0,0,0,0.7142857142857143,0,0,0,80,238.0696
1022,CC1(C)[C@@](C)(O)OO[C@@]1(C)OO,2,5,0,1,1,0,0,0,5,2,5,1,1,0,0,0,0,0,0,0,178.18399999999997,0.2408028418294359,-0.362900993,9.650625,0.8663194444444446,-1.481666667,68.15,4,0,0,0,0,0,0,0,0,0,0,0,3,0,0,0,0,0,0,0,0,0,0,0,0,0,0,2,0,3,0,0,0,0,0,6.248194444444444,0,0,0,0,0,0,0,0,0,0,0,-3.698680556,0,0,0,0,0,0,0,0,0,0,0,0,0,0,18.22763888888889,0,13.472847222222224,0,0,0,0,0,0.5261537687063665,0.9356845503179132,655.6083364184157,0.8944143305785928,0,-1.436717101,7,14,5,0,0,0,0,0,0,0,0,0,0,0,0,0,0,0,0,0,0,0,0,0,0,0,0,0,0,0,0,0,0,0,0,0,0,0,0,0,0,0,0,0,0,0,0,0,0,0,1,0,0,67,172.7992
1023,CC1(C)[C@@](C)(OO)OO[C@@]1(C)OO,2,6,0,1,1,0,0,0,6,2,6,1,2,0,0,0,0,0,0,0,194.183,0.2409230913530016,-0.248703861,8.646458333333333,0.8854166666666665,-1.384444444,77.38000000000001,4,0,0,0,0,0,0,0,0,0,0,0,3,0,0,0,0,0,0,0,0,0,0,0,0,0,0,2,0,4,0,0,0,0,0,6.257361111111111,0,0,0,0,0,0,0,0,0,0,0,-3.654305556,0,0,0,0,0,0,0,0,0,0,0,0,0,0,17.292916666666667,0,17.854027777777777,0,0,0,0,0,0.4523997858650944,0.9702665001079256,817.3931883390056,1.0150043958155024,0,-1.235947534,7,14,6,0,0,0,0,0,0,0,0,0,0,0,0,0,0,0,0,0,0,0,0,0,0,0,0,0,0,0,0,0,0,0,0,0,0,0,0,0,0,0,0,0,0,0,0,0,0,0,1,0,0,64,168.1968
1024,[N-]=[N+]=NC(=O)C(=O)N=[N+]=[N-],0,8,0,0,0,0,0,0,2,0,8,0,0,0,0,0,0,0,0,0,140.06199999999998,0.2909848477365133,-0.283432302,10.098148148148148,1.4163888888888885,-1.416388889,131.66000000000005,0,0,0,0,0,0,0,0,0,2,0,0,0,0,0,0,0,0,0,0,0,2,0,0,0,0,0,0,2,0,0,0,0,0,0,0,0,0,0,0,0,0,0,0,-2.832777778,0,0,0,0,0,0,0,0,0,0,0,4.7407407407407405,0,0,0,0,0,0,20.196296296296296,0,0,0,0,0,0,0.2370475736454261,0.7629524263547645,788.6521032908989,5.642232266817038e-07,0.5997344033356657,-0.228470249,2,0,2,6,0,0,0,0,0,0,0,0,0,0,0,0,0,0,0,0,0,0,0,0,0,0,0,0,0,0,0,0,0,0,0,0,0,0,0,0,0,0,0,0,0,0,0,0,0,0,0,0,2,46,145.1848
